time,ret,price,funding,fee,slip,traded,gross,net
2024-01-02 00:00:00+00:00,-0.007474620291491374,-0.00692605749189927,0.000422691570368161,-0.0005,-0.0004712543699602795,1.0,1.0437755213584146,0.03514899994563354
2024-01-03 00:00:00+00:00,0.0042099362966177,0.003991516453761025,0.00038134939893404325,-9.685762190164488e-05,-6.607193417575993e-05,0.19371524380328975,0.9975125650256959,0.05045079613084686
2024-01-04 00:00:00+00:00,0.016071440720020425,0.0160637773396063,0.00022378923807278862,-0.00010806292882934007,-0.00010806292882934007,0.21612585765868012,0.9067557179256605,0.06881536635396994
2024-01-05 00:00:00+00:00,-0.002996186358281472,-0.002975388615922814,0.00015649144551847699,-8.864459393857241e-05,-8.864459393857241e-05,0.1772891878771448,0.9434415072107549,0.05646485444976808
2024-01-06 00:00:00+00:00,0.011508428946470639,0.011382170515966697,0.0003273050368366664,-0.00011797602582571424,-8.30705805070542e-05,0.23595205165142843,0.9485023071446183,0.1066252322129711
2024-01-07 00:00:00+00:00,-0.0011403006166201823,-0.0011130518225717463,0.0003590486632014014,-0.00021034769463382927,-0.0001759497626160272,0.4206953892676585,0.9415120557634272,0.07481594564643049
2024-01-08 00:00:00+00:00,-0.008064700333159092,-0.007531032133988558,0.00036383807589328206,-0.00048037652374893417,-0.00041712975131482657,0.9607530474978683,0.978583869298169,-0.005102641944197745
2024-01-09 00:00:00+00:00,-0.006259472209178885,-0.006234739016220544,0.00019711007806751097,-0.00011092163551292042,-0.00011092163551292042,0.22184327102584087,1.0370106490984154,-0.05693363165508925
2024-01-10 00:00:00+00:00,0.003964903638705941,0.00451476163990718,4.8072313152850964e-05,-0.0002989651571770341,-0.0002989651571770341,0.5979303143540681,1.0128486287920648,-0.04465470777020002
2024-01-11 00:00:00+00:00,0.015838528711852096,0.015789617673499623,4.891103835254949e-05,0.0,0.0,0.0,1.0797812911338365,-0.02841503770614308
2024-01-12 00:00:00+00:00,0.016112826089818677,0.01609795878957519,4.195671364326587e-05,-1.3544706699851495e-05,-1.3544706699851495e-05,0.02708941339970299,1.0655295710907244,-0.0387816109633363
2024-01-13 00:00:00+00:00,-0.006582129549452809,-0.00601080210748566,6.765435696778682e-05,-0.0003194908994674696,-0.0003194908994674696,0.6389817989349391,1.0008007181095897,-0.12311373215828245
2024-01-14 00:00:00+00:00,-0.0005406315999070266,-0.00064172510457708,0.00010109350467003584,0.0,0.0,0.0,1.0029293950052511,-0.12382239956484034
2024-01-15 00:00:00+00:00,-0.0021105937124713536,-0.002167242100796819,5.664838832552065e-05,0.0,0.0,0.0,0.9756974170212147,-0.1262561170324059
2024-01-16 00:00:00+00:00,0.0030974657383036064,0.0030014485256746014,9.601721262891117e-05,0.0,0.0,0.0,0.9901174449402544,-0.12287407028390075
2024-01-17 00:00:00+00:00,-0.006199463785097725,-0.006204071653471656,0.00023028404801919258,-0.00011283808982264702,-0.00011283808982264702,0.22567617964529404,1.0019477987417655,-0.1287181646674748
2024-01-18 00:00:00+00:00,-0.006222446213421495,-0.0064097823427537405,0.00018733612933227243,0.0,0.0,0.0,0.9995627330682989,-0.13597403814903244
2024-01-19 00:00:00+00:00,0.005267250339778373,0.005262854111784942,0.00016943663330116598,-8.252020265388352e-05,-8.252020265388352e-05,0.16504040530776704,0.9723914072475301,-0.11710185336033233
2024-01-20 00:00:00+00:00,-0.019990041136526693,-0.02021814382258501,0.00022810268605827843,0.0,0.0,0.0,1.005674992188465,-0.14012102218039502
2024-01-21 00:00:00+00:00,0.004767591513801683,0.004575425747404578,0.00019216576639710192,0.0,0.0,0.0,1.0022404390530006,-0.1349024367204906
2024-01-22 00:00:00+00:00,0.0007296132853997772,0.0005223633714331892,0.00020724991396648068,0.0,0.0,0.0,0.9929221253722662,-0.13428209934538404
2024-01-23 00:00:00+00:00,0.00925048925575811,0.00897899193011141,0.0002714973256468056,0.0,0.0,0.0,0.9352805609256297,-0.12415461646956806
2024-01-24 00:00:00+00:00,0.003825522177167473,0.0036228880687701874,0.00024834582018568724,-2.285585589416986e-05,-2.285585589416986e-05,0.045711711788339715,0.9610477905792375,-0.07453488176927717
2024-01-25 00:00:00+00:00,0.0032054004532675595,0.0032548666125413253,0.0001282988467179526,-8.888250299590797e-05,-8.888250299590797e-05,0.17776500599181594,0.9655407830626007,-0.06830270471753944
2024-01-26 00:00:00+00:00,0.0033426189059115874,0.0034631158732009414,5.3758924569521417e-05,-8.712794592939846e-05,-8.712794592939846e-05,0.17425589185879692,0.970391234339794,-0.04676702588908531
2024-01-27 00:00:00+00:00,-0.0030980226075020267,-0.0031437210860280475,4.569847852605399e-05,0.0,0.0,0.0,1.0022533610650919,-0.05006585211683515
2024-01-28 00:00:00+00:00,0.0003271564161397844,0.0006884440268470808,3.970914635113162e-05,-0.0002004983785292505,-0.0002004983785292505,0.400996757058501,1.006336898983275,-0.033669824940900976
2024-01-29 00:00:00+00:00,0.0005070229237118529,0.0009872299158127048,3.73118130557514e-05,-0.0003057002422550275,-0.00021181856290168496,0.611400484510055,0.982778206609431,0.028383419425864937
2024-01-30 00:00:00+00:00,0.003338454158577253,0.003678358110196962,4.5583833479083894e-05,-0.00020948822617853743,-0.00017599955892019055,0.41897645235707487,1.0303900801850676,0.06509263860950283
2024-01-31 00:00:00+00:00,0.005638331638705196,0.00559460569893092,4.372593977433796e-05,0.0,0.0,0.0,1.008944269870161,0.07029092078585317
2024-02-01 00:00:00+00:00,-0.0003939362786500311,-8.071519091239496e-05,8.162048748318486e-05,-0.00019742078761043568,-0.00019742078761043568,0.3948415752208713,0.9930472133180216,0.07498113692778634
2024-02-02 00:00:00+00:00,-0.005574826989407922,-0.005219121131517529,3.589510053771155e-05,-0.00021203983086274936,-0.0001795611275653255,0.4240796617254987,1.0321646785297203,0.1118656918900517
2024-02-03 00:00:00+00:00,-0.007344526438744947,-0.007196239166581739,5.057253838177423e-05,-0.00011669148027506357,-8.216833026994863e-05,0.23338296055012714,1.049347525993366,0.10219137277996991
2024-02-04 00:00:00+00:00,0.00031983028592663665,0.0005533416788340407,6.368244616968913e-05,-0.000148596919538558,-0.000148596919538558,0.297193839077116,1.0072316816924987,0.1706117202985566
2024-02-05 00:00:00+00:00,0.009032102649421558,0.009331014995020802,0.00011286547072692319,-0.00020588890816311317,-0.00020588890816311317,0.4117778163262263,0.9761191306453029,0.1863541923755871
2024-02-06 00:00:00+00:00,-0.00838061784917099,-0.008557202313400453,0.00017658446422949442,0.0,0.0,0.0,0.9936676758448175,0.17929963175643432
2024-02-07 00:00:00+00:00,0.010141823427375574,0.010104012285640503,3.781114173500409e-05,0.0,0.0,0.0,0.9879367563441489,0.1875020315458624
2024-02-08 00:00:00+00:00,0.00499366424218195,0.005103481782077162,3.863449417568359e-05,-7.42260170354553e-05,-7.42260170354553e-05,0.14845203407091057,1.0099814995973986,0.18551610459285778
2024-02-09 00:00:00+00:00,0.008957649175077576,0.0077804919558196435,0.0014258851649659337,-0.00012436397285400317,-0.00012436397285400317,0.2487279457080063,0.9946507392530038,0.1789423098179749
2024-02-10 00:00:00+00:00,-0.0018969102661899884,-0.0025492569736775997,0.0006523467074876085,0.0,0.0,0.0,1.0129506934414765,0.17672829055297298
2024-02-11 00:00:00+00:00,0.0013435894729616482,0.0004816493115142821,0.0010212545687679272,-7.965720366032938e-05,-7.965720366032938e-05,0.15931440732065877,1.0146722295450958,0.17020426845494774
2024-02-12 00:00:00+00:00,0.024754178022722506,0.02447021950220097,0.0004817179456426995,-0.00011727103844062774,-8.048838668049422e-05,0.23454207688125545,1.0013718756470797,0.17955417053535935
2024-02-13 00:00:00+00:00,0.0053914175945757314,0.005143459390041662,0.0004114978587017634,-0.00011681403869127858,-4.6725615476511435e-05,0.23362807738255717,1.0127136947427027,0.16993532124601682
2024-02-14 00:00:00+00:00,0.004167450862875954,0.004295954997451583,0.00023128003883743,-0.00019717137741881238,-0.00016261279599424057,0.39434275483762476,0.994282061074866,0.16680414572923216
2024-02-15 00:00:00+00:00,0.0019079508720456495,0.0020706439672115843,0.0005193030344589373,-0.00035798634799543783,-0.00032400978162949615,0.7159726959908755,1.0355045435479935,0.17304065859727286
2024-02-16 00:00:00+00:00,-0.004769996057153669,-0.005151802223741617,0.0003818061665879176,0.0,0.0,0.0,1.0563306119726033,0.16869352381700548
2024-02-17 00:00:00+00:00,0.005979721511191194,0.005945887344620367,0.00020485941018432406,-0.00012216088829534866,-4.8864355318139466e-05,0.24432177659069731,1.042961151540045,0.17131712495273865
2024-02-18 00:00:00+00:00,-0.011804730555577847,-0.01174222198170503,0.00017077573638852732,-0.0001353917975338425,-9.789251272752429e-05,0.27078359506768496,1.0275682149567438,0.18432666673132084
2024-02-19 00:00:00+00:00,0.0005077080243616194,0.0005670475926394957,9.78762475674963e-05,-7.860790792264493e-05,-7.860790792264493e-05,0.15721581584528987,1.0329999992094314,0.192312671448405
2024-02-20 00:00:00+00:00,-0.023797917447601624,-0.023531544902852173,0.00011689489526252498,-0.00019163372000599618,-0.00019163372000599618,0.38326744001199237,1.1013883595503884,0.17818696726541675
2024-02-21 00:00:00+00:00,-0.012200466936198695,-0.011871219564914862,0.0001237841527765767,-0.0002492903713085935,-0.00020374115275177508,0.49858074261718716,1.0190295450911568,0.12669875700135905
2024-02-22 00:00:00+00:00,0.017282830941961258,0.017308582666733643,0.00017037120011130055,-0.00011529084354147318,-8.083208134227664e-05,0.23058168708294632,0.9863416757292532,0.14071871613184675
2024-02-23 00:00:00+00:00,-0.010184367000341532,-0.010444194749663804,0.00042795551067439366,-8.406388067604679e-05,-8.406388067604679e-05,0.16812776135209356,1.0165548505331408,0.12039670599949921
2024-02-24 00:00:00+00:00,-0.002482150715972131,-0.0026262199655267206,0.00036579388385833613,-0.00011086231715189509,-0.00011086231715189509,0.2217246343037902,1.0186004473870882,0.12236984882195726
2024-02-25 00:00:00+00:00,0.01418191304482308,0.013956574134519745,0.0004097687440374286,-9.221491686701823e-05,-9.221491686701823e-05,0.18442983373403646,0.9978310894636104,0.14969403595104316
2024-02-26 00:00:00+00:00,0.00977646414924771,0.009954991205457306,0.00023441224973322277,-0.000206469652971427,-0.000206469652971427,0.412939305942854,0.9880062707144809,0.1931193535153106
2024-02-27 00:00:00+00:00,0.015469392353031353,0.015910411154965835,0.00012926981559259696,-0.0002851443087635586,-0.0002851443087635586,0.570288617527117,0.9833362217887327,0.1985295408815439
2024-02-28 00:00:00+00:00,0.004706539127637965,0.005061842913076527,0.00020008501261905345,-0.0002776943990287768,-0.0002776943990287768,0.5553887980575536,0.9919637423230232,0.20179270106171657
2024-02-29 00:00:00+00:00,0.014943333825750083,0.015226193085110891,2.9970975226950836e-05,-0.00015641511729393452,-0.00015641511729393452,0.312830234587869,1.0236068795462148,0.20052557867500445
2024-03-01 00:00:00+00:00,-0.015513804499152517,-0.015016536818418158,-0.00016973954823863206,-0.00016376406624784296,-0.00016376406624784296,0.32752813249568596,1.0476638838284795,0.18606744865491753
2024-03-02 00:00:00+00:00,-0.003079108442246903,-0.002916236298748317,-0.00016287214349854337,0.0,0.0,0.0,1.096305244830609,0.1837168966034846
2024-03-03 00:00:00+00:00,0.04088090730559868,0.041467792129048324,-0.00013189373774303255,-0.0002274955428532813,-0.0002274955428532813,0.4549910857065626,1.1109081459305914,0.18413331453234383
2024-03-04 00:00:00+00:00,0.004359437172736902,0.004829412966385378,3.960361298037142e-07,-0.00023518591488913996,-0.00023518591488913996,0.47037182977827996,1.0166156486088622,0.13565669372616138
2024-03-05 00:00:00+00:00,0.014910787877235654,0.015488859443536954,-3.619953415499551e-05,-0.0002709360160731271,-0.0002709360160731271,0.5418720321462541,1.0075943130785174,0.15604044991584284
2024-03-06 00:00:00+00:00,-0.011363864292917691,-0.011438044202994867,9.359058434943886e-05,-1.3864767337361667e-05,-5.545906934944667e-06,0.027729534674723333,0.951769534549591,0.11821626462655671
2024-03-07 00:00:00+00:00,0.01958034156832844,0.01964290932336952,-3.971908801896641e-05,-1.1424333511094275e-05,-1.1424333511094275e-05,0.02284866702218855,1.0280970478731668,0.15762155704660993
2024-03-08 00:00:00+00:00,-0.012978304194497414,-0.01287114072328797,0.0003192503204614872,-0.000248769840139035,-0.00017764395153191157,0.49753968027807005,1.018571138738457,0.007566623731574279
2024-03-09 00:00:00+00:00,-0.012063188690427995,-0.011878766894863111,0.00043235677418686084,-0.0003233676643151947,-0.0002934109054365965,0.6467353286303893,1.0113234981924593,-0.022717455000584693
2024-03-10 00:00:00+00:00,0.0010362654576852037,0.0010201145285487947,0.0004092991792525052,-0.00021341773965338756,-0.00017973051046267697,0.4268354793067751,0.9855167899818662,-0.05948620637238339
2024-03-11 00:00:00+00:00,0.0007414385275947843,0.0010359227309778135,0.00041543340424530763,-0.0004028087989531026,-0.0003071088086752165,0.8056175979062051,0.9745325419456721,-0.028966689741121147
2024-03-12 00:00:00+00:00,-0.019306413289487012,-0.019276980033751168,0.0005260225004548732,-0.000292795607837639,-0.00026266014835307246,0.585591215675278,1.0577110470564515,-0.04442198024089459
2024-03-13 00:00:00+00:00,-0.010531332595597243,-0.010848512452435283,0.0005089975104008477,-9.590882678140295e-05,-9.590882678140295e-05,0.19181765356280592,1.0726160608373012,-0.05142471743650922
2024-03-14 00:00:00+00:00,0.03282027103639895,0.03284463689280516,0.0002202781784455675,-0.00012232201742593533,-0.00012232201742593533,0.24464403485187067,1.0126277778064876,0.03065814864007513
2024-03-15 00:00:00+00:00,-0.004425152855775605,-0.004422970281473512,0.0003845234196770304,-0.00020896708881829845,-0.00017773890516083716,0.4179341776365969,0.9830385704904688,-0.025757540843220014
2024-03-16 00:00:00+00:00,0.002694522667708199,0.0026578680124244485,0.00019369215721866428,-9.313346865925103e-05,-6.390403327572639e-05,0.18626693731850205,0.9590821990131541,-0.014464732044091703
2024-03-17 00:00:00+00:00,0.008850589190193547,0.008965789340453776,8.923785853244643e-05,-0.0001022190043963357,-0.0001022190043963357,0.2044380087926714,0.8701384946908813,-0.004758501659576804
2024-03-18 00:00:00+00:00,-0.020550371118627342,-0.02001945545229315,7.872073307774886e-05,-0.00031780091243045175,-0.0002918354869814678,0.6356018248609034,1.0333113587911342,-0.10445881545123559
2024-03-19 00:00:00+00:00,-0.004944896261457221,-0.0046760572288602805,0.00026962463395916445,-0.00030021354355153665,-0.00023825012300452696,0.6004270871030734,1.008215045661078,-0.11945246348072
2024-03-20 00:00:00+00:00,0.021675181134717336,0.02193507476402423,0.00011026787470590556,-0.0002018857999228439,-0.0001682757040898623,0.4037715998456877,0.8809249916092562,-0.09360536854116427
2024-03-21 00:00:00+00:00,-0.0032626595588856055,-0.002945259860699874,6.968830688261939e-05,-0.00019354400253418256,-0.00019354400253418256,0.3870880050683651,0.9836890050340822,-0.09408203457629939
2024-03-22 00:00:00+00:00,-0.0003422987462881055,-7.034973240015681e-05,0.0001258792463675982,-0.000198914130127773,-0.000198914130127773,0.397828260255546,0.9870892633427126,-0.08405388899360135
2024-03-23 00:00:00+00:00,0.009994792825249288,0.010237845746072335,0.0001408373512461911,-0.00019194513603460356,-0.00019194513603460356,0.3838902720692071,0.9672929452403746,-0.10110132663379141
2024-03-24 00:00:00+00:00,0.010213880193904012,0.010884981359837006,7.237353666292911e-05,-0.00038722067654241304,-0.00035625402605352714,0.7744413530848261,0.9938150998557728,-0.078046844739708
2024-03-25 00:00:00+00:00,-0.0014621264334168105,-0.0009346988909434103,6.132967911117469e-05,-0.0003087162330978553,-0.0002800409884866694,0.6174324661957107,1.0224404463569023,-0.05831498510785836
2024-03-26 00:00:00+00:00,-0.006195224089462048,-0.006077386881064528,5.429471389602649e-05,-0.00010117004075554299,-7.096188153801644e-05,0.20234008151108598,1.0605754511420287,-0.06575207421728856
2024-03-27 00:00:00+00:00,0.018515647550885195,0.0192139325278935,8.837680106638993e-05,-0.00040898537884348236,-0.00037767639923120687,0.8179707576869646,1.0235149013880869,-0.042599072954411725
2024-03-28 00:00:00+00:00,-0.01439622804769325,-0.01393653263491463,0.00013038856609551598,-0.0003104060585223037,-0.0002796779203518581,0.6208121170446074,1.001231263505495,-0.025106936361557156
2024-03-29 00:00:00+00:00,0.005735111001478943,0.006136088744544715,0.00014805737796555813,-0.00030503265993403364,-0.0002440024610973551,0.6100653198680674,1.0061199939964867,-0.018528622161397276
2024-03-30 00:00:00+00:00,-0.023444347470605753,-0.023004586841650677,0.00012776525124470894,-0.00030012127311032383,-0.0002674046070894449,0.6002425462206478,1.0290925069195223,0.006772574550392524
2024-03-31 00:00:00+00:00,0.01168488164932957,0.012184837532351752,0.00010889721152934784,-0.00030442654727575423,-0.00030442654727575423,0.6088530945515086,0.9653983587144991,0.056620248915558856
2024-04-01 00:00:00+00:00,-0.01109289609751618,-0.010559997453408257,0.00028434968393787333,-0.0004086241640229167,-0.0004086241640229167,0.8172483280458331,1.0481505601897763,0.11289754506039534
2024-04-02 00:00:00+00:00,-0.003457706323783838,-0.003581452001506136,0.00015345799603759492,-1.4856159157634674e-05,-1.4856159157634674e-05,0.02971231831526935,0.9762541710132956,0.13951079874521619
2024-04-03 00:00:00+00:00,-0.0152314816358331,-0.015193458071573209,-3.802356425989665e-05,0.0,0.0,0.0,0.949041819297513,0.12624016543517316
2024-04-04 00:00:00+00:00,0.011092189519990248,0.011704360534462265,-7.232196723996161e-05,-0.00030032112237703655,-0.00023952792485494896,0.6006422447540732,0.9358289476014869,0.15202529747899057
2024-04-05 00:00:00+00:00,-0.0007992237806032643,-0.0007028991673671341,8.25621266516238e-05,-8.944336994388257e-05,-8.944336994388257e-05,0.17888673988776516,0.9658263587671674,0.14928049542121258
2024-04-06 00:00:00+00:00,-0.0006042985004325319,0.0004464092175528247,-0.00015534982220213425,-0.00048088902549573445,-0.0004144688702874583,0.9617780509914687,0.9731252607633559,0.12538133702126014
2024-04-07 00:00:00+00:00,-0.0016120021152237207,-0.0011407605370870374,0.00011653242899651458,-0.0003103334657583471,-0.0002774405413748742,0.6206669315166942,1.0007746015942147,0.1344852730249909
2024-04-08 00:00:00+00:00,0.0019083278897180644,0.002311958400538461,0.00015842474220666437,-0.00031523351724657125,-0.0002468217357804818,0.6304670344931426,1.0117625369303105,0.14735945868193204
2024-04-09 00:00:00+00:00,-0.0057497365037401105,-0.005249956042995404,4.512145468924136e-05,-0.0002885402427282182,-0.00025636167270568183,0.5770804854564364,1.0588878311870835,0.11730047761985926
2024-04-10 00:00:00+00:00,0.014948273419644442,0.015483685005243905,3.332486422112695e-05,-0.0003199192202872024,-0.0002488172295333958,0.6398384405744049,0.9627975074356987,0.04969777181456351
2024-04-11 00:00:00+00:00,0.0008987697231455094,0.0016660339178448706,0.00016945542156846609,-0.0004840479384655859,-0.00045267167780226584,0.9680958769311717,0.9810016203227723,0.006213267824604599
2024-04-12 00:00:00+00:00,0.01840186261675658,0.018925264170762835,3.893556302368419e-05,-0.0002971571793519395,-0.00026517993767793437,0.5943143587038789,0.9578593175012701,0.02658445011135634
2024-04-13 00:00:00+00:00,-0.01631159083863709,-0.015461335828732067,-6.741721470454759e-05,-0.0004086858294546329,-0.00037415196574585127,0.8173716589092658,0.9025776139725383,-0.09794214767122308
2024-04-14 00:00:00+00:00,0.0020169246367456317,0.003014276152014376,-2.3187881414302056e-05,-0.0005001361674328705,-0.0004740274664216476,1.0002723348657407,0.8769889071324187,-0.14907128344067802
2024-04-15 00:00:00+00:00,-0.0016392387111181517,-0.0013489953557536062,0.0002939569031468951,-0.00029210012925570694,-0.00029210012925570694,0.5842002585114139,1.0282270499023722,-0.084125780834737
2024-04-16 00:00:00+00:00,-0.006879521641072861,-0.006746735798072837,0.0004288504229985408,-0.00029336969780691173,-0.0002682665681916513,0.5867393956138235,1.0041514653367363,-0.08360344023971436
2024-04-17 00:00:00+00:00,-0.017298451028605277,-0.017104425808739228,0.00034409570404216614,-0.0003004464797238975,-0.00023767444418435466,0.600892959447795,1.0270646841608433,-0.09082589241319491
2024-04-18 00:00:00+00:00,0.004127364237464626,0.004215336900773061,0.00013174655912588114,-0.00010985961121715788,-0.00010985961121715788,0.21971922243431574,0.970533305875351,-0.06359474298247424
2024-04-19 00:00:00+00:00,0.004694346251019832,0.00465959224498183,0.00020485287377738852,-0.00010030564110495256,-6.979322663441386e-05,0.20061128220990512,0.9869453520254747,-0.055868072400911906
2024-04-20 00:00:00+00:00,-0.006127056519057206,-0.006272279793300356,0.00014522327424318913,0.0,0.0,0.0,0.993862833416493,-0.06252343682540672
2024-04-21 00:00:00+00:00,-0.0011406727475508083,-0.00094730611263206,0.00018778222606836037,-0.00020635136853489817,-0.00017479749245226254,0.4127027370697964,1.0605859211803312,-0.014164996460119653
2024-04-22 00:00:00+00:00,0.007351647230831704,0.007590856137780523,0.00019341311140568296,-0.0002163110091772907,-0.0002163110091772907,0.4326220183545813,1.0057032794269765,0.014853841242124256
2024-04-23 00:00:00+00:00,0.012893554999429568,0.013262246102481327,0.0002064487295514889,-0.000303612044411093,-0.0002715277881920692,0.6072240888221861,1.016846886026445,0.010707266079523152
2024-04-24 00:00:00+00:00,-0.005767140687964578,-0.005965081336707906,0.0001979406487432741,0.0,0.0,0.0,1.0077427592228931,0.004769692228938113
2024-04-25 00:00:00+00:00,0.0022238190242473976,0.0023774056145345287,0.00021636316986030823,-0.00020045757999727893,-0.000169492180150233,0.40091515999455785,0.9668838254414528,0.01118881700342322
2024-04-26 00:00:00+00:00,-0.0025955394039238744,-0.0027825153967538166,0.00018697599282995294,0.0,0.0,0.0,0.9674250820159559,0.008428177272884864
2024-04-27 00:00:00+00:00,-0.012926313456674832,-0.012998052943399592,0.00025943869224277484,-9.384960275902748e-05,-9.384960275902748e-05,0.18769920551805497,0.9865779114293205,-0.0125731784485803
2024-04-28 00:00:00+00:00,-0.0006927594451702213,-0.00026715660518031607,0.00019987707291568537,-0.00032759250844256326,-0.00029788740446301163,0.6551850168851264,0.9968902200375002,-0.04855354580198736
2024-04-29 00:00:00+00:00,-0.0006233082582876026,-0.0006540066107559505,0.00025362794490820905,-0.00011146479621991672,-0.00011146479621991672,0.22292959243983346,0.990573991432173,-0.05148920187729235
2024-04-30 00:00:00+00:00,0.011917949618762469,0.01238966630721248,0.0003062880451045778,-0.00040462329750551773,-0.0003733814360489984,0.8092465950110354,0.9757279613701206,-0.026625508499472948
2024-05-01 00:00:00+00:00,-9.156765770423902e-05,5.360017692926027e-05,0.00044073205713169016,-0.00029294994588261207,-0.00029294994588261207,0.5858998917652241,0.9386682422078736,-0.01784367287546798
2024-05-02 00:00:00+00:00,0.0004080680695730532,0.000571693249338267,0.00024024702068512586,-0.0002019361002251768,-0.0002019361002251768,0.4038722004503536,0.9423449034729103,-0.009385058842319311
2024-05-03 00:00:00+00:00,0.0035071628387557396,0.004090004998372487,0.00017822589751288984,-0.00039682973502731686,-0.00036423832210224816,0.7936594700546339,0.9968753471835304,-0.04274157055438173
2024-05-04 00:00:00+00:00,0.00011210895110003172,0.00013473488116622559,0.00014703332152318202,-9.880997580677792e-05,-7.084927578252571e-05,0.19761995161355586,1.0403291667922971,-0.05381608719333561
2024-05-05 00:00:00+00:00,0.0038569283836231705,0.003969375590906127,0.0002869959279928318,-0.00021745132989515586,-0.0001819918053805847,0.43490265979031173,1.0115981176056748,-0.019651358355813876
2024-05-06 00:00:00+00:00,0.0022560446946435775,0.002426157753703688,0.00020381168488389304,-0.00020285453236537258,-0.00017107021157865135,0.40570906473074514,1.0155768349548617,-0.005469701057872428
2024-05-07 00:00:00+00:00,-0.001476057869432612,-0.0014323518206908247,0.00016167337536583185,-0.00010268971205379474,-0.00010268971205379474,0.2053794241075895,1.017736370435681,0.0028638847971574504
2024-05-08 00:00:00+00:00,0.00093573586197504,0.00119033219064664,0.00011716983522994248,-0.0001994638094350619,-0.00017230235446638655,0.3989276188701238,0.9613835864015372,0.040790933403027536
2024-05-09 00:00:00+00:00,-0.0005099977115985421,-0.00019602256277103476,8.020747959273743e-05,-0.0002104304805328831,-0.00018375214788735148,0.4208609610657662,0.9823364763278593,0.06333292716357787
2024-05-10 00:00:00+00:00,-0.0007348714007238133,-0.0006720371323526412,0.00012208788636971108,-9.246107737044891e-05,-9.246107737044891e-05,0.18492215474089782,0.9995373445616115,0.06826500408238007
2024-05-11 00:00:00+00:00,0.00026823960989763584,0.0003135660264245666,0.0001155260653578717,-9.425666769756163e-05,-6.659581418720429e-05,0.18851333539512324,0.9550471126222833,0.07266672334135646
2024-05-12 00:00:00+00:00,0.001393840012267944,0.0017133997765758748,5.3316124498512786e-05,-0.00019975173550641423,-0.0001731241532999596,0.3995034710128284,0.9508876705958978,0.06472316003574798
2024-05-13 00:00:00+00:00,0.004621180871246633,0.005040861961461706,0.00012163163436005144,-0.00028529381671110504,-0.0002560189078639988,0.5705876334222102,0.9709902493111215,0.044827946423124466
2024-05-14 00:00:00+00:00,-0.002626594600847021,-0.0021690151519496454,0.00011560127250202674,-0.00030187983161680977,-0.00027130088978258527,0.6037596632336196,0.9732070731850544,0.03895891661021778
2024-05-15 00:00:00+00:00,-0.0033591682461938666,-0.003519487433586957,0.00036469902726828183,-0.00010218991993758884,-0.00010218991993758884,0.20437983987517766,0.9514309755888214,0.03551704956714256
2024-05-16 00:00:00+00:00,9.333923934251587e-05,0.0001317057128721952,0.00034693346423962597,-0.00019264996888466264,-0.00019264996888466264,0.38529993776932536,1.0256545609452237,0.032762942417457176
2024-05-17 00:00:00+00:00,0.013525607463775513,0.013383219833288735,0.00014238763048680632,0.0,0.0,0.0,1.0161513782733032,0.04553033678766199
2024-05-18 00:00:00+00:00,0.004756554640196864,0.005067801382647137,6.784085661512306e-05,-0.00018954379953270022,-0.00018954379953270022,0.37908759906540046,1.052937614350217,0.04432679154237876
2024-05-19 00:00:00+00:00,0.0007471283581097499,0.0012398447995192509,7.756689137465471e-05,-0.00031674583757274397,-0.000253537495211516,0.6334916751454879,1.0389542540986152,0.05138048985341735
2024-05-20 00:00:00+00:00,0.005810307185126096,0.006676913063922354,0.00011388607047183114,-0.0005068724436833174,-0.00047361950558477976,1.0137448873666348,0.9840476151121714,0.07217537555806729
2024-05-21 00:00:00+00:00,0.005756267542432081,0.005629849278476525,0.000146532225519559,-1.0056980782015036e-05,-1.0056980782015036e-05,0.020113961564030072,1.0888377821968651,0.09735876331135358
2024-05-22 00:00:00+00:00,0.00889650665623054,0.009256900736068913,5.35116081759277e-05,-0.0002264447045222219,-0.00018746098349212438,0.45288940904444386,1.0299417526042463,0.12512658185772235
2024-05-23 00:00:00+00:00,-0.000792600098932783,-0.0005560241252769714,-7.037067611825542e-06,-0.00011476945302201076,-0.00011476945302201076,0.22953890604402152,1.0092119982565095,0.12199780730653167
2024-05-24 00:00:00+00:00,-0.009409139161104974,-0.009072815190581384,4.5173775881078245e-06,-0.00020107474607873233,-0.00013976660203295156,0.40214949215746465,1.0008702611398412,0.10736372418996802
2024-05-25 00:00:00+00:00,0.008690986751853869,0.010063299808050676,2.354560144429586e-05,-0.0007146275679261653,-0.0006812310897149178,1.4292551358523302,0.9964770654631258,-0.06842978680378765
2024-05-26 00:00:00+00:00,0.005772870912544192,0.006101642671317384,9.066514871247479e-05,-0.0002097184537428261,-0.0002097184537428261,0.41943690748565216,0.9924894258998425,-0.06526905446301606
2024-05-27 00:00:00+00:00,0.007489839177561297,0.0074177428665270695,7.209631103429172e-05,0.0,0.0,0.0,0.9743146894645016,-0.05742123577515664
2024-05-28 00:00:00+00:00,-0.009838923035597302,-0.009062423010591453,4.573709385977887e-05,-0.0004141504723918159,-0.0004080866464738224,0.8283009447836316,1.0235211006076146,-0.12745989743320013
2024-05-29 00:00:00+00:00,0.003775660585299212,0.00426345217961456,0.00015238781743744074,-0.00032008970587638357,-0.00032008970587638357,0.6401794117527669,0.9786890646735773,-0.09572108978013533
2024-05-30 00:00:00+00:00,0.0012573825797486116,0.0017389028517640695,6.650919568789801e-05,-0.0003079000262379351,-0.00024012944146535036,0.6158000524758702,0.9412958419983212,-0.05762839201082157
2024-05-31 00:00:00+00:00,-0.0012027170290687117,-0.000723478985856111,5.142410538711345e-05,-0.00029528102881773855,-0.00023538111978194364,0.5905620576354771,1.0006685101739883,0.014730389935971451
2024-06-01 00:00:00+00:00,-0.006704513254956246,-0.006557574759420374,4.931480699158376e-05,-9.812665126373992e-05,-9.812665126373992e-05,0.19625330252747983,1.001497049873012,0.010533536948175758
2024-06-02 00:00:00+00:00,0.002903714834422866,0.0032314380004461866,4.54727506611561e-05,-0.00020233695724590527,-0.00017085895943864504,0.4046739144918105,0.9999439505130764,0.01444381228962749
2024-06-03 00:00:00+00:00,0.0013529134379404173,0.0015309368267781723,2.581596361919381e-05,-0.00010191967622852059,-0.00010191967622852059,0.20383935245704116,0.98155427684158,0.02080085141423021
2024-06-04 00:00:00+00:00,-0.0033178476873580998,-0.0028831961416111293,0.00010236939450780137,-0.0002970923000945628,-0.00023992864016022448,0.5941846001891256,1.012831559973493,-0.0076634055842765905
2024-06-05 00:00:00+00:00,0.008140564349976342,0.008253239802148917,8.13027922184617e-05,-9.698912219550562e-05,-9.698912219550562e-05,0.19397824439101125,1.0374211244122593,-0.011301790936448336
2024-06-06 00:00:00+00:00,-0.0027984525456689058,-0.0029110223620154893,0.0001125698163466097,0.0,0.0,0.0,1.0489787598730715,-0.014252698799702238
2024-06-07 00:00:00+00:00,-0.008590142975716697,-0.008126646834399306,0.00011335642570352056,-0.0003031801110140589,-0.00027367245600682267,0.6063602220281178,1.045897109617009,-0.04121963695445094
2024-06-08 00:00:00+00:00,-0.003076204056901344,-0.0028851376012859952,3.016478530557347e-05,-0.00011061562046047113,-0.00011061562046047113,0.22123124092094223,0.9747022847742699,-0.02735748716711331
2024-06-09 00:00:00+00:00,0.001230294681451305,0.001771308550014015,3.5341183795392526e-05,-0.00030432871722931807,-0.00027202633512879063,0.6086574344586361,0.960079932669021,0.037731486036366016
2024-06-10 00:00:00+00:00,-0.003283258863894023,-0.0031518406069578142,5.862489622197152e-05,-9.502157657909318e-05,-9.502157657909318e-05,0.19004315315818637,0.9701967153864252,0.03536808314593398
2024-06-11 00:00:00+00:00,-0.005822020351945123,-0.005105983835908639,4.189064755876937e-05,-0.00039518750530366905,-0.0003627396582916143,0.790375010607338,0.971772513363032,0.05084899266629904
2024-06-12 00:00:00+00:00,0.008863978550097018,0.009273035699954704,0.00012268300988784226,-0.00029825351041146196,-0.00023348664933399402,0.5965070208229238,0.9831374401248947,0.008881711117663662
2024-06-13 00:00:00+00:00,-0.0023535181959603024,-0.0024443559695641816,0.00011095500263307373,-1.0058614514622882e-05,-1.0058614514622882e-05,0.020117229029245766,1.0318829282560993,-0.013712145665475418
2024-06-14 00:00:00+00:00,-0.010070542271492067,-0.009976061697728517,9.719672349553237e-05,-9.583864862951967e-05,-9.583864862951967e-05,0.19167729725903931,0.9898161815480073,-0.039269824475078034
2024-06-15 00:00:00+00:00,-0.0010123096969868461,-0.001176915659333118,0.000164605962346302,0.0,0.0,0.0,0.9774963067568798,-0.040487726252305144
2024-06-16 00:00:00+00:00,-0.004646475182231491,-0.0047555632236906745,0.00010908804145917792,0.0,0.0,0.0,0.9960736570626468,-0.045454492648005905
2024-06-17 00:00:00+00:00,-0.000570365796720651,-0.0005375735065157059,0.00014046895880434244,-8.663062450466286e-05,-8.663062450466286e-05,0.17326124900932569,1.0152913723542507,-0.034024835310255935
2024-06-18 00:00:00+00:00,-0.007928033164227188,-0.007645413880464573,0.00011484942790281016,-0.00019873435583273188,-0.00019873435583273188,0.3974687116654637,0.9988756008854827,-0.04822876176061836
2024-06-19 00:00:00+00:00,0.0027069281066225415,0.0027884496608970243,0.0001323426664313642,-0.00010693211035297719,-0.00010693211035297719,0.21386422070595437,0.929942012391519,-0.02501167084810652
2024-06-20 00:00:00+00:00,0.007116080490917165,0.00743211098469443,5.276516017907882e-05,-0.00020006177032904377,-0.0001687338836273545,0.4001235406580875,0.9466509628674816,0.011564980692184298
2024-06-21 00:00:00+00:00,-0.007523765527784665,-0.007245842391119494,9.766989787535417e-05,-0.00020173623361963985,-0.00017385680092089296,0.4034724672392797,0.9493642913053381,0.003694357394944406
2024-06-22 00:00:00+00:00,0.0007490468496038627,0.0007391046663347796,9.942183269164946e-06,0.0,0.0,0.0,0.9347143767682794,0.004430143676115101
2024-06-23 00:00:00+00:00,-0.0004033328113142165,0.0001365036202240104,7.056066789891575e-05,-0.0003203501752266006,-0.0002900469242105876,0.6407003504532012,1.0130299234331042,0.12185949183446886
2024-06-24 00:00:00+00:00,-0.0038650830480041476,-0.0034283042045131426,9.315240299829353e-05,-0.00029414745090344964,-0.00023578379558580027,0.5882949018068993,1.0005847766165419,0.10253777686358678
2024-06-25 00:00:00+00:00,0.0028248195292159828,0.003057465715277998,0.00011975687769017513,-0.00019125339332832017,-0.000161149670423905,0.38250678665664034,1.004253007744318,0.1108984903979979
2024-06-26 00:00:00+00:00,0.01343730804524057,0.013576022578154816,1.4047822811316414e-05,-9.126286568220327e-05,-6.149949004333236e-05,0.18252573136440656,1.0310770377885403,0.10713809252873194
2024-06-27 00:00:00+00:00,0.0056326740515886264,0.006064081287427382,0.0001381899705507624,-0.0002998119117150324,-0.0002697852946745834,0.5996238234300648,0.9883388672772233,0.11828747825091807
2024-06-28 00:00:00+00:00,0.009845215357428438,0.010517789294679497,8.810999151778267e-05,-0.0003955837226737795,-0.00036510020609503734,0.7911674453475589,1.0203845964901164,0.06328119927898002
2024-06-29 00:00:00+00:00,0.002348960519554133,0.002285398500974184,6.356201857988906e-05,0.0,0.0,0.0,0.9990531977027916,0.06541294535385075
2024-06-30 00:00:00+00:00,-0.0012296379337420893,-0.0009024874546205715,2.2908649000109162e-05,-0.00018969470105519495,-0.0001603644270664648,0.3793894021103899,1.002238158153168,0.05289458134359369
2024-07-01 00:00:00+00:00,0.001366598550480047,0.0018103101374016795,4.0202655124819165e-05,-0.00024195712102324072,-0.00024195712102324072,0.4839142420464814,1.0010818141772275,-0.05919353298300025
2024-07-02 00:00:00+00:00,-0.0007713588034351515,2.070135269723076e-06,5.850331696285083e-05,-0.00041596612783384446,-0.00041596612783384446,0.8319322556676889,0.966442784256838,-0.016427384185111193
2024-07-03 00:00:00+00:00,0.0034012543061008316,0.0035813900925659036,1.5388729132881387e-05,-9.776225779896176e-05,-9.776225779896176e-05,0.19552451559792353,0.9681998568754245,-0.012151306083441076
2024-07-04 00:00:00+00:00,0.006558942269105916,0.006783008802290603,1.9930455774142505e-05,-0.00012199849447946099,-0.00012199849447946099,0.243996988958922,0.9834354491734806,0.059285187852936246
2024-07-05 00:00:00+00:00,-0.007161098011329692,-0.006440209649950032,6.034104063675015e-05,-0.0003906147010081884,-0.0003906147010081884,0.7812294020163768,0.9224528172916542,-0.002286374518166737
2024-07-06 00:00:00+00:00,0.005267666600541787,0.0056425674263576656,0.000213944001425823,-0.0002944224136208297,-0.0002944224136208297,0.5888448272416594,0.9409616724875587,0.051281953583368296
2024-07-07 00:00:00+00:00,0.00483408644834693,0.005063769561113698,0.00012243557317738704,-0.0001760593429720921,-0.0001760593429720921,0.35211868594418416,0.9986126678330104,0.051489237914152955
2024-07-08 00:00:00+00:00,-0.012608982689756632,-0.01232654873772849,0.00011782211654303779,-0.0002001280342856038,-0.0002001280342856038,0.40025606857120766,0.9511709529913208,0.04440181685195352
2024-07-09 00:00:00+00:00,-0.003189366294016782,-0.003299176612282002,0.00013044293116642712,-1.031630645062401e-05,-1.031630645062401e-05,0.02063261290124802,1.0229451459271524,0.061932779460225115
2024-07-10 00:00:00+00:00,0.002478698712462757,0.0027774637988405787,0.00010101451214332611,-0.00021344005841948294,-0.00018633954010171676,0.4268801168389659,1.001366722414106,0.08690243702749043
2024-07-11 00:00:00+00:00,0.00979873402859055,0.009959353355310528,7.070063393713926e-05,-0.00011565998032855797,-0.00011565998032855797,0.23131996065711594,0.9984841356850437,0.09253068762020843
2024-07-12 00:00:00+00:00,0.012953318494072219,0.013327427790389864,-2.9158377248992415e-05,-0.00017247545953436188,-0.00017247545953436188,0.34495091906872377,0.9672991557125299,0.11804205080273171
2024-07-13 00:00:00+00:00,0.0049530916313804685,0.005452219994504799,7.108032215917803e-05,-0.00030170739339346544,-0.00026850129189003236,0.6034147867869308,1.0106552424950586,0.12300062015163539
2024-07-14 00:00:00+00:00,-0.008322540119137134,-0.008080341893624566,9.997624436731671e-05,-0.0002014082873212747,-0.00014076618255864354,0.4028165746425494,1.0410815729437026,0.12065983419516549
2024-07-15 00:00:00+00:00,0.002468341023945886,0.0026703289539214215,0.00020570767128157271,-0.00020384780062859868,-0.00020384780062859868,0.4076956012571974,1.0382543930129151,0.12113632035121498
2024-07-16 00:00:00+00:00,0.010016913975692043,0.010276193771674285,0.00017289611523156858,-0.00021608795560695845,-0.00021608795560695845,0.432175911213917,1.0438500442664502,0.10230494235573154
2024-07-17 00:00:00+00:00,0.009194246022827368,0.009404276537561275,0.000164418247881913,-0.00020482310664047743,-0.0001696256559752492,0.40964621328095485,1.0107564628634906,0.131870034602913
2024-07-18 00:00:00+00:00,-0.009085642630143331,-0.008665817684948264,0.0001612553297379957,-0.00030821887940087674,-0.0002728613955321364,0.6164377588017536,0.9822470036309828,0.07001528722374212
2024-07-19 00:00:00+00:00,0.011432591199107334,0.011511387791988658,9.795808592335915e-05,-0.00010485260439120979,-7.190207441343702e-05,0.20970520878241958,0.9756558941372968,0.0904575024388539
2024-07-20 00:00:00+00:00,0.003604875523963935,0.0038738198771014506,0.0001558623664570328,-0.0002124033597973164,-0.0002124033597973164,0.42480671959463273,1.0300831407015802,0.05186110496406164
2024-07-21 00:00:00+00:00,-8.715746140131042e-05,0.00018639649551626557,9.97023994315527e-05,-0.00018662817817455496,-0.00018662817817455496,0.3732563563491099,1.029840071224562,0.05813123207514606
2024-07-22 00:00:00+00:00,0.011744212221365347,0.011876327386655772,6.259458786602847e-05,-9.735487657824931e-05,-9.735487657824931e-05,0.19470975315649863,1.0493735066503307,0.05943455411817999
2024-07-23 00:00:00+00:00,-0.00467581257036731,-0.004330875334386164,7.079448086781075e-05,-0.000207865858424466,-0.000207865858424466,0.415731716848932,1.003456471188353,0.04107716200586558
2024-07-24 00:00:00+00:00,0.0025282408148392665,0.00284335291675138,7.942483743078053e-05,-0.00019726846967149054,-0.00019726846967149054,0.39453693934298106,0.991294416015918,0.038569002767436425
2024-07-25 00:00:00+00:00,-0.002831283059668066,-0.0021638997282620817,9.192509405983642e-05,-0.00039464778142632917,-0.00036466064403953795,0.7892955628526583,0.9869398374629337,0.03404281480236449
2024-07-26 00:00:00+00:00,0.008719370931464798,0.009213883063079367,6.946500902098849e-05,-0.00029838178741094717,-0.000265595353224502,0.5967635748218945,0.9621659111074777,0.029120683428558787
2024-07-27 00:00:00+00:00,-0.0007310072993702565,-0.0002159431090141103,7.099485544853809e-05,-0.0003088663666247204,-0.0002771926791799335,0.6177327332494409,1.0351105472009203,-0.017176970808189848
2024-07-28 00:00:00+00:00,0.0016162652960329815,0.002101261461360819,8.779152894216946e-05,-0.00030042680379816807,-0.000272360890471907,0.6008536075963362,1.024721252390623,-0.006361760289131623
2024-07-29 00:00:00+00:00,0.008061005107479868,0.007945300304619927,0.00011570480285984454,0.0,0.0,0.0,1.0131063115439987,0.0015708771666248314
2024-07-30 00:00:00+00:00,0.007507047876625927,0.0077696730405046,0.0001314802606556635,-0.0001970527122671855,-0.0001970527122671855,0.39410542453437103,1.0128436309998727,0.009760314655307101
2024-07-31 00:00:00+00:00,-0.0049666359964071205,-0.004450608578837366,7.609566843529359e-05,-0.00031169103956370345,-0.00028043204644132653,0.6233820791274068,0.9874367857972747,-0.02593053631303943
2024-08-01 00:00:00+00:00,-0.006905311551929749,-0.00643727217660595,0.00010939554551727219,-0.0003049155323699664,-0.00027251938847112136,0.6098310647399328,0.9827205833845382,-0.050723632112511706
2024-08-02 00:00:00+00:00,0.0029629207788295364,0.0032390441409574666,0.00012076591562925461,-0.00019844463887859528,-0.00019844463887859528,0.3968892777571906,0.9673418149237352,-0.05124318681394136
2024-08-03 00:00:00+00:00,0.010846904643513122,0.011149768616316752,7.53710865950903e-05,-0.00018911752969934869,-0.00018911752969934869,0.3782350593986974,0.9166950354898559,-0.0641877528372578
2024-08-04 00:00:00+00:00,-0.0035516667333601593,-0.003153596562776247,0.00012287550637430964,-0.0002769640738011665,-0.00024398160315700865,0.553928147602333,0.9210349633048663,-0.06930781126227943
2024-08-05 00:00:00+00:00,-0.010632812533420077,-0.010549519497877937,0.0001340602240134946,-0.00010867662977781597,-0.00010867662977781597,0.21735325955563195,0.905521660113046,-0.06776611921774482
2024-08-06 00:00:00+00:00,0.004522114083419293,0.00473613834673617,0.00020080765611417238,-0.00021051127923335137,-0.00020432064019776863,0.4210225584667028,0.8955575312891244,-0.04747841139627643
2024-08-07 00:00:00+00:00,-0.0010130069300424704,-0.0007361087664468111,0.0002964271284545503,-0.0003023327475856446,-0.0002709925444645653,0.6046654951712892,0.9530349023967216,-0.046619837024449585
2024-08-08 00:00:00+00:00,0.00566544463147145,0.005805442971974364,0.0002859479028219114,-0.00021297312166244507,-0.00021297312166244507,0.42594624332489,0.9369904557415022,-0.07119930124534131
2024-08-09 00:00:00+00:00,0.0029072077141318875,0.003052483684538173,0.00024132769445371158,-0.00020832532900866686,-0.00017827833585131334,0.4166506580173337,1.0780238913949556,-0.026343596040211296
2024-08-10 00:00:00+00:00,-0.0006326208295833746,-0.0004565407979854827,0.00021696956751681034,-0.00021349404860612414,-0.000179555550508533,0.42698809721224823,1.0278602252590585,-0.029998854027722906
2024-08-11 00:00:00+00:00,-0.006044417810364577,-0.005956420987277925,0.00028482961556901314,-0.00020278723383916419,-0.00017003920481646736,0.4055744676783284,1.0318142984404939,-0.022343586891457882
2024-08-12 00:00:00+00:00,0.002314674595367272,0.0024248839922142718,0.00027484760421679085,-0.00020714586952860523,-0.00017791113153524268,0.41429173905721045,0.9633648506778266,-0.011509835295413613
2024-08-13 00:00:00+00:00,-0.025090286374575554,-0.024952572008582467,0.0002206409669592833,-0.0001932772674012569,-0.00016507806555111828,0.3865545348025137,1.0688088054547493,-0.03847490162032967
2024-08-14 00:00:00+00:00,-0.006467245056107407,-0.006368950608532471,0.00015925026939046886,-0.00012877235848271303,-0.00012877235848271303,0.2575447169654261,1.0362790517581146,-0.043795203528369915
2024-08-15 00:00:00+00:00,-0.018365202800610603,-0.018239269433944393,9.490697426493876e-05,-0.0001104201704655717,-0.0001104201704655717,0.22084034093114335,1.0550685309401566,-0.06657390948299047
2024-08-16 00:00:00+00:00,-0.007854286710705871,-0.007762705088911716,0.00012838715046473737,-0.00010998438612942972,-0.00010998438612942972,0.21996877225885939,1.0472398985563238,-0.07142659555216133
2024-08-17 00:00:00+00:00,0.0014925196425175091,0.001668527926803432,0.0002153026354510825,-0.0002104891836601273,-0.00018082173607689094,0.42097836732025457,1.0332921134195239,-0.050916313742861735
2024-08-18 00:00:00+00:00,0.006376842987800391,0.0066631422113566955,0.00014027570251930259,-0.0002132874630377579,-0.0002132874630377579,0.4265749260755158,1.0101743687295135,-0.03262291485862881
2024-08-19 00:00:00+00:00,0.000180538879660741,0.0004979338875909199,7.484073031702121e-05,-0.00019611786912358326,-0.00019611786912358326,0.3922357382471665,1.006247790624989,-0.038953420304841876
2024-08-20 00:00:00+00:00,-0.001348968348704016,-0.000970956853232334,0.0002207238256012727,-0.00029936766053648974,-0.00029936766053648974,0.5987353210729793,1.027075443741899,-0.039722079839536614
2024-08-21 00:00:00+00:00,-0.004887310652771815,-0.0043675406248656614,4.7771151787397166e-05,-0.0003144899880797852,-0.00025305119161379917,0.6289799761595704,1.0153353358117305,-0.01885203952812312
2024-08-22 00:00:00+00:00,0.009935649540343316,0.010452656290813432,2.6467560675420167e-05,-0.0003007047742300205,-0.00024276953691543653,0.601409548460041,1.0585878801940982,-0.02848206939036104
2024-08-23 00:00:00+00:00,-0.000242370879103615,0.0004551659668663024,0.00013936967368993698,-0.00041845325982992423,-0.00041845325982992423,0.8369065196598485,1.033081669802563,-0.02292633199754743
2024-08-24 00:00:00+00:00,0.00023991899771247382,0.00040306074591577463,0.0002495517498379979,-0.0002063467490206728,-0.0002063467490206728,0.41269349804134553,1.0334099401563617,0.02364372301776073
2024-08-25 00:00:00+00:00,-0.009868413055954428,-0.010095260509598828,0.00022684745364439442,0.0,0.0,0.0,1.0459440216741962,0.013683496907696881
2024-08-26 00:00:00+00:00,0.00856914165992917,0.008850344775126712,0.00012776878507618627,-0.00020448595013691884,-0.00020448595013691884,0.4089719002738376,0.9769767152829887,0.06338712518378821
2024-08-27 00:00:00+00:00,-0.0007657770177341705,-0.0006146379728971091,2.7853409741814302e-05,-8.949622728946311e-05,-8.949622728946311e-05,0.1789924545789262,0.9384941731574171,0.06297297489140322
2024-08-28 00:00:00+00:00,-0.007583428839451289,-0.007271396970073133,4.169213874389069e-05,-0.00019179885645442742,-0.00016192515166760796,0.3835977129088548,0.916190477970338,0.04195595638338565
2024-08-29 00:00:00+00:00,-0.008491901478165031,-0.00800110653846195,0.00010472746978365229,-0.00029776120474336404,-0.00029776120474336404,0.595522409486728,0.9353873980143917,0.042333168432922154
2024-08-30 00:00:00+00:00,-0.0001145932059616328,0.0001972258630993356,6.663568571768504e-05,-0.00020281499720713696,-0.00017563975757153136,0.40562999441427394,0.9682700447292231,0.07169627179717801
2024-08-31 00:00:00+00:00,-0.0065341752883427695,-0.006032844620008436,8.837823465723081e-05,-0.00029485445149578286,-0.00029485445149578286,0.5897089029915656,1.0081201180466253,0.06371743927436956
2024-09-01 00:00:00+00:00,0.0008006008225029948,0.0014026795000571131,1.236706886562335e-05,-0.0003208475372730229,-0.0002935982091466993,0.6416950745460459,1.0200302790752978,-0.04356273648277561
2024-09-02 00:00:00+00:00,0.003077461255158287,0.0038385182963525002,0.00023115068206922495,-0.0005095334581818656,-0.00048267426508161323,1.0190669163637311,0.9773377563915985,0.05653320748077799
2024-09-03 00:00:00+00:00,-0.0015205175776987767,-0.001087026546279499,0.0001240694547394248,-0.00027878024307933976,-0.00027878024307933976,0.5575604861586796,1.0304988551704723,0.06188096691058959
2024-09-04 00:00:00+00:00,-0.010305706200710363,-0.010135552292135646,0.00023234567972123658,-0.000201249794147953,-0.000201249794147953,0.40249958829590593,0.9909700371125004,0.04543385083809197
2024-09-05 00:00:00+00:00,0.005909456488355058,0.005936169307124206,0.0001423275202829993,-9.915489790267975e-05,-6.988544114938221e-05,0.19830979580535948,1.0158559223154957,0.05422963658415214
2024-09-06 00:00:00+00:00,-0.002154490860402425,-0.0019430207762703283,0.00017032402215805907,-0.00020566834922114755,-0.00017612575706904324,0.4113366984422951,0.9821132328726381,0.04279057516324981
2024-09-07 00:00:00+00:00,0.009954171386090227,0.010014281329366543,0.00014353592584145081,-0.00010182293455889973,-0.00010182293455889973,0.20364586911779944,0.9438917239284602,0.056856281367548785
2024-09-08 00:00:00+00:00,0.006604125059522126,0.006936839781218146,5.402362495365466e-05,-0.000193369173324805,-0.000193369173324805,0.38673834664960993,0.9653316409729855,0.06632365730419598
2024-09-09 00:00:00+00:00,0.006605833578163578,0.006726707847415651,8.914504538910273e-05,-0.00010500965732064283,-0.00010500965732064283,0.21001931464128565,0.9784142199603295,0.07142672474991943
2024-09-10 00:00:00+00:00,0.010531353974585045,0.01116120613681147,0.00014370928093404757,-0.00040239688327863075,-0.00037116455988176687,0.8047937665572615,1.0040680470410155,0.06258884776563928
2024-09-11 00:00:00+00:00,0.012021521075083808,0.012533791298118388,4.968338300913685e-05,-0.00029321151523969047,-0.00026874209080412044,0.5864230304793808,1.005692975681237,0.029373368160583675
2024-09-12 00:00:00+00:00,0.005307012923025489,0.005559107323683741,0.00014430047903879839,-0.00019819743984849365,-0.00019819743984849365,0.3963948796969873,1.007546056525113,0.06612791959843012
2024-09-13 00:00:00+00:00,-0.010866564333058881,-0.010472055628120943,0.00022381264801578854,-0.00030916067647685083,-0.00030916067647685083,0.6183213529537016,1.0354260207679642,0.08070436008408359
2024-09-14 00:00:00+00:00,-0.004004853042302581,-0.004442214534725662,0.0004373614924231271,0.0,0.0,0.0,1.0575431453333224,0.07656879231018673
2024-09-15 00:00:00+00:00,0.00156741982284192,0.0011690520410335588,0.0003983677818084153,0.0,0.0,0.0,1.042871626825842,0.07761618720082855
2024-09-16 00:00:00+00:00,0.008742817145806825,0.008781554151381252,0.00014758490236316133,-0.00010995001354617886,-7.637189439134407e-05,0.2199000270923577,1.0019662521586061,0.0817290981847481
2024-09-17 00:00:00+00:00,0.0018161618362018128,0.0022332392575144517,2.7521548032698246e-06,-0.00022764379204948422,-0.0001921857840663718,0.45528758409896847,0.9982270759453536,0.10126428079597492
2024-09-18 00:00:00+00:00,0.0009523870056908912,0.0013765155594344487,0.00013123781778716227,-0.0002950675259927779,-0.0002602988455379677,0.5901350519855559,1.0058809092010659,0.08251661487767561
2024-09-19 00:00:00+00:00,0.003874019705064846,0.004193024665744858,0.00024159592514661813,-0.0002942836391791416,-0.0002663172466474212,0.5885672783582832,1.0255248511485258,0.09100049101318
2024-09-20 00:00:00+00:00,0.015399877339734136,0.015434758776209867,0.0001910782897483018,-0.00011297986311198883,-0.00011297986311198883,0.2259597262239776,1.0302257592521826,0.10314057879096988
2024-09-21 00:00:00+00:00,-0.008254334006179032,-0.008196545267308269,6.972843073885101e-05,-9.108369257825523e-05,-3.643347703130209e-05,0.18216738515651043,1.0507736753252195,0.1042551917562609
2024-09-22 00:00:00+00:00,0.0062806677199498395,0.0063837080458283135,7.908597136802088e-05,-9.106314862329327e-05,-9.106314862329327e-05,0.18212629724658652,1.0516731667838601,0.1180704674619798
2024-09-23 00:00:00+00:00,0.0019890870982870457,0.002424211898897966,9.624070744830216e-05,-0.0002968776304835579,-0.00023448787757574378,0.5937552609671158,1.013157182471025,0.12828132183135063
2024-09-24 00:00:00+00:00,-0.00351997114621172,-0.0032538017933118756,0.00013447844235593324,-0.00020032389762788448,-0.00020032389762788448,0.400647795255769,1.0303026198649967,0.1174935353277331
2024-09-25 00:00:00+00:00,-0.012460028741253737,-0.01231137406526774,0.0002221286868267351,-0.0002021433757938225,-0.00016863998701885803,0.40428675158764493,1.059068387927282,0.11385239888226281
2024-09-26 00:00:00+00:00,-0.005278404942498094,-0.005159142172710393,0.00027113252558603465,-0.00021222682315584214,-0.00017816847221789446,0.42445364631168425,1.0266736591410595,0.08035909131934596
2024-09-27 00:00:00+00:00,-0.0035854707415661213,-0.003261234872701063,4.264831309857632e-05,-0.00020082399437323402,-0.00016606018759044783,0.40164798874646807,1.0568518492308776,0.09637239687373306
2024-09-28 00:00:00+00:00,-0.00265042637703361,-0.0025296453429122048,7.725743922052887e-05,-9.901923667096295e-05,-9.901923667096295e-05,0.19803847334192592,1.0501688582067636,0.12560920319054972
2024-09-29 00:00:00+00:00,0.00035517519654848506,0.0004800054386694715,4.3106196461736524e-05,-8.396821929139969e-05,-8.396821929139969e-05,0.16793643858279939,1.038785738158911,0.12848036692379255
2024-09-30 00:00:00+00:00,0.006668017848256991,0.0067945833796184876,5.64888671182404e-05,-9.152719923988328e-05,-9.152719923988328e-05,0.1830543984797666,1.0155010173945613,0.14167457401267772
2024-10-01 00:00:00+00:00,0.0047757542682063114,0.005263368423348644,5.904393598390358e-05,-0.0002818568828599726,-0.0002648012082663441,0.5637137657199452,0.9592601165470377,-0.04869211046379783
2024-10-02 00:00:00+00:00,0.006573667517839832,0.006891419687338487,7.923608587259603e-05,-0.0001984941276856637,-0.0001984941276856637,0.3969882553713274,0.9000172873364451,-0.020942515462366345
2024-10-03 00:00:00+00:00,0.009861338472376247,0.010247070722034152,0.0001632864374141002,-0.00028716773922103997,-0.0002618509478509446,0.5743354784420799,0.89265801544582,-0.00846350955441798
2024-10-04 00:00:00+00:00,0.0035958814376975123,0.003918839137125131,0.00019434375792888565,-0.0003025849741229442,-0.00021471648323358213,0.6051699482458884,0.9429674600584921,-0.031768752186249145
2024-10-05 00:00:00+00:00,0.005555852152951735,0.005519299049449415,0.0002691601269617545,-0.00011630351172972026,-0.00011630351172972026,0.23260702345944048,0.9874705094328556,-0.049937954983816785
2024-10-06 00:00:00+00:00,-0.003550853880875615,-0.003724382360425729,0.00017352847955015146,0.0,0.0,0.0,0.9863358741485486,-0.05385356347912119
2024-10-07 00:00:00+00:00,0.0013276523569265564,0.0014247315878238031,0.0002733989115494826,-0.00020108121433967105,-0.00016939692810701514,0.40216242867934215,0.9969627660739357,-0.041156885062992296
2024-10-08 00:00:00+00:00,0.006691398800520831,0.006764213425734479,0.00012331607682856656,-9.806535102115583e-05,-9.806535102115583e-05,0.19613070204231167,0.975776405025373,-0.03865817585170576
2024-10-09 00:00:00+00:00,0.009058942301455097,0.00971350725312574,0.00013130975212526767,-0.0004088391502539077,-0.00037703555354189354,0.8176783005078153,0.9631935302166684,0.053898057043149525
2024-10-10 00:00:00+00:00,-0.003372223769145144,-0.003365712244850212,0.00017622373038286767,-9.136762733889383e-05,-9.136762733889383e-05,0.18273525467778762,0.9621088070374464,0.040862938248573365
2024-10-11 00:00:00+00:00,-0.01151281409835947,-0.011196340033702476,6.470981403157951e-05,-0.0001905919393443019,-0.0001905919393443019,0.3811838786886038,1.0029046840096285,0.052306789955199634
2024-10-12 00:00:00+00:00,0.00360195429576482,0.00450141455180465,0.00012014206027070359,-0.0005398171276997517,-0.00047978518861082237,1.0796342553995033,1.016612495550694,-0.12454902920685507
2024-10-13 00:00:00+00:00,0.0022602670592819507,0.002371845267223506,0.00010661208135782448,-0.00010909514464969326,-0.00010909514464969326,0.21819028929938653,1.0148960725760234,-0.11243603837243774
2024-10-14 00:00:00+00:00,0.0017897773240478365,0.002247770304657555,8.346201281610376e-05,-0.0002784658915861276,-0.00026298910183966283,0.5569317831722553,0.9912100791087562,0.09263579194142207
2024-10-15 00:00:00+00:00,0.002610265960885094,0.0032041754459251823,0.00014177710928612376,-0.0003808242021697258,-0.00035486239215648703,0.7616484043394517,1.0671585640142414,0.05500642508402741
2024-10-16 00:00:00+00:00,0.0012678377705521715,0.0016235052649175496,3.0329014312151298e-05,-0.00020933991443621843,-0.00017665659424135103,0.41867982887243677,1.0325131703624726,0.058695765356031465
2024-10-17 00:00:00+00:00,0.013346193974348886,0.013443130363304844,8.443246991943474e-05,-0.00010684174492874852,-7.452711394665886e-05,0.213683489857497,1.0107723450235266,0.06946442665050742
2024-10-18 00:00:00+00:00,-0.0044091286885737935,-0.003867985687954905,7.976964268956746e-05,-0.0003281999981842051,-0.0002927126451242189,0.6563999963684102,1.0156232333729152,-0.048222791998753546
2024-10-19 00:00:00+00:00,-0.0019160596732933355,-0.0016899847967490307,0.0001437903851179539,-0.00020241516768607724,-0.0001674500939761972,0.4048303353721544,1.0307821082509083,-0.09659559321063736
2024-10-20 00:00:00+00:00,-0.002211707265040719,-0.001924121770425806,0.00011881486287769718,-0.00020320017874631634,-0.00020320017874631634,0.4064003574926327,1.023846936422799,-0.11059218136862059
2024-10-21 00:00:00+00:00,-0.003500290096243308,-0.0032085845235063793,7.113415451762394e-05,-0.0001983241615525886,-0.00016451556570191048,0.3966483231051772,1.0498548709262499,-0.12440567996114588
2024-10-22 00:00:00+00:00,0.0026999585901272827,0.0026585362335857683,6.387219857097507e-05,-1.1224921014757837e-05,-1.1224921014757837e-05,0.022449842029515672,0.9965467168357012,-0.14380870820003533
2024-10-23 00:00:00+00:00,-0.0021645787360744517,-0.001904571327418192,8.476486592829884e-05,-0.0001723861372922903,-0.0001723861372922903,0.34477227458458054,0.9971593586895098,-0.14014698141788035
2024-10-24 00:00:00+00:00,0.005901291359573291,0.006191720999526629,0.00010400156452669638,-0.0001972156022399808,-0.0001972156022399808,0.3944312044799616,0.970890636435862,-0.11609523041568674
2024-10-25 00:00:00+00:00,0.005150674026150437,0.005706046554454957,8.716789509384544e-05,-0.0003212702116992072,-0.0003212702116992072,0.6425404233984143,1.0370280482739143,-0.023233457292615126
2024-10-26 00:00:00+00:00,-0.00122232804171718,-0.0009375907759555484,0.00011447659394594368,-0.00019960692985380394,-0.00019960692985380394,0.3992138597076079,0.9874333461665088,-0.02758025192980854
2024-10-27 00:00:00+00:00,0.0016359792619762281,0.0015754755611991494,0.00025506837447596717,-9.728233684941957e-05,-9.728233684941957e-05,0.19456467369883915,1.0091420897659533,-0.04000351316503894
2024-10-28 00:00:00+00:00,0.006851957281899024,0.007434006714833535,0.00020626986498660326,-0.0004106239119119574,-0.00037769538600914164,0.8212478238239146,1.024233591034357,-0.058514618966501224
2024-10-29 00:00:00+00:00,0.001870885821395163,0.001963022328276061,0.00011731422932237821,-0.00010472536810166754,-0.00010472536810166754,0.20945073620333507,1.0416665682510755,-0.054418408614964595
2024-10-30 00:00:00+00:00,-0.00932184835077754,-0.009089556937659143,6.460273378758936e-06,-0.00012261080734414547,-0.00011614087915299436,0.24522161468829096,1.050395057619778,-0.010512118049158196
2024-10-31 00:00:00+00:00,-0.01045323525177344,-0.010410945051234672,3.102039034298604e-06,-2.269611978652848e-05,-2.269611978652848e-05,0.04539223957305696,1.0176982619531283,0.02472766052536224
2024-11-01 00:00:00+00:00,0.0050138700873574304,0.005104260325082284,0.00010955159011602815,-9.99709139204124e-05,-9.99709139204124e-05,0.1999418278408248,0.9541917660324826,0.04356375378618734
2024-11-02 00:00:00+00:00,-0.007111088894515172,-0.006224873259453322,0.00019348791200896837,-0.0005634613929288365,-0.0005162421541420231,1.126922785857673,1.0122807259697832,-0.24347805345553106
2024-11-03 00:00:00+00:00,-0.001354697421569906,-0.0014326876040339968,0.0003761128601592355,-0.0001490613388475534,-0.0001490613388475534,0.2981226776951067,1.0042214169447137,-0.24375297245469066
2024-11-04 00:00:00+00:00,0.009284720485801756,0.008630028881096187,0.0008958200575214836,-0.0001205642264079144,-0.0001205642264079144,0.2411284528158288,0.9708390120439337,-0.22758493155374326
2024-11-05 00:00:00+00:00,-0.0017714590689174026,-0.0018799478812004853,0.0008002705041954988,-0.00034589084595618136,-0.00034589084595618136,0.6917816919123627,0.9997864087056436,-0.1401945026427689
2024-11-06 00:00:00+00:00,0.0033409887466890886,0.0031216707366304424,0.0004380994079699655,-0.00010939069895567369,-0.00010939069895567369,0.21878139791134738,1.0285322889238568,-0.14023718087569798
2024-11-07 00:00:00+00:00,-0.034685080398630275,-0.03458291517893159,8.786250231724469e-05,-9.501386100797198e-05,-9.501386100797198e-05,0.19002772201594395,1.1780974566605258,-0.18759732101722135
2024-11-08 00:00:00+00:00,0.0043701589819018505,0.003983882193591478,0.0004870415311361947,-5.8852851643793815e-05,-4.1911891182047814e-05,0.11770570328758762,1.0734193701992771,-0.06562096150173459
2024-11-09 00:00:00+00:00,0.004492191052033023,0.004731760011349643,0.00020349194691888383,-0.0002215304531177197,-0.0002215304531177197,0.44306090623543937,1.036956567563741,-0.12234921742373048
2024-11-10 00:00:00+00:00,0.00945885605198149,0.010185791804673458,0.00010076736823517366,-0.0004138515604636044,-0.0004138515604636044,0.8277031209272088,1.0347961620413373,-0.1252320731378848
2024-11-11 00:00:00+00:00,0.0054884193463407005,0.005242724058191589,0.0002456952881490123,0.0,0.0,0.0,1.0552589933386922,-0.11933439189453543
2024-11-12 00:00:00+00:00,0.010905016103939902,0.011273208690864643,0.00020692723545180715,-0.00032389165824572787,-0.0002512281641307401,0.6477833164914558,1.0855526749585882,-0.09791869300156378
2024-11-13 00:00:00+00:00,-0.01164744325309408,-0.011903760785943704,0.0004967427335783178,-0.00013771335634091064,-0.00010271184438781339,0.2754267126818213,1.0298328636156875,-0.1620020793112153
2024-11-14 00:00:00+00:00,-0.005888422392940185,-0.005652268989342354,0.00012369900850943232,-0.000197496392615237,-0.0001623560194919769,0.39499278523047404,1.0202560385309456,-0.17361309215548387
2024-11-15 00:00:00+00:00,-0.03678830413125089,-0.0364648286931234,7.408347951966734e-05,-0.0001987794588235611,-0.0001987794588235611,0.39755891764712215,1.0533658133910024,-0.22746243299812186
2024-11-16 00:00:00+00:00,-0.014263042659535707,-0.01429717235568544,7.3618136591969e-05,-1.974422022114336e-05,-1.974422022114336e-05,0.03948844044228672,1.084826775912175,-0.20519791147655794
2024-11-17 00:00:00+00:00,-0.03767760863670577,-0.03734467433369989,8.908424915820743e-05,-0.00023025084269779911,-0.0001917677094662526,0.46050168539559816,1.167248986125517,-0.17273399184662352
2024-11-18 00:00:00+00:00,0.014156730473205092,0.014682431021679548,0.00019912151671764382,-0.0003624110325960335,-0.0003624110325960335,0.724822065192067,0.9687987319075315,-0.15727674380920925
2024-11-19 00:00:00+00:00,0.0030534989708721483,0.003570429707762588,0.00024890048326368735,-0.00039857680893139055,-0.0003672544112227051,0.7971536178627812,1.0296008756998272,-0.09771757500447355
2024-11-20 00:00:00+00:00,-0.0009065192017406742,-0.000848411600363553,0.0001228872544236713,-9.049742790041318e-05,-9.049742790041318e-05,0.18099485580082633,1.0294519854057314,-0.08437109023737648
2024-11-21 00:00:00+00:00,-0.00430614770708071,-0.0041458221758802465,5.219277360661582e-05,-0.0001062591524035317,-0.0001062591524035317,0.21251830480706338,1.0297396062725457,-0.08005195038815048
2024-11-22 00:00:00+00:00,-0.009982771639340249,-0.010060270316079622,7.749867673937006e-05,0.0,0.0,0.0,1.1076843800791196,-0.09102086117576391
2024-11-23 00:00:00+00:00,-0.00027233265783455085,-1.9667879176171185e-05,0.00021207494942743714,-0.00023236986404291904,-0.00023236986404291904,0.4647397280858381,1.1480726800591263,-0.18497804338578014
2024-11-24 00:00:00+00:00,0.050357796870140525,0.0509814731304915,7.183625956766e-05,-0.00038274001130298867,-0.00031277250861567893,0.7654800226059774,1.000233381753638,-0.013143549928774837
2024-11-25 00:00:00+00:00,-0.0028069804099497553,-0.002331223913954483,0.0001276550404152894,-0.0003017057682052756,-0.0003017057682052756,0.6034115364105512,0.9772146651315246,-0.04432619028256338
2024-11-26 00:00:00+00:00,-0.001719435318250473,-0.0016325936595221005,0.00011228571832382749,-9.956368852612728e-05,-9.956368852612728e-05,0.19912737705225453,0.9659197531641833,-0.06273820712140432
2024-11-27 00:00:00+00:00,0.00018554466638276423,0.00034532583750221515,4.5879419056912515e-05,-0.00010283029508816881,-0.00010283029508816881,0.20566059017633762,0.9588505250766541,-0.0719168945961257
2024-11-28 00:00:00+00:00,-0.022216391806571756,-0.0215501842184944,0.00016538938793507642,-0.00045006429252900576,-0.00038153268348339945,0.9001285850580114,1.0774743625663705,-0.19422245143515438
2024-11-29 00:00:00+00:00,0.021759705580184807,0.02181597518364528,0.00010869883499549244,-8.248421922794845e-05,-8.248421922794845e-05,0.1649684384558969,1.0352353589455594,-0.1831884590472371
2024-11-30 00:00:00+00:00,0.003365979039696043,0.0035777655082981355,0.000196504077474004,-0.00020414527303799814,-0.00020414527303799814,0.4082905460759963,1.0597719010414082,-0.19262218490674066
2024-12-01 00:00:00+00:00,-0.03303205304984158,-0.03264680525631573,0.00020004083654607784,-0.00033191278825696634,-0.0002533758418149372,0.6638255765139327,1.089344829157424,-0.20613032205008472
2024-12-02 00:00:00+00:00,-0.02653466418519257,-0.02638011159129341,0.00019090312922355113,-0.0002000099447374727,-0.00014544577838524814,0.4000198894749454,1.1306734596095454,-0.17132966004638003
2024-12-03 00:00:00+00:00,-0.06210143675445223,-0.06180882585310095,0.00024236135288728552,-0.00026748612711926725,-0.00026748612711926725,0.5349722542385346,1.128131485567787,-0.07683491477520929
2024-12-04 00:00:00+00:00,-0.013922316923765887,-0.013668148918297974,0.00021263778998065333,-0.00024813510733748197,-0.0002186706881110484,0.49627021467496385,1.0484375463701285,-0.09834952584354138
2024-12-05 00:00:00+00:00,-0.0258792248549623,-0.025986904793798435,0.0003295141624095405,-0.00011091711178671107,-0.00011091711178671107,0.2218342235734221,1.0357565067276397,-0.12620612064150424
2024-12-06 00:00:00+00:00,0.012989670815809928,0.0135255344317888,0.00024242974564332197,-0.00040323871984164727,-0.00037505464178050205,0.8064774396832947,0.9984217268646106,-0.10592604734120371
2024-12-07 00:00:00+00:00,-0.018879448788427955,-0.019150998473394746,0.00027154968496675925,0.0,0.0,0.0,1.0806920741825476,-0.1274838710290416
2024-12-08 00:00:00+00:00,0.006291318034321369,0.007192664034979133,5.885544383796849e-05,-0.0004801007222479092,-0.0004801007222479092,0.9602014444958183,0.9684721730602968,0.13171259225277196
2024-12-09 00:00:00+00:00,-0.003822409401302518,-0.0034149412151563206,5.1502381264954614e-05,-0.00022948528370559076,-0.00022948528370559076,0.4589705674111815,0.9788864600443851,0.13321636573173432
2024-12-10 00:00:00+00:00,0.016549942866475265,0.01698424021957606,-2.504072850757962e-05,-0.00020823125923702233,-0.00020102536535625875,0.4164625184740446,0.876519603766264,0.18827373471442516
2024-12-11 00:00:00+00:00,-0.01136783836727906,-0.011046570887633807,-3.0534490256550155e-05,-0.00014536649469432797,-0.00014536649469432797,0.29073298938865594,0.9060413035639054,0.16235501129629015
2024-12-12 00:00:00+00:00,0.0045524047688696445,0.004983073600567114,-6.724078870280996e-05,-0.000184978345082493,-0.00017844969791217712,0.369956690164986,1.0237724457158446,0.2354212565054565
2024-12-13 00:00:00+00:00,-0.0015549474962347487,-0.0011288983836431842,-2.931036859183956e-05,-0.00023170573893725906,-0.00016503300506246486,0.46341147787451814,0.9648285576385296,0.15525928159772637
2024-12-14 00:00:00+00:00,-0.004438106706099787,-0.00315838685568196,3.9510276807319965e-05,-0.0006940386455852228,-0.0006251914816399453,1.3880772911704455,1.0144693805263771,-0.0711340364530196
2024-12-15 00:00:00+00:00,0.0023819873619448373,0.0023260825052398722,7.648548636747053e-05,-1.0290314831252609e-05,-1.0290314831252609e-05,0.020580629662505217,0.9690084518720867,-0.08917616710724882
2024-12-16 00:00:00+00:00,-0.0005531816232614561,0.0002557887787790352,2.1444880806071014e-05,-0.0004496790840069992,-0.0003807361988396039,0.8993581680139986,1.0509218276048309,0.11749334922329795
2024-12-17 00:00:00+00:00,0.018116265884813743,0.018564905145872126,-3.435825078721954e-05,-0.00022057629450227277,-0.00019370471576899025,0.4411525890045455,0.9889708543355444,0.16619519868062227
2024-12-18 00:00:00+00:00,0.0045468619425319545,0.004721371274775905,-1.869913392157384e-05,-7.790509916121698e-05,-7.790509916121698e-05,0.15581019832243395,0.9841963624900192,0.1641496179586593
2024-12-19 00:00:00+00:00,0.0010336524224463517,0.0010501904141158652,0.00013968383857399555,-7.811091512177706e-05,-7.811091512177706e-05,0.15622183024355407,0.9061150364129311,0.1592329260717377
2024-12-20 00:00:00+00:00,0.005801412569194753,0.005881320824245613,0.00010807212988992295,-0.00011052755997993999,-7.745282496087086e-05,0.22105511995987995,0.8428068960793481,0.1647155505302147
2024-12-21 00:00:00+00:00,-0.007598590337709044,-0.006943630663076405,6.250214242194967e-05,-0.00037319401316792875,-0.0003442678038866583,0.7463880263358575,1.0149976956911761,0.02211338012898509
2024-12-22 00:00:00+00:00,-0.0027309726749600305,-0.002415429988498057,5.5318100176701164e-05,-0.0002008413237378338,-0.00017001946290079011,0.40168264747566756,0.9949678628368164,0.010450994502651585
2024-12-23 00:00:00+00:00,0.0013656268802693106,0.0016671546500898753,0.00010103689129339293,-0.00020128233055701975,-0.00020128233055701975,0.40256466111403943,0.986330514329659,-0.0004784748574422293
2024-12-24 00:00:00+00:00,0.016382738125920504,0.016720843483151858,7.411985400404973e-05,-0.00020611260561771756,-0.00020611260561771756,0.4122252112354351,1.0373581334119921,0.006664013241341616
2024-12-25 00:00:00+00:00,-0.003330393486759897,-0.002617742724175446,6.687427849368642e-05,-0.0004047761721902946,-0.00037474886888782795,0.8095523443805892,1.0506621763398027,0.03649028204617995
2024-12-26 00:00:00+00:00,-0.0033029156889690103,-0.0029138147969386013,2.2577716858927956e-05,-0.00020583930444469017,-0.00020583930444469017,0.4116786088893803,1.032679211271248,0.05384814768313161
2024-12-27 00:00:00+00:00,0.0050355147493912344,0.005513247191286516,6.134070831462229e-05,-0.0002867936016257041,-0.00025227954858429995,0.5735872032514081,0.96699363871871,0.0878456087526551
2024-12-28 00:00:00+00:00,0.012847868268199614,0.01362589890933934,2.084632833612945e-05,-0.0004136061075044622,-0.0003852708619713338,0.8272122150089243,0.9641198971814209,0.1507474477367628
2024-12-29 00:00:00+00:00,-0.006865466727664082,-0.006538205386022875,-1.0913151353719958e-05,-0.00017193964301353765,-0.0001444085472739669,0.3438792860270753,1.0294431857426185,0.12184376617283785
2024-12-30 00:00:00+00:00,3.418635994023589e-05,0.0005816955934529072,2.0520605140866158e-05,-0.00031484568907948337,-0.00025318414957403707,0.6296913781589667,0.9714590061025166,0.10328911833180004
2024-12-31 00:00:00+00:00,0.003567928043699986,0.004140247350040992,2.0902595006681936e-05,-0.0003107747866565632,-0.00028244711469112114,0.6215495733131263,0.9617147239551858,0.1200520114111854
2025-01-01 00:00:00+00:00,0.00977909567542734,0.010524494876324505,8.644359367733848e-07,-0.0003997089988521652,-0.00034655463798178974,0.7994179977043303,0.9511616272196579,0.14813680311134828
2025-01-02 00:00:00+00:00,-0.004562120654162949,-0.0038923419658096346,-3.742280648431487e-05,-0.0003161779409345114,-0.0003161779409345114,0.6323558818690228,1.0143299649536939,0.1390902083170964
2025-01-03 00:00:00+00:00,-0.001033532985974972,-0.0006106732224333692,2.451922368108016e-05,-0.00022368949361133345,-0.00022368949361133345,0.4473789872226669,1.0384424774370133,0.09009635501651729
2025-01-04 00:00:00+00:00,-0.012149754730109041,-0.011281452258362322,7.796449595289144e-05,-0.0004949943851060938,-0.00045127258259356086,0.9899887702121876,1.0874261424934382,-0.1715645107969944
2025-01-05 00:00:00+00:00,-0.0037276283968541435,-0.0031448196020893064,6.283279662445237e-05,-0.00034090872686375984,-0.0003047328645255467,0.6818174537275196,1.0184818118045433,-0.08520559431894786
2025-01-06 00:00:00+00:00,-0.008185407514289311,-0.007427033720958146,3.2559672726388875e-05,-0.0004155355039739205,-0.00037539796208361994,0.8310710079478411,0.9972296880768534,-0.019816555851190694
2025-01-07 00:00:00+00:00,0.011650999938664253,0.011864159135449134,1.1062020374919627e-05,-0.00011211060857993568,-0.00011211060857993568,0.22422121715987134,1.052563774105355,0.043362069556965
2025-01-08 00:00:00+00:00,0.008523674566722095,0.00838226057119016,0.0001414139955319591,0.0,0.0,0.0,0.9637215286796705,0.05130700590681296
2025-01-09 00:00:00+00:00,0.000643850872263263,0.0005331138442656176,0.00011073702799757697,0.0,0.0,0.0,0.9513686264368141,0.051806763920938935
2025-01-10 00:00:00+00:00,-0.0061566645147259624,-0.005146253904402037,0.00012096741037938326,-0.0005805766199411991,-0.0005508014007621552,1.1611532398823983,0.952072448536787,0.08898067292265908
2025-01-11 00:00:00+00:00,0.0019068799433115124,0.0024066746087088374,6.828333683979328e-05,-0.0003032958863406515,-0.0002647821158964168,0.606591772681303,1.0191870239930447,0.017399465627224196
2025-01-12 00:00:00+00:00,-0.0075562649827288775,-0.0073757035685782886,-4.562186088193043e-06,-0.00010426601170723958,-7.173321635511094e-05,0.20853202341447916,1.02925323591922,0.018516960048492334
2025-01-13 00:00:00+00:00,-0.003982109650744858,-0.003669960799351385,9.211204431680935e-05,-0.0002021304478551585,-0.0002021304478551585,0.40426089571031704,1.0118597261105662,0.03060123866110731
2025-01-14 00:00:00+00:00,-0.011657761349284868,-0.010796644664587407,0.00013975673141375375,-0.0005357673658478316,-0.0004651060502634305,1.071534731695663,0.9761581193960182,0.20995526482115323
2025-01-15 00:00:00+00:00,-0.004555983889490078,-0.0039313246946684945,4.574645987885659e-05,-0.00036712065409218983,-0.00030328500060827936,0.7342413081843797,1.02788937792901,0.16615222646337927
2025-01-16 00:00:00+00:00,-0.004028542029261062,-0.0033907381319046,2.3271691100104083e-05,-0.00034613513215845624,-0.0003149404562980976,0.6922702643169124,1.0885902388105388,-0.0023848498507708015
2025-01-17 00:00:00+00:00,-5.816749115383768e-05,0.00010113915035816156,4.348502845216528e-05,-0.00010139583498210833,-0.00010139583498210833,0.20279166996421663,1.0685996424550641,-0.016690781397955212
2025-01-18 00:00:00+00:00,-0.008970066243784713,-0.008415532482821828,1.4586932469018469e-05,-0.0003317385116375619,-0.0002373821817943758,0.6634770232751238,1.0326312946779643,0.08006835020051378
2025-01-19 00:00:00+00:00,0.015378874952871602,0.015978841665370832,-2.6240839916542695e-05,-0.0003055546056968075,-0.00026817126688581715,0.6111092113936151,0.9204641394602024,0.2049565265512184
2025-01-20 00:00:00+00:00,-0.007809704231086623,-0.007037511152176122,-3.422038341268369e-05,-0.00038591584642036454,-0.00035205684907746795,0.7718316928407292,0.8933071437930278,0.1977148876678206
2025-01-21 00:00:00+00:00,0.0059677402398279344,0.0061815583764589675,-2.929512388180479e-05,-0.00010542684205360663,-7.909617069555406e-05,0.21085368410721322,1.0061408601114907,0.11784981937180992
2025-01-22 00:00:00+00:00,0.007566650523615159,0.007772402311400088,-1.8840613891037857e-05,-0.00011129471054934549,-7.561646334462565e-05,0.22258942109869095,1.0132635029974129,0.10952790205963225
2025-01-23 00:00:00+00:00,0.004517400691544049,0.0053332632477007735,8.078075858622404e-06,-0.00042718082480970056,-0.0003967598072057551,0.8543616496194012,0.9720525524511342,0.03333219635480003
2025-01-24 00:00:00+00:00,-0.011780022853629113,-0.011226745747270419,3.4797683436715565e-05,-0.00029403739489772496,-0.00029403739489772496,0.5880747897954498,0.9992355079606982,0.012780635274934324
2025-01-25 00:00:00+00:00,-0.0017481270794682535,-0.0010157272183308967,2.670240513137145e-05,-0.0003945110989551377,-0.0003645911673136214,0.7890221979102755,1.0075852952716402,0.005756790036100401
2025-01-26 00:00:00+00:00,0.0005135730113954295,0.001025542281775584,4.688026861694698e-05,-0.0002951545974301323,-0.00026369494156689127,0.5903091948602647,1.0225277003605127,0.03559295071411698
2025-01-27 00:00:00+00:00,-0.0015740054397828107,-0.0009072432375369171,6.918987922853907e-05,-0.0003974445972163723,-0.0003385074842581017,0.7948891944327445,0.9861866787620125,0.03950233710074894
2025-01-28 00:00:00+00:00,0.013106528700774112,0.013486281813941323,2.396040501895013e-05,-0.00020185675909309433,-0.00020185675909309433,0.4037135181861887,0.9519552089318524,0.055278177646675815
2025-01-29 00:00:00+00:00,-0.006017108485241618,-0.005924597425506447,6.6121329946065e-05,-9.445642303501768e-05,-6.417596664618495e-05,0.18891284607003533,0.9240227818152517,0.036617045769121545
2025-01-30 00:00:00+00:00,-0.0051604123545545555,-0.004878316297253353,9.21247935256255e-05,-0.0001871104254134036,-0.0001871104254134036,0.37422085082680717,0.9762328830791941,0.012848294424986985
2025-01-31 00:00:00+00:00,0.013678703571091466,0.014253877835587082,3.227720835035453e-05,-0.0003037257364230287,-0.0003037257364230287,0.6074514728460575,1.0083324451434117,0.045619498513349906
2025-02-01 00:00:00+00:00,0.001192623216695221,0.0015646577944351285,1.4955438562291043e-05,-0.00019349500815109722,-0.00019349500815109722,0.38699001630219443,1.0027061779098725,0.04468514000399434
2025-02-02 00:00:00+00:00,0.002018591996565622,0.0024244283298364227,1.7443237065183814e-06,-0.0002037903284886048,-0.0002037903284886048,0.4075806569772096,0.9317713169961148,0.0419568250063208
2025-02-03 00:00:00+00:00,-0.010425526443081257,-0.009424068209538434,-5.851210204590858e-05,-0.000486439676173744,-0.0004565064553232029,0.9728793523474879,0.8487149538021782,0.025392423526853006
2025-02-04 00:00:00+00:00,-0.010057944129097107,-0.008730551495160223,-0.0001106441570870884,-0.000638112131094487,-0.0005786363457552659,1.276224262188974,1.048504895476985,0.06762187625538485
2025-02-05 00:00:00+00:00,-0.0014368149651859952,-0.0004183094613894226,0.00015101012642172246,-0.0006325634878457024,-0.0005369521423725453,1.2651269756914045,0.9309051055399948,-0.10857238041810341
2025-02-06 00:00:00+00:00,0.0012756607569215372,0.0015522152145281962,9.932068851080629e-05,-0.00018793757305874713,-0.00018793757305874713,0.3758751461174943,0.9341632826246079,-0.11328408240869875
2025-02-07 00:00:00+00:00,0.001552920595746743,0.0017270998979662998,3.959239893517212e-05,-0.00010688585057737552,-0.00010688585057737552,0.21377170115475105,0.9156297666388881,-0.11490736365133414
2025-02-08 00:00:00+00:00,-0.0008513993389299701,-0.0003782425994110749,8.048452833845289e-05,-0.000291902035468396,-0.0002617392323889997,0.583804070936792,0.9854854503290589,-0.03612305919490787
2025-02-09 00:00:00+00:00,0.0017777514257317772,0.0026423139091355102,0.00011673461923585531,-0.0005055172726479815,-0.00047577982999157234,1.0110345452959633,1.0570455379743964,0.03695772934667273
2025-02-10 00:00:00+00:00,-0.010128494108073927,-0.009883584674296645,0.0001085850006000376,-0.00019063847995412877,-0.00016285595442320288,0.38127695990825755,1.0584174612142347,0.03830540692328504
2025-02-11 00:00:00+00:00,-0.007914328000447002,-0.007300975367858815,3.049740751582546e-05,-0.000339145946572017,-0.00030470409353195604,0.678291893144034,1.0432435141699947,0.08685950560179428
2025-02-12 00:00:00+00:00,0.020734798405029897,0.02149050767942558,4.601543105488178e-05,-0.00041427853301553245,-0.00038744617243505956,0.8285570660310648,0.9990025647426111,0.10678625226669505
2025-02-13 00:00:00+00:00,0.001789147086240117,0.002347453264402378,8.526037111510443e-05,-0.00032178327463870915,-0.00032178327463870915,0.6435665492774182,0.9914369019634875,0.030503129832919498
2025-02-14 00:00:00+00:00,-0.011804172264915369,-0.01146989844955487,4.825640359846963e-05,-0.0002079270712556782,-0.0001746031477032452,0.41585414251135644,1.0070786133049265,-0.027339057556457276
2025-02-15 00:00:00+00:00,-0.007486826061269269,-0.006938585621539907,0.00017865184669250907,-0.0003950032701132484,-0.0003318890163085998,0.7900065402264967,1.0419665270004794,-0.012026301360538979
2025-02-16 00:00:00+00:00,-0.003147500848590057,-0.002647776387200556,9.547237966181914e-05,-0.00031298248573612163,-0.0002822143553151544,0.6259649714722432,1.0202996861243128,-0.0031518119763210136
2025-02-17 00:00:00+00:00,0.009831615774730906,0.009923549976317543,7.725618200369556e-05,-0.0001000483147848346,-6.914206880539195e-05,0.20009662956966917,0.9955210222656928,0.012592939352094063
2025-02-18 00:00:00+00:00,-0.0019907902303353264,-0.001853804881808546,3.669417636987635e-05,-0.00010257983329781607,-7.109969159882864e-05,0.20515966659563212,1.0059997226526154,0.006043220523713237
2025-02-19 00:00:00+00:00,-0.018149684082460427,-0.01752460843579592,0.00013770623619042922,-0.000397052159610048,-0.0003657297232448479,0.7941043192200959,1.001905751751777,-0.051559638135189094
2025-02-20 00:00:00+00:00,-0.002660163372920077,-0.0021607227346180586,9.493619812425939e-05,-0.00031483015966597217,-0.0002795466767602932,0.6296603193319443,1.0293087975847677,-0.10469691305089221
2025-02-21 00:00:00+00:00,0.013697861265447253,0.01415880296414364,-3.9416539544362784e-05,-0.00021076257957597253,-0.00021076257957597253,0.42152515915194505,1.012088332197462,-0.09254605953090385
2025-02-22 00:00:00+00:00,-0.0008359080714489542,-0.00039400920710345284,0.00014268019342335183,-0.00031120435073329867,-0.00027337470703560904,0.6224087014665974,0.9473658173922594,-0.029514627754569076
2025-02-23 00:00:00+00:00,0.003664940702191588,0.004375672294292075,4.97345517899569e-05,-0.00039438160552974377,-0.0003660845383607087,0.7887632110594877,1.0158919883950086,0.0743257095131381
2025-02-24 00:00:00+00:00,0.004383538194570935,0.004917255798203483,9.33432205680977e-05,-0.0003135304121003236,-0.0003135304121003236,0.6270608242006472,0.9962649804651454,0.06115769629008082
2025-02-25 00:00:00+00:00,0.006654440028307063,0.0068608129668730885,-2.608564183900411e-05,-9.014364836353469e-05,-9.014364836353469e-05,0.1802872967270694,0.8935523493587748,0.06090182618292945
2025-02-26 00:00:00+00:00,0.00487858714784295,0.005497106275984068,0.00011912074981225598,-0.00040177420916521085,-0.00033586566878805686,0.8035484183304217,1.0014902224470597,-0.06696490823549621
2025-02-27 00:00:00+00:00,0.02101723145913237,0.021839767781057163,-5.484183808736132e-06,-0.0004085260690580131,-0.0004085260690580131,0.8170521381160262,0.9771771868823982,-0.08821310023506164
2025-02-28 00:00:00+00:00,0.002601521375847904,0.0029345318258102064,6.412417961109428e-05,-0.00019856731478673693,-0.00019856731478673693,0.39713462957347384,0.9770234630668349,-0.07488080817616186
2025-03-01 00:00:00+00:00,0.014868301841166165,0.015345598065971851,7.092471696473866e-05,-0.0002888210247599378,-0.0002593999170105666,0.5776420495198755,0.97623479060577,-0.020474278426484072
2025-03-02 00:00:00+00:00,0.009345951297719646,0.009452127910142785,6.763876213666514e-05,-0.00010160347637575216,-7.221189818398382e-05,0.20320695275150433,0.9733093458296351,-0.0037242457571590136
2025-03-03 00:00:00+00:00,-0.03585188400812889,-0.034998920438908766,5.200224762441203e-05,-0.00048168107426981005,-0.00042328474257467775,0.9633621485396203,1.202644784682644,0.041330822300556624
2025-03-04 00:00:00+00:00,0.0091694096284749,0.009698100972199397,1.759490722155226e-05,-0.0002731431254730589,-0.0002731431254730589,0.5462862509461178,0.878029696987466,0.04166526266910947
2025-03-05 00:00:00+00:00,-0.01024235686778785,-0.009699434232468333,2.1240347210827093e-05,-0.0002993908391991151,-0.00026477214333122474,0.5987816783982304,0.9936413020908138,0.12233702630745588
2025-03-06 00:00:00+00:00,-0.0009964290858364144,-0.0006473040739011707,0.00019510103298493045,-0.000289755927510708,-0.00025447011740945653,0.579511855021416,1.0507332445833852,0.0779667500150586
2025-03-07 00:00:00+00:00,-0.004734061034129544,-0.004142595586714923,2.575010570839441e-05,-0.00034098898711240036,-0.0002762265660106664,0.6819779742248007,0.9712762666536064,-0.05014319270661358
2025-03-08 00:00:00+00:00,-0.016454705064462227,-0.015852745810090413,0.00021831269044785787,-0.00042885839763243366,-0.00039141354718729007,0.8577167952648673,1.085273933926016,-0.23136184095625512
2025-03-09 00:00:00+00:00,-0.00571994454000635,-0.005548008222613885,1.8050661718513942e-05,-9.499348955547635e-05,-9.499348955547635e-05,0.18998697911095272,1.046083059564668,-0.27851771704089556
2025-03-10 00:00:00+00:00,0.024781601648250717,0.025349683684921947,-1.1322193307382592e-05,-0.00029778697771779634,-0.00025897286564605625,0.5955739554355928,0.9052244669430007,-0.21702862319481553
2025-03-11 00:00:00+00:00,0.022471631411506543,0.023146161853096318,9.91743015325226e-05,-0.00040511918089414863,-0.00036858556222815265,0.8102383617882973,0.8522799692260721,-0.20030557427072612
2025-03-12 00:00:00+00:00,0.0031373158824596903,0.0034775719282653865,0.00015337834951814226,-0.0002639324816772216,-0.00022970191364653952,0.527864963354443,0.988614054224941,-0.13335591670103647
2025-03-13 00:00:00+00:00,0.005079759759330615,0.005061001376242449,0.00017917056821802152,-8.020609256496699e-05,-8.020609256496699e-05,0.16041218512993397,1.011116637612492,-0.11528712691823743
2025-03-14 00:00:00+00:00,0.013694542055263437,0.014101984268555435,0.0001497855473911086,-0.00029514989653222604,-0.0002620778641508729,0.590299793064452,0.9442226642426694,-0.15603760111645923
2025-03-15 00:00:00+00:00,-0.007811863029055677,-0.007811599498897405,0.00018801099151538066,-9.41372608368093e-05,-9.41372608368093e-05,0.18827452167361858,1.0006686973563006,-0.19442646845743133
2025-03-16 00:00:00+00:00,-0.004927654403295567,-0.004764150085884285,0.00020238618955356751,-0.00020015494271110291,-0.0001657355642537715,0.40030988542220575,1.022705874172769,-0.18519747951761942
2025-03-17 00:00:00+00:00,0.0005816269805101193,0.0007979594058251313,0.00035756816036666174,-0.00030535033232940886,-0.0002685502533522732,0.6107006646588178,0.9589627082131574,-0.13697571056405666
2025-03-18 00:00:00+00:00,-0.007415196745541031,-0.007369585675464892,0.0001954245130477615,-0.00012051779156196137,-0.00012051779156196137,0.24103558312392273,1.0019851138426608,-0.10951693209019954
2025-03-19 00:00:00+00:00,0.010526217715496777,0.01065641548585014,5.6499248829631666e-05,-0.00010998007003870945,-7.671694914433088e-05,0.2199601400774189,0.9916101763453042,-0.09960604094996996
2025-03-20 00:00:00+00:00,-0.0070926148550258805,-0.006774070484330797,4.447016307480462e-05,-0.00019901095051643705,-0.000164003583253425,0.39802190103287405,1.0492142230651287,-0.09208270502360488
2025-03-21 00:00:00+00:00,0.0047508505567541714,0.004970593897690913,0.00012134371189584205,-0.00020334685585856536,-0.0001377401969739499,0.4066937117171307,1.0108883547229401,-0.07735129236487415
2025-03-22 00:00:00+00:00,-0.0011898084217188964,-0.0008323889544653234,0.00018341239884805998,-0.00028580538701984557,-0.00025502647908182244,0.5716107740396911,1.0050976390283017,-0.08622414619236435
2025-03-23 00:00:00+00:00,-0.006899453523221966,-0.006435314451511949,0.000129716052270209,-0.0002969275619901318,-0.0002969275619901318,0.5938551239802635,1.0340765833263745,-0.060061787292685034
2025-03-24 00:00:00+00:00,0.001398938077845635,0.0019145653960503644,7.089007818338221e-05,-0.0003106137051399405,-0.0002759036912480807,0.621227410279881,0.9893749708299266,-0.11527474196179234
2025-03-25 00:00:00+00:00,-0.002301521022074593,-0.0018870279922472222,0.00012881778284435166,-0.0002877656760344435,-0.00025554513663731624,0.5755313520688868,1.0301811248267605,-0.10462228752538939
2025-03-26 00:00:00+00:00,-0.0038070928316498165,-0.0031476476693936095,0.00011618715774087396,-0.0004227865306167849,-0.00035284578938034523,0.8455730612335697,0.9635855378622419,0.011615971373583254
2025-03-27 00:00:00+00:00,0.015253995754255456,0.01593975529657585,7.637325056233811e-05,-0.00041636480355179754,-0.0003457679893309053,0.8327296071035952,1.0229160534746298,0.12660058870549096
2025-03-28 00:00:00+00:00,0.007934153280128031,0.008283762604545043,0.0002015912358416446,-0.00029253258382314686,-0.00025866797643542576,0.5850651676462937,1.0061332263510905,0.15822148795064564
2025-03-29 00:00:00+00:00,-0.002109497235160629,-0.0019206636263399668,2.5144636634517095e-05,-0.00012417713021790157,-8.980111523730814e-05,0.24835426043580316,0.917166062141865,0.1224072416897035
2025-03-30 00:00:00+00:00,0.0029972921014760345,0.0033093747216256064,0.00017122400597669205,-0.00024165331306317587,-0.00024165331306317587,0.4833066261263518,1.0015417526841779,-0.02103041044134248
2025-03-31 00:00:00+00:00,-0.0029955034100737077,-0.002689526090965109,0.0002613264413017607,-0.0003164555480567953,-0.00025084821235356395,0.6329110961135905,1.013099148526166,-0.04702305517315362
2025-04-01 00:00:00+00:00,0.004816224063872276,0.004939175329782177,0.00012104279320285761,-0.0001219970295563748,-0.0001219970295563748,0.24399405911274955,0.9993272674889145,-0.07526841352429978
2025-04-02 00:00:00+00:00,0.0025341240424547884,0.002358747425392932,0.00017537661706185727,0.0,0.0,0.0,1.026903195061288,-0.07272537098779047
2025-04-03 00:00:00+00:00,0.016764512672224674,0.016803830840882997,0.00033561014900209584,-0.00020436187947670405,-0.0001705664381836665,0.40872375895340807,0.9723920125409888,-0.061147516469992676
2025-04-04 00:00:00+00:00,0.007925107123586628,0.008089790228485678,0.00021507732103846658,-0.0002060230605089507,-0.00017373736542865704,0.4120461210179013,0.961030588060497,-0.03169622922471107
2025-04-05 00:00:00+00:00,-0.0030684868995640713,-0.002928441775359265,5.012807883351528e-05,-9.50866015191529e-05,-9.50866015191529e-05,0.19017320303830582,0.9493193218985865,-0.04435982528553933
2025-04-06 00:00:00+00:00,-0.0012331226046033983,-0.0007441713521964256,-6.336393629741573e-06,-0.0002596156032050056,-0.00022299925557220883,0.5192312064100112,1.0154961668335702,-0.1633557555815922
2025-04-07 00:00:00+00:00,0.034411704117170316,0.03479248078153103,7.395339445405419e-05,-0.00022736502940740424,-0.00022736502940740424,0.4547300588148085,0.878585606285135,-0.1288351179335373
2025-04-08 00:00:00+00:00,0.009091604955803634,0.009273123022861741,0.00020686762807829975,-0.00019419284756815608,-0.00019419284756815608,0.3883856951363121,0.9808228645454826,-0.02768951323429125
2025-04-09 00:00:00+00:00,0.01473535581139207,0.015158847659946769,0.00015518589120478934,-0.0002893388698797917,-0.0002893388698797917,0.5786777397595835,0.9588181368075447,0.029269400452202447
2025-04-10 00:00:00+00:00,0.012770393787356449,0.013078269877073037,0.00011922848426732118,-0.0002135522869919554,-0.0002135522869919554,0.42710457398391066,1.0873019715540149,-0.02147370408909627
2025-04-11 00:00:00+00:00,0.02672560154938486,0.02685277643322066,9.725636317555101e-05,-0.00011221562350565226,-0.00011221562350565226,0.22443124701130449,1.0063343259420536,-0.023797234895813348
2025-04-12 00:00:00+00:00,0.004036562549964984,0.004428610131234919,2.38868455254618e-05,-0.00022366680861234196,-0.00019226761818314913,0.44733361722468384,1.035804674040792,-0.0912223403736639
2025-04-13 00:00:00+00:00,0.008327680138005444,0.009091387708413692,5.7757700277198306e-05,-0.0004265519101228775,-0.00039491336056266343,0.8531038202457549,1.0280133039248058,0.022364401669451237
2025-04-14 00:00:00+00:00,-0.012416563496341015,-0.012011619086703944,0.00017044966651393934,-0.000320682804983252,-0.0002547112711677894,0.6413656099665043,0.9925738800431939,-0.054186848948544794
2025-04-15 00:00:00+00:00,-0.005245896033877373,-0.004943437094583964,0.00014462650669292096,-0.00022354272299315875,-0.00022354272299315875,0.44708544598631744,1.0031845932061578,-0.0017218598209741154
2025-04-16 00:00:00+00:00,-0.0007316812275116602,-0.0003702407547545179,2.9124223349711743e-05,-0.0001952823480534415,-0.0001952823480534415,0.39056469610688305,0.9953449872719626,-0.01678048735311311
2025-04-17 00:00:00+00:00,-0.004867932360957172,-0.004183954371395143,-3.386254402692246e-05,-0.0003413939266292048,-0.000308721518905942,0.6827878532584096,1.017434455065668,0.11697953604911866
2025-04-18 00:00:00+00:00,0.004936308701243286,0.00593903101460029,6.64403307156374e-06,-0.0005164328949533539,-0.0004929334514752031,1.032865789906708,1.0054720073758399,-0.22374956246972225
2025-04-19 00:00:00+00:00,-0.005530244033018383,-0.005160511812041294,0.0001986118406183626,-0.0002841720307977445,-0.0002841720307977445,0.568344061595489,1.026148890903664,-0.19696305689307242
2025-04-20 00:00:00+00:00,-0.009726578699894572,-0.009523849488099924,0.00016280124176261193,-0.00020125130672052292,-0.00016427914683668724,0.4025026134410458,1.0579024759757916,-0.1895411272365512
2025-04-21 00:00:00+00:00,-0.0039814928658339355,-0.003381456583678261,8.772429532795757e-05,-0.0003627455102586445,-0.0003250150672250038,0.725491020517289,0.9580915610344942,0.024701039341616368
2025-04-22 00:00:00+00:00,0.0036371143187865496,0.003744202429703568,0.00010334514098051531,-0.00010521662594874518,-0.00010521662594874518,0.21043325189749035,0.9358525438667228,0.012681545665272746
2025-04-23 00:00:00+00:00,0.004108731276450728,0.0044015787428346555,-5.2856898949082996e-05,-0.00013686273616347766,-0.00010312783127133195,0.2737254723269554,1.0847853872549498,0.09984839393441662
2025-04-24 00:00:00+00:00,-0.006052487588838917,-0.0052134993288945435,-1.2162044474183865e-05,-0.0004134131077350778,-0.0004134131077350778,0.8268262154701556,1.0714865855676612,0.046313443170719115
2025-04-25 00:00:00+00:00,-0.0012703682960907292,-0.000283625030471091,5.000720905403242e-06,-0.0005138598662590034,-0.0004778841202660807,1.027719732518007,0.9986076129159749,0.24096474577179472
2025-04-26 00:00:00+00:00,-0.0010481774346725592,-0.0009351329152926584,9.765566473786187e-05,-0.00012410004377551935,-8.660014034223598e-05,0.2482000875510387,0.9990436289333197,0.2420826270743779
2025-04-27 00:00:00+00:00,-0.0007258241304707314,-8.760612263056574e-05,0.00014093611792935387,-0.0004082989459953981,-0.0003708551797741752,0.8165978919907961,0.9893348557813646,0.23785536987035408
2025-04-28 00:00:00+00:00,0.0018295995205939164,0.001816950960793712,0.000166400731843631,-7.68760860216671e-05,-7.68760860216671e-05,0.1537521720433342,0.9649982869841363,0.23871161950667188
2025-04-29 00:00:00+00:00,0.002073075428594251,0.002267753481792682,0.00016146943780160285,-0.00019653641591279802,-0.0001596110750872141,0.39307283182559605,0.987728696446678,0.22569376972296773
2025-04-30 00:00:00+00:00,0.00011156281460356077,0.00039475266506384796,4.529489898012892e-05,-0.0002018199928080113,-0.00012666475663242625,0.40363998561602266,0.9734315441360449,0.22522066721214823
2025-05-01 00:00:00+00:00,0.005314542430002733,0.005786780735457299,4.0357501815136916e-05,-0.00027504883039937303,-0.00023754697687040406,0.550097660798746,0.9662736526388719,0.24076830774531624
2025-05-02 00:00:00+00:00,-0.006787502982814608,-0.006452823090968414,0.00018184458339531363,-0.0002768865636462509,-0.0002396379115952674,0.5537731272925018,1.0030971090232788,0.2020903898515212
2025-05-03 00:00:00+00:00,0.0012123101891856614,0.001889333986704866,2.0105548558371177e-05,-0.0003823853890984026,-0.0003147439569792728,0.7647707781968052,0.9882935211399645,0.026833194938341732
2025-05-04 00:00:00+00:00,-0.0052609118001274435,-0.004809660076985662,0.00016621165394335233,-0.00030873168854258636,-0.00030873168854258636,0.6174633770851727,0.9900252108346878,0.08880202594406834
2025-05-05 00:00:00+00:00,2.792102530535523e-05,0.0005741503500540748,0.00022114290467155958,-0.00038368611471011705,-0.00038368611471011705,0.7673722294202342,0.9508210909419078,0.09466777461617479
2025-05-06 00:00:00+00:00,-0.0005239881516805323,-0.0002876831922136573,0.0001258937664811441,-0.00018109936297403627,-0.00018109936297403627,0.36219872594807256,0.9708087575509439,0.07944817009170746
2025-05-07 00:00:00+00:00,0.012947041044691021,0.013600089374720374,9.406578797046367e-05,-0.0004033963329651791,-0.00034371778503460704,0.8067926659303581,1.0082071387338927,0.030455227836538246
2025-05-08 00:00:00+00:00,-0.01820930183782754,-0.01773567971499251,8.998565034582392e-05,-0.0002967589439430836,-0.0002668488292377603,0.5935178878861671,1.0437040811474472,0.011428422290202876
2025-05-09 00:00:00+00:00,-0.009652125041138437,-0.009314027882135329,4.7407444966416356e-05,-0.0002080387755127031,-0.0001774658284568249,0.41607755102540617,1.1684951913893173,0.01563719923742981
2025-05-10 00:00:00+00:00,-0.004724533813654674,-0.004103827410964725,7.558983024755286e-05,-0.0003535541324882112,-0.00034274210044924256,0.7071082649764224,1.0767951675312837,0.12791199238096046
2025-05-11 00:00:00+00:00,-0.008587381014208528,-0.007994513685074355,1.98474353765403e-05,-0.00032289770287904224,-0.0002898170616316543,0.6457954057580846,1.1193146635804851,0.10106221871878271
2025-05-12 00:00:00+00:00,-0.0026610211888494772,-0.0024323174737259676,0.00015484817344693042,-0.00020773580791667656,-0.00017581608065378058,0.4154716158333531,1.0621830727777795,0.07826202189730236
2025-05-13 00:00:00+00:00,0.006416518194399368,0.007327186482710668,9.63802659695027e-05,-0.0005180720320786533,-0.0004889765222022169,1.0361440641573065,1.0189909112595625,0.021194892247292218
2025-05-14 00:00:00+00:00,0.007867805182267595,0.007757437452732961,0.00011036772953470474,0.0,0.0,0.0,1.0341162358576168,0.02872631663712008
2025-05-15 00:00:00+00:00,0.010220043549637792,0.010312776908014772,0.00011053819822706777,-0.00010163577830200306,-0.00010163577830200306,0.20327155660400612,0.9914164151703473,0.03610470242687899
2025-05-16 00:00:00+00:00,0.009932525661987102,0.009960099453233019,0.0001723924568887303,-9.998312406728427e-05,-9.998312406728427e-05,0.19996624813456854,0.9536554536571944,0.047359694303803046
2025-05-17 00:00:00+00:00,-0.005928121899883121,-0.005697637773081401,0.00012086369692696407,-0.00018980630268170272,-0.00016154152104698845,0.37961260536340546,0.9764205857180068,0.05365304559469141
2025-05-18 00:00:00+00:00,0.0023416769695259188,0.0027741994768926974,9.995103849932263e-05,-0.00027920835598463974,-0.0002532651898815175,0.5584167119692794,0.9666666048720757,0.08837158870734263
2025-05-19 00:00:00+00:00,0.0028617281904395053,0.0030329473130514765,4.456655333930152e-05,-0.00010789283797567627,-0.00010789283797567627,0.2157856759513525,0.9956354971210315,0.09740740554421906
2025-05-20 00:00:00+00:00,-0.001966324596627489,-0.0015291809291970836,9.151633574447126e-05,-0.0002934925323240934,-0.0002351674708508319,0.5869850646481869,0.9918451920665249,0.054870618427579114
2025-05-21 00:00:00+00:00,-0.0017257185488720461,-0.0013755665782620287,1.3490055961880728e-05,-0.0001966149352712556,-0.00016702709130062178,0.3932298705425112,1.002091202694068,0.05231060950583792
2025-05-22 00:00:00+00:00,0.011251589042492238,0.01174551668686338,5.253711248593039e-05,-0.0002877266053023866,-0.0002587381515546693,0.5754532106047732,1.0277189620601677,0.03773657085685136
2025-05-23 00:00:00+00:00,0.01575837827213933,0.01631828785924291,3.67438731272694e-05,-0.0003129802667834984,-0.0002836731934472963,0.6259605335669969,1.054404303616743,0.06166758269680383
2025-05-24 00:00:00+00:00,0.00912362657727761,0.009871362280996525,-1.154846759757682e-05,-0.00039813764373024566,-0.0003380495923910347,0.7962752874604913,0.9933080869319131,0.04076356057775032
2025-05-25 00:00:00+00:00,-0.0012432669439775834,-0.0007218190490806441,-0.00011822465118495887,-0.000201611621855991,-0.000201611621855991,0.403223243711982,0.9914646628584256,0.05604952035952686
2025-05-26 00:00:00+00:00,0.0017961427293056165,0.0030300745827221494,9.059539657875911e-05,-0.0006909033298610523,-0.0006336239201341561,1.3818066597221046,1.0118547342855497,0.024527356983875103
2025-05-27 00:00:00+00:00,-0.007711365769833445,-0.00718819723302713,5.510004061167985e-05,-0.00030270006626150294,-0.0002755685111565387,0.605400132523006,0.9949275934804377,0.037644646135658266
2025-05-28 00:00:00+00:00,0.006115395835435633,0.006316528947976741,-1.2761750205196044e-05,-9.418568116791642e-05,-9.418568116791642e-05,0.18837136233583285,1.0107037392793061,0.03209465346222668
2025-05-29 00:00:00+00:00,-0.002621964083360462,-0.0023157248962964124,9.819819686820685e-05,-0.000202218691966127,-0.000202218691966127,0.404437383932254,1.0190669145834341,0.04711176515159701
2025-05-30 00:00:00+00:00,-0.00784796175063951,-0.007033877041754987,6.901207045457269e-06,-0.0004255652560804331,-0.0003954206598495247,0.851130512160866,0.941124413672163,0.13038817527418195
2025-05-31 00:00:00+00:00,0.011596388297724802,0.012228824610013232,3.329920212953002e-05,-0.0003328677572089633,-0.0003328677572089633,0.6657355144179267,0.9512266645848929,0.027526550710359705
2025-06-01 00:00:00+00:00,0.006764805155323961,0.007108499640669445,4.759974814544412e-05,-0.00019564711674551662,-0.00019564711674551662,0.39129423349103326,0.9617825899574342,0.030089602060100116
2025-06-02 00:00:00+00:00,-0.004028661955434498,-0.003240780633118189,-2.5340190837659522e-05,-0.0003969087634513822,-0.0003656323680273204,0.7938175269027645,0.9757083902150437,-0.006214036695003015
2025-06-03 00:00:00+00:00,-0.0030276534277572376,-0.002817588852682236,-1.0424129142951325e-05,-9.982022296603118e-05,-9.982022296603118e-05,0.19964044593206234,1.011181549713235,-0.02543276169882845
2025-06-04 00:00:00+00:00,-0.00453581460116359,-0.0038728174252662595,-4.380028965962366e-05,-0.0003095984431188598,-0.0003095984431188598,0.6191968862377196,1.0193332605870975,-0.005694659252291515
2025-06-05 00:00:00+00:00,-0.00292513087198909,-0.0022717448399372803,1.5632478835965835e-05,-0.00035048460562153553,-0.0003185339052661991,0.7009692112430711,0.9845077156084084,0.13168631250402724
2025-06-06 00:00:00+00:00,0.000584865564100534,0.0012520844453549362,7.987897352131876e-05,-0.0004030892527042988,-0.0003440086020715083,0.8061785054085977,0.9248166156855414,0.11262880809791771
2025-06-07 00:00:00+00:00,0.0031090291329574082,0.0034023549990074725,8.396731343483854e-05,-0.00018864658974243164,-0.00018864658974243164,0.37729317948486335,1.0165159366682006,0.04534173566606735
2025-06-08 00:00:00+00:00,0.0001248227599472962,0.0007444151983920911,0.00011339587343222883,-0.00039645837309421376,-0.0003365299387828716,0.7929167461884276,1.0499373151133635,0.04731732715084324
2025-06-09 00:00:00+00:00,0.0018420749250436241,0.0019829876579154962,7.637562798789598e-05,-0.00010864418042988139,-0.00010864418042988139,0.21728836085976275,1.055747476759116,0.059346829315782196
2025-06-10 00:00:00+00:00,-0.014525481593902878,-0.014415322205729005,7.825779289509216e-05,-9.420859053449582e-05,-9.420859053449582e-05,0.18841718106899163,1.1019266256666294,0.06630402486682074
2025-06-11 00:00:00+00:00,-0.02081093542682899,-0.020365984210177185,1.102642266559733e-05,-0.0002626656693331687,-0.00019331196998429053,0.5253313386663373,1.0523091535084854,0.1775243842572542
2025-06-12 00:00:00+00:00,-0.0046293940481727525,-0.0045460978701157145,8.566456514249271e-05,-9.57741276235755e-05,-7.318661557592674e-05,0.191548255247151,0.9894661117457734,0.21493816142854
2025-06-13 00:00:00+00:00,0.006390649225087586,0.0064081936911263215,0.00011000033568463809,-7.503687398035792e-05,-5.2507927742973486e-05,0.15007374796071585,0.9415466183246693,0.2200592605320545
2025-06-14 00:00:00+00:00,0.005694106370472296,0.006309444774208817,2.159463780340464e-05,-0.0003297649291564876,-0.00030716811238341656,0.6595298583129752,0.9772199994994736,0.22642263358855413
2025-06-15 00:00:00+00:00,-0.0021040337314373048,-0.0011572407594198956,3.226148133366172e-05,-0.0005216971242507138,-0.00045735732910032737,1.0433942485014276,0.9775688180617922,0.1329977020466522
2025-06-16 00:00:00+00:00,0.010798903783642233,0.01120175179180391,4.4451788298855945e-05,-0.00022364989823025835,-0.00022364989823025835,0.44729979646051676,0.9975714767489074,0.1614083931107766
2025-06-17 00:00:00+00:00,-0.0011923596733658393,-0.0007194454687900304,1.5005818099377042e-05,-0.00024748950678980873,-0.0002404305158853582,0.4949790135796176,1.0188511365962283,0.07373910560560222
2025-06-18 00:00:00+00:00,-0.005894898719382979,-0.0049631219098345,2.377472225428127e-05,-0.0004917284997854965,-0.0004638230320172887,0.9834569995709929,1.001850418330528,0.08496037445851196
2025-06-19 00:00:00+00:00,-0.003771097463883266,-0.003430076037881809,0.0001050928292533241,-0.0002230571276273861,-0.0002230571276273861,0.4461142552547722,0.9590136249545123,-0.0009687738598105845
2025-06-20 00:00:00+00:00,-0.008355709264819211,-0.007796066862788259,8.157996347048907e-05,-0.0003206111827507144,-0.0003206111827507144,0.6412223655014289,0.996662035417402,0.0675331769351581
2025-06-21 00:00:00+00:00,0.005966697568195345,0.0063088301754437555,7.856808460422778e-06,-0.00020651389246697014,-0.0001434755232417862,0.4130277849339404,0.94390233650576,0.08058916583143222
2025-06-22 00:00:00+00:00,-0.0007011027271972559,-0.00018332941908989878,4.199548544416921e-05,-0.0003097867001546296,-0.00024998209339692143,0.619573400309259,0.9495956975268961,0.11097488382612608
2025-06-23 00:00:00+00:00,0.002392602258336929,0.0035574215900660467,-4.56184663280412e-05,-0.0005643756145533529,-0.0005548252508476478,1.1287512291067059,0.9687275741790243,-0.17920218028784873
2025-06-24 00:00:00+00:00,-0.01764882844830029,-0.01686361051569963,0.00010047026191144427,-0.00047705865965880424,-0.00040862953485328664,0.9541173193176083,1.0777534982972563,-0.1709642830021724
2025-06-25 00:00:00+00:00,-0.005702505663934487,-0.005587314484764658,5.70327969748733e-05,-8.611198807234546e-05,-8.611198807234546e-05,0.17222397614469093,1.0969533143911936,-0.1736842050251866
2025-06-26 00:00:00+00:00,0.0009911275602856318,0.001979735632354307,6.286105279061608e-05,-0.0005440054235212167,-0.0005074637013380774,1.0880108470424332,0.981800792029728,0.22667182963459773
2025-06-27 00:00:00+00:00,0.00308826091319081,0.0035917760394910104,3.6232277001123944e-05,-0.0002698737016506763,-0.0002698737016506763,0.5397474033013528,0.9833269521641061,0.23335800658357833
2025-06-28 00:00:00+00:00,0.0026796783344322783,0.0028497114782949687,3.435862938889758e-05,-0.00012095296485169148,-8.343880839996956e-05,0.24190592970338295,0.9997436498508544,0.24374301183531916
2025-06-29 00:00:00+00:00,-0.009454843681518277,-0.009162759133876054,7.235144646795434e-05,-0.000200992055531936,-0.00016344393857819535,0.40198411106387194,1.0175503645437427,0.2377466914434735
2025-06-30 00:00:00+00:00,0.008385127780909052,0.008981070425266685,-3.002906498039333e-06,-0.00031061988966455783,-0.000282319848194996,0.6212397793291157,1.003182874776453,0.14936340889267277
2025-07-01 00:00:00+00:00,-0.0038036412386149854,-0.0035725107518051126,-1.670745078565849e-05,-0.00010721151801208092,-0.00010721151801208092,0.2144230360241618,0.9961967351011066,0.14577270244832805
2025-07-02 00:00:00+00:00,-0.0009213364323138462,-0.0004953707317406859,7.776638676516503e-05,-0.0002662645928662689,-0.00023746749447207642,0.5325291857325378,0.9550993223937064,0.14940834987604062
2025-07-03 00:00:00+00:00,0.001416800738183177,0.0017736617534836474,5.632890873169939e-05,-0.00020659496201610856,-0.00020659496201610856,0.41318992403221716,1.0393703344396221,0.20165681006554018
2025-07-04 00:00:00+00:00,-0.004305040955305595,-0.003901382569712174,7.956160990119169e-05,-0.00024160999774731207,-0.00024160999774731207,0.4832199954946242,1.0145644193821175,0.1614097114803616
2025-07-05 00:00:00+00:00,-0.0005780153019921963,-0.0002881538189708879,4.643974743038967e-05,-0.0001981444315454579,-0.0001381567989062949,0.39628886309091577,0.9859592626645891,0.16978747002273956
2025-07-06 00:00:00+00:00,-0.002302094612257277,-0.001708858741024683,8.454911732011623e-05,-0.0003506909811104618,-0.0003270940074421999,0.7013819622209236,0.9949846527862684,0.20472145501360178
2025-07-07 00:00:00+00:00,-0.004367423544125781,-0.003612626688806395,0.0001429012616581733,-0.0004795670734046541,-0.00041813104357289694,0.9591341468093084,1.0296426117255297,0.15602774578953535
2025-07-08 00:00:00+00:00,0.005174026712384094,0.0051275832854851605,4.644342689897086e-05,0.0,0.0,0.0,1.0215889013930528,0.16032579910775244
2025-07-09 00:00:00+00:00,-0.008209188293116787,-0.008143766711545665,0.00010067040027565826,-8.304599092340579e-05,-8.304599092340579e-05,0.16609198184681156,1.036848887767284,0.1642724184405098
2025-07-10 00:00:00+00:00,-0.0006632739438042767,-0.0003119966207740271,0.00011208433240903474,-0.0002452725663186103,-0.000218089089120657,0.4905451326372206,1.0500497605470462,0.19600614024409305
2025-07-11 00:00:00+00:00,-0.0010053379184244982,-0.0008268249597238387,3.272485166756747e-05,-0.00012443719603393697,-8.68006143343364e-05,0.2488743920678739,1.0963738739853253,0.19741393559557874
2025-07-12 00:00:00+00:00,0.010385337146418872,0.010573877528936989,-1.5628882624235465e-05,-8.645574994696813e-05,-8.645574994696813e-05,0.17291149989393625,1.0839530698739244,0.22785546203548582
2025-07-13 00:00:00+00:00,-0.006550689255776843,-0.0062404714012506855,8.520515949506183e-05,-0.00021644485360477512,-0.00017897816041645065,0.4328897072095502,1.0477214361145493,0.22274554548490505
2025-07-14 00:00:00+00:00,0.017120492806986354,0.017611835186199555,0.00013059331635061674,-0.0003308184172705418,-0.0002911172782931784,0.6616368345410838,1.0412261808567274,0.20084916928468827
2025-07-15 00:00:00+00:00,-0.004496415400772502,-0.0035879977388954738,5.3512828089453676e-05,-0.000494745668588668,-0.000467184821377803,0.989491337177336,1.0210214628127818,0.09638196469731855
2025-07-16 00:00:00+00:00,-0.007232061357770547,-0.007012069230455726,0.00010025105486576854,-0.00017401400808171453,-0.00014622917409890413,0.34802801616342915,1.0310372542702144,0.09882190715343409
2025-07-17 00:00:00+00:00,0.024497050800982745,0.024678416264425563,5.8086286353508355e-05,-0.00012337881394108784,-0.00011607293585527161,0.24675762788217567,1.01811291426826,0.09203548171855443
2025-07-18 00:00:00+00:00,-0.003199731557968488,-0.003254856400723257,5.51248427548069e-05,0.0,0.0,0.0,1.07784569584667,0.08906561136524616
2025-07-19 00:00:00+00:00,0.029014188521947926,0.029823068474288773,8.365784719005569e-06,-0.00044276250416271106,-0.00037448323289721686,0.8855250083254219,0.9583213584350689,-0.028397405256009315
2025-07-20 00:00:00+00:00,-0.013098257784572187,-0.012395752909523359,4.829105290786318e-05,-0.00039081568651791156,-0.00035998024143877184,0.7816313730358231,1.0200116391041976,-0.06561248865837248
2025-07-21 00:00:00+00:00,0.007307226900278074,0.0076834134843774445,2.863475338626112e-05,-0.00020241066874281086,-0.00020241066874281086,0.40482133748562166,1.0335003391689208,-0.012372369699245302
2025-07-22 00:00:00+00:00,-0.004903469299466168,-0.004710230692173402,2.3220818965640032e-05,-0.00010822971312921158,-0.00010822971312921158,0.2164594262584232,1.0413002486796832,-0.017871355625599224
2025-07-23 00:00:00+00:00,-0.005705464264204263,-0.005512377064604476,2.043192198700519e-05,-0.00010675956079342163,-0.00010675956079342163,0.21351912158684327,1.0471770412780521,-0.0069052621726688355
2025-07-24 00:00:00+00:00,-0.006637803425479483,-0.006240883818096067,1.389806440221697e-05,-0.00020540883589281603,-0.00020540883589281603,0.410817671785632,0.9736478914862616,-0.030952238576937338
2025-07-25 00:00:00+00:00,-0.0066882769688511035,-0.006549794707549974,5.747236060410409e-05,-9.79773109526234e-05,-9.79773109526234e-05,0.1959546219052468,0.9686645247107906,-0.0463568482541948
2025-07-26 00:00:00+00:00,0.01469734292761915,0.015239767021625595,2.610346017435462e-05,-0.00028426377709039614,-0.00028426377709039614,0.5685275541807923,1.0053520813150763,-0.028292350996489305
2025-07-27 00:00:00+00:00,0.004007902562235488,0.0041898934881306115,2.4487737366826914e-05,-0.00010323933163093065,-0.00010323933163093065,0.20647866326186132,1.0054485640464033,-0.02868722065282539
2025-07-28 00:00:00+00:00,0.008302263624960116,0.008696523811169738,7.120493799298117e-06,-0.00020069034000443526,-0.00020069034000443526,0.4013806800088705,1.0293871144322124,-0.011411147644258485
2025-07-29 00:00:00+00:00,-0.00016441183938231685,0.00041085878085393387,1.6045105369778366e-05,-0.0003126097124289739,-0.0002787060131770814,0.6252194248579477,0.9776646354542681,-0.03142045158857522
2025-07-30 00:00:00+00:00,0.0004941994019058704,0.0006019522699846466,5.004602825469549e-05,-9.325490168583845e-05,-6.454399464765913e-05,0.18650980337167689,0.972522178071447,-0.025909451333718594
2025-07-31 00:00:00+00:00,-0.01612040579239138,-0.015436696254732802,7.579538472135472e-05,-0.00039407978838684846,-0.0003654251339930609,0.7881595767736967,0.9992295461320674,-0.045517325171155226
2025-08-01 00:00:00+00:00,0.00936074913279894,0.009875740818638956,6.303906376204495e-05,-0.00028901537480099113,-0.00028901537480099113,0.5780307496019822,0.9474269246648014,-0.049141426419150085
2025-08-02 00:00:00+00:00,3.2885226316725635e-05,2.2668379839510706e-05,1.0216846477193381e-05,0.0,0.0,0.0,0.9167015736118503,-0.04911714281095297
2025-08-03 00:00:00+00:00,-0.0072537568535495645,-0.006665286686017667,3.3450322985106277e-06,-0.0003114306692990692,-0.0002803845305313899,0.6228613385981384,0.9626440229692751,0.02719390087247501
2025-08-04 00:00:00+00:00,-0.0007123966392914571,-0.0004444524132973956,9.450380807288072e-05,-0.00019627851953225097,-0.00016616951453466702,0.3925570390645019,1.0083722425455022,0.03401301385082299
2025-08-05 00:00:00+00:00,-0.0031424125794825564,-0.002875889570339308,0.00013320491219666848,-0.0002164862418930967,-0.0001832416794468093,0.43297248378619335,1.0627203069467617,0.04155605939525183
2025-08-06 00:00:00+00:00,-0.005342853286525062,-0.004850440369841112,9.901497450393773e-05,-0.000312385838121183,-0.0002790420530667114,0.624771676242366,1.0106736057831933,0.002758117025452948
2025-08-07 00:00:00+00:00,0.0032688436805512477,0.0031972983255061592,7.154535504504925e-05,0.0,0.0,0.0,1.0233608462851096,0.005936011457418666
2025-08-08 00:00:00+00:00,0.014005810161904941,0.014146123111653138,5.2740403793450486e-05,-9.652667677084141e-05,-9.652667677084141e-05,0.1930533535416828,1.0570116430700607,0.02150791208043092
2025-08-09 00:00:00+00:00,0.0008386061273157885,0.001224440449721565,3.8842190733041176e-05,-0.00021233825656941842,-0.00021233825656941842,0.4246765131388368,1.047958028752795,-0.00567016721897543
2025-08-10 00:00:00+00:00,0.0053148812306968996,0.005727210879506592,1.5314611062586866e-06,-0.00022400596129194515,-0.00018985514862403382,0.44801192258389033,1.0004671770525144,0.07095921833255622
2025-08-11 00:00:00+00:00,0.0034516859762316887,0.0044236731800651645,1.826604154584687e-05,-0.0005140349148021685,-0.00047621833057707194,1.0280698296043371,0.9773047050346134,0.2120402082712868
2025-08-12 00:00:00+00:00,0.011400553785654743,0.011935921749344486,-1.1884739902405009e-05,-0.00027300577759745094,-0.0002504774461898056,0.5460115551949019,0.9584901422068457,0.22023539184819968
2025-08-13 00:00:00+00:00,-0.002811673426797001,-0.0024321426800789146,-2.988450789383332e-05,-0.0001918986778465695,-0.00015774756097767956,0.383797355693139,1.0393848381609998,0.22036555077564038
2025-08-14 00:00:00+00:00,3.253026756988575e-05,0.000724200698306642,-5.819957846478658e-05,-0.0003303550318500961,-0.00030311582042186604,0.660710063700192,1.0293302391686674,0.16490372238092513
2025-08-15 00:00:00+00:00,0.023328317340531424,0.023900549582794334,9.622469596051127e-05,-0.00034658732190975594,-0.00032186961631371406,0.6931746438195118,0.9301739966773224,0.008125392923246155
2025-08-16 00:00:00+00:00,0.010205850554567908,0.010705691750959432,6.852919692953661e-05,-0.00031392700261165707,-0.0002544433907093555,0.6278540052233141,0.9622815363659207,-0.05976162084644687
2025-08-17 00:00:00+00:00,0.001741451468716848,0.002677206675672425,3.3619829158323033e-05,-0.0004997930824682111,-0.0004695819536457029,0.9995861649364223,0.9633028487864559,-0.027025119641400475
2025-08-18 00:00:00+00:00,-0.005833877415428623,-0.004942849165157284,2.7704262606582233e-05,-0.0004892933662831213,-0.0004294391465948346,0.9785867325662424,1.0128663698228322,-0.01955650663652223
2025-08-19 00:00:00+00:00,0.0031394168238325637,0.0034761295717570116,4.471533061725772e-05,-0.0002068577518108136,-0.0001745703267308101,0.4137155036216272,0.9776790643214698,-0.009385730461430849
2025-08-20 00:00:00+00:00,0.0009037400476583635,0.0013639788721359538,8.115317692580659e-05,-0.0002866685882103798,-0.0002547234131931138,0.5733371764207595,0.9399733776013086,-0.017146936766903972
2025-08-21 00:00:00+00:00,-0.006875239512301623,-0.006330658161975729,2.093063610174943e-05,-0.000297177228673708,-0.00026833475775397183,0.594354457347416,0.9941739110597339,-0.010826697968174455
2025-08-22 00:00:00+00:00,0.0009224683848838566,0.0011307041674988969,-8.903218690151245e-06,-9.966628196241261e-05,-9.966628196241261e-05,0.1993325639248252,0.9567127546355105,-0.004338833646371224
2025-08-23 00:00:00+00:00,-0.0016265680012842454,-0.00099186627924146,-1.5117103354947733e-05,-0.0003097923093439164,-0.0003097923093439164,0.6195846186878328,1.1185987824278967,0.05578681030538992
2025-08-24 00:00:00+00:00,-0.0011606484541177853,-0.0005094593319015606,-5.395196371473489e-05,-0.00031642643267742955,-0.0002808107258241136,0.6328528653548592,1.0540775391851827,0.1365865993731091
2025-08-25 00:00:00+00:00,-0.003802501408599057,-0.00273971838209811,-2.6052814781861345e-05,-0.0005485306719857223,-0.00048819953973338817,1.0970613439714443,0.9516903530474671,0.04103450143447909
2025-08-26 00:00:00+00:00,0.005524364056582076,0.0059388136579936685,3.0242097919439422e-06,-0.00022351807110817254,-0.00019395574009539794,0.44703614221634497,0.9450462767887968,-0.06689009658701107
2025-08-27 00:00:00+00:00,-0.0038412955108594327,-0.002671959057554165,3.417129394816025e-05,-0.0006195927890263629,-0.0005839149582270346,1.2391855780527257,1.0498119644004433,-0.18650086607234115
2025-08-28 00:00:00+00:00,0.000331602900520922,0.0008714606087231461,5.386334112573325e-05,-0.0003112564562920009,-0.00028246459303604774,0.6225129125840018,1.0081703701676172,-0.1310365712137836
2025-08-29 00:00:00+00:00,0.003909476833911185,0.004049522718333218,5.4593245647440964e-05,-0.00011195767173685363,-8.26814583326409e-05,0.22391534347370723,1.0265468781964593,-0.07473319096910097
2025-08-30 00:00:00+00:00,0.001699831742843383,0.002077783996421045,7.408181738764022e-05,-0.00024435784078910284,-0.00020767623017629993,0.4887156815782056,0.9634504158372094,0.046744879197285115
2025-08-31 00:00:00+00:00,-0.007066429846930622,-0.006723197208563059,6.566688414348715e-05,-0.0002044497612555287,-0.0002044497612555287,0.4088995225110575,0.9704308553896485,0.051399330219953264
2025-09-01 00:00:00+00:00,0.003816421767815825,0.004149993223977418,5.51852731805534e-05,-0.00019437836467107086,-0.00019437836467107086,0.38875672934214167,0.966115722814347,0.05629172454245537
2025-09-02 00:00:00+00:00,-0.0022652409735587353,-0.002083154830941253,6.234190595803051e-05,-0.00012221402428777358,-0.00012221402428777358,0.24442804857554715,0.9787502808851936,0.07663349217785546
2025-09-03 00:00:00+00:00,-0.009500440555564205,-0.009413962829523474,8.264889253013995e-05,-8.45633092854186e-05,-8.45633092854186e-05,0.1691266185708372,1.0235444561415379,0.05840634817181423
2025-09-04 00:00:00+00:00,0.002436933036488842,0.0029356423326332166,0.00010910838460539613,-0.0003069185185878461,-0.0003008991621618524,0.613837037175692,1.0364764272264955,0.09805162378421027
2025-09-05 00:00:00+00:00,-0.000984211991172823,-0.0010478242259208375,6.36122347480426e-05,0.0,0.0,0.0,1.00019198882245,0.0970993659185614
2025-09-06 00:00:00+00:00,-0.0049052982434883985,-0.004396390713900928,0.00011614770742819625,-0.0003312267677734294,-0.0002938284692422541,0.6624535355468587,0.999433259474956,0.18494845730366405
2025-09-07 00:00:00+00:00,-0.006330464226175114,-0.005989464092024105,0.00020797761957806206,-0.0002933331983450702,-0.000255644555383986,0.5866663966901404,0.9753669106821922,0.18146817545639982
2025-09-08 00:00:00+00:00,0.005557952622715412,0.005577693138839709,0.00021723710975860873,-0.00011848881294147623,-0.00011848881294147623,0.2369776258829525,0.9963327781217295,0.19092776035638642
2025-09-09 00:00:00+00:00,-0.006501863810458364,-0.006663109844686518,0.0001612460342281925,0.0,0.0,0.0,1.0143597006657517,0.18547055479985866
2025-09-10 00:00:00+00:00,-0.0021962083307808244,-0.0018433239496053093,3.35325321272087e-05,-0.0002118960385786655,-0.00017452087472403423,0.42379207715733097,0.9919053145095343,0.1883197049047293
2025-09-11 00:00:00+00:00,-0.007382080358669829,-0.007059392329308958,9.410863651425266e-05,-0.0002443318369233279,-0.00017246482895180045,0.4886636738466559,1.0362649685022247,0.19222965470356748
2025-09-12 00:00:00+00:00,0.0010899905518457764,0.0014071604359031933,-3.5263977850447784e-07,-0.0001584086221394393,-0.0001584086221394393,0.31681724427887864,1.0536219440593557,0.19167930800371333
2025-09-13 00:00:00+00:00,0.007529670169341696,0.007751163333700534,-6.129829081713575e-05,-8.009743677082527e-05,-8.009743677082527e-05,0.16019487354165052,1.0617693984717935,0.20024941978656036
2025-09-14 00:00:00+00:00,-0.008318321459632627,-0.007922808372353542,-9.317081497761541e-06,-0.00021181214005774995,-0.00017438386572351858,0.4236242801154999,1.0490558232076699,0.20432463145661653
2025-09-15 00:00:00+00:00,0.012152801611487352,0.012405507407918022,5.034848101883608e-06,-0.0001288703222662332,-0.0001288703222662332,0.25774064453246637,1.0075024396024128,0.2068969402780665
2025-09-16 00:00:00+00:00,0.00865684429635527,0.009027076773099038,4.100917254920546e-05,-0.00020562082464645363,-0.00020562082464645363,0.4112416492929072,0.9714134581132409,0.21673059302166986
2025-09-17 00:00:00+00:00,-0.0026451513801966087,-0.0024584486093916958,4.3580929226540596e-05,-0.0001151418500157431,-0.0001151418500157431,0.23028370003148618,0.9731943462758089,0.20392194876191105
2025-09-18 00:00:00+00:00,9.323775126501843e-05,0.00068878021585396,0.00010045329031431882,-0.0003822980294348939,-0.00031369772546834554,0.7645960588697879,1.0336889862545766,-0.03164152976593577
2025-09-19 00:00:00+00:00,-0.000917109332460031,-0.0007203452838230586,1.418875988904336e-05,-0.00010547640426302363,-0.00010547640426302363,0.21095280852604723,1.0450800181233495,-0.031107402297361655
2025-09-20 00:00:00+00:00,-0.008355996363447749,-0.00719039603299015,9.290878483277556e-06,-0.0006177729402745074,-0.0005571182686663516,1.2355458805490145,0.9924095937773247,-0.012042525526025354
2025-09-21 00:00:00+00:00,-0.006879220744160364,-0.005944819698420772,6.402121906220157e-05,-0.0005163232841994763,-0.00048209898060232024,1.0326465683989527,1.0039180987399954,0.0688359640123384
2025-09-22 00:00:00+00:00,-0.0007909717615368628,-9.967448229408342e-05,8.481884917112669e-05,-0.0003914134264857256,-0.0003847027019282269,0.7828268529714512,0.9843733098718231,0.13227728589654764
2025-09-23 00:00:00+00:00,0.008431301159903537,0.008872546213221937,-2.518051263462755e-05,-0.0002080322703418395,-0.0002080322703418395,0.41606454068367893,0.9560124097160905,0.17248579593970045
2025-09-24 00:00:00+00:00,0.008734911826273395,0.009216261086042557,3.048836118239885e-05,-0.00027252968357575273,-0.00023930793737571293,0.5450593671515055,0.9639961018441531,0.16383183311330207
2025-09-25 00:00:00+00:00,-0.001961059124349962,-0.0013768960169485236,1.3362647017128253e-05,-0.0003295273559124188,-0.00026799839850616245,0.6590547118248375,1.0141274756524472,0.07870805835756052
2025-09-26 00:00:00+00:00,0.00480726729590919,0.005339382973759372,5.935900092994247e-05,-0.000310808233897346,-0.0002806664448828384,0.6216164677946922,0.9348044637055904,0.06529902028257668
2025-09-27 00:00:00+00:00,0.001994160559968927,0.002334900850920251,2.8749967437087267e-05,-0.00018474512919422964,-0.00018474512919422964,0.3694902583884593,0.9896455139527663,0.04501107144807657
2025-09-28 00:00:00+00:00,0.0018955343120590218,0.002248203061146023,1.3914476899143832e-05,-0.0001974731410947815,-0.0001691100848913853,0.39494628218956307,0.9877154662485765,0.06693466744270017
2025-09-29 00:00:00+00:00,-0.0069052809838071605,-0.006348237537452229,7.562044778267814e-05,-0.00031958824792210845,-0.0003130756462154835,0.6391764958442169,1.0627118887889433,0.11062815115242619
2025-09-30 00:00:00+00:00,0.011523073138392625,0.011912706073411947,2.4757788633118994e-05,-0.00022594812668332842,-0.00018844259696900573,0.4518962533666568,1.0053975635376535,0.21830993176792282
2025-10-01 00:00:00+00:00,-0.004243559113976891,-0.003822453157139087,5.706697647942546e-05,-0.00023908646665859039,-0.00023908646665859039,0.47817293331718075,1.0138557163364543,0.20034705952763865
2025-10-02 00:00:00+00:00,-0.0011972541216378474,-0.0009117376733824839,2.9345140790521048e-05,-0.0001574307945229411,-0.0001574307945229411,0.31486158904588224,1.0659571532278316,0.19371562438484222
2025-10-03 00:00:00+00:00,0.006164132410385381,0.00635286278815443,-2.39285150348289e-05,-8.240093136705864e-05,-8.240093136705864e-05,0.1648018627341173,1.088176527898011,0.20186175410455365
2025-10-04 00:00:00+00:00,0.01549992281211554,0.016348209069527445,2.6967039988162203e-06,-0.0004493657753931237,-0.00040161718601752815,0.8987315507862474,0.9877348202261821,0.07342636143505629
2025-10-05 00:00:00+00:00,0.022200513846426073,0.022708311255890158,7.409254204248722e-05,-0.00029094497575329155,-0.00029094497575329155,0.581889951506583,0.9782599496331978,0.08027533637340391
2025-10-06 00:00:00+00:00,0.007194732507950663,0.007496466014950624,9.038170709828317e-05,-0.00021010287099797043,-0.00018201234310037928,0.4202057419959408,0.9608258381336293,0.06435603329904988
2025-10-07 00:00:00+00:00,0.0019724477463523016,0.0023622245138251266,-1.7799700382763284e-05,-0.00018598853354506587,-0.00018598853354506587,0.3719770670901318,0.9948425499739623,0.054348012852932
2025-10-08 00:00:00+00:00,0.015607060531529493,0.016191119967782476,1.9689193657125388e-05,-0.00030187431495510105,-0.00030187431495510105,0.6037486299102022,0.9316114690609782,0.044213046810929545
2025-10-09 00:00:00+00:00,-0.03144105866187974,-0.030821491728291964,5.246431422373247e-05,-0.0003787528751195553,-0.00029327837269196513,0.7575057502391106,1.0430857550984862,0.0008466091902794602
2025-10-10 00:00:00+00:00,-0.03522350615248282,-0.034657348687058255,5.425471195008376e-05,-0.0003102060886873082,-0.0003102060886873082,0.6204121773746163,1.0680428771293127,-0.05233340032948288
2025-10-11 00:00:00+00:00,-0.020899280994252534,-0.020494665835931142,-1.0998050746981553e-05,-0.00022725682515732887,-0.0001663602824170537,0.45451365031465785,0.8647332953161966,9.49045899462367e-05
2025-10-12 00:00:00+00:00,-0.017795795227340983,-0.017608919267290666,-1.2919115663499862e-05,-0.00010369821417221452,-7.025863021462603e-05,0.20739642834442903,0.9611185471371092,0.04285836506724822
2025-10-13 00:00:00+00:00,-0.0031090431632812,-0.0021242767718070857,2.8051481584411824e-05,-0.000522998371176331,-0.0004898195018822281,1.0459967423526622,1.0444123747294352,0.020123670113278126
2025-10-14 00:00:00+00:00,0.007187643354097606,0.007787023453610638,0.00018327418903423025,-0.0004073551441364191,-0.00037529914441075755,0.8147102882728382,1.0639040735057668,-0.0013115872164189124
2025-10-15 00:00:00+00:00,-0.00372712543590481,-0.003143531813010006,2.2749661239799435e-05,-0.0003359464355821919,-0.00027039684855239415,0.6718928711643839,0.9821957444986283,-0.11462990115787529
2025-10-16 00:00:00+00:00,0.0036356928423952883,0.0045555151056328015,8.712636714122452e-05,-0.000522158688922518,-0.00048478994145624804,1.0443173778450359,0.9295749207341313,0.054817206107865245
2025-10-17 00:00:00+00:00,0.00524270503671409,0.005613661609965583,0.00018147638463076796,-0.00029203003197962325,-0.000260402925902677,0.5840600639592465,0.9151654261324339,0.06940198992210164
2025-10-18 00:00:00+00:00,0.0008450163902080643,0.0010929083437156704,9.350220194462492e-05,-0.0001837953268739901,-0.00015759882857823568,0.3675906537479801,0.9095114707017312,0.07577427623362275
2025-10-19 00:00:00+00:00,0.003907342520093282,0.003989769686604279,0.00015375274039588352,-0.00011808995345341468,-0.00011808995345341468,0.23617990690682936,0.9832955700869462,0.15577662643326537
2025-10-20 00:00:00+00:00,-0.01436328749648541,-0.013847785814191976,7.679503381030694e-05,-0.00031130094531716323,-0.00028099577078652594,0.6226018906343264,1.0391212202667828,0.15080399981361955
2025-10-21 00:00:00+00:00,-0.009233803780892558,-0.008850911940056405,0.00016533607157784682,-0.00028793090031093116,-0.0002602970121030575,0.5758618006218623,1.0885572904714618,0.1375249427511148
2025-10-22 00:00:00+00:00,-0.00654743166568128,-0.0059436196025772865,7.762100208326267e-05,-0.0003407165325936438,-0.0003407165325936438,0.6814330651872875,0.9790298911472486,0.05727208704828145
2025-10-23 00:00:00+00:00,0.002278287107829957,0.0027404914754056136,9.976406747702289e-05,-0.0002961251061516445,-0.00026584332890114046,0.5922502123032891,0.9486626409618094,0.033753101533180556
2025-10-24 00:00:00+00:00,-0.006099885825211926,-0.005601364968256277,0.00014539115048802732,-0.00034033327555168467,-0.0003035787318920083,0.6806665511033694,1.0223443803105001,-0.10582125962667932
2025-10-25 00:00:00+00:00,0.00816530540930116,0.008680076654431873,0.00018207395890878602,-0.00035256440744049474,-0.00034428079659905856,0.7051288148809896,1.0084614024146423,0.09950559378334439
2025-10-26 00:00:00+00:00,0.0018488210885321266,0.0022567695421258365,0.00020608404209984348,-0.0003201182722757314,-0.00029391422341782666,0.6402365445514627,0.9707625449255048,0.0022298644347889997
2025-10-27 00:00:00+00:00,0.00570633364265527,0.005707163333984513,0.00019031922982396232,-9.557446057662999e-05,-9.557446057662999e-05,0.19114892115326,1.037346138758944,-0.0066359744588364526
2025-10-28 00:00:00+00:00,0.01037263716748904,0.010490788967499307,0.00011844165463798512,-0.00011829672732414334,-0.00011829672732414334,0.23659345464828668,0.9875094213433179,-0.014278208730789386
2025-10-29 00:00:00+00:00,-0.0011597583575961856,-0.0008836223026291586,9.521470128572952e-05,-0.00020201832473824152,-0.0001693324315145445,0.40403664947648305,0.9875177589352926,-0.04699159009557921
2025-10-30 00:00:00+00:00,0.015471060468149611,0.015655941191247066,0.00022084414335186615,-0.00020286243322466813,-0.00020286243322466813,0.4057248664493362,1.0263201462472304,0.03197396218179423
2025-10-31 00:00:00+00:00,0.005755579620337015,0.005585457485590685,0.0004994304109579838,-0.00019377049779381573,-0.00013553777841775397,0.38754099558763144,0.9492965014553357,0.05779667900517245
2025-11-01 00:00:00+00:00,0.009929921495570149,0.00957178913756145,0.0007233739879527322,-0.00018262081497199832,-0.00018262081497199832,0.3652416299439966,0.9797064727241336,0.05850052768029765
2025-11-02 00:00:00+00:00,0.007290230704618983,0.00721672627331274,0.0005260382713958998,-0.00022626692004487327,-0.00022626692004487327,0.45253384008974645,0.9784180291223339,0.0010270992375684717
2025-11-03 00:00:00+00:00,-0.0064900277308302945,-0.006595477517335695,0.0006775619748773159,-0.0003020454425654166,-0.0002700667458065366,0.6040908851308331,0.9963443708274308,-0.028358446853515653
2025-11-04 00:00:00+00:00,0.05995701800358022,0.059778115029518096,0.0003629508286410915,-9.202392728949997e-05,-9.202392728949997e-05,0.18404785457899991,0.8992794138046282,0.031584027591050653
2025-11-05 00:00:00+00:00,0.02162918280889725,0.020897738840026624,0.0011727629150667675,-0.0002247931292773166,-0.0002165258169188307,0.4495862585546332,0.9036538004557603,-0.04086258040004233
2025-11-06 00:00:00+00:00,-0.016333271879955258,-0.017067579362869848,0.0009428310358787695,-0.0001084149770038259,-0.00010010857596035486,0.2168299540076518,1.0177524643828137,-0.09943608490457703
2025-11-07 00:00:00+00:00,0.06601247950956046,0.0625266809233118,0.0035061722995256023,-1.0186856638440471e-05,-1.0186856638440471e-05,0.02037371327688094,0.9674426712021551,-0.053735878668606
2025-11-08 00:00:00+00:00,0.0790454879468585,0.07667725434001972,0.002774911633731069,-0.00021959301213394806,-0.00018708501475830843,0.4391860242678961,1.040151615079586,0.04239130032927812
2025-11-09 00:00:00+00:00,-0.04228880185828365,-0.04245107221967155,0.00020015321049956874,-1.8941424555813022e-05,-1.8941424555813022e-05,0.03788284911162604,0.993472751679633,-0.03961801958214672
2025-11-10 00:00:00+00:00,-0.02651189595085035,-0.02709570264768615,0.0007469646198712481,-0.00011173900071972964,-5.141892231573868e-05,0.22347800143945926,1.0803900431979887,-0.05765381554421362
2025-11-11 00:00:00+00:00,-0.03753223290713892,-0.03737743462063398,0.0002820665733911081,-0.0002184324299480416,-0.0002184324299480416,0.4368648598960831,1.0642924621116656,-0.06581711405176892
2025-11-12 00:00:00+00:00,-0.0017186314606484343,-0.0010523496324393747,5.477978931110125e-05,-0.0003658335969339963,-0.00035522802058619315,0.7316671938679926,0.9135546227011232,0.14018688946905605
2025-11-13 00:00:00+00:00,0.01865851888253145,0.018897357188732526,0.0001281009282475695,-0.000195644295977207,-0.0001712949384715343,0.39128859195441396,0.9016278434394858,0.15261636843854595
2025-11-14 00:00:00+00:00,-0.0010902687878402428,-0.0007629519959743492,4.396449990489934e-05,-0.00018564064588541754,-0.00018564064588541754,0.3712812917708351,0.9139341725227654,0.1657190382733521
2025-11-15 00:00:00+00:00,-0.04209252352822124,-0.041341132333731725,1.27398041083315e-05,-0.0003820654992989326,-0.0003820654992989326,0.764130998597865,0.991520432264607,0.12665247843077296
2025-11-16 00:00:00+00:00,-0.008352556744611994,-0.007841182710559022,-8.088948792457876e-05,-0.00022772935830278602,-0.00020275518782557263,0.455458716605572,0.9752844698486486,0.17233345200417513
2025-11-17 00:00:00+00:00,0.009608509447276647,0.0063431422632423285,0.0038936206443158975,-0.00032752645533963754,-0.00030072700494193123,0.6550529106792751,0.9539577558599274,0.1365449563566775
2025-11-18 00:00:00+00:00,-0.01327604072504418,-0.015906805033242464,0.0027992033546809076,-8.421952324131829e-05,-8.421952324131829e-05,0.16843904648263658,0.9676492245569772,0.08909820118934761
2025-11-19 00:00:00+00:00,-0.0030949435226979016,-0.0032644008984792096,0.0003521067080601627,-9.13246661394443e-05,-9.13246661394443e-05,0.18264933227888855,1.0050730647107644,0.06948335528763627
2025-11-20 00:00:00+00:00,0.010639910427769239,0.010526954925721994,0.000596307550543482,-0.00025087471039373293,-0.00023247733810247338,0.5017494207874659,1.0003215670178724,-0.07017205773392986
2025-11-21 00:00:00+00:00,0.013450096303288861,0.012915645216742561,0.0007259881637524803,-9.576853860312492e-05,-9.576853860312492e-05,0.19153707720624982,0.9191486376831237,-0.07691407387499813
2025-11-22 00:00:00+00:00,-0.011483814675260606,-0.011518595553464033,0.00026220680117462216,-0.00011371296148557322,-0.00011371296148557322,0.2274259229711464,0.9222541140752629,-0.12912065500445902
2025-11-23 00:00:00+00:00,-0.003855886112971163,-0.003552508176643569,0.00013548449371802654,-0.00023517983692378707,-0.00020368259312187839,0.4703596738475741,0.9953978751020089,0.02166337242540488
2025-11-24 00:00:00+00:00,0.00219145197319226,0.001554184205397026,0.0008090207091511306,-0.00010036807576808245,-7.13848655877291e-05,0.20073615153616495,0.9945135022606074,0.030665105857870793
2025-11-25 00:00:00+00:00,-0.014714643835972319,-0.014692550342329226,0.00017370558203396805,-9.789953783851096e-05,-9.789953783851096e-05,0.1957990756770219,1.031863804634294,0.020766568564375098
2025-11-26 00:00:00+00:00,0.006655745140444536,0.007097356019986914,0.00020880474021256942,-0.00034042433728153845,-0.00030999128247334633,0.680848674563077,1.0132708279171512,-0.09223054792936618
2025-11-27 00:00:00+00:00,0.022789642539184474,0.020944248927881597,0.002068282428192099,-0.00011144440844456773,-0.00011144440844456773,0.2228888168891354,1.0399582146717705,-0.07022938329202073
2025-11-28 00:00:00+00:00,-0.013491475440648881,-0.014258894185810651,0.0011939578209456013,-0.0002132695378919094,-0.0002132695378919094,0.42653907578381883,1.0043444260085224,-0.09930440174354672
2025-11-29 00:00:00+00:00,-0.004813631589270395,-0.00568462844705653,0.0008709968577861149,0.0,0.0,0.0,0.9920480834027362,-0.10549685317561819
2025-11-30 00:00:00+00:00,-0.006612748906942523,-0.006547765566834502,0.0003240991010471759,-0.00022693866444136658,-0.0001621437767137787,0.45387732888273313,0.9829446988706746,-0.07155153558262599
2025-12-01 00:00:00+00:00,-0.012272287160935313,-0.012408763822592057,0.00038152673173707055,-0.00012252503504019135,-0.00012252503504019135,0.2450500700803827,1.015299576694062,-0.02653379744329403
2025-12-02 00:00:00+00:00,-0.01020773717879675,-0.010236377611948578,0.00018974392119445603,-9.656007938707891e-05,-6.454340865558406e-05,0.19312015877415784,0.9646335648155165,-0.0576833038294802
2025-12-03 00:00:00+00:00,0.0023357211684156276,0.002477704659219778,0.0002296737802086803,-0.00018582863550646974,-0.00018582863550646974,0.37165727101293944,1.033597057769533,-0.06055398165857995
2025-12-04 00:00:00+00:00,-0.004926112729514154,-0.0048088199992522875,0.00028153834360799884,-0.00019941553693494338,-0.00019941553693494338,0.39883107386988675,1.101572757798419,-0.056153360776648224
2025-12-05 00:00:00+00:00,-0.010224845231976198,-0.010218913766941675,0.00021889079647940572,-0.00013274251038681556,-9.207975112709273e-05,0.2654850207736311,1.0248258000589048,0.008246222825919771
2025-12-06 00:00:00+00:00,-0.012936956380640852,-0.013143772196785034,0.0008245313619748073,-0.0003088577729152949,-0.0003088577729152949,0.6177155458305899,0.9457583865164854,0.06759153860456069
2025-12-07 00:00:00+00:00,-0.0014443980604760265,-0.0017733687148318552,0.0005076240895772834,-8.932671761074575e-05,-8.932671761074575e-05,0.17865343522149146,0.9506023765661137,0.06716236719143447
2025-12-08 00:00:00+00:00,-0.004749524419873752,-0.0048048941932099095,0.0002142329771999903,-9.491953142953488e-05,-6.39436724342867e-05,0.18983906285906976,0.9695829930289829,0.045908854447593225
2025-12-09 00:00:00+00:00,0.01894711709722663,0.019130510067869873,3.0624933986904978e-06,-9.322773202091316e-05,-9.322773202091316e-05,0.1864554640418263,1.0052946402954668,0.046272579200016595
2025-12-10 00:00:00+00:00,-0.0017654681624789115,-0.0013529460667931223,8.583703111016944e-05,-0.0002526684631940882,-0.00024569066360191275,0.5053369263881763,1.045008086486804,-0.11822967869778497
2025-12-11 00:00:00+00:00,-0.005204935303000924,-0.005316592672378978,0.0003558615120346555,-0.0001221020713283211,-0.0001221020713283211,0.24420414265664214,1.0040631979740045,-0.15514522170737943
2025-12-12 00:00:00+00:00,-0.009082635114444182,-0.00838564218793193,4.500092911438584e-05,-0.0003709969278133259,-0.0003709969278133259,0.7419938556266518,1.0481619843962482,-0.12541350518543537
2025-12-13 00:00:00+00:00,0.001863120416621289,0.0025847760734162345,0.00027505953154575866,-0.0004983575941704023,-0.0004983575941704023,0.9967151883408045,0.9896463960903802,-0.16224417742183717
2025-12-14 00:00:00+00:00,-0.0073785013093654594,-0.0072538466187440686,0.0002734893616325496,-0.00019907202612695792,-0.00019907202612695792,0.39814405225391586,0.9976548462795589,-0.16710456532856924
2025-12-15 00:00:00+00:00,-0.0043232877505424705,-0.004343978704155671,0.0002201896980520744,-0.00011774261949691236,-8.175612494194646e-05,0.23548523899382467,0.9546764789140447,-0.1677490467256514
2025-12-16 00:00:00+00:00,0.003689911741547647,0.003481781775439726,0.0002081299661078535,0.0,0.0,0.0,0.9339838873748287,-0.16366336159061742
2025-12-17 00:00:00+00:00,-0.0016557750127869086,-0.001266318041602161,0.00018508063594850567,-0.00030466161492981645,-0.0002698759922034908,0.6093232298596329,0.9650296162302562,-0.1633254092060305
2025-12-18 00:00:00+00:00,0.008759817531385439,0.008829580466276294,0.0001576939518841226,-0.00011372844338750972,-0.00011372844338750972,0.22745688677501946,0.9108225371213796,-0.1486642128092639
2025-12-19 00:00:00+00:00,-0.00622624227381241,-0.0060189815669898705,0.00019380176952358552,-0.0002171750712893949,-0.00018388740505669878,0.4343501425787898,0.951516139879174,-0.094765532443262
2025-12-20 00:00:00+00:00,-0.0012081685863234437,-0.0009279761028024243,9.256123706162857e-05,-0.00018637686029132974,-0.00018637686029132974,0.37275372058265943,1.0505777998915677,-0.0779652358334164
2025-12-21 00:00:00+00:00,-0.0030055623937632614,-0.0027059719840441805,0.00014516611526344233,-0.00022237826249124943,-0.00022237826249124943,0.44475652498249885,1.0479343478498944,-0.07230355276051513
2025-12-22 00:00:00+00:00,-0.00025482742489080223,-0.0002764838527888264,0.00024156535414209297,-0.0001099544631220501,-0.0001099544631220501,0.21990892624410013,1.0285123591608027,-0.0728266093446483
2025-12-23 00:00:00+00:00,0.0028292444016557727,0.0028243026877142123,0.00022272756573872454,-0.00010889292589863261,-0.00010889292589863261,0.21778585179726526,1.03031883595282,-0.07367400370099873
2025-12-24 00:00:00+00:00,0.004458164303812184,0.004615269484320446,0.00022241843911760884,-0.00020326575175588917,-0.00017625786786993702,0.40653150351177836,1.0007095290195205,-0.07402660057408014
2025-12-25 00:00:00+00:00,-0.01594888388611304,-0.015776053168179174,0.00019529000105731053,-0.0001972580922608824,-0.00017086262673033433,0.39451618452176485,1.024138904281984,-0.09192444725660143
2025-12-26 00:00:00+00:00,-0.006862487466435363,-0.006738621307159549,6.394459726072965e-05,-0.00011066929850241259,-7.71414580340819e-05,0.22133859700482514,1.0241833810625476,-0.10154022654648844
2025-12-27 00:00:00+00:00,0.004225394314040232,0.004557379495519456,7.235034220067376e-05,-0.0002021677618399955,-0.0002021677618399955,0.404335523679991,1.0292871566078892,-0.0927783140508924
2025-12-28 00:00:00+00:00,-0.0025856087201525657,-0.002204392721181603,-3.1385409003156657e-06,-0.00018903872903534014,-0.00018903872903534014,0.37807745807068033,1.0746845747993314,-0.10292791081388047
2025-12-29 00:00:00+00:00,-0.006784781877287482,-0.006192089336840075,5.1021729899563036e-05,-0.000338746324822451,-0.0003049679455244666,0.677492649644902,0.9889481859084323,-0.013266489299777702
2025-12-30 00:00:00+00:00,0.003526574614146405,0.003981526125480746,0.0001242157589304476,-0.0003053927030480291,-0.00027377456721676624,0.6107854060960581,0.940106319966716,0.0380615832958272
2025-12-31 00:00:00+00:00,-0.00121397729516326,-0.0007208145025100025,0.000150782490649499,-0.00033891813717634457,-0.00030502714612636186,0.6778362743526891,1.027309961629952,-0.10668162457902998
2026-01-01 00:00:00+00:00,0.012624593634385617,0.012853236532802726,0.00018552258627353986,-0.0002070827423453433,-0.0002070827423453433,0.41416548469068654,0.9731585793882517,-0.10677965523863074
2026-01-02 00:00:00+00:00,0.0012335530100520131,0.0011755499462020515,0.0002764087500907684,-0.0001092028431203581,-0.0001092028431203581,0.21840568624071618,1.027152006006838,-0.11322678302918668
2026-01-03 00:00:00+00:00,-0.010236345769409683,-0.010035674163561818,0.00020193772593010752,-0.00020130466588898205,-0.00020130466588898205,0.40260933177796415,1.070967841492501,-0.12387517722245636
2026-01-04 00:00:00+00:00,0.0055126330839094795,0.005684404093327497,0.00017826774982669817,-0.00020887084228274068,-0.0001411679169620292,0.41774168456548144,1.0551935347897778,-0.12115397723401451
2026-01-05 00:00:00+00:00,-0.0033662529771911753,-0.0031911267273341047,0.0002531001754646869,-0.00021411321266086994,-0.00021411321266086994,0.4282264253217399,1.0345921472433006,-0.1078580955051438
2026-01-06 00:00:00+00:00,-0.016788563933453182,-0.016348189447033906,0.00016353068392188722,-0.0003185008493021851,-0.00028540432103895617,0.6370016986043704,1.0727158415128866,-0.11814708834635589
2026-01-07 00:00:00+00:00,0.0012232857367655559,0.001762583393998897,6.731276790604598e-05,-0.0003214569669499183,-0.00028515345818957,0.6429139338998366,0.9899272232978175,-0.19106580541248225
2026-01-08 00:00:00+00:00,0.00021432014036593117,0.0007264220288867438,8.35971733564747e-05,-0.000315766739297595,-0.00027993232257960933,0.63153347859519,0.9462979409966421,-0.15418401516129654
2026-01-09 00:00:00+00:00,-0.007483907284336677,-0.006786252868725604,-6.161646069142556e-05,-0.0003330537100834276,-0.0003029842448362582,0.6661074201668551,0.9936934428285766,-0.04944098469732261
2026-01-10 00:00:00+00:00,0.005431660047265696,0.0058374130279407665,-7.949311476085541e-06,-0.00019890183459953927,-0.00019890183459953927,0.39780366919907856,0.9882392383604123,-0.02512146957304033
2026-01-11 00:00:00+00:00,0.0052161261441230344,0.0058397235218868694,-3.239297521494449e-05,-0.0002956022012744495,-0.0002956022012744495,0.5912044025488988,0.9993077814480709,0.011695718294048774
2026-01-12 00:00:00+00:00,-0.0036713002329747946,-0.003074799739396115,2.015715439227191e-05,-0.00030832882398545785,-0.00030832882398545785,0.6166576479709157,1.0039778946209699,0.03759635523839221
2026-01-13 00:00:00+00:00,-0.007035160926687989,-0.006374231379256593,0.00011962213154638014,-0.0003902758394888742,-0.0003902758394888742,0.7805516789777484,1.0092726280612188,0.026994021338572045
2026-01-14 00:00:00+00:00,0.00784769442469857,0.008450711163195833,8.450901712058938e-07,-0.00030193091433428185,-0.00030193091433428185,0.6038618286685637,1.060937250032372,0.033049357124420475
2026-01-15 00:00:00+00:00,-0.01228268085250539,-0.011958936958972285,9.778027692707566e-05,-0.00021076208523010986,-0.00021076208523010986,0.42152417046021967,1.0486836504328048,0.00250697714164474
2026-01-16 00:00:00+00:00,0.0046453380048914195,0.004336282753391443,0.0005345527585758341,-0.00011274875353788927,-0.00011274875353788927,0.22549750707577854,0.9640331930786723,-0.03866284266345847
2026-01-17 00:00:00+00:00,0.009618968840545916,0.00886336184540956,0.0015040476795859263,-0.0003883500452638253,-0.00036009063918566824,0.7767000905276505,0.9839349798263909,-0.032201626767685614
2026-01-18 00:00:00+00:00,-0.009910287505864424,-0.009880514428707443,0.0005749574664078597,-0.0003163350572301981,-0.0002883954863345908,0.6326701144603962,0.9836397748728131,-0.12055767625090112
2026-01-19 00:00:00+00:00,0.0025038445478859916,0.0012049051455167382,0.0016866607587738163,-0.00021261225500064247,-0.00017510910140397846,0.42522451000128486,0.9815535123905484,-0.15163434501813516
2026-01-20 00:00:00+00:00,-0.013823785312689019,-0.014508484162327513,0.0009097532979489428,-0.00011252722415523517,-0.00011252722415523517,0.2250544483104703,1.0046017552024191,-0.1866694853451368
2026-01-21 00:00:00+00:00,0.03067813503836514,0.03055555266980018,0.00036583144924279704,-0.00012162454033889984,-0.00012162454033889984,0.24324908067779968,0.8986077981100029,-0.1436129604565093
2026-01-22 00:00:00+00:00,-0.009949988050648617,-0.009921043193743958,0.00024841953855957573,-0.00014319395720489413,-0.0001341704382593119,0.2863879144097883,0.9932729910391299,-0.22257670038233857
2026-01-23 00:00:00+00:00,0.00157932952345341,0.0016668102272798318,0.0001532634746028293,-0.00012037208921463376,-0.00012037208921463376,0.2407441784292675,0.9729522793046462,-0.21005791038381666
2026-01-24 00:00:00+00:00,0.0057540067814974005,0.005387361224770674,0.0005674120670324868,-0.00011889323767650757,-8.187327262915262e-05,0.2377864753530151,0.9621036555646136,-0.1945378852188865
2026-01-25 00:00:00+00:00,-0.0046471682007748205,-0.004447664548196419,0.00023279719953342304,-0.0002345331942983496,-0.00019776765781350777,0.4690663885966993,0.9781841430581961,-0.22115405439064528
2026-01-26 00:00:00+00:00,0.00628827960117162,0.0063227722600359484,0.00013459214159565163,-8.454240022999928e-05,-8.454240022999928e-05,0.16908480045999857,0.9029242462901382,-0.2323307142071237
2026-01-27 00:00:00+00:00,-0.00573690323456022,-0.00544720568921904,0.00010278346355271269,-0.00019624050444692879,-0.00019624050444692879,0.3924810088938575,0.9468197476004598,-0.22970743949699104
2026-01-28 00:00:00+00:00,0.009423761599800073,0.00987264237196382,0.00024318565760902348,-0.00036430410458543225,-0.0003277623251872823,0.7286082091708644,0.9680178086284562,-0.18310607187162498
2026-01-29 00:00:00+00:00,-0.003444734966052687,-0.0032198725804520314,0.0001916821433642759,-0.00022490921163538006,-0.00019163531732955896,0.4498184232707601,1.0008716479944388,-0.13998927306289277
2026-01-30 00:00:00+00:00,-0.0017851990742432378,-0.0019294318294319575,0.00014423275518872413,0.0,0.0,0.0,0.9408256345731404,-0.14217251112757226
2026-01-31 00:00:00+00:00,0.002714932059225461,0.0030298900243833026,7.436599750221246e-05,-0.00019466198133001998,-0.00019466198133001998,0.38932396266004,0.9268404968653413,-0.13271484168842718
2026-02-01 00:00:00+00:00,-0.0005249051436055918,-0.0002697325619694994,0.0001246434266514301,-0.00018990800414375942,-0.00018990800414375942,0.3798160082875188,0.8751282326840218,-0.13415440868434067
2026-02-02 00:00:00+00:00,0.00770215432092991,0.008172100075218831,7.236441290304025e-05,-0.0002846842159705294,-0.000257625951221444,0.5693684319410589,0.8880216476875649,-0.11630975719613595
2026-02-03 00:00:00+00:00,0.01636755544642665,0.01679062549055489,9.711462443008178e-05,-0.0002600923342791935,-0.0002600923342791935,0.520184668558387,1.0091499479179624,0.054781069268679365
2026-02-04 00:00:00+00:00,0.004316614380645012,0.004541855930602319,0.00011625024797793392,-0.00020245106369373353,-0.0001390407342415677,0.4049021273874671,0.965248368911656,0.07682470486710213
2026-02-05 00:00:00+00:00,0.0003296252145108536,0.0004685423604655245,7.171308752097665e-05,-0.00010531511673783166,-0.00010531511673783166,0.2106302334756633,0.9388142693797252,0.07555919215216973
2026-02-06 00:00:00+00:00,0.004238765541916489,0.0042668178946324254,0.00017937682606362825,-0.00010371458938981648,-0.00010371458938981648,0.20742917877963293,0.8164435676292555,0.0430170605366734
2026-02-07 00:00:00+00:00,0.00678530681054168,0.0067752809791360264,0.00026753278033122033,-0.00012875347446278824,-0.00012875347446278824,0.25750694892557646,1.0214400903022873,0.04188619034948741
2026-02-08 00:00:00+00:00,-0.005325022884698827,-0.005393741404416466,8.886062189981222e-05,-1.0071051091097638e-05,-1.0071051091097638e-05,0.020142102182195278,1.0035614650017466,0.01643787884389555
2026-02-09 00:00:00+00:00,-0.0012280080198268095,-0.001248317373560971,0.000162175128665231,-0.00010133269637931787,-4.053307855172715e-05,0.20266539275863574,1.0026163993740616,0.02200500290537696
2026-02-10 00:00:00+00:00,-0.006030692513635638,-0.005842207127756002,0.0002116802017366165,-0.0002000827938081445,-0.0002000827938081445,0.400165587616289,1.0128331271157345,0.03936257815121291
2026-02-11 00:00:00+00:00,-0.010345607548298275,-0.01014115647361719,0.00017669279331121814,-0.00019057193399613052,-0.00019057193399613052,0.38114386799226097,1.0216833010798931,0.021352020061735463
2026-02-12 00:00:00+00:00,-0.009881504731265922,-0.009661961013617472,0.00012050089392298654,-0.00020070305894210423,-0.00013934155262935652,0.40140611788420844,1.005133805269452,0.0017265942104790892
2026-02-13 00:00:00+00:00,0.019959758046036447,0.020311454088541608,3.9083373256112364e-05,-0.0001953897078806019,-0.0001953897078806019,0.3907794157612038,0.9926202477380303,0.015716653580669652
2026-02-14 00:00:00+00:00,-0.018701408872869196,-0.018423513979033412,8.682936074539034e-05,-0.00019758869486690583,-0.00016713555971425496,0.39517738973381167,1.0754156166649638,-0.006077250503017006
2026-02-15 00:00:00+00:00,-0.008946146741464656,-0.008341285624534567,1.5713719896036904e-05,-0.0003265533060936482,-0.0002940215307324572,0.6531066121872965,1.0940289250198418,-0.019822002463008415
2026-02-16 00:00:00+00:00,-0.0006784348578137145,-0.00035744091909254816,0.00013817515678864176,-0.00022958454775488186,-0.00022958454775488186,0.45916909550976376,0.995128628484148,-0.02994185401585468
2026-02-17 00:00:00+00:00,-0.0004659833041474881,5.077776338374095e-06,0.00012784238588376838,-0.0002994517331848351,-0.0002994517331848351,0.5989034663696703,0.9841056969994872,-0.06913575872916693
2026-02-18 00:00:00+00:00,-3.6456569908138725e-05,0.00030882978274986476,2.16913328618645e-05,-0.00019685426744022494,-0.00017012341807967312,0.3937085348804499,0.981296139172782,-0.07729809090243724
2026-02-19 00:00:00+00:00,-0.009418003924594132,-0.00910149160675282,5.700079232196109e-05,-0.00019981517680100734,-0.00017369793336228148,0.3996303536020147,0.9586519352033139,-0.08672866337920239
2026-02-20 00:00:00+00:00,-0.006073535857694545,-0.0059116900167710635,2.997537008316478e-05,-0.00011325760189192274,-7.856360911471045e-05,0.22651520378384543,0.9661504181671735,-0.09801372466484094
2026-02-21 00:00:00+00:00,0.014195184565876984,0.015068875206068205,8.668582539430062e-05,-0.000480188232792707,-0.000480188232792707,0.9603764655854139,1.0026280580086844,-0.032351621394564
2026-02-22 00:00:00+00:00,-0.009546683354781704,-0.009122854695332732,-3.51056376371336e-05,-0.00019436151090591755,-0.00019436151090591755,0.3887230218118351,1.0314692313953568,-0.0389355168561678
2026-02-23 00:00:00+00:00,0.001086750789853319,0.0011786664206195436,0.00031403090760956295,-0.00020297326918789968,-0.00020297326918789968,0.40594653837579936,0.9956831827449603,-0.04049217973509285
2026-02-24 00:00:00+00:00,0.0195554396326989,0.019854435527020042,0.0002691943911212821,-0.00029849243547536543,-0.00026969784996713677,0.5969848709507309,0.956473733450511,-0.07177490016597793
2026-02-25 00:00:00+00:00,0.004079657182398666,0.004219691670570494,0.00010570907385150286,-0.00012287178101166616,-0.00012287178101166616,0.24574356202333228,0.9721742181195759,-0.09788618587738764
2026-02-26 00:00:00+00:00,0.015529431525683313,0.015914119846265538,-1.8214697640513648e-06,-0.00019143342540911483,-0.00019143342540911483,0.38286685081822963,1.1047633786299753,-0.09498293547718846
2026-02-27 00:00:00+00:00,-0.0027738590933695795,-0.0023086271872472717,7.132759318173096e-06,-0.00023618233272024674,-0.00023618233272024674,0.4723646654404934,1.0049634955118358,-0.0972820402399099
2026-02-28 00:00:00+00:00,0.0033139750155477543,0.003921102497582856,0.0001293160087048594,-0.0003998242983586157,-0.00033661919238125613,0.7996485967172314,0.9681828882382558,-0.03376080500048333
2026-03-01 00:00:00+00:00,-0.005377577490726093,-0.005204216005581734,0.0003506127696725256,-0.00029216290060166117,-0.00023181135421521126,0.5843258012033223,1.0154915763052914,-0.005527824179591065
2026-03-02 00:00:00+00:00,0.006941479407428952,0.007281931199721795,7.364693876585104e-05,-0.00022350474066638073,-0.00019059399039222718,0.4470094813327614,0.978554735269746,0.044504346178048756
2026-03-03 00:00:00+00:00,0.0022222757319851905,0.0024512809055211044,0.00013657024071129674,-0.00019855930961942936,-0.00016701610462772147,0.39711861923885866,1.0088193996632993,0.035142237922663855
2026-03-04 00:00:00+00:00,-0.00471205935929675,-0.004728461380234861,1.6402020938067367e-05,0.0,0.0,0.0,0.9974991993241158,0.030557766552311214
2026-03-05 00:00:00+00:00,0.001540160850980632,0.001818691960347278,0.00010526293251889233,-0.00019189702094278454,-0.00019189702094278454,0.3837940418855691,1.0606448424497703,0.035123811503327995
2026-03-06 00:00:00+00:00,0.0035417602676555138,0.00396618643711515,-7.012796263899788e-06,-0.00020870668659786357,-0.00020870668659786357,0.4174133731957272,1.0170983459350402,0.03330122702004929
2026-03-07 00:00:00+00:00,0.00917658142252642,0.009695605177233271,3.4362026154904835e-05,-0.00030764620638135294,-0.0002457395744804645,0.615292412762706,0.9673584895207956,0.03660943111280291
2026-03-08 00:00:00+00:00,0.002181302176511357,0.0027544276687030424,0.00015133672867582133,-0.0003912633262778942,-0.00033319889458972195,0.7825266525557885,0.9559042192130908,0.02935536345692584
2026-03-09 00:00:00+00:00,0.008145605571449055,0.008700389565726557,0.0001580669496377021,-0.0003867840525876019,-0.0003260668913275325,0.7735681051752038,0.9618570243792974,0.012587248426106066
2026-03-10 00:00:00+00:00,0.00017641397460743669,0.0002348751350097436,0.00013716988361965057,-9.781552201102602e-05,-9.781552201102602e-05,0.19563104402205206,0.9996114069051144,0.001673571854775866
2026-03-11 00:00:00+00:00,0.012318973168345737,0.012553258759856929,-6.154082333726269e-05,-0.00010176806868412845,-7.0976699489744e-05,0.20353613736825688,0.9890468298833743,0.015772190681790484
2026-03-12 00:00:00+00:00,-0.0051903548098075625,-0.004894319579611456,9.214404531022946e-05,-0.00019408963775316526,-0.00019408963775316526,0.3881792755063305,1.0170060655457787,-0.00760232710946963
2026-03-13 00:00:00+00:00,-0.007303294506174396,-0.006862267879821996,0.0001649409998125145,-0.0003029838130824576,-0.0003029838130824576,0.6059676261649152,1.0245711407102889,0.01011947203920086
2026-03-14 00:00:00+00:00,-0.005183993990013458,-0.005223640858509004,0.00021059276102013832,-9.959633344144493e-05,-7.134955908316206e-05,0.19919266688288984,1.0201891180775262,0.01585888135398981
2026-03-15 00:00:00+00:00,0.004937955643319558,0.004943094550155437,0.0003339684472960029,-0.00019896398206730318,-0.0001401433720645179,0.39792796413460635,1.0182107803429363,0.014937650333345626
2026-03-16 00:00:00+00:00,-0.0036594329620450727,-0.0033282479613105185,0.0002816457497801098,-0.00030641537525734504,-0.00030641537525734504,0.61283075051469,1.0238880128731116,-0.014560346238084741
2026-03-17 00:00:00+00:00,-0.0010741169279101515,-0.000663355480265724,-6.292893634823857e-06,-0.00020223427700478112,-0.00020223427700478112,0.4044685540095622,1.089232423733826,0.012938974014893008
2026-03-18 00:00:00+00:00,-0.004823904236077259,-0.004442151836631107,5.488394812147861e-05,-0.00021831817378383938,-0.00021831817378383938,0.4366363475676787,1.046978692692109,-0.033208770813273975
2026-03-19 00:00:00+00:00,0.0015312842904222634,0.0022637999273759563,-2.2601305753144156e-05,-0.0003549571656002661,-0.0003549571656002661,0.709914331200532,0.9606771282751675,0.11121728853548422
2026-03-20 00:00:00+00:00,0.0018102998225997258,0.002390742504032277,2.5724936996327817e-05,-0.00030308380921446193,-0.00030308380921446193,0.6061676184289237,0.9483449877844963,0.10770221993329887
2026-03-21 00:00:00+00:00,-0.0005805339636915097,0.00021204622097060593,4.3911419761834416e-05,-0.0004182458022119654,-0.0004182458022119654,0.8364916044239306,1.0157501909436646,0.0011013942334108392
2026-03-22 00:00:00+00:00,-0.0029856007308642907,-0.0024065602465674573,-3.069900313482981e-05,-0.00030431835448272067,-0.00024402312667930662,0.6086367089654412,0.9790159246862388,-0.019938075036322916
2026-03-23 00:00:00+00:00,0.0004933529033277484,0.0008921815998203335,1.5840408139620148e-05,-0.00020733455231614593,-0.00020733455231614593,0.41466910463229184,0.9912471459686928,-0.0452994431286846
2026-03-24 00:00:00+00:00,-0.002319016321004286,-0.0015087997993206378,9.287403318457186e-05,-0.00048345314656628017,-0.0004196374083019171,0.9669062931325604,1.0204080384534915,-0.12314598313219709
2026-03-25 00:00:00+00:00,0.001172385586558855,0.0016160246112733748,7.672292656683034e-05,-0.0002965342591298672,-0.00022382769215158324,0.5930685182597343,1.000971086387776,-0.13171042761232035
2026-03-26 00:00:00+00:00,-0.009468864659938125,-0.009256030669573336,0.00015406190893670462,-0.00020113793756168182,-0.00016575796173976817,0.40227587512336366,1.0087174407945148,-0.1537637674224386
2026-03-27 00:00:00+00:00,0.0082491979393009,0.009176216327334891,7.78547333335798e-06,-0.0004674019306836893,-0.0004674019306836893,0.9348038613673787,0.9436034429815927,0.07480156344507857
2026-03-28 00:00:00+00:00,0.008016183305945113,0.008745694964586324,1.3756419678616625e-05,-0.0003872409311140262,-0.0003560271472058453,0.7744818622280524,0.9333107168599463,0.07705600875735516
2026-03-29 00:00:00+00:00,0.004502477974726249,0.00496163402064726,9.867467437169116e-05,-0.0002789153601463892,-0.0002789153601463892,0.5578307202927784,0.9557488028339204,0.06828262804739468
2026-03-30 00:00:00+00:00,-0.005487823395727731,-0.00477684538247822,0.00015139759593292646,-0.00044610766742450596,-0.00041626794175796263,0.8922153348490117,1.0201868003821633,-0.11418212334236733
2026-03-31 00:00:00+00:00,-0.007315698142126292,-0.007123647573571247,0.00017777812432467706,-0.00020089973979923144,-0.0001689289530804698,0.4017994795984629,1.0382534014986484,-0.10620940833574405
2026-04-01 00:00:00+00:00,-0.013052187723337383,-0.012784092798979619,0.0001395416602366458,-0.00022014542552379474,-0.00018749115907057371,0.4402908510475896,1.0249727749199093,-0.07213255903388438
2026-04-02 00:00:00+00:00,-0.005598888179551453,-0.005310926738526204,2.6093468003138453e-05,-0.0001570274545141858,-0.0001570274545141858,0.3140549090283716,0.9952566872223048,0.044151595235088145
2026-04-03 00:00:00+00:00,0.01193467715197083,0.012483814779092743,2.329202556363335e-05,-0.0003027498180680919,-0.00026967983461745305,0.6054996361361837,0.9630186890766341,0.07497274535467484
2026-04-04 00:00:00+00:00,-0.0033079627380641075,-0.002300663679337618,3.3612323519549655e-06,-0.0005341844544245511,-0.00047647583665393176,1.0683689088491022,1.032171939389844,-0.11259129977532142
2026-04-05 00:00:00+00:00,0.004263760446290288,0.0048221148901180485,3.8692622232587275e-05,-0.00029852353303015986,-0.00029852353303015986,0.5970470660603198,1.0277748706965866,-0.10034208903401001
2026-04-06 00:00:00+00:00,-0.003971300366557462,-0.0032594613503177366,0.00015720841701359563,-0.00043452371662664407,-0.00043452371662664407,0.869047433253288,1.028626616436547,-0.1166818199463019
2026-04-07 00:00:00+00:00,0.009389682645119635,0.009665031520855905,0.0001037118502194304,-0.00020295098551814276,-0.00017610974043761544,0.40590197103628545,1.0061880734409583,-0.08801206429627641
2026-04-08 00:00:00+00:00,0.011340899302409557,0.011253233471941123,8.766583046837778e-05,0.0,0.0,0.0,1.0674257203659527,-0.07589807836040365
2026-04-09 00:00:00+00:00,0.0108033602224189,0.01121034613527229,0.0001753221090390659,-0.00030647273820390774,-0.0002758352836884815,0.6129454764078156,1.0171042533722814,-0.051415369684425054
2026-04-10 00:00:00+00:00,0.012039149608766175,0.012333319070062423,0.00010275497700854266,-0.00019846221915244586,-0.00019846221915244586,0.3969244383048917,1.0319921977599864,-0.019562033776083374
2026-04-11 00:00:00+00:00,-0.003147206973314387,-0.0025924255013568213,5.4343129815343145e-05,-0.00032078164396493586,-0.0002883429578080283,0.6415632879298717,1.022508860925541,-0.07412528476325539
2026-04-12 00:00:00+00:00,-0.002171791540816259,-0.0014959958707914066,9.158567066525915e-05,-0.0004155396707703643,-0.00035184166991974905,0.8310793415407285,1.010197203189454,-0.0631136963865346
2026-04-13 00:00:00+00:00,0.007205261175783573,0.007558935824989624,0.0001776363354561484,-0.0002949222583465375,-0.00023638872631568482,0.589844516693075,0.9748675711812451,-0.04061524690983975
2026-04-14 00:00:00+00:00,-0.02333965273563854,-0.02329420309305661,0.0005588040706513254,-0.0003021268566166527,-0.0003021268566166527,0.6042537132333053,1.0732039134361595,-0.09238661500652517
2026-04-15 00:00:00+00:00,0.0037064949791116852,0.0037977291968641635,0.0005227960886344306,-0.00032238468776579163,-0.00029164561862100614,0.6447693755315833,1.0061648891905153,-0.02718790223654865
2026-04-16 00:00:00+00:00,0.0023947186046235913,0.0022645042265665434,0.00029178896915343347,-9.4877420008646e-05,-6.66971710876947e-05,0.189754840017292,1.0176015068814197,-0.022981849070826583
2026-04-17 00:00:00+00:00,0.006394715683709418,0.007100750880719254,3.250439253956395e-07,-0.0003708790955357233,-0.0003354811453995162,0.7417581910714465,1.0363647226165797,0.21256475528515345
2026-04-18 00:00:00+00:00,0.009997938083594837,0.010339088079671778,3.375765065582855e-05,-0.000205048822312075,-0.0001698588244207249,0.41009764462414994,1.0192496048641757,0.20944208649412796
2026-04-19 00:00:00+00:00,0.004889375038034327,0.004993208768653619,6.200737153039894e-05,-8.292055107479676e-05,-8.292055107479676e-05,0.16584110214959352,0.9849099556983738,0.20766278981748904
2026-04-20 00:00:00+00:00,0.0033800954959721796,0.0038879853710040366,6.07221798915961e-05,-0.00028430602746172626,-0.00028430602746172626,0.5686120549234525,0.9592934134847668,0.18261005892793616
2026-04-21 00:00:00+00:00,0.006237390769080919,0.006588433183078138,3.591179068923778e-05,-0.00019347710234322743,-0.00019347710234322743,0.3869542046864548,0.9833356383946646,0.19588500622017052
2026-04-22 00:00:00+00:00,-0.0003354070481998983,0.0002081340262088753,1.0853146933227173e-05,-0.00027719711067102597,-0.00027719711067102597,0.554394221342052,1.015382959456386,0.17379809187982045
2026-04-23 00:00:00+00:00,0.004351607087632381,0.004755071563136727,1.1613592599492469e-06,-0.00020231291738210183,-0.00020231291738210183,0.4046258347642037,1.014589094219465,0.15126316705664794
2026-04-24 00:00:00+00:00,0.00374630973285206,0.004259701336794401,5.4100329752841305e-05,-0.0002837459668475386,-0.0002837459668475386,0.5674919336950771,1.0395151586340263,0.13357902248146425
2026-04-25 00:00:00+00:00,0.0020128230138296566,0.0021490730379150396,0.0002670102386010393,-0.00020163013134321894,-0.00020163013134321894,0.40326026268643783,1.0371331087057105,0.12123961840116217
2026-04-26 00:00:00+00:00,0.0011000434012007343,0.001309609466585969,0.00015675825073719772,-0.00018316215806117345,-0.00018316215806117345,0.36632431612234695,1.037789914881578,0.11922296395777125
2026-04-27 00:00:00+00:00,-0.0003302206076928327,-0.00012272736420078758,0.00020313057401419708,-0.000205311908753132,-0.000205311908753132,0.4106238175062639,1.0384198455023308,0.12917037877824789
2026-04-28 00:00:00+00:00,-0.001259843802391858,-0.0011522394676705542,7.035865013657216e-05,-8.898149242892496e-05,-8.898149242892496e-05,0.1779629848578499,1.0060294156341876,0.14412665952408368
2026-04-29 00:00:00+00:00,-0.0011669134194349784,-0.0010950862384130173,0.00010301976103480996,-8.742347102837324e-05,-8.742347102837324e-05,0.1748469420567465,1.0150034831297932,0.16761459458879396
2026-04-30 00:00:00+00:00,0.0016788477444595884,0.0021376061902555294,0.00010607664983670843,-0.00028241754781632743,-0.00028241754781632743,0.5648350956326549,0.9935863508776237,0.1885822433821191
2026-05-01 00:00:00+00:00,-0.004513065690221474,-0.004224830316074424,6.939415056064309e-05,-0.0001970338449285389,-0.00016059567977918387,0.3940676898570777,1.0092885335348454,0.16717067794821355
2026-05-02 00:00:00+00:00,-0.009155447525249105,-0.008839189332213112,5.423279644197205e-05,-0.00020352454786471194,-0.0001669664416132568,0.4070490957294238,1.0337648827652839,0.16802975765648442
2026-05-03 00:00:00+00:00,0.00480188508182855,0.004930154452292262,3.2183301487636736e-05,-8.022633597566157e-05,-8.022633597566157e-05,0.16045267195132312,1.0253657273494636,0.1826839679922296
2026-05-04 00:00:00+00:00,-0.014197614434065087,-0.013560871541213444,1.756548844899159e-05,-0.0003304080607457148,-0.0003239003205548921,0.6608161214914297,0.9953895811457687,0.07566014559124964
2026-05-05 00:00:00+00:00,-0.017815157439018292,-0.017203811596862826,6.309362876165487e-06,-0.00032604307735395894,-0.00029161212767761567,0.652086154707918,1.0730255704374325,-0.03007439660983271
2026-05-06 00:00:00+00:00,0.01452078356080655,0.014637649037524214,0.00010141399920463577,-0.00010913973796119789,-0.00010913973796119789,0.2182794759223958,1.0955246808255379,-0.006312191292423212
2026-05-07 00:00:00+00:00,-0.015016446468399502,-0.014637540894873218,1.8809725909716373e-05,-0.00021257370162457484,-0.00018514159781139785,0.4251474032491497,1.1226470970829177,-0.03330722260574346
2026-05-08 00:00:00+00:00,0.0036533308180124457,0.004440236801906143,0.00012193444018831576,-0.0004583621714369061,-0.0004504782526450818,0.9167243428738124,0.9932868688324149,-0.13595229968327865
2026-05-09 00:00:00+00:00,0.008604570946210588,0.008719016666146308,0.00011234970480272545,-0.0001133977123691724,-0.0001133977123691724,0.22679542473834485,1.0186992365716232,-0.12263164772961241
2026-05-10 00:00:00+00:00,-0.0026298795802388586,-0.0020718536039754888,2.9298610067007494e-05,-0.0003018978822178232,-0.0002854267041125218,0.6037957644356463,0.9738546087070368,0.12417891689852055
2026-05-11 00:00:00+00:00,0.012053419733966564,0.012439111653116073,-8.373561076641764e-06,-0.00018865917903646652,-0.00018865917903646652,0.377318358072933,1.0093960623625806,0.13511914676422387
2026-05-12 00:00:00+00:00,-0.005817795657327318,-0.005312795191576197,4.773018645479721e-05,-0.0002935724461992863,-0.00025915820600667824,0.5871448923985726,0.9960695587126346,0.11716593014170261
2026-05-13 00:00:00+00:00,0.0015809520542346966,0.0023137510750816824,5.5167660115290286e-05,-0.00040944190864336945,-0.0003785247723188767,0.8188838172867386,1.0112925725020858,0.039829560505003594
2026-05-14 00:00:00+00:00,0.016540366700084075,0.017224374281211426,9.457864017617273e-05,-0.00042144343649881027,-0.00035714278480472356,0.8428868729976204,0.9700722004881603,0.11961106678698871
2026-05-15 00:00:00+00:00,-0.006913212071276931,-0.006730036785246467,-1.2181020817440198e-05,-8.549713260649116e-05,-8.549713260649116e-05,0.1709942652129823,1.0149551049520624,0.1014008139702734
2026-05-16 00:00:00+00:00,-0.0033719820182974702,-0.0031097183670799563,7.386737758467276e-05,-0.00019769710858827264,-0.00013843392021386863,0.3953942171765452,0.9806872602291192,0.09893098378207718
2026-05-17 00:00:00+00:00,-0.0029087480461544857,-0.0026099702150473645,8.160671803536789e-05,-0.00020462152061469474,-0.0001757630285277634,0.40924304122938937,0.9477368324486132,0.09280855363291167
2026-05-18 00:00:00+00:00,-0.009084193529699802,-0.008742049149502246,3.647644419958505e-05,-0.00020433100600461806,-0.00017428981839257392,0.4086620120092361,0.9918640779842389,0.03348720435829841
2026-05-19 00:00:00+00:00,-0.017270851884384597,-0.017034737159294325,0.00013295913101844312,-0.00019955133476774788,-0.00016952252134097887,0.3991026695354957,1.0164122306557286,0.041216152824207895
2026-05-20 00:00:00+00:00,-0.008786245676330351,-0.008059359765154704,6.419339074969203e-05,-0.00040931395073912915,-0.00038176535118623385,0.8186279014782584,0.9921848326809528,0.06535095274975972
2026-05-21 00:00:00+00:00,0.009380830259677397,0.010005258898849264,0.00017362978781152816,-0.0003990292134916966,-0.0003990292134916966,0.7980584269833931,1.0140153103263687,0.05845997899386894
2026-05-22 00:00:00+00:00,-0.005574865544563767,-0.005338616505001966,0.0001953813933187454,-0.00021581521644029134,-0.00021581521644029134,0.4316304328805827,0.9929956442298441,0.009167529459377589
2026-05-23 00:00:00+00:00,-0.008644005105642893,-0.008601002814726961,0.0001446850604907996,-9.384367570334984e-05,-9.384367570334984e-05,0.1876873514066997,0.961349546466673,0.0031544272439707434
2026-05-24 00:00:00+00:00,0.002146275046319479,0.0023028837498280433,0.00022984463228582864,-0.00020687062473168902,-0.00017958271106267772,0.4137412494633779,1.0157494367393642,-0.04486885103157092
2026-05-25 00:00:00+00:00,0.00930400277167509,0.009255176963279066,0.00025750167585013257,-0.0001216709958406341,-8.700487161344704e-05,0.24334199168126822,0.9861290816183255,-0.07683740064034793
2026-05-26 00:00:00+00:00,-0.003815354403707394,-0.0037609438547837083,0.00018552014780198842,-0.00012318675468995282,-0.00011674394203572685,0.24637350937990568,1.0178598473021625,-0.10856084065930817
2026-05-27 00:00:00+00:00,-0.008963184265476043,-0.008658796662463768,0.00015194290003019926,-0.00022816525152122841,-0.00022816525152122841,0.4563305030424567,1.0311496162357814,-0.15092299977952658
2026-05-28 00:00:00+00:00,0.0003003476737444277,0.00032250674043073394,0.00013626606072993005,-7.921256370816951e-05,-7.921256370816951e-05,0.15842512741633905,1.001015114879457,-0.1587115909031155
2026-05-29 00:00:00+00:00,-0.014413356500404761,-0.014234040316229081,0.0001553915975831242,-0.00016735389087940477,-0.00016735389087940477,0.33470778175880955,0.9854412399011085,-0.17668198398584428
2026-05-30 00:00:00+00:00,0.038112781639424886,0.038708713137434146,0.00015171007469535528,-0.00037685832291976486,-0.0003707832497848494,0.7537166458395296,1.0109448127709184,0.08401815366451121
2026-05-31 00:00:00+00:00,-0.019287508999941028,-0.019172954011534512,9.60563919121127e-05,-0.00010530569015930122,-0.00010530569015930122,0.2106113803186024,1.0063032263373026,0.0358794669298193
2026-06-01 00:00:00+00:00,0.016223070119673944,0.01649526181726444,0.00017572906234243084,-0.00022706892343277838,-0.0002208518365000665,0.4541378468655568,1.0263247737704113,-0.0526065816919383
2026-06-02 00:00:00+00:00,-0.011050962556864885,-0.010616825847924947,0.0002662391958102949,-0.0003501879523751039,-0.0003501879523751039,0.7003759047502078,0.9548196895777492,-0.16275566740734385
2026-06-03 00:00:00+00:00,0.027376353377728257,0.02750099080313066,0.00014667232526347315,-0.00013565487533298383,-0.00013565487533298383,0.2713097506659677,0.9019067601163401,-0.15885603696728925
2026-06-04 00:00:00+00:00,0.009833602529527363,0.009952982860795712,6.475042039937993e-05,-0.00010003503897988307,-8.409571268790947e-05,0.20007007795976614,0.9282007077684096,-0.19624956839313024
2026-06-05 00:00:00+00:00,-0.022982234064319873,-0.022871084979060003,0.00026676560521575194,-0.0001889573452377867,-0.0001889573452377867,0.3779146904755733,0.9175152344358506,-0.23673248368669222
2026-06-06 00:00:00+00:00,-0.019031631504315638,-0.01868861463834641,0.00023226051030751866,-0.00028763868813835267,-0.00028763868813835267,0.5752773762767054,0.9445451871476744,-0.17994720419667704
2026-06-07 00:00:00+00:00,-0.007988528743547496,-0.008159954390322284,0.00017142564677474954,0.0,0.0,0.0,0.953086833823826,-0.189621959057337
2026-06-08 00:00:00+00:00,0.010454173572675307,0.010776716468164242,0.00024430087579806176,-0.00031770083238309157,-0.0002491429389039655,0.6354016647661831,1.0058973951515504,-0.20078192102028145
2026-06-09 00:00:00+00:00,-0.0018953136221443456,-0.001987972182384211,0.00029904188814110027,-0.00012178336714820113,-8.459996075300778e-05,0.24356673429640224,1.0063523609540654,-0.2074857855098976
2026-06-10 00:00:00+00:00,-0.006597386847393971,-0.006690991318770331,0.00025145043246082405,-7.892298054225758e-05,-7.892298054225758e-05,0.15784596108451515,0.9862763552619679,-0.21845999018886864
2026-06-11 00:00:00+00:00,0.002158240764143393,0.002430251518619334,0.00027410443559976736,-0.0002730575950378662,-0.0002730575950378662,0.5461151900757325,0.9883450231114331,-0.1793748779863399
2026-06-12 00:00:00+00:00,-0.005348576423728435,-0.00520483682417853,0.00028644325627616635,-0.00022941542203641323,-0.00020076743378965816,0.45883084407282654,1.014997604956385,-0.1055798671971584
2026-06-13 00:00:00+00:00,-0.0048464510749500755,-0.004557540669419603,0.0003056425161629241,-0.00031206891101922716,-0.0002824840106741159,0.6241378220384545,1.0106874912429284,-0.13264205602685658
2026-06-14 00:00:00+00:00,-0.0014260156021439485,-0.0011765829456761947,0.00011674031449708745,-0.0001970242493643137,-0.00016914872160055287,0.3940484987286274,1.0333151388363115,-0.11815657214630547
2026-06-15 00:00:00+00:00,0.0011153020019440962,0.0014617980240763451,0.0002108935637724776,-0.00029277456504980554,-0.0002646150208548655,0.5855491300996112,1.0631937247613614,-0.11851635960221787
2026-06-16 00:00:00+00:00,0.013040085449706362,0.01338483539373649,3.615460658729223e-05,-0.00020771651722714234,-0.00017318803339038755,0.41543303445428464,1.0647571255057142,-0.10665411701081468
2026-06-17 00:00:00+00:00,0.0006071873997894883,0.0009871865629152803,0.00018214524584906258,-0.0003005054507502711,-0.00026163895822449353,0.6010109015005421,1.0502797831517878,-0.0705598419820865
2026-06-18 00:00:00+00:00,0.007280040148050171,0.007919644468114703,0.00015057314663842076,-0.0003950887333514691,-0.0003950887333514691,0.7901774667029381,0.9862338076559061,-0.09847775639217897
2026-06-19 00:00:00+00:00,-0.004704897432119881,-0.004201559809387222,7.741388961530955e-05,-0.0003237008593357919,-0.00025705065301215237,0.6474017186715838,1.0269021299685215,-0.00649141465210734
2026-06-20 00:00:00+00:00,-0.004553088112825843,-0.004272374638236084,0.00027560614561760745,-0.0002939752740707223,-0.0002623443461366634,0.5879505481414445,1.0032750477857113,-0.07096816309793301
2026-06-21 00:00:00+00:00,0.003978381983327894,0.003952990625097911,0.00020993589919098796,-0.00010908225836671879,-7.546228259436659e-05,0.21816451673343756,1.0100950193103087,-0.07269462058625403
2026-06-22 00:00:00+00:00,-0.008494705502509303,-0.008565969903907518,0.00027399464526882086,-0.00011895085320320048,-8.377939066745005e-05,0.237901706406401,0.9892772574498842,-0.1242087798732808
2026-06-23 00:00:00+00:00,-0.0015734819263052424,-0.0015449144448978014,0.00020105535640499642,-0.00011481141890619852,-0.00011481141890619852,0.22962283781239703,0.9938799738299884,-0.12183331060050244
2026-06-24 00:00:00+00:00,0.0036644064060689097,0.0035958058735784553,6.860053249042861e-05,0.0,0.0,0.0,0.9668868837423586,-0.11780581633885968
2026-06-25 00:00:00+00:00,-0.013274441068794052,-0.013010908654170646,0.0001323550711385187,-0.0001979437428809609,-0.0001979437428809609,0.3958874857619218,0.9769305291535922,-0.14412069130207456
2026-06-26 00:00:00+00:00,0.0013239292151707716,0.001259040061949906,6.488915322079768e-05,0.0,0.0,0.0,0.9631018042239062,-0.14267276260150727
2026-06-27 00:00:00+00:00,-0.02017049272864191,-0.020060194400596858,7.235271496792106e-05,-0.00010694127568913369,-7.57097673238556e-05,0.21388255137826734,1.0196067906689243,-0.17187219956340014
2026-06-28 00:00:00+00:00,0.004646639471336034,0.005160521901231377,0.00013594861417628537,-0.0003419945219776568,-0.00030783652209407096,0.6839890439553137,0.9668191834353903,0.19001912894609166
2026-06-29 00:00:00+00:00,0.004831916495225519,0.004896421689038394,0.00013795658131354722,-0.00011912201226880789,-8.333976285760991e-05,0.23824402453761576,0.9536116252053082,0.19428110542747518
2026-06-30 00:00:00+00:00,0.0013083449418502813,0.0017729460896633127,0.00010768019924175268,-0.00031683380951452316,-0.00025544753754032416,0.6336676190290463,0.9685889955699746,0.17625962615271473
2026-07-01 00:00:00+00:00,0.01348753773772704,0.01394410916345782,6.203003641807609e-05,-0.00027656103833822695,-0.00024204042381065956,0.5531220766764539,0.964058436539978,0.17291498308372488
2026-07-02 00:00:00+00:00,0.015059869277745497,0.015545381864963868,3.6469416848383095e-05,-0.0002778141982055757,-0.0002441678058611516,0.5556283964111514,0.9904451487964103,0.17687854325046026
2026-07-03 00:00:00+00:00,-0.004677184429781156,-0.004329229617872891,-1.5087751583602949e-05,-0.00016643353016233605,-0.00016643353016233605,0.33286706032467206,1.0340715156212856,0.17485380713037846
2026-07-04 00:00:00+00:00,-0.003211503748557498,-0.0022394201267788715,4.8848256963789016e-05,-0.000510465939371215,-0.000510465939371215,1.02093187874243,1.052413880006903,0.06798169521345537
2026-07-05 00:00:00+00:00,-0.001900222831313858,-0.0014766370858933862,4.0196902859471904e-05,-0.00023189132413999086,-0.00023189132413999086,0.4637826482799817,1.0048084857384088,-0.009441762045100093
2026-07-06 00:00:00+00:00,-0.0018115742323151496,-0.0014653622348400834,3.567191925109387e-05,-0.00019094195836305615,-0.00019094195836305615,0.3818839167261123,1.0283433745438397,-0.020074049739310543
2026-07-07 00:00:00+00:00,0.006786171116608841,0.0071530211834313255,4.1438067291395294e-05,-0.00020414406705692324,-0.00020414406705692324,0.4082881341138465,1.0113835018338484,-0.013594015115110204
2026-07-08 00:00:00+00:00,-0.013340472338718268,-0.012949408839043755,8.737698076516987e-05,-0.00023922024021981624,-0.00023922024021981624,0.47844048043963233,0.9681522212219923,0.06493019669446702
2026-07-09 00:00:00+00:00,-0.008689768582105795,-0.008093604894002055,1.1813020103964839e-05,-0.00030398835410383056,-0.00030398835410383056,0.6079767082076611,0.9775242234520165,0.07677331492748854
2026-07-10 00:00:00+00:00,-0.007950687012015956,-0.007540441761061671,-1.970187709437619e-06,-0.00020413753162244327,-0.00020413753162244327,0.4082750632448865,0.9936641318599819,0.0786937892287128
2026-07-11 00:00:00+00:00,-0.001630290079125074,-0.0010527006426183751,3.0824381005682484e-05,-0.000304206908756176,-0.000304206908756176,0.6084138175123519,1.032371041308164,0.07591546544247241
2026-07-12 00:00:00+00:00,-0.012311692870804691,-0.011804890403535743,9.047218644063487e-05,-0.0003139846389494588,-0.0002832900147601293,0.6279692778989174,1.026374048685208,0.028887701633796538
2026-07-13 00:00:00+00:00,-0.008281009479449652,-0.007740372637042182,1.36946813792603e-05,-0.00029124040759025924,-0.00026309111619647076,0.5824808151805185,1.0311176522979615,0.041369699324340564
2026-07-14 00:00:00+00:00,0.006460613512395019,0.006961052965440026,6.421100668885276e-05,-0.000297524363988112,-0.00026712609574582014,0.5950487279762241,1.0097651743729081,0.023129673468599718
2026-07-15 00:00:00+00:00,-0.013036895895359946,-0.012765649958173877,9.813866045968912e-05,-0.00020019643177469608,-0.00016918816587110252,0.40039286354939213,1.0671317357288597,0.006034354838421702
2026-07-16 00:00:00+00:00,-0.005239157270549022,-0.004896849966468513,7.963858611575478e-05,-0.0002109729450981376,-0.0002109729450981376,0.42194589019627515,1.045727200719737,-0.0032485080857222065
2026-07-17 00:00:00+00:00,0.005721196119055971,0.006185069606854152,0.00012377872794218424,-0.0003097150924504907,-0.00027793712328979614,0.6194301849009815,1.0146487623420177,-0.009294842988940457
2026-07-18 00:00:00+00:00,0.007167547016923903,0.0077284670499982305,-3.586329491028433e-07,-0.0002956743578992605,-0.00026488704222593385,0.5913487157985211,1.0035646081107512,-0.022213766313721135
2026-07-19 00:00:00+00:00,-0.005090311295386063,-0.004538166156284425,2.2139146420841563e-05,-0.0003022894485370457,-0.00027199483698543047,0.6045788970740912,1.0031356413093315,-0.022128297733001945
2026-07-20 00:00:00+00:00,0.0005968883604150488,0.000913409123505866,4.863213738485425e-05,-0.00019758273969645035,-0.00016757016077923018,0.3951654793929007,0.9967924671163231,-0.005990809825902661
2026-07-21 00:00:00+00:00,0.006816866220331397,0.007414198646357902,1.0336791201084891e-05,-0.00030383460861380806,-0.00030383460861380806,0.6076692172276161,0.9844197430240572,0.0035722323908500145
2026-07-22 00:00:00+00:00,0.005572462488057761,0.005912025550395865,5.3102653975118864e-05,-0.00019633285815661087,-0.00019633285815661087,0.3926657163132217,1.0045204669853003,-0.005209771930917705
2026-07-23 00:00:00+00:00,-0.00042273712094376137,0.00013141742774386005,3.915831028236344e-05,-0.00031188950881885243,-0.00028142335015108553,0.6237790176377049,1.000505874581713,-0.049892270250467184
2026-07-24 00:00:00+00:00,-0.009672013094781051,-0.009418360401680089,9.29655535646217e-05,-0.00018641087683902915,-0.00016020736982653048,0.3728217536780583,0.9635419594418031,-0.08356048897378401
2026-07-25 00:00:00+00:00,0.0017427262340656835,0.0024742490478812684,9.522744257111351e-05,-0.00041670313564453796,-0.0004100471207422476,0.8334062712890759,1.012127467929049,0.035636365784955264
2026-07-26 00:00:00+00:00,0.010139095497337047,0.010433302258549021,7.15375461379702e-05,-0.0001988906815546864,-0.000166853625795289,0.39778136310937284,1.0103539558300134,0.04017458618700669
2026-07-27 00:00:00+00:00,-0.015844516487369398,-0.01554675379190019,8.338488636916776e-05,-0.00020517572098795422,-0.00017597186085044694,0.41035144197590845,1.0376836885459313,0.04632852562569687
2026-07-28 00:00:00+00:00,-0.007686544392646377,-0.007422396924048236,0.00013978997069490821,-0.0002019687196465156,-0.0002019687196465156,0.40393743929303116,0.997831225821673,0.038291535034737714
2026-07-29 00:00:00+00:00,-0.006015931559620213,-0.00560724172336579,0.00010554546608299054,-0.00026031316561168455,-0.00025392213672577237,0.5206263312233691,1.038578110985086,-0.15178104163603967
2026-07-30 00:00:00+00:00,0.0025181616282965447,0.0029405331258815825,-2.1723580414226398e-05,-0.00020032395858539934,-0.00020032395858539934,0.4006479171707986,1.0302460001451896,-0.11854915004924753
2026-07-31 00:00:00+00:00,-0.004496329289140455,-0.0037909101878988126,6.655402449369709e-06,-0.0003596474285339824,-0.00035242707515705977,0.7192948570679647,1.0353768622695176,0.023106178614670958
2026-08-01 00:00:00+00:00,0.0026838233476647044,0.0032576208312250416,9.547087670513215e-05,-0.0003346341801327305,-0.0003346341801327305,0.6692683602654611,0.9681060177307879,-0.0635919273702922
2026-08-02 00:00:00+00:00,-0.005377897916244323,-0.004833817456039822,7.268538939840024e-05,-0.00030838292480146723,-0.00030838292480146723,0.6167658496029345,0.947383660839285,-0.04947620013963039
2026-08-03 00:00:00+00:00,-0.005498007476761102,-0.004969238324616434,7.446523969939617e-05,-0.0003016171959220486,-0.0003016171959220486,0.6032343918440972,1.0199105221462543,-0.017191712564237592
2026-08-04 00:00:00+00:00,0.0004321697706179961,0.0007944901087956398,3.5639597144180256e-05,-0.00021350297576266423,-0.00018445695955919406,0.4270059515253285,0.9799027970150667,0.08189102453793902
2026-08-05 00:00:00+00:00,-0.0075132503078545465,-0.007394706150172255,6.16240681824241e-05,-9.008411293238052e-05,-9.008411293238052e-05,0.18016822586476103,0.9822499329181327,0.0859534951740643
2026-08-06 00:00:00+00:00,0.006866289247393187,0.007151708747471098,0.00012778962939208712,-0.0002234504453779232,-0.00018975868409208915,0.4469008907558464,0.9827797922017707,0.09477703047158278
2026-08-07 00:00:00+00:00,0.0012265106400950465,0.001365385156954856,3.4827538080573476e-05,-8.68510274701725e-05,-8.68510274701725e-05,0.173702054940345,0.9765737638285253,0.09367818874575665
2026-08-08 00:00:00+00:00,0.0015222883036352108,0.0019652839743631713,-7.776072764602669e-06,-0.0002346782665712324,-0.00020054133139213188,0.4693565331424647,0.9788749253144734,0.1010566477846486
2026-08-09 00:00:00+00:00,0.0030305684240539144,0.0036159646961813684,-1.7548177555954865e-05,-0.0002839240472858042,-0.0002839240472858042,0.5678480945716083,1.00527071247963,0.09258265891182405
2026-08-10 00:00:00+00:00,-0.0011646959538963442,-0.0002621564207705998,8.79212057388446e-06,-0.00048569901010126214,-0.0004256326435984132,0.9713980202025241,1.0119855904802102,0.09603298763859802
2026-08-11 00:00:00+00:00,0.0006797480793008237,0.00149183624426783,3.6443194151052646e-05,-0.00042426567955907574,-0.00042426567955907574,0.8485313591181515,0.9765492924384388,0.06269012566373691
2026-08-12 00:00:00+00:00,-0.005790129305236036,-0.005171801045211,-5.841798835565745e-05,-0.00029345477692864844,-0.00026645549474070893,0.5869095538572968,1.0254756375980145,0.013920410733297936
2026-08-13 00:00:00+00:00,0.008014201554366052,0.008560105189004115,6.332518989591771e-05,-0.00030461441226704405,-0.00030461441226704405,0.6092288245340881,0.9854045118032991,0.03424868165915878
2026-08-14 00:00:00+00:00,-0.005550563438721956,-0.005142517825913862,0.00011884915091833996,-0.0002947284044590551,-0.00023216635926742214,0.5894568089181101,0.9999593651534812,-0.0019406076218974981
2026-08-15 00:00:00+00:00,-0.001862098046119809,-0.001502221502167988,0.00020593518871823006,-0.0002969677283797317,-0.00026884400429028716,0.5939354567594634,0.9919684142507654,0.017968748479385864
2026-08-16 00:00:00+00:00,-0.007618784307197979,-0.007066903475938666,4.658237410265216e-05,-0.0002992316026809947,-0.0002992316026809947,0.5984632053619894,1.0131073507071804,0.02136443219460053
2026-08-17 00:00:00+00:00,-0.0009491013460167785,-0.0008029913740860243,4.5239419520335034e-05,-9.567469572553077e-05,-9.567469572553077e-05,0.19134939145106153,1.0076389835398314,0.022405620774365455
2026-08-18 00:00:00+00:00,-0.0040936710442076585,-0.0033945869835258356,7.273818746146646e-05,-0.00040004104054865874,-0.0003717812075946475,0.8000820810973174,1.0313540051108008,0.020351079526500757
2026-08-19 00:00:00+00:00,-0.0022384626230136373,-0.0019404469027786723,6.862321503984812e-05,-0.00019862987701409814,-0.0001680090582606975,0.39725975402819624,1.0322468984204438,0.006840007899041003
2026-08-20 00:00:00+00:00,0.004318317736669242,0.005298651053910366,-1.1075727688532309e-05,-0.0004999994301225448,-0.0004692581594299775,0.9999988602450893,1.081642696467786,-0.020049435590448243
2026-08-21 00:00:00+00:00,0.0347434509054132,0.03497365727534478,-5.52630484278188e-06,-0.00011234003254440517,-0.00011234003254440517,0.22468006508881028,1.064165974016698,-0.021240695931734194
2026-08-22 00:00:00+00:00,-0.004665172170812859,-0.004205696789764094,0.00014690756462347525,-0.0003196791975903805,-0.00028670374808189805,0.6393583951807609,1.16577450179369,-0.033157679726870684
2026-08-23 00:00:00+00:00,0.003815842928869051,0.004589947461928709,0.0002942017511669989,-0.0005836353190552915,-0.00048467096517137206,1.167270638110583,1.0135041763929007,-0.11572225497594175
2026-08-24 00:00:00+00:00,0.009326827353049572,0.009907282106806536,4.6627157840251455e-05,-0.0003135409557986371,-0.0003135409557986371,0.6270819115972741,1.008400075152433,-0.09473716099815174
2026-08-25 00:00:00+00:00,0.001957814550874959,0.002520129544397267,3.348818785039813e-06,-0.0002972845047976274,-0.00026837930750982626,0.5945690095952548,0.9994676513966932,-0.08261904239301895
2026-08-26 00:00:00+00:00,-0.007325538955685662,-0.006972407075371046,0.00010769375662157799,-0.00025818951378319327,-0.00020263612315299007,0.5163790275663865,0.9552528337941946,-0.1106453899622717
2026-08-27 00:00:00+00:00,-0.00039129820865591025,0.00047043590935434156,7.049533358627406e-05,-0.0004803699171938998,-0.0004518595344026694,0.9607398343877994,0.9990637644626157,-0.07404076654456254
2026-08-28 00:00:00+00:00,-0.010127288938873935,-0.009858961737640783,0.00017602841651144272,-0.00022217780887231594,-0.00022217780887231594,0.44435561774463184,1.022790940306982,-0.02352854791110702
2026-08-29 00:00:00+00:00,-0.004268002502095469,-0.004313459515708143,0.00024399931885585449,-9.927115262156445e-05,-9.927115262156445e-05,0.19854230524312888,0.992904882924893,-0.02159222184769544
2026-08-30 00:00:00+00:00,-0.009029997508436138,-0.009111445592602189,0.0002507720918094733,-9.910876968565298e-05,-7.02152379578149e-05,0.19821753937130596,1.017089469645621,-0.025338479326430966
2026-08-31 00:00:00+00:00,-0.023260608387733583,-0.023401388495416373,0.00030634619964302285,-9.772812724358581e-05,-6.783796471667722e-05,0.19545625448717163,1.041246944206193,-0.04599832106235322
