time,ret,price,funding,fee,slip,traded,gross,net
2024-01-02 00:00:00+00:00,0.004246423481553796,0.005071703513784329,0.00010727622215105842,-0.0005,-0.00043255625438159403,1.0,1.0319852587722322,-0.11848757503873177
2024-01-03 00:00:00+00:00,-0.00832922161369054,-0.00787870202264039,0.00016778441794294382,-0.00034448072595978207,-0.0002738232830333453,0.6889614519195643,0.9096762055658072,0.01025360296297078
2024-01-04 00:00:00+00:00,0.0034061878709898963,0.0032238197498418645,0.00018236812114800127,0.0,0.0,0.0,0.8346539645051667,0.013431671914849301
2024-01-05 00:00:00+00:00,0.001834535339075849,0.001773345962893608,0.00013676070050419955,-3.7785662161005306e-05,-3.7785662161005306e-05,0.07557132432201061,0.9312949417336768,0.09061011474218117
2024-01-06 00:00:00+00:00,0.002077878014968837,0.0019877243800113836,0.0002762016506582201,-0.00010955508869169475,-7.649292700902633e-05,0.2191101773833895,0.905073663265361,0.09370736049238478
2024-01-07 00:00:00+00:00,-0.0013980349019854232,-0.001555096578330531,0.0003530856360210419,-9.801197983797903e-05,-9.801197983797903e-05,0.19602395967595806,0.9134819066694803,0.10037888418507068
2024-01-08 00:00:00+00:00,0.0037523136584360905,0.0036153287319872825,0.0003223864519753287,-9.270076276330222e-05,-9.270076276330222e-05,0.1854015255266044,0.8859066198515155,0.10191173078439587
2024-01-09 00:00:00+00:00,5.1571208426137716e-05,-7.3872816741762e-05,0.00016840643752081744,-2.1481206176471207e-05,-2.1481206176471207e-05,0.0429624123529424,0.9865312688797324,0.058872409493411444
2024-01-10 00:00:00+00:00,-0.00022998617120995046,-7.85600048597773e-05,1.9654381410991703e-05,-8.55402738805552e-05,-8.55402738805552e-05,0.1710805477611104,0.9585561221671981,0.05171070691051391
2024-01-11 00:00:00+00:00,0.004767532322019763,0.005334599157943965,2.251416957110285e-05,-0.00031300972658955366,-0.0002765712789058338,0.6260194531791071,1.1035646194084143,0.1410446859472901
2024-01-12 00:00:00+00:00,0.014353081591000239,0.014736378520064687,3.486419311470185e-05,-0.00022944506319659994,-0.00018871605898262118,0.45889012639319987,1.0697455164471308,0.09234635918164892
2024-01-13 00:00:00+00:00,-0.000435383105547249,0.00020112462853782214,-1.5464653852680857e-05,-0.0003105215401161702,-0.0003105215401161702,0.6210430802323403,0.9635818586457782,0.16313289105743625
2024-01-14 00:00:00+00:00,-0.0014278338180772066,-0.0012965322151993722,3.227897253360074e-05,-8.179028770569106e-05,-8.179028770569106e-05,0.1635805754113821,0.9812858211046576,0.14875563717548307
2024-01-15 00:00:00+00:00,-0.013513062610412963,-0.013318229874295014,-2.0632580151173343e-05,-8.71000779833797e-05,-8.71000779833797e-05,0.17420015596675936,0.9595158674075485,0.1413008951828365
2024-01-16 00:00:00+00:00,0.00021534457369210003,0.0003615880142776684,2.3157887620619663e-05,-8.470066410308425e-05,-8.470066410308425e-05,0.16940132820616852,0.9872363119856933,0.13917146507202582
2024-01-17 00:00:00+00:00,0.002016023946305401,0.002028110427105705,0.00016880431487896507,-9.044539783963844e-05,-9.044539783963844e-05,0.18089079567927688,0.990013590031551,0.14202966484598337
2024-01-18 00:00:00+00:00,-0.009152469030894395,-0.009269063047353183,0.00011659401645882051,0.0,0.0,0.0,0.9810861127182949,0.13398691286921047
2024-01-19 00:00:00+00:00,-0.0033718114312888403,-0.002928976811229399,-3.5442132826601196e-05,-0.00021959399207545672,-0.00018779849515735455,0.4391879841509135,0.9242639624806273,0.11620172110665943
2024-01-20 00:00:00+00:00,0.01173265653511657,0.012130436542568708,-2.20263550328088e-05,-0.0001878768262096711,-0.0001878768262096711,0.3757536524193421,0.9966411211825816,0.056823277400413714
2024-01-21 00:00:00+00:00,-0.01092798283802976,-0.010510311609795635,0.00012307229530091662,-0.00028570224001218844,-0.00025504128352290666,0.5714044800243767,1.0129869894582746,0.06314439083121733
2024-01-22 00:00:00+00:00,0.0012049410953667294,0.0016903917223630716,7.594983399130192e-05,-0.0002974559658914984,-0.00026394449509604956,0.594911931782997,0.983094639914031,0.09626835968888181
2024-01-23 00:00:00+00:00,-0.004920616535799116,-0.004728469285694303,0.00017333502734938138,-0.0001994799638674597,-0.00016600231358671158,0.39895992773491934,0.931613355777135,0.09723676222732322
2024-01-24 00:00:00+00:00,-0.006899891345391818,-0.006703322846589493,0.0001963297648280204,-0.00019644913181518338,-0.00019644913181518338,0.39289826363036673,0.9326699063070597,0.09516263590529295
2024-01-25 00:00:00+00:00,-0.006948757955303475,-0.006872998606235703,9.808465542416144e-05,-8.692200224597536e-05,-8.692200224597536e-05,0.17384400449195073,0.9488038680186176,0.08622316788647541
2024-01-26 00:00:00+00:00,0.0015277556669612835,0.0019380747354602091,-1.4320472679829331e-05,-0.0001979992979095497,-0.0001979992979095497,0.3959985958190994,0.9424803483976293,0.09732600031186242
2024-01-27 00:00:00+00:00,-0.008301603189999285,-0.008084893301135942,-3.684882578840778e-05,-8.99305315374622e-05,-8.99305315374622e-05,0.17986106307492442,0.9898283537466948,0.07769115288655602
2024-01-28 00:00:00+00:00,-0.005184667064043524,-0.004779349534486525,-3.378358887773734e-05,-0.00020083449770107084,-0.0001706994429782159,0.4016689954021417,0.9999799004380138,0.10266765620416476
2024-01-29 00:00:00+00:00,-0.007495151286807444,-0.007285460669907202,-2.8165452926182927e-05,-9.076258198704557e-05,-9.076258198704557e-05,0.18152516397409116,0.993983065128618,0.10355234188134949
2024-01-30 00:00:00+00:00,-0.002415959438140658,-0.0020853968715406463,7.438325385403041e-06,-0.00018300157774239748,-0.00015499931424296667,0.36600315548479495,1.030544989624394,0.09433449548356551
2024-01-31 00:00:00+00:00,0.014959444234341701,0.015618281060100063,-2.0302347012489307e-05,-0.00031926723937298094,-0.00031926723937298094,0.6385344787459619,0.9874915863189191,0.0893470735854172
2024-02-01 00:00:00+00:00,-0.0018756721630863726,-0.0016917380655514674,-6.093785231752407e-07,-0.00010863830609574783,-7.468641291602995e-05,0.21727661219149566,0.9722192074621417,0.09690644257658704
2024-02-02 00:00:00+00:00,0.01383060115239143,0.014364249060321056,-3.0609362011783086e-06,-0.00030967800572269654,-0.00022090896600564241,0.6193560114453931,0.9720163809508442,0.1093517754855334
2024-02-03 00:00:00+00:00,0.0015934672171402653,0.002175097102779314,-2.996715449506108e-05,-0.00028957617120727047,-0.00026208655993671383,0.5791523424145409,0.9972733205350982,0.10504647509646792
2024-02-04 00:00:00+00:00,-0.008336956844511856,-0.0077810746401456455,-1.720581280625515e-06,-0.00030700556953030145,-0.0002471560535552366,0.6140111390606029,0.9939006901333162,0.0816555988324736
2024-02-05 00:00:00+00:00,0.010926315425725308,0.01106803174013204,8.40352255870442e-05,-0.0001128757699968701,-0.0001128757699968701,0.2257515399937402,0.9845735780363315,0.10033726613951494
2024-02-06 00:00:00+00:00,0.00019476509832849764,0.00029337144256311713,9.86600260330628e-05,-9.863318513383432e-05,-9.863318513383432e-05,0.19726637026766863,1.0051833093300766,0.13388873764638137
2024-02-07 00:00:00+00:00,-0.005768506298876486,-0.005355657362741498,-6.967701710821759e-06,-0.0002029406172120838,-0.0002029406172120838,0.40588123442416757,1.0056079807280147,0.10820605044063682
2024-02-08 00:00:00+00:00,0.0028460148092448456,0.0030557665738275494,-2.9963085938639208e-05,-8.989433932206939e-05,-8.989433932206939e-05,0.17978867864413875,1.0244190833586388,0.11222380514662969
2024-02-09 00:00:00+00:00,0.005839211910690034,0.007000001581595046,-0.0005834953620342088,-0.0003038961215783366,-0.0002733981872924342,0.607792243156673,1.000051882204897,0.11124412019142493
2024-02-10 00:00:00+00:00,0.0068566329769772505,0.007633943751142107,-0.0003756755896746188,-0.00020081759224511688,-0.00020081759224511688,0.40163518449023383,1.0167156784631681,0.10322526938696859
2024-02-11 00:00:00+00:00,0.017759663455872543,0.01861746147457863,-0.0004115192947177977,-0.00022313936199417606,-0.00022313936199417606,0.4462787239883521,0.9630135492655523,0.07322462136812578
2024-02-12 00:00:00+00:00,0.002156366975994972,0.0022524293338512706,-5.36626201311532e-05,-2.11998688625491e-05,-2.11998688625491e-05,0.04239973772509819,1.0080972997198365,0.033006139627381
2024-02-13 00:00:00+00:00,-0.005030614248289655,-0.004495599883540213,-0.0001372752783358309,-0.00019886954320678647,-0.00019886954320678647,0.397739086413573,1.045269028430253,0.02941560520518777
2024-02-14 00:00:00+00:00,-0.009796699672055542,-0.009492940224665071,0.00010872990883546656,-0.0002062446781129839,-0.0002062446781129839,0.41248935622596783,1.0309733468069366,0.029365178552752978
2024-02-15 00:00:00+00:00,0.011086013328521105,0.011482343262493292,-1.4484173810156069e-05,-0.00020719617653034957,-0.00017464958363171284,0.41439235306069916,1.036320920759327,0.08114196884196347
2024-02-16 00:00:00+00:00,-0.00616002140282379,-0.006017062594189245,4.2720402152245435e-05,-9.283960539339454e-05,-9.283960539339454e-05,0.18567921078678906,1.055462997544568,0.07939041070398371
2024-02-17 00:00:00+00:00,0.0026835989308950925,0.0027240337868164955,0.00016743987488487187,-0.00010393736540318338,-0.00010393736540318338,0.20787473080636676,1.009526380925151,0.11490447587568202
2024-02-18 00:00:00+00:00,-0.006247310388487581,-0.006464397782315819,0.00021708739382828702,0.0,0.0,0.0,1.0167466969186265,0.10912179582201555
2024-02-19 00:00:00+00:00,-0.002973624606971592,-0.002559573364107998,0.00016990866472870624,-0.0002919799537961517,-0.0002919799537961517,0.5839599075923033,1.0419646248329157,0.09864514289006347
2024-02-20 00:00:00+00:00,0.0018293953830534893,0.0017602901818779247,0.0002594693045735073,-9.518205169898091e-05,-9.518205169898091e-05,0.1903641033979618,1.0354103488715662,0.10852435876898515
2024-02-21 00:00:00+00:00,0.001992972077496713,0.002369725945526839,2.671047002071024e-05,-0.000201732169025416,-0.000201732169025416,0.403464338050832,1.0299126431645358,0.1329803375265394
2024-02-22 00:00:00+00:00,0.004019457287256056,0.003922223652703597,9.723363455255745e-05,0.0,0.0,0.0,1.0096710180796085,0.136354490130239
2024-02-23 00:00:00+00:00,0.01433591052048322,0.01427168302289578,0.0002771056439633526,-0.00010643907318791215,-0.00010643907318791215,0.21287814637582428,1.011162134114716,0.15411518807371088
2024-02-24 00:00:00+00:00,0.005551497758210511,0.00546292274364047,0.00027096392134443644,-9.119445338719906e-05,-9.119445338719906e-05,0.18238890677439812,0.9975198649973986,0.16472637090621037
2024-02-25 00:00:00+00:00,-0.01002018602037058,-0.01019202593712647,0.0004037814815953254,-0.00011597078241973351,-0.00011597078241973351,0.231941564839467,1.0133179036857733,0.15211571398010867
2024-02-26 00:00:00+00:00,-0.003442004017611522,-0.0035603353330759557,0.00011833131546446041,0.0,0.0,0.0,1.0340036084987712,0.14906847292975622
2024-02-27 00:00:00+00:00,-0.004252429637571886,-0.004408998494769991,0.00015656885719810522,0.0,0.0,0.0,1.0599925031687922,0.1452772557429729
2024-02-28 00:00:00+00:00,-0.005693920638564998,-0.00587042176415192,0.00019064164481024488,-1.0100370873800717e-05,-4.040148349520286e-06,0.02020074174760143,1.0538026399510687,0.1198887291404037
2024-02-29 00:00:00+00:00,0.009491308095009865,0.009790381972260509,7.896950755300541e-05,-0.00020598481187805788,-0.0001720585729256094,0.4119696237561157,1.0595311684320559,0.14018593661647497
2024-03-01 00:00:00+00:00,-0.0015075223638162383,-0.0011394910183532272,4.086056128478077e-05,-0.0002257693643384445,-0.00018312254240939068,0.4515387286768889,1.0044639762952414,0.08044851053499719
2024-03-02 00:00:00+00:00,-0.00861764538370624,-0.008759571405294434,0.00014192602158815708,0.0,0.0,0.0,1.046411716245207,0.07231209915719082
2024-03-03 00:00:00+00:00,-0.011145701357703985,-0.011145948796753548,0.00018511967745324693,-9.243611920185795e-05,-9.243611920185795e-05,0.1848722384037159,1.1173433492176323,0.0669106059299222
2024-03-04 00:00:00+00:00,0.017268123726215556,0.018219786583671918,-0.0003203633668935167,-0.00034909371019495273,-0.0002822057803677956,0.6981874203899053,1.0218506276548498,0.11154751868485431
2024-03-05 00:00:00+00:00,-0.018219109539763356,-0.017991842336628962,3.066437977523629e-05,-0.0001289657914548055,-0.0001289657914548055,0.257931582909611,0.9827357186305896,0.030706211551286448
2024-03-06 00:00:00+00:00,0.0251350058326667,0.025168498644668486,-3.3492812001879544e-05,0.0,0.0,0.0,0.914948728065943,0.0545047334039391
2024-03-07 00:00:00+00:00,0.009336429360775167,0.009240472895978978,0.000116587396145988,-1.0315465674949802e-05,-1.0315465674949802e-05,0.0206309313498996,1.0073556171496754,0.04271546502817039
2024-03-08 00:00:00+00:00,0.0009676907595224105,0.0008539763086580682,0.00033713409054931376,-0.00011170981984253816,-0.00011170981984253816,0.2234196396850763,1.0108437010131952,0.019375880839405748
2024-03-09 00:00:00+00:00,0.004552460987583107,0.004618344694508956,0.0003474790424213799,-0.00020668137467358828,-0.00020668137467358828,0.41336274934717654,0.9881728194513273,-0.012043115317226738
2024-03-10 00:00:00+00:00,-0.005093787774519409,-0.005076128120028949,0.000375451064202244,-0.00019655535934632484,-0.00019655535934632484,0.3931107186926496,0.9964157896420381,-0.006432406686396816
2024-03-11 00:00:00+00:00,0.007429810014087712,0.007472202532862349,0.0001641488586404133,-0.0001032706887074988,-0.0001032706887074988,0.2065413774149976,1.0003376450627848,-0.006966083250501928
2024-03-12 00:00:00+00:00,-0.030962018071760244,-0.03142721980885319,0.0004652017370929948,0.0,0.0,0.0,1.1015271475390185,-0.039620018797362586
2024-03-13 00:00:00+00:00,-0.008396317536033981,-0.00832347624775238,0.00036275786862363825,-0.0002177995784526232,-0.0002177995784526232,0.4355991569052464,1.066110074435214,-0.052677165263612095
2024-03-14 00:00:00+00:00,0.014136316862766618,0.013968108343498885,0.0001895250020201205,-1.0658241376162715e-05,-1.0658241376162715e-05,0.02131648275232543,1.057436402266677,-0.017150134433200778
2024-03-15 00:00:00+00:00,-0.0018520779612023475,-0.0017144458871946712,0.00026671999966463124,-0.00021729202438331775,-0.00018706004928896312,0.4345840487666355,1.0043461358876968,-0.0171882150564795
2024-03-16 00:00:00+00:00,-0.0033348902438194994,-0.003421377462344707,8.648721852518228e-05,0.0,0.0,0.0,0.9775040971136469,-0.020678553224227868
2024-03-17 00:00:00+00:00,0.004672146121412091,0.005109865815697448,-3.0146019562542245e-05,-0.00020378683736144363,-0.00020378683736144363,0.40757367472288725,0.8847483555598615,-0.0057459334881630976
2024-03-18 00:00:00+00:00,0.015469537946608103,0.015483706179106766,1.6140578620281013e-05,-1.5154405559463446e-05,-1.5154405559463446e-05,0.03030881111892689,0.9468995077972334,0.0394365190814578
2024-03-19 00:00:00+00:00,0.007703992007521476,0.007756039226703129,-5.204721918154271e-05,0.0,0.0,0.0,0.9214454683999259,0.04683176675140998
2024-03-20 00:00:00+00:00,-0.006427336433179165,-0.0062014951279756115,-4.120825926120972e-05,-0.00010592994025984475,-7.870310568254549e-05,0.21185988051968951,0.8565552697899346,0.025364479530645315
2024-03-21 00:00:00+00:00,-0.000729040365105571,-0.00047550999456369815,3.7938104242232647e-07,-0.00014312567277295496,-0.00011078407881132544,0.28625134554590986,1.0519838108922313,-0.06859004934681717
2024-03-22 00:00:00+00:00,-0.010177033841928806,-0.010061641061560338,9.81374644808873e-05,-0.00010676512242470529,-0.00010676512242470529,0.2135302448494106,1.0216716191155613,-0.11046024945099817
2024-03-23 00:00:00+00:00,0.01500323138309434,0.014912226601285633,9.10047818086967e-05,0.0,0.0,0.0,0.9891219081759588,-0.094135683410105
2024-03-24 00:00:00+00:00,0.00851397488609118,0.008413788941853987,0.00010018594423712183,0.0,0.0,0.0,0.9913537399632757,-0.08499822174296902
2024-03-25 00:00:00+00:00,-0.003979236146666731,-0.003123744517614681,-0.00014171682696109756,-0.00039070626478231684,-0.0003230685373086821,0.7814125295646336,1.0375684243659278,0.14800221134409697
2024-03-26 00:00:00+00:00,0.004858858710477643,0.005227847077515838,-0.00018639420877150916,-9.129707913333781e-05,-9.129707913333781e-05,0.1825941582666756,1.0691228027317405,0.15370125467230314
2024-03-27 00:00:00+00:00,-0.004706860934409862,-0.004216974763329695,-8.871365292863843e-05,-0.00021925481077658004,-0.0001819177073749598,0.43850962155316003,1.039266883967871,0.10090270961973584
2024-03-28 00:00:00+00:00,-0.0003602979324470734,0.00022963165265436382,-6.580274937091202e-05,-0.00029211551636682833,-0.00023201131936369834,0.5842310327336567,1.0134328386685543,0.11741766387460371
2024-03-29 00:00:00+00:00,0.004545774786003154,0.005039829852071095,-0.00011765202607479863,-0.0002013425127827132,-0.0001750605272104527,0.4026850255654264,1.030103044344639,0.10263674638591848
2024-03-30 00:00:00+00:00,0.023748688668673523,0.024380856265056643,-0.0002756907763497393,-0.00019292857719052235,-0.0001635482428428747,0.38585715438104473,1.0456444970921275,0.11832685801784273
2024-03-31 00:00:00+00:00,-0.0051284174769515856,-0.004438379820580077,-8.129387536327683e-05,-0.0003203084073817696,-0.00028843537362643917,0.6406168147635393,0.9829502114502278,0.05429824004220262
2024-04-01 00:00:00+00:00,-0.0008928114164534762,-0.0004449495041898637,-8.652460599035676e-05,-0.00019490275951606096,-0.00016643454675716352,0.38980551903212185,1.0321777233048781,0.05068577253734021
2024-04-02 00:00:00+00:00,0.0007124210119602292,0.0012119927382931229,-6.241123811913138e-05,-0.00021858024410685432,-0.00021858024410685432,0.4371604882137086,0.9550294810522518,0.014376225149776677
2024-04-03 00:00:00+00:00,0.01714019200452155,0.01772932761751058,-7.041986624319998e-05,-0.0002893327958840522,-0.00022938295086173398,0.5786655917681044,0.9223055765980339,0.004043511166990205
2024-04-04 00:00:00+00:00,-0.007237841886452601,-0.006847102193999605,-2.1153670886132774e-06,-0.0001943121626822168,-0.0001943121626822168,0.38862432536443364,0.9197459123443416,-0.0091610098753781
2024-04-05 00:00:00+00:00,0.018092670708367065,0.018521053049224735,-3.2519925425742356e-05,-0.0001979312077159119,-0.0001979312077159119,0.3958624154318238,0.9378492367688909,0.009972178783106066
2024-04-06 00:00:00+00:00,0.004087907427197779,0.004336299629049358,-6.673819819405634e-06,-0.00012085919101604577,-0.00012085919101604577,0.24171838203209156,0.9833052228855623,-0.04389924587289473
2024-04-07 00:00:00+00:00,-0.00023919326530019713,0.000121751821255053,2.3175368647998417e-05,-0.0002063583931866346,-0.00017776206201656453,0.4127167863732692,1.0216197546547319,-0.05408130483301533
2024-04-08 00:00:00+00:00,-0.00967018372275441,-0.009699900166701076,2.9716443946691415e-05,0.0,0.0,0.0,1.0441452785877046,-0.06440400354649174
2024-04-09 00:00:00+00:00,-0.0068531132261761,-0.006600019332462645,0.00012127974243542243,-0.00020135116702698703,-0.0001730224691218828,0.4027023340539741,1.0852865672996845,-0.06444789888005498
2024-04-10 00:00:00+00:00,-0.010890672333163876,-0.01058173694281059,7.552641546167625e-05,-0.00020702400561754494,-0.00017743780019742014,0.4140480112350899,1.0360062099844654,-0.0723911641631804
2024-04-11 00:00:00+00:00,0.015624952212987875,0.01579681952302159,0.00022842762502517188,-0.00020014746752939434,-0.00020014746752939434,0.40029493505878866,1.0104220346071426,-0.05128073121729494
2024-04-12 00:00:00+00:00,0.01975056911801154,0.01984450044050307,6.948452855490332e-05,-9.624866736295712e-05,-6.716718368346396e-05,0.19249733472591424,0.9796489251559849,-0.03217988291249272
2024-04-13 00:00:00+00:00,0.026791339725350305,0.026871544865696324,0.0001547052823494252,-0.00011745521134773969,-0.00011745521134773969,0.2349104226954794,0.8433322676274815,-0.024490911682875458
2024-04-14 00:00:00+00:00,0.016657531105362278,0.016989447713724452,0.00026817046510902375,-0.00031464816019768536,-0.00028543891327356105,0.6292963203953708,0.8382074219160885,0.009813138056962933
2024-04-15 00:00:00+00:00,-0.01433149632208408,-0.014446792517467416,0.00019689225080500485,-4.0798027710858576e-05,-4.0798027710858576e-05,0.08159605542171715,0.9923206325569035,-0.025968530759729082
2024-04-16 00:00:00+00:00,0.006112360572800402,0.005998187027157393,0.0003318434268507039,-0.0001088349406038638,-0.0001088349406038638,0.21766988120772757,0.9571957257706919,-0.02016607662243548
2024-04-17 00:00:00+00:00,0.0043938143842296995,0.004361795807827609,0.00019945049478090182,-9.739693940328033e-05,-7.003497897564193e-05,0.19479387880656068,0.9650905880274168,-0.00340849523026533
2024-04-18 00:00:00+00:00,0.0015224313000583578,0.0016638949708855865,1.694661273850791e-05,-9.46208086765958e-05,-6.378947488911628e-05,0.18924161735319162,0.9485227707103853,0.014533880802248033
2024-04-19 00:00:00+00:00,-0.013863846112339706,-0.013796277716305785,0.0001252356741909336,-0.00011119382220743943,-8.161024801744493e-05,0.22238764441487885,1.0138399524835375,0.02626556126698476
2024-04-20 00:00:00+00:00,-0.007215283469307776,-0.007172382995268888,0.0001364448095806513,-0.00010520310621958523,-7.41421773999492e-05,0.21040621243917046,1.0250109060650223,0.01587436265658029
2024-04-21 00:00:00+00:00,-0.014194710614207184,-0.014118777844261271,9.06210838737211e-05,-9.919665518395096e-05,-6.735719863565455e-05,0.19839331036790192,1.1195318847298692,0.01585030864407514
2024-04-22 00:00:00+00:00,0.009189695286638155,0.009321603761499295,7.039496680812433e-05,-0.0001011517208346247,-0.0001011517208346247,0.2023034416692494,1.0874926847594022,0.031044497732733243
2024-04-23 00:00:00+00:00,0.004279136936159,0.004187880792622293,9.125614353663743e-05,0.0,0.0,0.0,1.1148358579175401,0.03508225674471526
2024-04-24 00:00:00+00:00,0.001774267923376316,0.00180946117273198,0.0001927743319165035,-0.0001309036192579321,-9.706396201429269e-05,0.2618072385158642,1.0383957539176518,0.07297177000488403
2024-04-25 00:00:00+00:00,-0.00021991036896407135,1.9773997097018743e-05,0.00013855950754525925,-0.0002055814687231458,-0.00017266240488314851,0.41116293744629157,0.9962347291347936,0.07270700684979033
2024-04-26 00:00:00+00:00,0.00238567376485177,0.0027103417705046963,0.00026439243284824587,-0.0002945302192506298,-0.0002945302192506298,0.5890604385012596,1.0041550659457386,0.060595814397381216
2024-04-27 00:00:00+00:00,-0.00022834768627322255,-0.00020867978284080542,0.0001857710840930371,-0.00010271949376272983,-0.00010271949376272983,0.20543898752545967,1.002205392349194,0.07029432847113162
2024-04-28 00:00:00+00:00,-0.009497578530756168,-0.009443917563253978,0.00016009685510715184,-0.00010687891130468336,-0.00010687891130468336,0.2137578226093667,1.0101751270174253,0.06054593869704317
2024-04-29 00:00:00+00:00,0.0038837592219713724,0.004016727813155724,0.00028657239086585045,-0.0002097704910251375,-0.0002097704910251375,0.419540982050275,1.0200634933868449,0.08266448907705745
2024-04-30 00:00:00+00:00,-0.0014857988568744984,-0.0014772544934414135,0.00020771841424614316,-0.00010813138883961553,-0.00010813138883961553,0.21626277767923105,1.0152329583342643,0.08220871190056132
2024-05-01 00:00:00+00:00,-0.003952667214714989,-0.003885467197900341,0.0003314959284766529,-0.0001993479726456428,-0.0001993479726456428,0.3986959452912856,0.9595267260782505,0.08538978693407505
2024-05-02 00:00:00+00:00,-0.017666960158281064,-0.017278740889112448,-8.251253565710478e-06,-0.0001899840078014276,-0.0001899840078014276,0.37996801560285526,0.9944795174485234,0.08249182345355283
2024-05-03 00:00:00+00:00,-0.004465382041293653,-0.003986208480080649,8.553903958585739e-05,-0.00031258220862483854,-0.00025213039217404187,0.6251644172496771,1.0069941945235052,0.06987537279695659
2024-05-04 00:00:00+00:00,-0.002248653502480824,-0.0020686092364723026,0.0001653236334160993,-0.00018710000992709029,-0.00015826788949748575,0.37420001985418055,1.053409547193126,0.057708276938999103
2024-05-05 00:00:00+00:00,-0.0071120457017762595,-0.006714626596743118,1.734843466919215e-05,-0.00020738376985118118,-0.00020738376985118118,0.4147675397023623,1.0535411569485436,0.042869767245919635
2024-05-06 00:00:00+00:00,-0.003544824316836781,-0.0022204793486623594,-8.717923708028279e-05,-0.0006185828655470953,-0.0006185828655470953,1.2371657310941904,1.0267434406823752,0.018320509988823928
2024-05-07 00:00:00+00:00,0.0003399909740746665,0.0009663651909391284,-5.3097244081002036e-05,-0.00030176463340290553,-0.00027151233938055167,0.603529266805811,1.0110232179965055,0.01621935955726433
2024-05-08 00:00:00+00:00,-0.0026714737769724106,-0.002223116394663758,-5.293491332533321e-05,-0.0001977112344916564,-0.0001977112344916564,0.3954224689833128,0.994634076704733,0.020714410444126186
2024-05-09 00:00:00+00:00,0.006555788694869724,0.006614360035117813,-5.857134024806072e-05,0.0,0.0,0.0,0.9818264509405334,0.027150775730651843
2024-05-10 00:00:00+00:00,-0.005322316240258362,-0.004858954844653232,-5.9396840408390115e-05,-0.00020198227759837586,-0.00020198227759837586,0.4039645551967517,1.0069193152490539,0.020952710848071442
2024-05-11 00:00:00+00:00,0.004927328239612949,0.005132005228035993,-2.123171117349512e-06,-0.00010127690865281026,-0.00010127690865281026,0.20255381730562053,0.9627346075220866,0.02736914854282094
2024-05-12 00:00:00+00:00,-0.0005994664129894689,-0.0005535235184589525,-4.5942894530507e-05,0.0,0.0,0.0,0.9634851007632248,0.026831709733150053
2024-05-13 00:00:00+00:00,-0.0024858209843685586,-0.0019087759636306934,-4.864683459231546e-05,-0.0002932273664045957,-0.00023517081974099984,0.5864547328091912,0.9604294855047684,0.04491160786567889
2024-05-14 00:00:00+00:00,-0.0010587666233775606,-0.0010529131873376451,-5.853436039884371e-06,0.0,0.0,0.0,0.961499761897655,0.043905180017537404
2024-05-15 00:00:00+00:00,-0.0026671167489039638,-0.0023455543521227616,0.00022177499714838735,-0.00028819455110714855,-0.00025514284282241573,0.5763891022142972,0.9387693909643157,0.05888628912102478
2024-05-16 00:00:00+00:00,-0.003874856958809736,-0.0035075903222893507,5.355663075780658e-06,-0.00020251577535444374,-0.00017010652424169994,0.4050315507088874,1.0082839141535642,0.05624587994854881
2024-05-17 00:00:00+00:00,-0.010660204712962251,-0.010201710572470641,-9.562672332136031e-05,-0.00019655385866112544,-0.00016631355850907996,0.39310771732225086,1.0327582484176447,0.042618822710263876
2024-05-18 00:00:00+00:00,0.0013940789290476374,0.002274146935704769,-9.563407766158055e-05,-0.00040718614194587424,-0.0003772477870496059,0.8143722838917485,1.0514287231508126,0.03433217381105581
2024-05-19 00:00:00+00:00,-0.006065492372951176,-0.005602618216661109,-8.170168851703601e-05,-0.0002062623919886293,-0.00017491007578437725,0.4125247839772586,1.0516917982985923,0.02538234226701147
2024-05-20 00:00:00+00:00,0.0012949189143125484,0.0019279081944954602,-4.197840701095759e-05,-0.0003108126103895349,-0.0002801982627824166,0.6216252207790699,1.0069858504108304,0.01618649060846244
2024-05-21 00:00:00+00:00,-0.03148446788349091,-0.03108534949645021,1.0234308270186293e-05,-0.00020467634765543812,-0.00020467634765543812,0.40935269531087626,1.152471386217378,-0.03755306027991333
2024-05-22 00:00:00+00:00,-0.003847002770613339,-0.0026244882511264047,3.7286904346930466e-05,-0.0006794053914260724,-0.0005803960324078239,1.358810782852145,1.0105778504520937,-0.09579063447877903
2024-05-23 00:00:00+00:00,0.004519490328133147,0.004871599321809358,1.8819935136486615e-05,-0.00020012186721176243,-0.00017080706160098818,0.40024373442352484,0.9873566897802529,-0.07298943578211978
2024-05-24 00:00:00+00:00,0.009147051369479353,0.009327907540801867,2.5236667059258406e-05,-0.00010304641919090814,-0.00010304641919090814,0.20609283838181627,0.9502056289483979,-0.057016844512484365
2024-05-25 00:00:00+00:00,0.00313794027038905,0.0032804526137547134,1.7371017498573154e-05,-9.39344877753826e-05,-6.594887308883719e-05,0.18786897555076518,0.959546692438553,-0.05227414777154086
2024-05-26 00:00:00+00:00,0.005051587302640215,0.005037023224526718,1.4564078113541871e-05,0.0,0.0,0.0,0.9758337105172552,-0.046999701451932024
2024-05-27 00:00:00+00:00,0.0033149218440480244,0.0035121387593761914,1.0346424585060714e-05,-0.00010378166995657753,-0.00010378166995657753,0.20756333991315506,0.9531643202713279,-0.035905435075701556
2024-05-28 00:00:00+00:00,-0.0013535768367833878,-0.000992592612512353,-1.3465855279532995e-05,-0.0001898723603838051,-0.00015764600860773323,0.3797447207676102,0.9985382058019214,-0.0057312082878909825
2024-05-29 00:00:00+00:00,0.009885595626869526,0.010209381583396862,-0.00013494823861698698,-9.441885895513378e-05,-9.441885895513378e-05,0.18883771791026754,0.9681008148464932,0.005181651967923201
2024-05-30 00:00:00+00:00,-0.005685423982925264,-0.005682499121446774,-2.924861478467935e-06,0.0,0.0,0.0,0.9541380758779074,-0.0005037109639180119
2024-05-31 00:00:00+00:00,0.0006117434519985476,0.0012101419997229469,-2.9373834103955543e-05,-0.00028451235681018383,-0.00028451235681018383,0.5690247136203677,0.9754163122932188,0.009553818176749556
2024-06-01 00:00:00+00:00,-0.00504253770206331,-0.004795482440469226,-4.280539718705905e-05,-0.00010212493220350911,-0.00010212493220350911,0.2042498644070182,0.9748083235970042,0.009617505830971719
2024-06-02 00:00:00+00:00,-0.0019530915515593161,-0.001763335487968358,-1.016282977091984e-05,-8.979661691003551e-05,-8.979661691003551e-05,0.179593233820071,0.9862144726169039,0.0019968740679628186
2024-06-03 00:00:00+00:00,-0.005547870069915084,-0.005370008097127905,1.4669117346197109e-05,-9.626554506667833e-05,-9.626554506667833e-05,0.19253109013335667,0.977170773177124,-0.0016520140515413407
2024-06-04 00:00:00+00:00,-0.0038877624682005507,-0.003900290909133514,1.252844093291278e-05,0.0,0.0,0.0,0.9813839054876229,-0.005573975252460138
2024-06-05 00:00:00+00:00,0.02742662541387131,0.02793331140203628,-4.7484846785345193e-05,-0.00023280948470373665,-0.000226391656675798,0.4656189694074733,1.0613824163452976,0.10957693353223692
2024-06-06 00:00:00+00:00,-0.004489225871612157,-0.004256139082529453,-5.366031479767314e-05,-8.971323714252353e-05,-8.971323714252353e-05,0.17942647428504704,1.064580337791991,0.11475841307068832
2024-06-07 00:00:00+00:00,0.0002232410712179611,0.0004574090668093521,-3.904053056910059e-05,-9.756373251117106e-05,-9.756373251117106e-05,0.19512746502234213,1.018294604029095,0.14205173137539642
2024-06-08 00:00:00+00:00,-0.007599761476800748,-0.0074348404962462575,4.530310480038142e-06,-8.4725645517251e-05,-8.4725645517251e-05,0.16945129103450196,0.9841767448779986,0.13176859865459606
2024-06-09 00:00:00+00:00,0.014291410928916504,0.014722668602792154,-4.1480942060247894e-05,-0.00019488836590775426,-0.00019488836590775426,0.38977673181550854,0.9681085264401932,0.14843403970966715
2024-06-10 00:00:00+00:00,-0.008741403321232188,-0.008709787722343994,-3.1615598888168435e-05,0.0,0.0,0.0,0.9819413297802099,0.14095640880742105
2024-06-11 00:00:00+00:00,-0.003578807488444302,-0.0034004678754734766,-4.701559103703613e-06,-8.681902693354624e-05,-8.681902693354624e-05,0.17363805386709247,0.9791571568077742,0.12837116075111357
2024-06-12 00:00:00+00:00,-0.03009426478812205,-0.029919898519874616,-3.1646341911035737e-06,-8.560081702817414e-05,-8.560081702817414e-05,0.17120163405634825,0.9740285111086259,0.09325187615392262
2024-06-13 00:00:00+00:00,0.013526339924966324,0.013768460633507916,-2.9793094963125905e-05,-0.00010616380678928175,-0.00010616380678928175,0.21232761357856353,1.0139007971315708,0.11859142356153382
2024-06-14 00:00:00+00:00,0.013308959652359675,0.013874575278619471,-1.8054817237990724e-05,-0.00028990253796396323,-0.00025765827105786904,0.5798050759279263,0.9623896548731704,0.11777387669406733
2024-06-15 00:00:00+00:00,0.0010111040806999316,0.0012497481151116261,-2.093757786441358e-05,-0.00010885322827358546,-0.00010885322827358546,0.21770645654717088,0.9780478070515387,0.08951059546496201
2024-06-16 00:00:00+00:00,0.0009318819228179009,0.0011260765592583097,7.695977999267905e-06,-0.00011634319618767714,-8.554741825210316e-05,0.2326863923753543,0.9832338110232426,0.0631965741410001
2024-06-17 00:00:00+00:00,-0.0006778588750686598,-0.00021529460392964508,-6.731448454880475e-05,-0.00019762489329510177,-0.00019762489329510177,0.3952497865902036,1.0013088582079066,0.08988641772807877
2024-06-18 00:00:00+00:00,-0.001091235312589367,-0.0008433922978992439,-3.212965530121967e-05,-0.00010785667969447818,-0.00010785667969447818,0.21571335938895636,0.9493425244214326,0.08375519996859274
2024-06-19 00:00:00+00:00,-0.004675591354960429,-0.004211620759359396,-5.955233809512181e-05,-0.00020220912875295986,-0.00020220912875295986,0.40441825750591964,0.9151575338600155,0.11044236031663689
2024-06-20 00:00:00+00:00,-0.0015012315353702954,-0.0012919550972793343,-2.540595059108347e-05,-9.193524374994424e-05,-9.193524374994424e-05,0.18387048749988846,0.9702036916227985,0.06916039012046225
2024-06-21 00:00:00+00:00,-0.010591726117485267,-0.010466439734623731,4.61814773335997e-05,-8.573393009758178e-05,-8.573393009758178e-05,0.17146786019516358,0.9909024305705733,0.05174662274888633
2024-06-22 00:00:00+00:00,0.005619211118470302,0.0055558430846796,6.336803379075838e-05,0.0,0.0,0.0,0.9732602621939284,0.05698227042603239
2024-06-23 00:00:00+00:00,0.0031982151852454344,0.0031999208636107144,-1.7056783652000332e-06,0.0,0.0,0.0,0.9672468651954423,0.05999032930748471
2024-06-24 00:00:00+00:00,0.0023772526224907775,0.002385931325574564,-8.678703083788711e-06,0.0,0.0,0.0,0.9457802230137523,0.062228328176708154
2024-06-25 00:00:00+00:00,-0.022324731839826417,-0.02216099690909014,2.520692944853275e-05,-9.447093009239902e-05,-9.447093009239902e-05,0.18894186018479806,0.9564677042363308,0.04615718597061396
2024-06-26 00:00:00+00:00,-0.003052300146100251,-0.0025093308293484846,1.1926889977437221e-05,-0.0002919825709866612,-0.00026291363574254984,0.5839651419733223,0.9899704430047371,0.041095074640865904
2024-06-27 00:00:00+00:00,0.0015531859655182334,0.0023980406898184868,-4.289989898809972e-05,-0.00040097741265609816,-0.00040097741265609816,0.8019548253121962,0.9721373521336845,0.030243371378792298
2024-06-28 00:00:00+00:00,-0.00011922696899524521,0.0003165576055006644,-4.814809643248405e-05,-0.00019381823903168795,-0.00019381823903168795,0.3876364780633759,1.0005376802103747,0.010079017645373008
2024-06-29 00:00:00+00:00,-0.0029452714728928076,-0.0027166684448605735,-3.280317475106798e-05,-9.789992664059093e-05,-9.789992664059093e-05,0.19579985328118188,0.9765937946992922,0.0017235085362062577
2024-06-30 00:00:00+00:00,0.0029397564245181584,0.0029959488507630147,-3.574942352841677e-05,-1.0221501358232452e-05,-1.0221501358232452e-05,0.020443002716464903,0.9829547809922163,-0.01567745742331505
2024-07-01 00:00:00+00:00,-0.00028980023174141056,-7.188065961905368e-05,-2.9913976265949283e-05,-9.40027979282124e-05,-9.40027979282124e-05,0.1880055958564248,1.0112869960652062,-0.016952446767435046
2024-07-02 00:00:00+00:00,0.006989433006485246,0.007069302267995475,-7.98692615103296e-05,0.0,0.0,0.0,0.9947293371321259,-0.009814546384992648
2024-07-03 00:00:00+00:00,0.00033113420646446734,0.0004913518733772556,1.144142427816497e-05,-0.00010162304579751504,-7.003604539337514e-05,0.2032460915950301,1.0061031449076936,-0.0166515916992473
2024-07-04 00:00:00+00:00,-0.001202007400196159,-0.0010075942059351393,1.0616717996079522e-06,-9.773743303032926e-05,-9.773743303032926e-05,0.1954748660606585,0.9655707285979499,-0.014584137683042894
2024-07-05 00:00:00+00:00,0.002333630171247103,0.0023609648936162523,-2.7334722369234433e-05,0.0,0.0,0.0,0.8771661894883818,-0.012194714834958086
2024-07-06 00:00:00+00:00,0.020131517391313913,0.021090667316002527,-0.00011835952301281479,-0.00043477464038028826,-0.00040601576129551634,0.8695492807605765,0.9815860286653459,-0.1595056375939519
2024-07-07 00:00:00+00:00,-0.010984125834215819,-0.010926631043833495,-5.749479038236607e-05,0.0,0.0,0.0,1.0684715769595863,-0.17232510932298326
2024-07-08 00:00:00+00:00,0.01707601513655921,0.01751625023116442,-0.00011111717040628259,-0.0001781804207174801,-0.00015093750348145552,0.35636084143496016,0.9974820440216446,-0.1368412458314765
2024-07-09 00:00:00+00:00,-0.006542908416045878,-0.006461346511889739,-8.156190415610769e-05,0.0,0.0,0.0,1.052878380067069,-0.14424638321810854
2024-07-10 00:00:00+00:00,-0.000984748817261516,-0.0007074430809797808,-4.494773799557227e-05,-0.00011617899914310039,-0.00011617899914310039,0.2323579982862008,1.052787993934642,-0.1332930519036848
2024-07-11 00:00:00+00:00,-0.00508379844860718,-0.004459753163182948,-6.69549435153606e-05,-0.00029604271035367356,-0.0002610476315551859,0.5920854207073472,1.045134163383419,-0.15058119856492438
2024-07-12 00:00:00+00:00,-0.014907135080103218,-0.014572438574958924,4.2623274854343476e-05,-0.00020613412091639074,-0.0001711856590822492,0.41226824183278143,1.0437503362915097,-0.16275602383410373
2024-07-13 00:00:00+00:00,-0.0005133728845523322,0.00028135622813939385,3.43924728923781e-05,-0.00043225619342368164,-0.00039686539216047525,0.8645123868473633,1.010440148975193,-0.06152997752279283
2024-07-14 00:00:00+00:00,0.003961783539265573,0.004265152621335341,5.725831401805657e-05,-0.00019542392362317291,-0.000165203472464623,0.3908478472463459,1.0353470389457757,-0.04180671584468041
2024-07-15 00:00:00+00:00,-0.008966174159051099,-0.008739302171078375,-7.477120159167736e-06,-0.00011356425507619665,-0.00010583061273732859,0.22712851015239333,1.030697385927765,-0.02226519805323756
2024-07-16 00:00:00+00:00,-0.011689486945825167,-0.01129661381139609,-1.697520095061266e-05,-0.000203065788765607,-0.00017283214471287646,0.406131577531214,1.0823787452545974,-0.029174865795057032
2024-07-17 00:00:00+00:00,0.007824970686754362,0.008560222228525599,9.272261488699039e-05,-0.0004310065975542402,-0.0003969675591040675,0.8620131951084804,0.9559745337529112,0.10531108698122514
2024-07-18 00:00:00+00:00,0.012479808213887944,0.013139259827501177,-0.00011974972266537335,-0.00028692081159700897,-0.0002527810793507561,0.573841623194018,0.9367637519820547,0.12358722185486605
2024-07-19 00:00:00+00:00,-0.014871109590445353,-0.014697051014000484,1.561193379221402e-05,-9.483525511852342e-05,-9.483525511852342e-05,0.18967051023704684,0.9543924931359309,0.12808932082721974
2024-07-20 00:00:00+00:00,-0.001147459609309176,-0.0004950138537631357,-8.118882066573405e-05,-0.00030286776207502067,-0.0002683891728053206,0.6057355241500412,1.0075730824528306,0.15210594180438877
2024-07-21 00:00:00+00:00,-0.0005314936660995029,0.00030914787829860655,-6.962357605687255e-05,-0.00040317570748392466,-0.0003678422608573229,0.8063514149678493,1.0113658952164026,0.1177708912744399
2024-07-22 00:00:00+00:00,-0.0004203270575339202,6.0969710561880885e-05,-7.899491235892774e-05,-0.00020115092786841988,-0.00020115092786841988,0.4023018557368398,1.0206472656051908,0.12102576848625124
2024-07-23 00:00:00+00:00,0.004158448470331866,0.004650186267920353,-9.050586332761777e-05,-0.00020061596713041199,-0.00020061596713041199,0.40123193426082393,0.9839506556071429,0.1353982849408784
2024-07-24 00:00:00+00:00,-0.016940755908462446,-0.01653177187868415,-5.232886898669261e-05,-0.0001783275803958164,-0.0001783275803958164,0.3566551607916328,0.9800748301671,0.12338510272704342
2024-07-25 00:00:00+00:00,0.0002264179836810598,0.0008612126701087679,-5.94404077690257e-05,-0.0003050024951156999,-0.0002703517835429365,0.6100049902313998,0.9754947447945277,0.144952113184974
2024-07-26 00:00:00+00:00,-0.009638505341372339,-0.009032427345520908,-2.138823943428585e-05,-0.0003089682451354571,-0.00027572151128169064,0.6179364902709144,0.9636475115927264,0.1311583212241286
2024-07-27 00:00:00+00:00,-0.00275833947257742,-0.0022821088736375136,6.459044279024951e-05,-0.00028366570995387407,-0.00025715533177628875,0.5673314199077482,1.0093967652343263,0.12405630596929139
2024-07-28 00:00:00+00:00,-0.0031379410669211127,-0.0025020541100393167,-2.315809286250975e-05,-0.0003063644320096642,-0.0003063644320096642,0.6127288640193285,1.0216653245479337,0.145836356011324
2024-07-29 00:00:00+00:00,0.009853500024767259,0.010334824071255891,-0.00010377210245402062,-0.00020233470083114405,-0.00017521724320347743,0.40466940166228804,1.002041365909883,0.15829005314317807
2024-07-30 00:00:00+00:00,0.0033794546014449534,0.003620646659057346,-1.3196130447528939e-05,-0.00011399796358243628,-0.00011399796358243628,0.22799592716487255,1.0081970366633541,0.1699965847781511
2024-07-31 00:00:00+00:00,0.010753104332438701,0.0110938011827856,-0.00011158130241054336,-0.00011455777396812586,-0.00011455777396812586,0.22911554793625172,0.9998844526633547,0.1900069869260899
2024-08-01 00:00:00+00:00,-0.007128078132618176,-0.007053230303927599,-7.484782869056023e-05,0.0,0.0,0.0,0.986737109785781,0.18426722781933955
2024-08-02 00:00:00+00:00,-0.020582807475358678,-0.020165530597378845,-2.1809733041152902e-05,-0.00019773357246934242,-0.00019773357246934242,0.39546714493868484,1.0102364949870455,0.16830731384758169
2024-08-03 00:00:00+00:00,-0.0014808357719006127,-0.000991522693955344,-7.749908534460997e-05,-0.00020590699630034128,-0.00020590699630034128,0.4118139926006825,0.9423460026460783,0.17782292587799683
2024-08-04 00:00:00+00:00,-0.016705673904396368,-0.016155242723806768,2.3151149634078138e-05,-0.0003014101746831755,-0.0002721721555404797,0.6028203493663508,1.0050046175046472,0.06618259511911537
2024-08-05 00:00:00+00:00,-0.010954679468361705,-0.010595086014734944,3.4450263220870804e-05,-0.00019702185842382507,-0.00019702185842382507,0.39404371684765016,0.957824561389544,0.07344929811132961
2024-08-06 00:00:00+00:00,0.0007435270681470652,0.0011121821453793244,3.906264312631896e-05,-0.00020385886017929434,-0.00020385886017929434,0.4077177203585887,0.9224852999279128,0.034080747768708154
2024-08-07 00:00:00+00:00,0.00844632690796443,0.008791179435997146,3.016708018758201e-05,-0.00020310404085205138,-0.00017191556736817116,0.4062080817041028,0.9585998480416883,0.03098701188547216
2024-08-08 00:00:00+00:00,0.022220399767970855,0.022224269806532616,-3.870038561755159e-06,0.0,0.0,0.0,0.9389373960950542,0.05205460750351168
2024-08-09 00:00:00+00:00,-0.013294158043217097,-0.012895343412163649,-4.071278682624687e-06,-0.00020043369831829633,-0.00019430965405258196,0.4008673966365926,1.0792339114328697,0.019193943867889515
2024-08-10 00:00:00+00:00,-0.007303209139083777,-0.006819307782568011,-3.428231456128751e-05,-0.00022480952097725927,-0.00022480952097725927,0.4496190419545186,1.0102014783552022,-0.02910777160368887
2024-08-11 00:00:00+00:00,0.00024542059320253884,0.0004773082502695854,-2.855100501042015e-05,-0.00010166832602830745,-0.00010166832602830745,0.2033366520566149,1.0115074031035194,-0.026116280038700767
2024-08-12 00:00:00+00:00,0.0008435535157100826,0.0014251924794751601,-0.00018181745623708674,-0.00019991075376398501,-0.00019991075376398501,0.39982150752797,0.9645567419735993,-0.005231897621678747
2024-08-13 00:00:00+00:00,0.01957395667415307,0.019616343034069547,-4.238635991652458e-05,0.0,0.0,0.0,1.0077647190178345,0.014108290348365452
2024-08-14 00:00:00+00:00,0.0032244426594056907,0.003532982818597051,-8.010409072368741e-05,-0.00011421803423381437,-0.00011421803423381437,0.22843606846762876,0.9811495666969925,-0.008002930560463261
2024-08-15 00:00:00+00:00,0.018005285129077064,0.01839778987566396,5.89446344341237e-06,-0.00019919960501512855,-0.00019919960501512855,0.398399210030257,0.9619548714143112,0.015058882019030113
2024-08-16 00:00:00+00:00,0.008149921640847158,0.008398903587055419,-4.423372449651339e-05,-0.00010237411085588035,-0.00010237411085588035,0.2047482217117607,0.9406479433142333,0.026713006317724806
2024-08-17 00:00:00+00:00,0.007188531496719719,0.007643296998327078,-4.2244242725693166e-05,-0.00020626062944084381,-0.00020626062944084381,0.41252125888168767,0.9757398388118271,0.05464899481452672
2024-08-18 00:00:00+00:00,-0.00946202228888704,-0.009396939590311513,-6.508269857549617e-05,0.0,0.0,0.0,0.9876714696729805,0.04568432129051861
2024-08-19 00:00:00+00:00,-0.004862428480739922,-0.004544607844255004,-0.00011306665405144586,-0.0001023769912167588,-0.0001023769912167588,0.2047539824335176,0.9981934571575084,0.05321873798527623
2024-08-20 00:00:00+00:00,0.009624792340647392,0.009921382183527639,-0.00013235574626269182,-9.631942089575336e-05,-6.791467572169002e-05,0.19263884179150673,1.0087073232184158,0.0657808669488514
2024-08-21 00:00:00+00:00,0.013533384901095902,0.013687384906838912,4.962183314980603e-06,-9.406599909665361e-05,-6.489618996141611e-05,0.1881319981933072,1.008121753914188,0.08465596612357527
2024-08-22 00:00:00+00:00,-0.013878203219443441,-0.013553273362577025,4.068519311183746e-05,-0.0001959441093741064,-0.00016967094060412453,0.3918882187482128,1.0604894292083136,0.08638205998920451
2024-08-23 00:00:00+00:00,-0.007989919834819226,-0.0077665481018472145,-4.851243720262294e-05,-0.00010116515354533081,-7.369414222409416e-05,0.2023303070906616,1.0406614723731578,0.10752830876941867
2024-08-24 00:00:00+00:00,-0.005512357708213456,-0.005404795444292684,4.400523921010786e-05,-8.896168533738163e-05,-6.260581779350811e-05,0.17792337067476327,1.085389102561961,0.1049194539347043
2024-08-25 00:00:00+00:00,-0.0033211744790669906,-0.002817244337757316,-8.236432678032663e-05,-0.00022799447599316266,-0.00019357133853623176,0.4559889519863254,1.0377907973917018,0.09317700463874652
2024-08-26 00:00:00+00:00,0.00502624322670453,0.005053490715214621,-2.7247488510197133e-05,0.0,0.0,0.0,1.017493702774802,0.09773923419012986
2024-08-27 00:00:00+00:00,-0.005916181543832,-0.005944211688034832,2.803014420285716e-05,0.0,0.0,0.0,0.9865999687558702,0.0923413305777922
2024-08-28 00:00:00+00:00,-0.0044046515192476265,-0.004166078437916761,-5.2402941252322e-05,-9.308507003927801e-05,-9.308507003927801e-05,0.18617014007855603,0.9394670422512892,0.08872961729353109
2024-08-29 00:00:00+00:00,0.0017933942634220656,0.002084071505678132,-0.00011064070145107727,-9.001827040253452e-05,-9.001827040253452e-05,0.18003654080506903,0.9425078376320208,0.08801812864416853
2024-08-30 00:00:00+00:00,-0.007738393681346767,-0.0071125660947699,-7.401329637131511e-05,-0.0002884987986364368,-0.0002633154915691394,0.5769975972728736,0.9635351677382983,0.04698613573551635
2024-08-31 00:00:00+00:00,0.006472998373458161,0.006876728579024266,-3.534057739296249e-05,-0.00019852277720883938,-0.00016986685096425532,0.3970455544176788,0.9720625544505805,0.06766247662842644
2024-09-01 00:00:00+00:00,-0.004756879496720212,-0.004190008380563172,1.2723440187441791e-05,-0.00030398001675093655,-0.00027561453959354165,0.607960033501873,0.9671784626964842,0.07285072243294927
2024-09-02 00:00:00+00:00,-0.005672212816199673,-0.005694436475211131,2.2223659011512472e-05,0.0,0.0,0.0,0.9317900265667353,0.06753938371564813
2024-09-03 00:00:00+00:00,0.004891725692703686,0.005018609584053614,3.1188381615617125e-05,-9.29402350060689e-05,-6.513203795945996e-05,0.1858804700121378,0.9662895005724875,0.07171469498230089
2024-09-04 00:00:00+00:00,-0.006563387247144226,-0.006320074634424676,0.00014745515066020892,-0.00019538388168989686,-0.00019538388168989686,0.39076776337979374,0.9355250686982781,0.09433052900013034
2024-09-05 00:00:00+00:00,0.002273043106103101,0.0023725532144277216,7.430092553489887e-05,-8.69055169297673e-05,-8.69055169297673e-05,0.1738110338595346,0.9723994803428344,0.08893391457784715
2024-09-06 00:00:00+00:00,0.002083004812714062,0.0024775715700754886,7.785241167855559e-06,-0.00020117599926466762,-0.00020117599926466762,0.4023519985293352,0.9478139547996662,0.10100462949270449
2024-09-07 00:00:00+00:00,0.007058953495101328,0.007225653822903818,1.2709364499710347e-05,-8.970484615115371e-05,-8.970484615115371e-05,0.17940969230230744,0.918045208524457,0.10132536659362389
2024-09-08 00:00:00+00:00,0.009914730155300866,0.01056687578542314,-0.0001169664364888036,-0.0002824742349093989,-0.00025270495872415884,0.5649484698187978,0.9574588300628598,0.07612757965981419
2024-09-09 00:00:00+00:00,-0.003949968040558138,-0.0036086897166789783,-0.00012405580862852447,-0.00010861125762533791,-0.00010861125762533791,0.2172225152506758,1.0048664516120533,0.05311073807053443
2024-09-10 00:00:00+00:00,0.009172357819384747,0.009631413145870286,-8.627858961378172e-05,-0.00020149314941171124,-0.00017128358746008735,0.40298629882342246,1.0302360547792515,0.06392948982634399
2024-09-11 00:00:00+00:00,0.008325614629874911,0.008430785935156596,8.459315483355741e-05,-9.488223005757048e-05,-9.488223005757048e-05,0.18976446011514098,1.0493024961829498,0.05415718230829338
2024-09-12 00:00:00+00:00,-0.005147401365983462,-0.004661745951887833,5.8852184597845905e-05,-0.0002768671246840605,-0.0002676404740094594,0.553734249368121,0.9536996040970063,-0.1420250841022663
2024-09-13 00:00:00+00:00,-0.013860990520724092,-0.013586586930783521,0.0001264682966820056,-0.00020043594331131356,-0.00020043594331131356,0.40087188662262707,0.9813082897099463,-0.14048260174865299
2024-09-14 00:00:00+00:00,-0.0025837902267544788,-0.002538262821092851,0.00013147821128074881,-8.85028084711872e-05,-8.85028084711872e-05,0.17700561694237438,1.0135448433539496,-0.13335904361440973
2024-09-15 00:00:00+00:00,0.001787867463880044,0.0025438271510919283,-0.00013729742277981694,-0.00030933113221604853,-0.00030933113221604853,0.6186622644320969,0.9950125331929983,-0.11692671484224658
2024-09-16 00:00:00+00:00,0.0015007259234380843,0.0017334262663662153,-3.80827988945231e-06,-0.00011779477490922508,-0.00011109728812949076,0.2355895498184501,0.9720220866075543,-0.06510123903925794
2024-09-17 00:00:00+00:00,-0.000765946217548219,-0.00031026060814865755,-3.362506694596074e-05,-0.00021103027122682148,-0.00021103027122682148,0.42206054245364294,0.990248767017858,0.00637986736541438
2024-09-18 00:00:00+00:00,0.0023179889172564305,0.00227792383370103,4.006508355532391e-05,0.0,0.0,0.0,1.0057603448428154,0.008637768946428042
2024-09-19 00:00:00+00:00,-0.00712857514691867,-0.006871192394399472,-6.991795687482802e-05,-9.373239782220769e-05,-9.373239782220769e-05,0.18746479564441537,1.0312424814565417,0.0005545465919225227
2024-09-20 00:00:00+00:00,0.002945501894934255,0.0033840073362269548,-3.407544114870972e-05,-0.00020221500007201328,-0.00020221500007201328,0.4044300001440265,1.0429397012796207,0.005230275427433706
2024-09-21 00:00:00+00:00,-0.01026613612570293,-0.009890285677271803,2.4560791429723883e-05,-0.00020020561993042908,-0.00020020561993042908,0.4004112398608582,1.0769800345015306,-0.006862350552643799
2024-09-22 00:00:00+00:00,0.0006689744218106863,0.0010858353849418007,-8.935052783478995e-06,-0.00021781875806212622,-0.00019010715228548654,0.43563751612425244,1.0522375218669864,-0.022241801198573125
2024-09-23 00:00:00+00:00,0.0038377129942852584,0.004267579267837964,-6.225160944831097e-05,-0.00019766604218757411,-0.0001699486219168994,0.3953320843751482,1.0436525307954094,-0.007121814242964412
2024-09-24 00:00:00+00:00,-0.004030650729902163,-0.003594582965473497,-1.783414963119204e-05,-0.00022293357621702977,-0.00019530003858043852,0.4458671524340595,1.0268714241689547,-0.06895615084938907
2024-09-25 00:00:00+00:00,-0.0017800574484335696,-0.001063958662201886,-0.00012834704480687808,-0.0003076026940365539,-0.0002801490473882112,0.6152053880731078,1.0439221018504388,-0.06052954757886193
2024-09-26 00:00:00+00:00,-0.005031904239322316,-0.004165671609896259,-4.7655096152154066e-05,-0.00040928876663695,-0.00040928876663695,0.8185775332738998,0.9964371361407671,-0.006241168067101329
2024-09-27 00:00:00+00:00,0.0016409923523785785,0.0022009554012813615,4.0161901733072635e-05,-0.00030006247531792134,-0.00030006247531792134,0.6001249506358427,1.0396272078959472,-0.03551344447620554
2024-09-28 00:00:00+00:00,-0.007925919500791245,-0.007492122029341859,-2.6511443105951827e-05,-0.00020364301417173338,-0.00020364301417173338,0.4072860283434668,1.0692145155361226,-0.02237725170927763
2024-09-29 00:00:00+00:00,-0.003292278237227886,-0.003260500755189467,8.208026436788294e-06,-1.9992754237594128e-05,-1.9992754237594128e-05,0.03998550847518825,1.0131000712136335,0.014395148845988462
2024-09-30 00:00:00+00:00,0.00456008821040399,0.005096294729301586,4.091375530887951e-05,-0.00030437743155395364,-0.00027274284265242486,0.6087548631079072,1.007405573402154,0.01824531564667193
2024-10-01 00:00:00+00:00,-0.007183735599548768,-0.007195588049090181,1.1852449541457305e-05,0.0,0.0,0.0,0.9795872914295587,0.011129680278006492
2024-10-02 00:00:00+00:00,0.00016096475576676816,0.0005940608613395296,-5.4414378319767926e-05,-0.00020613972078068276,-0.00017254200647240118,0.4122794415613655,0.9078014001058636,0.03455948249933169
2024-10-03 00:00:00+00:00,-0.008465624930011129,-0.00800331783630564,-6.235317627405178e-05,-0.0001999769587157422,-0.0001999769587157422,0.39995391743148434,0.9338491761440869,0.07504298924909594
2024-10-04 00:00:00+00:00,-0.012424725425863259,-0.012274478582461024,2.9228639301137316e-05,-8.973774135170852e-05,-8.973774135170852e-05,0.17947548270341704,0.9473013924926033,0.064421101480585
2024-10-05 00:00:00+00:00,0.006033542311180806,0.006975672162439102,3.1800965620010784e-05,-0.00048696540843917746,-0.00048696540843917746,0.973930816878355,0.9946618700554415,0.14445388320386537
2024-10-06 00:00:00+00:00,-0.002619598962358638,-0.0023826505338736285,0.00016860814676958707,-0.0002027782876272952,-0.0002027782876272952,0.4055565752545904,0.984460819054535,0.13337995756581145
2024-10-07 00:00:00+00:00,0.00663356619236577,0.006937449696382933,9.867493851428823e-05,-0.0002012792212657129,-0.0002012792212657129,0.4025584425314258,0.9944678707099129,0.1238553664752996
2024-10-08 00:00:00+00:00,0.0027236707885922584,0.0031376561586838954,-2.3231870006134716e-06,-0.0002058310915454771,-0.0002058310915454771,0.41166218309095415,0.9750908629861065,0.13173043873245763
2024-10-09 00:00:00+00:00,0.0020047442684807404,0.002388709395358,3.270237362072873e-05,-0.0002083337502489426,-0.0002083337502489426,0.41666750049788515,0.9623005905811964,0.10236316238607565
2024-10-10 00:00:00+00:00,0.0004757437828331046,0.0008518170473739876,0.00016799275880415498,-0.0002871358295620429,-0.0002569301937830498,0.5742716591240858,0.9527346063388711,0.12536437178725524
2024-10-11 00:00:00+00:00,0.006514044836148036,0.0068153708063345185,6.0169999558168785e-05,-0.00019736184208148368,-0.00016413412766318314,0.3947236841629673,0.9649230223214417,0.13061693332243812
2024-10-12 00:00:00+00:00,-0.00037066191765278145,0.00020692412645184797,-4.79363979475792e-05,-0.00028140309378824036,-0.0002482465523688507,0.5628061875764807,0.9794275507177371,0.1446429405967515
2024-10-13 00:00:00+00:00,0.001206593837988823,0.0017501324790140374,8.15473077282175e-06,-0.0002888304877433057,-0.00026286288405469316,0.5776609754866113,0.9935105869500223,0.1382780804381745
2024-10-14 00:00:00+00:00,-0.00012985740712656568,0.0005227659705663298,-3.0528181136339065e-05,-0.0003258859744727617,-0.0002962092220837642,0.6517719489455234,0.9783893546923689,0.061963356832015745
2024-10-15 00:00:00+00:00,-0.018647245458654926,-0.01774523544678435,0.00011545846186416526,-0.00052174867108012,-0.0004957198026545844,1.0434973421602398,1.0814630180964344,-0.10292330258390328
2024-10-16 00:00:00+00:00,-0.014245113611997207,-0.013657642011292069,6.86019332329979e-05,-0.00032803676696905107,-0.00032803676696905107,0.6560735339381022,1.0361998891918178,-0.08627179223882046
2024-10-17 00:00:00+00:00,-8.699199772166377e-05,0.000501061094294868,5.9890050932609e-05,-0.00032397157147454373,-0.00032397157147454373,0.6479431429490874,0.9687195674629152,0.0030103861329290127
2024-10-18 00:00:00+00:00,0.007431848446170619,0.007617949726120231,2.055309997778938e-06,-9.407829497364968e-05,-9.407829497364968e-05,0.18815658994729934,0.9489328530946433,0.014733148088172068
2024-10-19 00:00:00+00:00,-0.010547935540977549,-0.01025753985966382,7.716881381215626e-05,-0.00020006085363967574,-0.00016750364148625615,0.4001217072793515,1.0200454014131406,0.049441915690331614
2024-10-20 00:00:00+00:00,-0.003691256723296288,-0.003549623281683952,5.070117383788142e-05,-9.616730772511866e-05,-9.616730772511866e-05,0.19233461545023736,1.0257625808463335,0.047276484227027016
2024-10-21 00:00:00+00:00,-0.007808967327371574,-0.007432434572847267,1.3818758358317414e-05,-0.0001951757564413173,-0.0001951757564413173,0.3903515128826346,1.067600745919235,0.06528698799733867
2024-10-22 00:00:00+00:00,0.0009065815373403563,0.0013308742437270597,-1.700328881411777e-05,-0.0002036447087863215,-0.0002036447087863215,0.40728941757264303,1.031825881353462,0.05820548938773397
2024-10-23 00:00:00+00:00,0.001573018439373186,0.0017316267532974648,3.029431974953289e-05,-0.000111344369279882,-7.755826439402395e-05,0.222688738559764,1.0218361248423469,0.05729502932413064
2024-10-24 00:00:00+00:00,0.004193635155136155,0.004366720315619438,9.747067463520415e-06,-9.141611397335442e-05,-9.141611397335442e-05,0.18283222794670884,0.9951808709961265,0.06433923598934453
2024-10-25 00:00:00+00:00,0.014277603463833444,0.01458597806118316,5.305428326684174e-05,-0.00018071444030823825,-0.00018071444030823825,0.3614288806164765,0.9983003633955887,0.07482520373951475
2024-10-26 00:00:00+00:00,0.004853339921113919,0.005201827566127886,1.30679605922875e-06,-0.00017489722053657045,-0.00017489722053657045,0.3497944410731409,0.9311999836295813,0.09047568672035886
2024-10-27 00:00:00+00:00,-0.00817564524029557,-0.007806027032875142,-3.174669866024122e-05,-0.00016893575438007611,-0.00016893575438007611,0.33787150876015226,0.9632825617234798,0.06997790911509551
2024-10-28 00:00:00+00:00,-0.0020843145569399146,-0.0017767726643766408,8.767311436177909e-05,-0.00019760750346250875,-0.00019760750346250875,0.39521500692501743,0.9843781184483338,0.08851100737980003
2024-10-29 00:00:00+00:00,0.004561090361570708,0.004725087545208663,2.6514616872234032e-06,-8.332432266262324e-05,-8.332432266262324e-05,0.16664864532524645,0.9904283724843159,0.0979463250387331
2024-10-30 00:00:00+00:00,0.0023597645977146975,0.0026162986732570707,-2.729070886113085e-05,-0.00011462168334063314,-0.00011462168334063314,0.2292433666812663,1.0173539856330713,0.09629436421345797
2024-10-31 00:00:00+00:00,-0.003571596954795697,-0.0031051545026878342,-3.824787213973214e-05,-0.00021409728998404205,-0.00021409728998404205,0.42819457996808413,0.9848282292416717,0.13564528378487964
2024-11-01 00:00:00+00:00,-0.006659745328687405,-0.005963389081267847,-0.00010442590687703913,-0.00031183285076758345,-0.0002800974897749234,0.6236657015351668,0.9393095224815874,0.10481631702284051
2024-11-02 00:00:00+00:00,-0.0016131227654699876,-0.001253073819477932,1.7495634170684942e-06,-0.0001960637872222441,-0.00016573472218685986,0.3921275744444882,0.9398460036650367,0.1277195706339
2024-11-03 00:00:00+00:00,0.004751008069538543,0.005165795030371534,-0.00023307161344412658,-9.085767369438502e-05,-9.085767369438502e-05,0.18171534738877002,0.949501706925577,0.15455893757882086
2024-11-04 00:00:00+00:00,-0.009608304117284527,-0.008424744434436136,-0.0008156050801267574,-0.00020114369735292165,-0.00016681090536874857,0.40228739470584335,0.9328977449639393,0.15263902724074865
2024-11-05 00:00:00+00:00,-0.008740768061778925,-0.008569193848348878,7.0690808724223025e-06,-8.93216471512082e-05,-8.93216471512082e-05,0.1786432943024164,0.9300288277796888,0.13522462920887238
2024-11-06 00:00:00+00:00,-0.005807721378785935,-0.005585703928954603,0.00036415405283853763,-0.00030999007610309947,-0.00027618142656671795,0.619980152206199,0.9705330515326691,0.15007940677753684
2024-11-07 00:00:00+00:00,-0.006178117001724659,-0.005762546407289261,-8.86582136885532e-06,-0.00020335238653329548,-0.00020335238653329548,0.4067047730665909,1.0808814899622605,0.11196623194589096
2024-11-08 00:00:00+00:00,0.002543634762999014,0.00326559715449039,0.0002832801130340629,-0.0005079100524399606,-0.000497332452085423,1.0158201048799214,1.0032747009674414,-0.10285548531099614
2024-11-09 00:00:00+00:00,-0.013660019881070018,-0.013030840984456817,0.0001555634682129531,-0.0004060312556883982,-0.00037871110913776615,0.8120625113767965,1.018364560316818,-0.1387167759688731
2024-11-10 00:00:00+00:00,-0.008428656169511384,-0.008028227056999859,-3.071432666445985e-07,-0.0002000609846224643,-0.0002000609846224643,0.40012196924492854,1.0780954826610096,-0.14476951542645333
2024-11-11 00:00:00+00:00,-0.024103272678496546,-0.023540876318400256,8.409707992039255e-05,-0.0003357077025098558,-0.0003107857375068323,0.6714154050197115,1.1214242502974014,-0.19253791223809416
2024-11-12 00:00:00+00:00,-0.008761725246326457,-0.007896483071004205,6.013457067017647e-05,-0.0004776400257520307,-0.00044773672024042964,0.9552800515040614,1.0391338097422103,-0.03294839060461594
2024-11-13 00:00:00+00:00,-0.014279598079779077,-0.01347459869602048,-0.000206457511581288,-0.0003130770445250562,-0.0002854648276523011,0.6261540890501124,0.9696851463412993,0.029550788567328966
2024-11-14 00:00:00+00:00,0.0074210147434112805,0.008022242406159535,-1.924875065178382e-05,-0.0002909894560481843,-0.0002909894560481843,0.5819789120963688,0.9656671555148345,0.0506971257614022
2024-11-15 00:00:00+00:00,0.01395245276250523,0.014365356050795683,-3.615789469006928e-05,-0.00020479416739902913,-0.00017195122620137983,0.4095883347980583,0.9547593178710336,0.09209507743193528
2024-11-16 00:00:00+00:00,0.02821607287676242,0.028513986150319713,-7.944324256142733e-05,-0.00010923501549788496,-0.00010923501549788496,0.21847003099576995,1.0072550413103236,0.1292998512848529
2024-11-17 00:00:00+00:00,0.042794697956095806,0.0430671395570581,-8.473857140561116e-05,-0.00010913069494843294,-7.857233460830843e-05,0.2182613898968659,1.0681635771071,0.17923564325520697
2024-11-18 00:00:00+00:00,-0.022552983582910024,-0.021722431576462597,-0.00016916180212195417,-0.0003464439349339679,-0.000314946269391521,0.6928878698679357,1.000245461890886,0.16964881911876603
2024-11-19 00:00:00+00:00,0.010866559068555937,0.011545661997947477,-6.005314804381336e-05,-0.00032525275632927937,-0.00029379702501854414,0.6505055126585586,1.048082618428432,0.10509926728592263
2024-11-20 00:00:00+00:00,0.0050379972948024765,0.0054855724040994815,-2.561871335121914e-05,-0.0002267314847007137,-0.00019522491124498827,0.45346296940142744,0.9793586903830818,0.04707241394546724
2024-11-21 00:00:00+00:00,0.02591384406200503,0.02596561770309469,-2.9738488880404894e-05,-1.101757610462446e-05,-1.101757610462446e-05,0.02203515220924892,0.9281253158898247,0.04971458347552087
2024-11-22 00:00:00+00:00,0.003795264567092671,0.004165695682359707,1.615905775958203e-06,-0.000201112902911088,-0.0001709341181319006,0.40222580582217604,0.9745583635153396,0.04753170659516795
2024-11-23 00:00:00+00:00,0.050633001977101966,0.05084782889464042,-1.4865139473142912e-05,-9.998088903269547e-05,-9.998088903269547e-05,0.19996177806539095,1.0417304843749975,0.1021654978239012
2024-11-24 00:00:00+00:00,0.06962003960292451,0.07001303929049188,4.601966784892074e-05,-0.00023433598299483395,-0.000204683372421422,0.46867196598966787,1.035557513137425,0.09064515126922595
2024-11-25 00:00:00+00:00,-0.006417693937037283,-0.006043091105058241,8.048741693717981e-05,-0.00024138432470904473,-0.0002137059242072186,0.48276864941808945,0.9660697486073461,0.0035497776633439462
2024-11-26 00:00:00+00:00,-0.03167568525699749,-0.031744648464724155,0.00011440958254235864,-2.2723187407852714e-05,-2.2723187407852714e-05,0.045446374815705425,1.0169650413354363,-0.076050187417457
2024-11-27 00:00:00+00:00,-0.0026289787557928213,-0.0022846175526670615,8.664712027287515e-05,-0.00021550416169932162,-0.00021550416169932162,0.4310083233986432,0.9694967139899133,-0.1232905913596841
2024-11-28 00:00:00+00:00,-0.04406533851707828,-0.04401900406636967,0.00012865040626877354,-9.075045042151132e-05,-8.423440655592741e-05,0.18150090084302264,1.1394740728845643,-0.19451574343606326
2024-11-29 00:00:00+00:00,0.027017250773757162,0.027174758359083034,8.255255058267889e-05,-0.00012003006795426624,-0.00012003006795426624,0.24006013590853248,1.0280010981641337,-0.147240731902583
2024-11-30 00:00:00+00:00,0.030246399023007742,0.030402775719428034,7.673633177253142e-05,-0.00011655651409636719,-0.00011655651409636719,0.23311302819273436,1.018094812056607,-0.09962741754582335
2024-12-01 00:00:00+00:00,-0.015078276500393173,-0.01501871949179187,0.00010769395368500093,-8.36254811431525e-05,-8.36254811431525e-05,0.16725096228630498,1.072821437376969,-0.10015312673443687
2024-12-02 00:00:00+00:00,0.02763502059975398,0.027808062110462408,4.360330734675884e-05,-0.00011142110457186243,-0.00010522371348321957,0.22284220914372488,1.0310976256020925,-0.07394882867377287
2024-12-03 00:00:00+00:00,-0.027990267468520846,-0.028036606626387153,0.00024725819999731893,-0.00010045952106550127,-0.00010045952106550127,0.20091904213100253,1.1340147484257934,-0.12349490749129184
2024-12-04 00:00:00+00:00,-0.040910805182468035,-0.040422027386258795,0.0002286292723933726,-0.00037726048740528516,-0.00034014658119731135,0.7545209748105701,1.078567457483641,-0.2304707160431622
2024-12-05 00:00:00+00:00,-0.034761151021658,-0.03426976631225479,0.00019221946091549502,-0.0003418020851593582,-0.0003418020851593582,0.6836041703187165,1.0753660786824415,-0.21079246673956
2024-12-06 00:00:00+00:00,0.00306635265151467,0.00352241489158857,0.00014768497074942052,-0.00030187360541171065,-0.00030187360541171065,0.6037472108234213,1.0115428340511137,-0.24613162742350755
2024-12-07 00:00:00+00:00,-0.012283655053314524,-0.012394035064056884,0.00011038001074235503,0.0,0.0,0.0,1.0622406296649924,-0.26174079614073714
2024-12-08 00:00:00+00:00,0.007674845882607251,0.008002681219890015,-2.470306564498026e-05,-0.00015922200287894815,-0.0001439102687588634,0.3184440057578963,0.9564985900688167,-0.15530198992532582
2024-12-09 00:00:00+00:00,-0.005458153802389676,-0.004857832392544237,-4.3480278513103846e-05,-0.00027842056566614357,-0.00027842056566614357,0.5568411313322871,0.9830874340726165,-0.16932323721090722
2024-12-10 00:00:00+00:00,0.0010955550371398726,0.0010609468053535856,3.460823178623446e-05,0.0,0.0,0.0,0.8541568229789955,-0.16807815154000075
2024-12-11 00:00:00+00:00,0.020706586290371476,0.020652634015506946,5.395227486460318e-05,0.0,0.0,0.0,0.8296106438102756,-0.14443476656723947
2024-12-12 00:00:00+00:00,-0.022710066914008675,-0.02272316852708758,8.159296893624524e-05,-3.727172466106519e-05,-3.121963119626191e-05,0.0745434493221304,0.9861429412381766,-0.24731799257691744
2024-12-13 00:00:00+00:00,0.013831518839800827,0.013991271273526257,7.165065696871105e-05,-0.00011570154534707476,-0.00011570154534707476,0.2314030906941495,0.998218938241192,-0.23076458842852518
2024-12-14 00:00:00+00:00,-0.005078942544735621,-0.00492454283690636,5.361850155568008e-05,-0.00010400910469247351,-0.00010400910469247351,0.20801820938494703,1.0109657137681591,-0.18771629731231046
2024-12-15 00:00:00+00:00,0.006244184939062647,0.006987598676918739,-1.8896344840417184e-05,-0.0003815550857211097,-0.00034296230729459454,0.7631101714422194,0.9846459159966228,0.017623490076741202
2024-12-16 00:00:00+00:00,-0.010874107644831765,-0.010718023124311332,2.939237302299066e-05,-9.273844677170616e-05,-9.273844677170616e-05,0.18547689354341235,1.0218045227627155,0.0015385168873282705
2024-12-17 00:00:00+00:00,0.003485697398955212,0.0034912274179511225,8.513493732753515e-06,-1.0031080520542837e-05,-4.012432208217135e-06,0.020062161041085675,0.9867730516081538,0.02500474636699179
2024-12-18 00:00:00+00:00,-0.0020853463898972135,-0.0017226885700200609,2.1592491769967546e-06,-0.00019675077261018268,-0.00016806629644400156,0.39350154522036546,0.9806249098768836,0.04144743284843039
2024-12-19 00:00:00+00:00,-0.006652715623335248,-0.0064875492689296654,1.2452940649849801e-05,-8.880964752771707e-05,-8.880964752771707e-05,0.17761929505543417,0.8966272435292189,0.03334925555283834
2024-12-20 00:00:00+00:00,0.003071858952616191,0.0033215892441668614,-8.028898810105038e-05,-9.885626298583225e-05,-7.058504046378749e-05,0.1977125259716645,0.8611692694132934,0.04576796123357933
2024-12-21 00:00:00+00:00,-0.007521451479510111,-0.007295013071432989,-2.261415273904509e-05,-0.00010191212766902666,-0.00010191212766902666,0.20382425533805335,0.9320439433999909,0.057209018707944134
2024-12-22 00:00:00+00:00,-0.0011589312579581845,-0.0011049611353205204,0.00011853150618937805,-9.968114536221147e-05,-7.282048346486533e-05,0.19936229072442294,0.9077761074827602,0.07810262021002377
2024-12-23 00:00:00+00:00,0.014212482549164518,0.014301081429764361,6.071202065050252e-05,-8.856904163582464e-05,-6.074185961462903e-05,0.1771380832716493,0.9038227744731746,0.08284973765287265
2024-12-24 00:00:00+00:00,0.029997337665773616,0.030221506209517048,-2.5417622047186578e-05,-9.937546084810047e-05,-9.937546084810047e-05,0.19875092169620096,0.9630955271972366,0.12037198879462996
2024-12-25 00:00:00+00:00,-0.007331409018137891,-0.007151192751105672,-2.6252175283564067e-05,-9.05254650013399e-05,-6.343862674728722e-05,0.1810509300026798,1.0032244471521672,0.11358150016916269
2024-12-26 00:00:00+00:00,-0.005329011168051401,-0.004693657094515754,-2.1096267923606362e-05,-0.00032201391421128145,-0.0002922438914007096,0.6440278284225629,0.9937078449135515,0.032564566691935005
2024-12-27 00:00:00+00:00,-0.0054868956142084535,-0.005106814266762439,1.3468470142359932e-05,-0.00021183098806418273,-0.00018171882952417384,0.4236619761283654,0.9544179235545736,-0.0020242147389114076
2024-12-28 00:00:00+00:00,-0.014220491846299477,-0.01401911143523944,3.2083539851690143e-06,-0.00010229438252259224,-0.00010229438252259224,0.20458876504518447,0.9647792931694325,-0.024926811014098757
2024-12-29 00:00:00+00:00,0.004254221626032617,0.004725929865850096,-6.512216171042343e-05,-0.00020329303905350097,-0.00020329303905350097,0.4065860781070019,1.0208502557170624,-0.05254782778761861
2024-12-30 00:00:00+00:00,-0.00961424058010485,-0.009242564174540625,2.4295870227177604e-05,-0.00019798613789568124,-0.00019798613789568124,0.39597227579136246,0.993561535652414,-0.05518870264532122
2024-12-31 00:00:00+00:00,-0.0067149783285797016,-0.006491325697322142,-3.4149426863550584e-05,-9.475160219698983e-05,-9.475160219698983e-05,0.18950320439397964,0.979308842345793,-0.06988944240712416
2025-01-01 00:00:00+00:00,-0.009969110911512202,-0.00940862007394297,9.126360863399005e-05,-0.0003258772231015861,-0.0003258772231015861,0.6517544462031721,1.038722842118273,0.04188514116189437
2025-01-02 00:00:00+00:00,-0.02913793335127135,-0.02843449799008802,-2.8382452493973145e-05,-0.0003375264543446735,-0.0003375264543446735,0.6750529086893469,1.083305452297333,0.0541955138635811
2025-01-03 00:00:00+00:00,-0.012197040093090195,-0.01139296214924467,4.966491306809358e-05,-0.0004417017261485934,-0.00041204113076497327,0.883403452297187,1.0396755829458824,0.011352450960462453
2025-01-04 00:00:00+00:00,-0.014955035517326798,-0.014466704396057664,4.638133617714808e-05,-0.00029888888629250497,-0.0002358235711537825,0.59777777258501,1.086100234903028,0.024366367456415426
2025-01-05 00:00:00+00:00,-0.004727582137598496,-0.004360534566301436,1.929744236269777e-05,-0.00020986373518975182,-0.0001764812784700414,0.41972747037950353,1.0430544703149178,-0.024518891508247927
2025-01-06 00:00:00+00:00,-0.009944058321919691,-0.009596230166074715,3.060462731342496e-05,-0.00020394047570029489,-0.000174492307458147,0.40788095140058966,1.045312806184654,-0.00747986348735273
2025-01-07 00:00:00+00:00,-0.00677123048093875,-0.00636486310203797,7.08701038411471e-06,-0.00020672719464242696,-0.00020672719464242696,0.41345438928485395,1.049320842461432,-0.02521197786819455
2025-01-08 00:00:00+00:00,0.012016670726039624,0.012109470819884085,0.00011287741405183051,-0.00010283875394818167,-0.00010283875394818167,0.20567750789636335,0.9367504447692822,-0.02884298769064738
2025-01-09 00:00:00+00:00,0.01324616835803849,0.013745296523628317,9.790134942984814e-05,-0.0003188091437464464,-0.0002782203712732468,0.6376182874928928,0.9823312183495804,-0.0795436295142737
2025-01-10 00:00:00+00:00,-0.0036794397577161186,-0.0032327558607786974,0.00011817030323972484,-0.0002988987275798403,-0.0002659554725972559,0.5977974551596807,0.9444087834085366,-0.03924008352300535
2025-01-11 00:00:00+00:00,0.001247755936369943,0.0015806532865526638,2.8137630181000694e-05,-0.00019698971559483372,-0.00016404526476891903,0.39397943118966744,0.9719696296433131,-0.05827173990246685
2025-01-12 00:00:00+00:00,0.01754845094363211,0.018058134596737527,2.970011562067621e-05,-0.0002864683724259012,-0.00025291539630021984,0.5729367448518026,0.9885654979307581,-0.020243673758865204
2025-01-13 00:00:00+00:00,-0.012429826895893448,-0.01191916975453018,1.8105872611759035e-05,-0.0002810062113143144,-0.0002477568026606876,0.5620124226286289,0.992863663624091,-0.05280243241901027
2025-01-14 00:00:00+00:00,0.010732891301231895,0.01123622382892244,4.8876004504582685e-05,-0.0003093831090863954,-0.00024282542310868799,0.6187662181727906,0.9504368802026963,-0.02170048497012386
2025-01-15 00:00:00+00:00,0.003303503815605291,0.003662364221091148,2.0997620090277793e-05,-0.00020619241285286922,-0.00017366561272332142,0.4123848257057385,1.0046857262586333,-0.03921441845626797
2025-01-16 00:00:00+00:00,0.0037531018041423447,0.0038907117529740527,4.379638662970602e-05,-0.00010736605767820533,-7.404027778329916e-05,0.21473211535641068,1.0899554855492906,-0.027779696066238667
2025-01-17 00:00:00+00:00,0.009153771926015297,0.009585117487459821,2.105159746170915e-05,-0.00022619857945314418,-0.00022619857945314418,0.45239715890628834,1.0312805720371576,-0.02096244323597933
2025-01-18 00:00:00+00:00,-0.02009291834693283,-0.020149240093210095,5.6321746277301496e-05,0.0,0.0,0.0,1.1150217647393172,-0.04195467519209636
2025-01-19 00:00:00+00:00,0.013430401268024195,0.014039437489664719,-7.874470932744975e-06,-0.00033035181368003535,-0.0002708099370278378,0.6607036273600707,1.0070004644169022,0.0008467379094259241
2025-01-20 00:00:00+00:00,-0.009193735182063012,-0.00901250525353454,1.669670463225868e-05,-9.896331658035105e-05,-9.896331658035105e-05,0.1979266331607021,0.944085075588527,-0.014379235046974586
2025-01-21 00:00:00+00:00,-0.006950190276385659,-0.006787258651991311,1.3562497533379504e-05,-0.00010179521451740544,-7.469890741034033e-05,0.20359042903481087,1.0138162997857054,-0.044045680827048156
2025-01-22 00:00:00+00:00,-0.0028400551847153066,-0.0024625019542845383,6.163595003507625e-06,-0.00020625054024563352,-0.00017746628518866298,0.41250108049126705,1.0384677779153,-0.051177751743263555
2025-01-23 00:00:00+00:00,-0.0003212848321828554,-0.00013861217416898426,1.2757944471503972e-05,-0.00011311612831705424,-8.231447416832721e-05,0.2262322566341085,0.9945483518198404,-0.02318715274357339
2025-01-24 00:00:00+00:00,0.0005851540863399673,0.0012085649293526312,5.67316912762235e-06,-0.0003145420060701328,-0.0003145420060701328,0.6290840121402655,0.9832195853257439,0.061620903161978484
2025-01-25 00:00:00+00:00,0.0022604937136796455,0.002648894852396696,6.742274301696778e-06,-0.00019757170650940237,-0.00019757170650940237,0.3951434130188048,0.9808552337636718,0.054847670407549745
2025-01-26 00:00:00+00:00,0.0007548654624147666,0.001294041081820679,2.723880097211989e-05,-0.0002978854212287092,-0.00026852899914933366,0.5957708424574183,0.9915936635573406,0.0502868147372393
2025-01-27 00:00:00+00:00,-0.004506637481448861,-0.004534427905049854,2.7790423600962267e-05,0.0,0.0,0.0,0.9658615069786121,0.045959509681147794
2025-01-28 00:00:00+00:00,0.013033364247029278,0.013051052520977765,-1.7688273948457317e-05,0.0,0.0,0.0,0.9351903638377034,0.058251351125031915
2025-01-29 00:00:00+00:00,0.007089443543206064,0.0071602410133977746,-7.079747019161025e-05,0.0,0.0,0.0,0.8858970250909607,0.06495112480604956
2025-01-30 00:00:00+00:00,0.0030479651145312037,0.0030996774625168698,-4.855017791328701e-06,-2.342866509716663e-05,-2.342866509716663e-05,0.04685733019433327,0.9548677024576623,0.021129071401698542
2025-01-31 00:00:00+00:00,-0.012523793557414176,-0.01235003481078551,-1.6339843774239498e-05,-9.245033427393045e-05,-6.496856858052364e-05,0.18490066854786089,1.0299622509265127,0.007180060933289231
2025-02-01 00:00:00+00:00,-0.0006149355927341782,-0.00038614347480929483,2.8424479737857645e-06,-0.00011581728294931142,-0.00011581728294931142,0.23163456589862283,1.0126055624607637,0.039263970528860964
2025-02-02 00:00:00+00:00,-0.001192819455775429,-0.0010356282534191743,2.7163117541288274e-05,-9.217715994878644e-05,-9.217715994878644e-05,0.1843543198975729,0.9448400262402821,0.03406542902159563
2025-02-03 00:00:00+00:00,0.021903728335975314,0.02215599721932049,-5.057217943410198e-05,-0.00010084835195552513,-0.00010084835195552513,0.20169670391105024,0.8325853323204673,0.07873981915916427
2025-02-04 00:00:00+00:00,0.01327487663596627,0.013756213227539426,-0.00018863487762989155,-0.00014937988555901617,-0.0001433218283841502,0.29875977111803226,0.9983381864699278,0.12242593619878636
2025-02-05 00:00:00+00:00,0.0064162456291079195,0.0064420418251025045,-2.579619599461971e-05,0.0,0.0,0.0,0.9317633118431808,0.12804640086402222
2025-02-06 00:00:00+00:00,-0.010857526262256001,-0.010549529663339349,7.663769225733813e-05,-0.00020894284514026983,-0.00017569144603371388,0.4178856902805396,0.9635759107693824,0.06420873542678873
2025-02-07 00:00:00+00:00,0.009190778558451962,0.009620871446971867,-6.894056544374876e-05,-0.0001968353350311335,-0.00016431698804500572,0.3936706700622669,0.9356779063477898,0.06381385446300746
2025-02-08 00:00:00+00:00,-0.006568352414716427,-0.006171282932540555,-2.6796336378829693e-06,-0.00019719492426896863,-0.00019719492426896863,0.39438984853793724,0.9493850900641713,0.10781267013723196
2025-02-09 00:00:00+00:00,-0.006857550221938236,-0.0066927200163469525,1.0638264335614523e-05,-8.773423496344761e-05,-8.773423496344761e-05,0.1754684699268952,0.9657180446284959,0.10416112519709321
2025-02-10 00:00:00+00:00,0.0015082263894634629,0.0015881572373472516,-7.993084788382595e-05,0.0,0.0,0.0,0.9684677120033458,0.1055900287665907
2025-02-11 00:00:00+00:00,0.012817767749504272,0.013313064114889837,-9.124620821748892e-05,-0.0002020250785840749,-0.0002020250785840749,0.40405015716814974,0.9928185596105736,0.11957200976456987
2025-02-12 00:00:00+00:00,-0.00966170472638661,-0.009235904498919142,-2.04605739518534e-05,-0.00020266982675779687,-0.00020266982675779687,0.40533965351559365,0.9975197273830501,0.13422473931711995
2025-02-13 00:00:00+00:00,0.00195796259127734,0.002708040588398127,-3.8947332686013624e-05,-0.0003670688209554516,-0.00034406184347924966,0.7341376419109032,1.005208233050655,0.1943338048749944
2025-02-14 00:00:00+00:00,-0.006625653808881138,-0.006362287040673939,0.00011789837546331504,-0.00020263336320782186,-0.00017863178046269854,0.40526672641564365,0.9914892038257227,0.19259006911135157
2025-02-15 00:00:00+00:00,-0.014326550141371963,-0.014017055613548912,0.00018801179308770697,-0.0002780563557746556,-0.0002194499651360877,0.5561127115493112,1.031948682156034,0.17335890851197913
2025-02-16 00:00:00+00:00,0.018998102332707933,0.019287334974705132,-5.984066258384598e-05,-0.00011469598970664757,-0.00011469598970664757,0.2293919794132951,1.0102634837081987,0.18965282376940418
2025-02-17 00:00:00+00:00,-0.002217129170079324,-0.00195999079829925,-2.2684245294329806e-05,-0.0001172270632428752,-0.0001172270632428752,0.2344541264857504,0.9968421177824356,0.18414698027562085
2025-02-18 00:00:00+00:00,-0.011891567233009104,-0.011682637770963828,2.096917696558876e-05,-0.00011494931950541861,-0.00011494931950541861,0.2298986390108372,1.0132534141467429,0.17618286167098807
2025-02-19 00:00:00+00:00,0.014934629347999051,0.015302464549664734,-0.00012450783829234737,-0.00012166368168661177,-0.00012166368168661177,0.24332736337322355,0.954470819063466,0.17162580761649235
2025-02-20 00:00:00+00:00,-0.00699206592290591,-0.006783258863296783,-6.34824836813582e-05,-8.55530527830637e-05,-5.9771523144695946e-05,0.1711061055661274,0.9797677353248705,0.16677944028390376
2025-02-21 00:00:00+00:00,-0.007026263953586742,-0.006680073339821312,5.9223995665213334e-05,-0.00020270730471529723,-0.00020270730471529723,0.4054146094305945,0.9951616788657005,0.16837135582347207
2025-02-22 00:00:00+00:00,-0.004428601714155378,-0.004096010487381188,4.241110064103096e-05,-0.00020043671289448681,-0.0001745656145207462,0.4008734257889736,0.9596435886172636,0.16154941669270612
2025-02-23 00:00:00+00:00,-0.011502546363254429,-0.01112127487059578,6.969659705735113e-05,-0.00022548404485798882,-0.00022548404485798882,0.4509680897159777,0.9999761294352791,0.16723544223006803
2025-02-24 00:00:00+00:00,0.007681081023543035,0.00779426793781586,8.922283327707116e-05,-0.00011978908424583511,-8.262066330396269e-05,0.23957816849167024,1.0047721096898157,0.18184425417206843
2025-02-25 00:00:00+00:00,-0.002522650561646911,-0.0020232837412644325,-0.00015165726374247757,-0.0002055989528563723,-0.00014211060378365307,0.41119790571274456,0.8927248574017282,0.18651839456833785
2025-02-26 00:00:00+00:00,0.007838897827317393,0.008639575561751548,0.00014026564498690326,-0.0004846743396644764,-0.00045626903975650877,0.9693486793289527,1.018251428695747,0.07488321404225934
2025-02-27 00:00:00+00:00,0.0171935621447612,0.017319411317038257,6.523731371376768e-05,-9.554324299543583e-05,-9.554324299543583e-05,0.19108648599087166,0.9964927202533496,0.09578917562610441
2025-02-28 00:00:00+00:00,0.008652741436569356,0.008783368688795442,2.6354339968301034e-05,-9.304946696611647e-05,-6.393212522820455e-05,0.18609893393223292,1.006555083533614,0.09572756082884792
2025-03-01 00:00:00+00:00,0.007210505890523411,0.007618138304243509,5.180806724720509e-05,-0.00023323677636713435,-0.00022620370460020993,0.4664735527342686,0.9549427578571393,0.008020825715409234
2025-03-02 00:00:00+00:00,-0.006885048101906488,-0.006944909998383528,0.00010603520221981473,-2.3086652871391886e-05,-2.3086652871391886e-05,0.04617330574278378,1.0078746961251306,-0.0454100403377935
2025-03-03 00:00:00+00:00,-0.029992976657834403,-0.029611414505182065,-1.201338297412831e-07,-0.0001907210094113112,-0.0001907210094113112,0.3814420188226224,1.152566598075335,-0.07690667005247222
2025-03-04 00:00:00+00:00,-6.0140408072562046e-05,0.0006443239859975636,-2.1320715887304612e-05,-0.00035996358123628326,-0.0003231800969465568,0.7199271624725664,0.8703981985868623,-0.008378362418525385
2025-03-05 00:00:00+00:00,-0.013303646600569596,-0.013205802840688834,0.00015359517925702673,-0.0001257194695688738,-0.0001257194695688738,0.2514389391377476,0.9967847065932021,-0.08642410256672582
2025-03-06 00:00:00+00:00,-0.0260922942724664,-0.025701490539616005,1.8790586346048332e-05,-0.00020479715959824027,-0.00020479715959824027,0.40959431919648054,1.0602686236898355,-0.08089436421223527
2025-03-07 00:00:00+00:00,0.00044138869127663405,0.0011888078500189242,8.557749174998807e-05,-0.0004164983252461605,-0.0004164983252461605,0.832996650492321,1.0028742513224767,-0.0770226071142132
2025-03-08 00:00:00+00:00,-0.0007317810100405664,-0.00036428909557250424,2.4741818825525602e-05,-0.00019611686664679524,-0.00019611686664679524,0.3922337332935904,0.9844440781587013,-0.05902824542728119
2025-03-09 00:00:00+00:00,0.0007418154340694816,0.0009850296668111203,-3.5032634060181976e-05,-0.00010409079934076888,-0.00010409079934076888,0.20818159868153774,0.9750226219706886,-0.04827703870731111
2025-03-10 00:00:00+00:00,0.0007130309520977374,0.0007534817191557294,-2.0025526697468655e-05,-1.0212620180231124e-05,-1.0212620180231124e-05,0.02042524036046225,0.9095089896902058,-0.02707900845651144
2025-03-11 00:00:00+00:00,0.002523616563956166,0.0027074197334247384,1.377038886717343e-05,-9.87867791678486e-05,-9.87867791678486e-05,0.19757355833569715,0.8693642203913199,-0.036910702402989305
2025-03-12 00:00:00+00:00,-0.010018283916317428,-0.009831238476126446,7.349394545434782e-05,-0.00013426651792863644,-0.00012627286771665816,0.2685330358572729,1.0090033298231955,-0.09295232929961784
2025-03-13 00:00:00+00:00,-0.007693262805386736,-0.007527412646307431,1.6217237030059863e-05,-9.10336980546898e-05,-9.10336980546898e-05,0.18206739610937958,1.038712696189519,-0.104862268626142
2025-03-14 00:00:00+00:00,-0.005881381773720662,-0.005329762674792679,-5.61410525070382e-05,-0.0002477390232104601,-0.0002477390232104601,0.49547804642092014,0.9778923525129601,-0.10423172180882243
2025-03-15 00:00:00+00:00,-0.0105940142695361,-0.010070240993959749,0.0002741729114074958,-0.0004163682971926637,-0.00038157788979120623,0.8327365943853271,1.028752398693091,-0.15278788409862923
2025-03-16 00:00:00+00:00,-0.00507123153618283,-0.00483273236723671,0.00013312461624737725,-0.0002039951232480873,-0.00016762866194544455,0.4079902464961746,1.046656032154067,-0.14237415557616237
2025-03-17 00:00:00+00:00,0.005674094679257946,0.005890251278847149,-4.624820412897659e-05,-8.495419773013321e-05,-8.495419773013321e-05,0.1699083954602664,1.0054071113326946,-0.13317744863931696
2025-03-18 00:00:00+00:00,-0.006133208374539345,-0.006114413717099959,-1.8794657439419474e-05,0.0,0.0,0.0,1.04165958274931,-0.1401514403440386
2025-03-19 00:00:00+00:00,-0.011650685445641074,-0.011565941797987431,9.147491159072699e-05,-8.810927962216667e-05,-8.810927962216667e-05,0.17621855924433333,1.0503885615500523,-0.1502312598152739
2025-03-20 00:00:00+00:00,-0.014311399742478526,-0.014210577478795009,0.00012215590114486471,-0.00011148908241417342,-0.00011148908241417342,0.22297816482834681,1.0744624816607151,-0.13213865152214652
2025-03-21 00:00:00+00:00,-0.0002136142359038251,0.00012607734586223584,-7.4413549767584415e-06,-0.00017936847998292985,-0.0001528817468063481,0.35873695996585964,1.0367636001743403,-0.13762248991074616
2025-03-22 00:00:00+00:00,-0.004442558343006997,-0.004099959027547331,0.0002167032586886748,-0.00029266468083911446,-0.00026663789330927645,0.5853293616782289,1.0323970524340027,-0.11549428720889005
2025-03-23 00:00:00+00:00,-0.00848136237616992,-0.008301398524941751,0.00019482810814126282,-0.00020105494896127554,-0.0001737370104081937,0.40210989792255103,1.0423008364328106,-0.12534249463867944
2025-03-24 00:00:00+00:00,-0.0023641526125652845,-0.0020604389144909994,7.278819892928833e-05,-0.0002019949816488288,-0.0001745069153547657,0.40398996329765763,1.0540771702867129,-0.1385374094762584
2025-03-25 00:00:00+00:00,-0.006175620268586424,-0.0055638040635075684,9.633085104459621e-05,-0.0003587666043009822,-0.00034938045182249445,0.7175332086019645,1.0231092547663703,0.019063092196600743
2025-03-26 00:00:00+00:00,0.0009837893812358889,0.0015890078466971893,2.243626220803717e-06,-0.00030373104584101925,-0.00030373104584101925,0.6074620916820385,1.015269511886831,-0.0024693815065201293
2025-03-27 00:00:00+00:00,0.013652423948157244,0.014244044883337805,2.350292658149479e-05,-0.0003075619308810249,-0.0003075619308810249,0.6151238617620498,0.9914289165707335,0.028363319352198924
2025-03-28 00:00:00+00:00,0.0051599648722855385,0.0054013832662004645,0.00016976813873903314,-0.00020559326632701695,-0.00020559326632701695,0.41118653265403393,0.9845472057701934,0.03776825784853362
2025-03-29 00:00:00+00:00,-0.015705565383965836,-0.015521596809246044,2.44398897583974e-05,-0.00010420423223909263,-0.00010420423223909263,0.20840846447818528,0.9396914608313977,0.027164619607353543
2025-03-30 00:00:00+00:00,-0.002664227237846095,-0.002216842618941054,0.00014104351444263737,-0.0002942140666738404,-0.0002942140666738404,0.5884281333476807,0.9282040268616464,0.0007988073042888969
2025-03-31 00:00:00+00:00,-0.0040903918385502,-0.003870925687573689,0.00016963891133448276,-0.00019455253115549048,-0.00019455253115549048,0.38910506231098096,0.9316560067725826,-0.010322028287046646
2025-04-01 00:00:00+00:00,0.006610409694067121,0.006781683064522132,2.579610598544965e-05,-9.853473822022241e-05,-9.853473822022241e-05,0.19706947644044484,0.9240837736968722,-0.0009825383660613167
2025-04-02 00:00:00+00:00,0.006848748824074713,0.006951244647879462,0.00011212987984001249,-0.00010731285182236313,-0.00010731285182236313,0.21462570364472622,0.9840209342625507,0.03889047879709646
2025-04-03 00:00:00+00:00,0.019302002115802575,0.019701470316874872,0.00022655612881265907,-0.0003265629793273388,-0.0002994613505576161,0.6531259586546777,0.9655297306095298,0.14131577278836063
2025-04-04 00:00:00+00:00,0.011587138742742642,0.011808016487391087,-3.537142210433407e-06,-0.00010867030121902824,-0.00010867030121902824,0.21734060243805647,1.0024395645836233,0.17186994611664105
2025-04-05 00:00:00+00:00,-0.020827581168391784,-0.020577974402860678,-2.442497371818803e-05,-0.0001312295341815476,-9.395225763138585e-05,0.2624590683630952,1.0420529729303463,0.18290915792710097
2025-04-06 00:00:00+00:00,-0.009904525854058432,-0.009800791432015232,0.00010464300526107278,-0.0001233968083561569,-8.498061894811908e-05,0.24679361671231376,1.031095472941281,0.16543258513707462
2025-04-07 00:00:00+00:00,0.004455252941792276,0.0048135015153223815,5.487670816271945e-06,-0.00019896224710430212,-0.0001647739972421404,0.39792449420860426,0.9300601738745938,0.16918189848073076
2025-04-08 00:00:00+00:00,0.019202711281925522,0.01984003483407823,6.64451789993185e-05,-0.00038484234992323545,-0.00031892638122869854,0.7696846998464709,1.0435548740060014,-0.07955393103655527
2025-04-09 00:00:00+00:00,0.0017224998291702764,0.0016921894886748274,3.0310340495524763e-05,0.0,0.0,0.0,0.9999156591154981,-0.07772785533035187
2025-04-10 00:00:00+00:00,-0.014353258585868556,-0.014049865515501074,8.568431603466463e-05,-0.00020737978050459376,-0.000181697605897556,0.41475956100918754,1.113570745298935,-0.12768578002290767
2025-04-11 00:00:00+00:00,0.025269294969428868,0.0256181275735549,7.15789989310267e-05,-0.00022422443685494244,-0.00019618716620206918,0.4484488737098849,0.9975610058636135,-0.11288956607871492
2025-04-12 00:00:00+00:00,-0.0010365036881788692,-0.0010755308502215749,3.902716204266103e-05,0.0,0.0,0.0,1.0347576417708144,-0.11408334473651575
2025-04-13 00:00:00+00:00,0.0006759054050431423,0.0005029360020463616,0.0001943446438473276,-1.0687620425224238e-05,-1.0687620425224238e-05,0.02137524085044848,1.114269105423252,-0.09214288800798033
2025-04-14 00:00:00+00:00,-0.006017281871529612,-0.005811588701361102,8.787133859532262e-05,-0.00014678225438193162,-0.00014678225438193162,0.29356450876386325,1.0012567156413315,-0.0007865657706661768
2025-04-15 00:00:00+00:00,-0.0077897279966980815,-0.007947929613377175,0.00015820161667904088,0.0,0.0,0.0,1.0049608607048475,-0.008803068896281905
2025-04-16 00:00:00+00:00,0.0017789960416196848,0.0019285942292814754,4.228345480103707e-05,-9.594082123136365e-05,-9.594082123136365e-05,0.1918816424627273,0.9646346300202452,-0.015075790223550725
2025-04-17 00:00:00+00:00,0.011443034809315966,0.011507151388811787,0.00012317570088399838,-9.364614018990828e-05,-9.364614018990828e-05,0.1872922803798166,0.963679818418545,-0.00018036972056807848
2025-04-18 00:00:00+00:00,-0.002047750015138239,-0.0021686951623699495,0.00014284543643895868,-1.0950144603636235e-05,-1.0950144603636235e-05,0.021900289207272473,0.9540277005235615,-0.024299112598401888
2025-04-19 00:00:00+00:00,-0.007801971069504088,-0.007992503666521943,0.00019053259701788124,0.0,0.0,0.0,0.9642641010088607,-0.03254553559205431
2025-04-20 00:00:00+00:00,-0.009463253053274334,-0.00944084793703014,0.00016064413634499022,-0.00011137086091573594,-7.167839167344558e-05,0.22274172183147187,0.9967975214862845,-0.00011271035186901474
2025-04-21 00:00:00+00:00,0.0001382453012404028,0.0006110322395257608,-3.627059011194444e-05,-0.00023512169904542138,-0.00020139464912802147,0.47024339809084276,1.0057989067670285,0.07259531950435738
2025-04-22 00:00:00+00:00,0.001373039743708837,0.0013696349507363735,3.404792972360325e-06,0.0,0.0,0.0,1.0039441529508222,0.07386353688334207
2025-04-23 00:00:00+00:00,0.01016937775811444,0.01057597736175376,-2.8725473438681952e-05,-0.0002056712091750287,-0.00017220292102553786,0.41134241835005736,1.070080677998176,0.0886917176804232
2025-04-24 00:00:00+00:00,-0.021395422262235675,-0.02121188887852656,8.028489640037069e-05,-0.00013190914005476362,-0.00013190914005476362,0.26381828010952724,1.0728035616835334,0.13257856766338239
2025-04-25 00:00:00+00:00,-0.0019204475076567418,-0.0013059462055469166,-1.4349162415293854e-06,-0.0003065331929341368,-0.0003065331929341368,0.6130663858682736,1.0667548671495355,0.07134752586564212
2025-04-26 00:00:00+00:00,0.0008025165747016505,0.000998644133185264,1.802471781022311e-05,-0.00010707613814691566,-0.00010707613814691566,0.21415227629383132,1.0416487708971511,0.058306702529310986
2025-04-27 00:00:00+00:00,-0.007260773695269895,-0.0072152598370366396,0.00014555503093469286,-9.55344445839476e-05,-9.55344445839476e-05,0.1910688891678952,1.0353053424817737,0.06066211101373786
2025-04-28 00:00:00+00:00,-0.007021266802620829,-0.006879351546807081,0.0001250289515476768,-0.00013765798754740316,-0.00012928621981402448,0.2753159750948064,0.9908148553697307,0.11804655546741359
2025-04-29 00:00:00+00:00,-0.002298033199000127,-0.0020245904200269864,0.00013022217854515602,-0.00020183247875916902,-0.00020183247875916902,0.4036649575183381,1.0052648057917948,0.11490921570523756
2025-04-30 00:00:00+00:00,0.0026105413383905596,0.002794815932677672,-8.83982138629206e-06,-8.77173864504575e-05,-8.77173864504575e-05,0.17543477290091503,0.9894013096141824,0.12194734094039505
2025-05-01 00:00:00+00:00,0.009717056211322683,0.009898989091020218,-3.650919624944157e-05,-8.450417994781245e-05,-6.091950350024216e-05,0.16900835989562485,0.9928527797465775,0.11891365577546145
2025-05-02 00:00:00+00:00,-0.0021113011749872568,-0.001631288417301293,9.805354529015986e-05,-0.000302652673621393,-0.00027541362935474,0.6053053472427861,1.0305051626175719,0.11870524401032834
2025-05-03 00:00:00+00:00,0.014182631881957342,0.014737413685150386,1.2104770269457772e-05,-0.00029746927873695417,-0.0002694172947255112,0.5949385574739082,1.0007115852678534,0.1568159426392313
2025-05-04 00:00:00+00:00,-0.0019202571708252236,-0.0016300137400787882,0.00014850988073257458,-0.00021937665573952696,-0.00021937665573952696,0.43875331147905394,0.9799692397147455,0.14683193261334107
2025-05-05 00:00:00+00:00,-0.002848640829758553,-0.0018090890971023165,-0.00020586608638750465,-0.0004352591868105711,-0.000398426459458116,0.8705183736211423,0.9754939922821683,0.02216628401708244
2025-05-06 00:00:00+00:00,0.005174277158651375,0.005685578468809738,-4.247091561106886e-05,-0.0002344151972737017,-0.0002344151972737017,0.46883039454740344,0.9927329073374656,-0.054979417053525305
2025-05-07 00:00:00+00:00,-0.004893081227371532,-0.0047100190520638135,3.351870558646062e-05,-0.00010829044044707243,-0.00010829044044707243,0.21658088089414487,0.9927943273329373,-0.0529372112406261
2025-05-08 00:00:00+00:00,0.017632835150314108,0.017872820150798413,0.00012573526230569664,-0.00019757787359894166,-0.00016814238919106702,0.3951557471978834,0.992097434364252,-0.028439220556426448
2025-05-09 00:00:00+00:00,-0.013906015857944154,-0.013517842332758224,2.4608367158543178e-05,-0.0002063909461722284,-0.0002063909461722284,0.4127818923444568,1.1044294608263752,0.017229536472035845
2025-05-10 00:00:00+00:00,-0.0026420069298105364,-0.0023160320516522354,4.9795243765516446e-05,-0.00021867332918588638,-0.00015709679273795334,0.43734665837177267,1.0959635962756025,-0.019665530574773847
2025-05-11 00:00:00+00:00,0.007017160204753736,0.007515471388595979,-1.4308385299988125e-05,-0.00024200139927113828,-0.00024200139927113828,0.4840027985422765,1.0887697005286594,0.06781130427813135
2025-05-12 00:00:00+00:00,-0.0015628679658502564,-0.0013644705906653747,-5.473520482589426e-06,-9.646192735113376e-05,-9.646192735113376e-05,0.1929238547022675,1.0524516193181965,0.06877085194995786
2025-05-13 00:00:00+00:00,-0.00899469560170707,-0.0089870897354207,-7.60586628631696e-06,0.0,0.0,0.0,1.065186641153037,0.06032637963611664
2025-05-14 00:00:00+00:00,0.005276953251798222,0.005314596849368049,-3.764359756987145e-05,0.0,0.0,0.0,1.0914632532640134,0.06529641038039717
2025-05-15 00:00:00+00:00,-0.007730009281198269,-0.007057704880672952,-6.0153713405566004e-05,-0.00030607534355985515,-0.00030607534355985515,0.6121506871197104,1.0351203223842733,0.08279507202984963
2025-05-16 00:00:00+00:00,0.00949152403943021,0.010154606521699576,-7.894287534873487e-05,-0.00029206980346033044,-0.00029206980346033044,0.5841396069206608,0.9843248556526991,0.1160296326627966
2025-05-17 00:00:00+00:00,0.015217001904864969,0.015399132733353749,3.713534321601887e-05,-0.00010963308585239861,-0.00010963308585239861,0.2192661717047972,0.9793571067966049,0.13494560604325892
2025-05-18 00:00:00+00:00,-0.003178195964913977,-0.003186597875382848,8.40191046888458e-06,0.0,0.0,0.0,0.9537315239615018,0.13217909924775118
2025-05-19 00:00:00+00:00,-0.0031407109069666594,-0.002938127299313617,1.327425110050045e-05,-0.0001079289293767473,-0.0001079289293767473,0.21585785875349459,0.9909028318413766,0.13778444425476305
2025-05-20 00:00:00+00:00,0.009015488116757009,0.009269717957711095,-8.50213893459044e-05,-8.460422580413539e-05,-8.460422580413539e-05,0.16920845160827078,0.976234936379838,0.13851743589745483
2025-05-21 00:00:00+00:00,-0.0020391100322518785,-0.0017564054153324162,-6.0212544995024044e-05,-0.00011124603596223251,-0.00011124603596223251,0.22249207192446505,0.9876211470104681,0.13870219978066164
2025-05-22 00:00:00+00:00,-0.019489127043031185,-0.019035367259869405,6.5694950377310285e-06,-0.00024716336480950824,-0.0002131659133899538,0.4943267296190165,0.9154039017812933,0.016505407865218348
2025-05-23 00:00:00+00:00,-0.009177258878908745,-0.008888999776817326,4.982193656608226e-06,-0.00014662064787402865,-0.00014662064787402865,0.2932412957480573,1.0744533330569037,0.14050654205969915
2025-05-24 00:00:00+00:00,0.011858155588632346,0.012056315297060789,2.830320016099005e-06,-0.00011879087919121048,-8.219914925323342e-05,0.23758175838242096,1.00383871702565,0.14448640718910935
2025-05-25 00:00:00+00:00,0.008792871617152365,0.009237628689901078,-4.377385039606561e-05,-0.00020049161117632118,-0.00020049161117632118,0.4009832223526423,0.9990344494139375,0.15066360942811707
2025-05-26 00:00:00+00:00,0.004163998298685856,0.004213785268964571,-4.978697027864649e-05,0.0,0.0,0.0,1.0033186310181836,0.15423515975426746
2025-05-27 00:00:00+00:00,0.010212409414756873,0.010236248957533736,1.4244085094193805e-06,-1.2631975643138822e-05,-1.2631975643138822e-05,0.025263951286277644,0.9737529975931768,0.13780018551362885
2025-05-28 00:00:00+00:00,0.0017367244240280577,0.0017058209360517477,3.0903487976353646e-05,0.0,0.0,0.0,0.9837568701502307,0.1392641430111217
2025-05-29 00:00:00+00:00,0.00934792572004195,0.009575474194531947,-4.70555163440069e-05,-9.024647907298724e-05,-9.024647907298724e-05,0.1804929581459745,0.9820258920079876,0.1419960970037288
2025-05-30 00:00:00+00:00,-0.002877481954508654,-0.0028585021502081087,-1.8979804300532635e-05,0.0,0.0,0.0,0.9583743095513241,0.13953911614216802
2025-05-31 00:00:00+00:00,0.01224548338217013,0.012528468063457459,-8.245189679367751e-05,-0.00010026639224682796,-0.00010026639224682796,0.2005327844936559,0.9281759306749906,0.12359128921733561
2025-06-01 00:00:00+00:00,-0.013238384780007384,-0.01260527846016608,-7.491752666838517e-05,-0.00029474072289175594,-0.00026344807028115216,0.5894814457835119,1.0027434007414961,0.04309334003706011
2025-06-02 00:00:00+00:00,-0.002966596717251746,-0.0024376043401881644,8.710010334310669e-05,-0.0003080462402033275,-0.0003080462402033275,0.616092480406655,1.007383924575173,0.05769136189332823
2025-06-03 00:00:00+00:00,0.0022980173558249106,0.002471846430914858,1.515817320865452e-05,-9.449362414925002e-05,-9.449362414925002e-05,0.18898724829850005,1.006222559888597,0.07394632368459819
2025-06-04 00:00:00+00:00,0.005305401071534099,0.005702938562588876,2.1722966317943544e-06,-0.00019985489384327597,-0.00019985489384327597,0.3997097876865519,1.0031508576852155,0.05493216115290753
2025-06-05 00:00:00+00:00,0.007914197548708035,0.008125217541816939,-1.2258357585769673e-05,-9.93808177615582e-05,-9.93808177615582e-05,0.1987616355231164,0.9722811522318108,0.0655844969613283
2025-06-06 00:00:00+00:00,-0.0013567637315639036,-0.0013336217269278605,-2.314200463606028e-05,0.0,0.0,0.0,0.9141017980859238,0.06433816692584093
2025-06-07 00:00:00+00:00,-0.005421128184505242,-0.00524114244462558,-3.3688253541600237e-06,-0.00010367492086720203,-7.294199365829008e-05,0.20734984173440402,0.9479961931532052,0.0618962322319408
2025-06-08 00:00:00+00:00,0.0026855635001896694,0.0030069758200558868,4.499676037505494e-05,-0.00019794570971786373,-0.00016846337052338052,0.3958914194357274,0.9748531113348186,0.047676743307227154
2025-06-09 00:00:00+00:00,-0.00728553425982148,-0.0069548631269680675,4.050005838146456e-05,-0.0002004219714952682,-0.00017074921973964593,0.40084394299053644,0.9813836172886715,0.05032303602435424
2025-06-10 00:00:00+00:00,0.012906513299548061,0.013132505216600377,-2.671291482834382e-05,-9.963950111195996e-05,-9.963950111195996e-05,0.19927900222391992,1.0162847443610787,0.0664835096731491
2025-06-11 00:00:00+00:00,0.029025258594923775,0.02903867807927661,-1.3419484352773851e-05,0.0,0.0,0.0,1.0533992276984312,0.09282783581314227
2025-06-12 00:00:00+00:00,-0.0042592477452353394,-0.004133828092220575,6.606227757700789e-05,-9.574096529589399e-05,-9.574096529589399e-05,0.191481930591788,1.0195663127815153,0.09535163013317022
2025-06-13 00:00:00+00:00,0.0070043741149108385,0.007209802913954139,-2.029098151571846e-05,-9.256890876380066e-05,-9.256890876380066e-05,0.18513781752760133,0.9649004960582734,0.09666497349596383
2025-06-14 00:00:00+00:00,0.01546664085591698,0.01577189895742266,-0.00013079254610658431,-8.723277769955133e-05,-8.723277769955133e-05,0.1744655553991026,0.9570189820715063,0.09950568053643416
2025-06-15 00:00:00+00:00,-0.007776666144322486,-0.007828070733357465,5.140458903501533e-05,0.0,0.0,0.0,0.9355681878728472,0.09239614376616903
2025-06-16 00:00:00+00:00,0.003910601795148461,0.003970794647100185,-6.019285195165633e-05,0.0,0.0,0.0,0.9423105172490323,0.0959915536711638
2025-06-17 00:00:00+00:00,0.001773561172973226,0.0017987085998269882,-2.5147426853827886e-05,0.0,0.0,0.0,0.948105139801387,0.09761713231529907
2025-06-18 00:00:00+00:00,0.009267540941734875,0.009487319587254055,-4.331456201975024e-05,-8.823204174970102e-05,-8.823204174970102e-05,0.176464083499402,0.9281572917516653,0.09641072653495907
2025-06-19 00:00:00+00:00,0.0009559277335442484,0.0012020929401041812,-8.009386936209477e-05,-9.876998379950848e-05,-6.730135339836729e-05,0.19753996759901699,0.9373024876568472,0.10975879973631926
2025-06-20 00:00:00+00:00,0.013740251803426418,0.014168700296668555,-4.5221538041319925e-05,-0.000207349657579697,-0.0001758772976211974,0.41469931515939396,0.9552692160901725,0.09076826052574404
2025-06-21 00:00:00+00:00,-0.006520425724003798,-0.006321308666773945,8.91861762014967e-06,-0.00010401783742498337,-0.00010401783742498337,0.2080356748499667,0.928319382632963,0.09060905883030784
2025-06-22 00:00:00+00:00,-0.006158880105717968,-0.005959965761926554,4.859056200107273e-06,-0.00011677954443293808,-8.699385555855613e-05,0.23355908886587617,0.9372400980215867,0.12037831840207726
2025-06-23 00:00:00+00:00,0.0006547607713343062,0.0008300230027385807,3.47556257690574e-05,-0.0001220380223251792,-8.797983484824711e-05,0.24407604465035837,0.9312198018084982,0.14494648022406548
2025-06-24 00:00:00+00:00,-0.0008182521730566439,-0.0006643993951378094,4.279843542403854e-05,-0.000130723246224899,-6.592796711792316e-05,0.26144649244979795,1.0435715165381199,0.09231135363455188
2025-06-25 00:00:00+00:00,0.004062113426292591,0.004096983206752466,0.00012215504522559563,-0.0001121605897753588,-4.4864235910143514e-05,0.22432117955071756,1.0482226022131214,0.09562544951792787
2025-06-26 00:00:00+00:00,0.02212581918363843,0.0220613735763167,6.444560732173568e-05,0.0,0.0,0.0,1.0098733425301427,0.11513927237278862
2025-06-27 00:00:00+00:00,0.0021142426189986185,0.0023591664521785474,-3.203342332302756e-05,-0.00010644520492846511,-0.00010644520492846511,0.21289040985693022,0.9917898326795468,0.12001389778595152
2025-06-28 00:00:00+00:00,0.004505213419401688,0.004718509330302156,-7.163432079485694e-06,-0.00010306623941053018,-0.00010306623941053018,0.20613247882106034,1.004474997025397,0.12530235378698196
2025-06-29 00:00:00+00:00,-0.0062902099235662146,-0.006108575087712584,3.470541027004736e-05,-0.00010817012306183925,-0.00010817012306183925,0.21634024612367847,1.0262148111551181,0.12636650993030238
2025-06-30 00:00:00+00:00,0.00102041991014179,0.0012188317359011552,2.2293937915093283e-05,-0.00011035288183720561,-0.00011035288183720561,0.22070576367441122,1.0560155964484095,0.12300218466243924
2025-07-01 00:00:00+00:00,0.003778509875275393,0.004059463749786306,-6.765628795878867e-05,-0.00010664879327603149,-0.00010664879327603149,0.21329758655206296,1.02376148706918,0.12175068392019589
2025-07-02 00:00:00+00:00,-0.002407841900416652,-0.0021720969569326114,-5.336467996333377e-05,-0.00010781885755779605,-7.456140596292259e-05,0.2156377151155921,0.9779242328795389,0.11377390769515452
2025-07-03 00:00:00+00:00,-0.008060440800364499,-0.007561894003794133,8.994298334355186e-05,-0.00032891584988136823,-0.0002595739300325063,0.6578316997627365,1.079180340497798,0.14295176666979303
2025-07-04 00:00:00+00:00,-0.0034583432537145242,-0.0030744105488072463,8.76456941103151e-05,-0.0002545451090546964,-0.0002170332899628709,0.5090902181093928,1.0540798274001089,0.154458654723112
2025-07-05 00:00:00+00:00,0.0106687521507014,0.011094737691422656,-8.358683431651343e-06,-0.00020881342864483764,-0.00020881342864483764,0.4176268572896752,0.9953230046084973,0.18659923495124353
2025-07-06 00:00:00+00:00,0.0015481362203275673,0.0016168753508045209,8.815438406742462e-05,-7.844675727214908e-05,-7.844675727214908e-05,0.15689351454429817,0.9902992219676874,0.19481111919385852
2025-07-07 00:00:00+00:00,-0.0016255506276160459,-0.0012834679400116464,1.3024247563176262e-05,-0.00019534282933715395,-0.0001597641058304295,0.39068565867430793,1.012067334354995,0.17874513827663596
2025-07-08 00:00:00+00:00,0.00040779166975379866,0.0006053904462399818,3.589209835112121e-05,-0.00011674543741868516,-0.00011674543741868516,0.23349087483737033,0.9983541297509845,0.16794074467335554
2025-07-09 00:00:00+00:00,0.004741794404843569,0.004753049219697067,-1.1254814853571758e-05,0.0,0.0,0.0,1.011812488363814,0.17187878005547372
2025-07-10 00:00:00+00:00,-0.011019603515904475,-0.010852267457053739,7.196423445498427e-05,-0.00011965014665288102,-0.00011965014665288102,0.23930029330576202,1.0664366235555864,0.1652941564029291
2025-07-11 00:00:00+00:00,-0.0075627795952479815,-0.007164971649525696,2.4614470230595668e-05,-0.00022994843509071156,-0.0001924739808621745,0.45989687018142306,1.0577749302888722,0.2212685169678765
2025-07-12 00:00:00+00:00,0.002406892231922919,0.002850636120630191,-7.419763521165729e-05,-0.00020347874275433793,-0.00016606751074124706,0.40695748550867594,1.066445556843814,0.23070555200906726
2025-07-13 00:00:00+00:00,0.005217003378298335,0.005684152983257376,-5.204877672156395e-05,-0.00020755041411877598,-0.00020755041411877598,0.41510082823755196,1.0396174488494754,0.22400270384133777
2025-07-14 00:00:00+00:00,0.02411001587562045,0.024618246958198753,-0.00010721843927253283,-0.00020050632165284253,-0.00020050632165284253,0.40101264330568503,1.0573761563815307,0.22537811820824144
2025-07-15 00:00:00+00:00,-0.0056169050885547245,-0.00527227557948673,-0.00014775984710644724,-9.843483098079414e-05,-9.843483098079414e-05,0.19686966196158828,1.0530852191685205,0.20262940645866537
2025-07-16 00:00:00+00:00,-0.019007268051522863,-0.01849240631028566,-0.00018081991642207598,-0.00016702091240758184,-0.00016702091240758184,0.3340418248151637,1.1016724090278514,0.1789961599551974
2025-07-17 00:00:00+00:00,0.03400908887870169,0.03468797499031851,-3.869895747386946e-05,-0.00034346435013667966,-0.0002967228040061811,0.6869287002733593,0.9998806525541549,0.1317125227347727
2025-07-18 00:00:00+00:00,0.03585831579361898,0.03635719569772393,-0.00010294404504094876,-0.00019796792953195898,-0.00019796792953195898,0.3959358590639179,1.0134760630014417,0.12609779446224614
2025-07-19 00:00:00+00:00,-0.026424143401431843,-0.025975099461158592,-3.492375318842972e-05,-0.00020706009354240233,-0.00020706009354240233,0.41412018708480464,1.02813460137992,0.06812306522991922
2025-07-20 00:00:00+00:00,-0.00034508054575543845,-0.00032078134155266356,-2.429920420276776e-05,0.0,0.0,0.0,1.0365297186441509,0.06782568921421654
2025-07-21 00:00:00+00:00,-0.009263931846081541,-0.009252602407712246,4.430025676597144e-06,-1.1256760032772165e-05,-4.502704013108867e-06,0.022513520065544333,1.0492186881529721,0.03639674369395991
2025-07-22 00:00:00+00:00,0.0056979175848523855,0.005917998721137233,-1.8955690878923055e-05,-0.00010056272270292664,-0.00010056272270292664,0.20112544540585325,1.0448502721746393,0.05179833504100065
2025-07-23 00:00:00+00:00,0.006682865884721556,0.0069366188605807415,-2.936918368776151e-05,-0.00011219189608570989,-0.00011219189608570989,0.2243837921714198,1.0201444520256384,0.02737931083677544
2025-07-24 00:00:00+00:00,-0.0074700445487975164,-0.0072533310645124,-2.3568074713403353e-05,-9.657270478585061e-05,-9.657270478585061e-05,0.1931454095717012,0.9631475384257492,0.011429294008365934
2025-07-25 00:00:00+00:00,0.005694322383029027,0.005728541766414599,-3.42193833856055e-05,0.0,0.0,0.0,0.9525744574963476,0.017060686724495098
2025-07-26 00:00:00+00:00,-0.0049110229262163685,-0.004901618296670453,-9.404629545952392e-06,0.0,0.0,0.0,0.9870417359245253,0.012219076593110882
2025-07-27 00:00:00+00:00,0.005029691989007823,0.005395059008050064,5.255961786848343e-06,-0.00019957350184648498,-0.00017104947898250852,0.39914700369296996,1.0003692888682483,0.04432154454647043
2025-07-28 00:00:00+00:00,-0.008999707286349135,-0.009003591599248899,3.88431289981535e-06,0.0,0.0,0.0,1.0314344635516368,0.0356386907318772
2025-07-29 00:00:00+00:00,0.00517084794215128,0.005150832044743909,2.001589740727828e-05,0.0,0.0,0.0,0.9896322748047466,0.04057969136304354
2025-07-30 00:00:00+00:00,0.003899095118982565,0.0039147738389851035,-1.5678720002521218e-05,0.0,0.0,0.0,0.9729567169259803,0.04432165086945853
2025-07-31 00:00:00+00:00,0.0074846107263781825,0.007708327362284259,-3.342040450682936e-05,-9.514811569957165e-05,-9.514811569957165e-05,0.19029623139914328,0.9557948090831414,0.05255650105582268
2025-08-01 00:00:00+00:00,-0.0001423165965028783,4.09675702954026e-05,4.9930128781788745e-06,-9.413858983824248e-05,-9.413858983824248e-05,0.1882771796764849,0.9191757629570697,0.05314440850375846
2025-08-02 00:00:00+00:00,-0.008495987702668462,-0.00849798136211879,2.3547930577258463e-05,-1.0777135563461207e-05,-1.0777135563461207e-05,0.021554271126922417,0.9133226426572107,0.06676795801882238
2025-08-03 00:00:00+00:00,-0.006881389150023232,-0.006480973295335855,-2.26034461696532e-05,-0.00018890620425888888,-0.00018890620425888888,0.3778124085177777,0.9193916799837191,0.07534530094943272
2025-08-04 00:00:00+00:00,-0.0024611043792648335,-0.0020178039471433133,-6.15736795137301e-05,-0.00019086337630390787,-0.00019086337630390787,0.38172675260781574,0.9751953720160598,0.07667434930612796
2025-08-05 00:00:00+00:00,0.011350903168569682,0.011433026449669453,-8.212328109972428e-05,0.0,0.0,0.0,1.0011708643231767,0.08711850207455829
2025-08-06 00:00:00+00:00,0.001433656328293731,0.0016871148578221481,-3.154067054149158e-05,-0.00011095892949346323,-0.00011095892949346323,0.22191785898692645,0.9651148849790944,0.08208027255816543
2025-08-07 00:00:00+00:00,-0.00021847882282310938,0.00023870963295468786,-6.604629063729008e-05,-0.00019557108257027542,-0.00019557108257027542,0.3911421651405509,0.9873788478651037,0.09231566659729787
2025-08-08 00:00:00+00:00,-0.011453085183092293,-0.010851549348395146,-2.5143078800356244e-05,-0.00030318640238783827,-0.00027320635350900404,0.6063728047756767,1.0638808847903958,0.11312261270290574
2025-08-09 00:00:00+00:00,0.0039834550050199535,0.004371020591768423,-2.140506657418927e-05,-0.00021445778755814108,-0.00015170273261620845,0.42891557511628225,1.04627254650087,0.1500709152145296
2025-08-10 00:00:00+00:00,-3.889555813729739e-05,0.00038599610511229267,-1.0588431213638323e-05,-0.00020715161601798254,-0.00020715161601798254,0.41430323203596503,1.0568117480158652,0.14014892272148757
2025-08-11 00:00:00+00:00,0.009271504701727995,0.009484741430420251,-4.0174830181399176e-05,-8.653094925543063e-05,-8.653094925543063e-05,0.17306189851086123,1.0465914576665092,0.15144868921087057
2025-08-12 00:00:00+00:00,0.007405581591318322,0.007729135980066366,-9.758981385148196e-05,-0.0001129822874483275,-0.0001129822874483275,0.22596457489665495,1.0264497200478953,0.1698934506719178
2025-08-13 00:00:00+00:00,0.015533770761471555,0.01603211250987651,-8.785765961128583e-05,-0.0002052420443968517,-0.0002052420443968517,0.41048408879370335,1.0735929329511602,0.19688273715001564
2025-08-14 00:00:00+00:00,-0.0036999228070245804,-0.0036519425100879467,-4.798029693659614e-05,0.0,0.0,0.0,1.1008856039614194,0.19394838870668962
2025-08-15 00:00:00+00:00,-0.0025679435524632588,-0.00197144178760856,-0.00014435764666012336,-0.00022607205909731045,-0.00022607205909731045,0.4521441181946208,0.9949126246797763,0.18284123889702064
2025-08-16 00:00:00+00:00,-0.001775423134037779,-0.0010327414051299268,-0.00011612143074158112,-0.0003132801490831549,-0.0003132801490831549,0.6265602981663099,0.988274123985223,0.17298420953062763
2025-08-17 00:00:00+00:00,-0.004984657853816188,-0.004951569185867863,-3.3088667948372305e-05,0.0,0.0,0.0,0.9946800122188912,0.16887442155647983
2025-08-18 00:00:00+00:00,0.01778362621751617,0.018064502228645,-4.837921714657136e-05,-0.00011624839699110025,-0.00011624839699110025,0.23249679398220052,0.9996952279853417,0.17836055680154694
2025-08-19 00:00:00+00:00,-0.0015215632721765626,-0.0014109690630418337,-0.0001105942091347746,0.0,0.0,0.0,0.9781234338807095,0.17721923802220252
2025-08-20 00:00:00+00:00,-0.009489162604159218,-0.009278059004228074,-3.581448362044923e-05,-8.764455815532943e-05,-8.764455815532943e-05,0.17528911631065885,0.9279519924778636,0.173268628396327
2025-08-21 00:00:00+00:00,0.013655554826125238,0.013862769105251213,-1.5308452063011174e-05,-0.00011006733389104227,-8.183849317190473e-05,0.22013466778208454,1.0180132252851841,0.12949671015948885
2025-08-22 00:00:00+00:00,-0.00748542750864023,-0.0071572343563340276,4.539803060984891e-05,-0.0002008542250095118,-0.00017273695790655656,0.4017084500190236,0.9934820783616258,0.1335531089591854
2025-08-23 00:00:00+00:00,0.021297217994908024,0.021672878396901844,-7.707522662483867e-06,-0.0001985996909554263,-0.0001693531883758764,0.3971993819108526,1.0659906833745694,0.1368472323845141
2025-08-24 00:00:00+00:00,-0.0031442282424989365,-0.0027165806926618802,-4.628138668940546e-05,-0.00020554000148123434,-0.00017582616166638676,0.4110800029624686,1.054153627885755,0.15464603983935957
2025-08-25 00:00:00+00:00,0.00020578516085301146,0.0003922596094936195,-1.6124017124458417e-05,-0.00010287535256106611,-6.747507895514693e-05,0.20575070512213223,1.0212814126129963,0.12476150646484811
2025-08-26 00:00:00+00:00,-0.009854372538485423,-0.009623979125567353,-5.2905272222271325e-05,-8.874407034788663e-05,-8.874407034788663e-05,0.17748814069577326,0.9695854352106178,0.103539053778431
2025-08-27 00:00:00+00:00,0.005283101071237084,0.005644785196069459,3.215799293481438e-05,-0.00021019046802625156,-0.00018365164974093275,0.42038093605250304,1.0318310889579951,0.07210614121688363
2025-08-28 00:00:00+00:00,-0.0061647257015085,-0.006179696087489738,1.4970385981284497e-05,0.0,0.0,0.0,1.018188753067174,0.0663353845796316
2025-08-29 00:00:00+00:00,0.00585893149421568,0.00584055541611662,1.8376078099145584e-05,0.0,0.0,0.0,1.0240697631955906,0.07175552926545067
2025-08-30 00:00:00+00:00,0.0054226863534558856,0.005344481460513471,7.820489294244099e-05,0.0,0.0,0.0,0.980795188980635,0.07668417648859348
2025-08-31 00:00:00+00:00,-0.0030850545265898033,-0.0031148666090953514,2.981208250550437e-05,0.0,0.0,0.0,0.9872232444858814,0.07379697757922779
2025-09-01 00:00:00+00:00,0.002952553844975725,0.0030693837076037752,4.5253310399611296e-05,-9.615233361655885e-05,-6.593083941104771e-05,0.1923046672331177,0.9820015261886861,0.06749511751447376
2025-09-02 00:00:00+00:00,-0.011170002322537398,-0.011026516415582664,7.715950456753485e-05,-0.00011032270576114587,-0.00011032270576114587,0.22064541152229172,1.013687319072649,0.024754447421591334
2025-09-03 00:00:00+00:00,0.003251027128675865,0.003668915524061482,-8.634039965251316e-08,-0.00020890102749297025,-0.00020890102749297025,0.41780205498594053,1.025475371474403,0.009571085989519166
2025-09-04 00:00:00+00:00,0.004887225524388361,0.005205869588414236,2.178101976943969e-05,-0.00020025824353406857,-0.0001401668402611901,0.40051648706813714,1.031827098760624,0.026124773067866723
2025-09-05 00:00:00+00:00,-0.006646821261895197,-0.0062835370787415225,1.2989677168720602e-06,-0.00019733357387452128,-0.00016724957699604202,0.3946671477490425,1.0079440114033915,0.006818503883830075
2025-09-06 00:00:00+00:00,-0.0033023908167665317,-0.0029062693755345557,-3.0656658877890025e-05,-0.00019765911108453766,-0.00016780567126956086,0.3953182221690753,1.0233491218892505,0.0023234308985999024
2025-09-07 00:00:00+00:00,0.005908685933948332,0.006001604975327671,-9.291904137926149e-05,0.0,0.0,0.0,1.0058579791720437,0.008276134792690567
2025-09-08 00:00:00+00:00,-0.003797185459481045,-0.003646830726727759,-0.00015035473275333533,0.0,0.0,0.0,1.0278508787440768,0.004646949394635374
2025-09-09 00:00:00+00:00,-0.011592421556222976,-0.011341555316407858,-4.1646298566973534e-05,-0.00010460997062404758,-0.00010460997062404758,0.20921994124809515,1.0518035481542745,-0.008471265880479101
2025-09-10 00:00:00+00:00,0.00359165678560891,0.003776763809079625,2.3331501002063912e-05,-0.00010421926223637637,-0.00010421926223637637,0.20843852447275274,1.029370389817971,0.014764357484265838
2025-09-11 00:00:00+00:00,0.008477364507327056,0.008621193915086438,5.944119220499033e-05,-0.00010163529998217601,-0.00010163529998217601,0.20327059996435198,1.0395141460565438,0.03368976981278878
2025-09-12 00:00:00+00:00,-0.010759306735550256,-0.010388772635915223,1.1370096226024213e-06,-0.00020096664099588022,-0.0001707044682617602,0.4019332819917604,1.0685556202343454,0.018879159734627924
2025-09-13 00:00:00+00:00,-0.0009082296146775137,-0.0005272579366824042,-1.787009616433997e-05,-0.0002127033812285988,-0.00015039820060216877,0.4254067624571976,1.0632968917310872,0.04834014936965394
2025-09-14 00:00:00+00:00,0.01741788607928174,0.01801123545067224,-1.4919435258024148e-05,-0.00030548895390367293,-0.0002729409822288236,0.6109779078073457,1.049123413674312,0.06469304537099614
2025-09-15 00:00:00+00:00,0.000834957103274192,0.001092404890357027,-5.179725119738746e-05,-0.0001028252679427497,-0.0001028252679427497,0.2056505358854994,1.0152661791346063,0.06684678532131036
2025-09-16 00:00:00+00:00,0.0036173055911019603,0.003901521160290091,-7.873839495864175e-05,-0.00010273858711476317,-0.00010273858711476317,0.20547717422952633,0.996166603271039,0.07714643098064648
2025-09-17 00:00:00+00:00,0.013777354675202247,0.014024901734655901,-5.81503364992655e-05,-9.469836147717041e-05,-9.469836147717041e-05,0.18939672295434085,0.9844006351600071,0.10337978185467284
2025-09-18 00:00:00+00:00,0.004428479859167167,0.004598392744423187,-1.9619285725009306e-05,-8.840352936002275e-05,-6.189007017105014e-05,0.17680705872004548,1.012458512122508,0.10755254444909598
2025-09-19 00:00:00+00:00,0.008874107628346506,0.008920985744665842,-4.687811631927827e-05,0.0,0.0,0.0,1.0285333890119313,0.1154490231368579
2025-09-20 00:00:00+00:00,0.0035319960700652686,0.003748342537214705,-3.155951331769586e-05,-0.00011038259111846734,-7.440436271322275e-05,0.22076518223693467,1.0114678489812041,0.1378003292507343
2025-09-21 00:00:00+00:00,0.002126213998017823,0.002089439130211791,3.677486780613354e-05,0.0,0.0,0.0,1.0146665300480555,0.1395929638671471
2025-09-22 00:00:00+00:00,0.003950046107070282,0.003953815478512257,-3.769371441895662e-06,0.0,0.0,0.0,1.0008033053556546,0.14298199387736304
2025-09-23 00:00:00+00:00,0.01658766596343808,0.0166956016794147,-8.787530598729398e-05,-1.003020499466919e-05,-1.003020499466919e-05,0.020060409989338376,0.9554854071388167,0.17680521962242735
2025-09-24 00:00:00+00:00,0.0018789819777069727,0.0019467046955354396,-4.603113815273325e-05,-1.0845789837921221e-05,-1.0845789837921221e-05,0.02169157967584244,0.9671982820962659,0.20006758061550547
2025-09-25 00:00:00+00:00,-0.00628281911809192,-0.0058750942276272495,-4.041625406261219e-05,-0.0001954188089206155,-0.00017188982748149803,0.390837617841231,0.9831397485551177,0.1960982096568707
2025-09-26 00:00:00+00:00,-0.015892140597885573,-0.01547712644454146,-1.540170019343247e-05,-0.00019980622657536488,-0.00019980622657536488,0.3996124531507298,0.934846709540857,0.18570829884308757
2025-09-27 00:00:00+00:00,-0.0023728242057881044,-0.0020289572542438283,-1.2874889591015719e-05,-0.0001948162313324725,-0.0001361758306208351,0.38963246266494495,0.9704100901528699,0.18280957449294616
2025-09-28 00:00:00+00:00,-0.0004770950037995547,-0.0003356766178241341,6.028645545812568e-06,-8.669927370732298e-05,-6.074775781392147e-05,0.17339854741464591,0.9688424024051804,0.1821723699440168
2025-09-29 00:00:00+00:00,0.0017407033967522523,0.0017267875516275813,1.3915845124562202e-05,0.0,0.0,0.0,0.991986581273713,0.18357959986258904
2025-09-30 00:00:00+00:00,0.006101828344917459,0.006457874493786556,9.692261050295224e-06,-0.00020034968655521454,-0.0001653887233641654,0.4006993731104291,0.994277094698834,0.18703505376942092
2025-10-01 00:00:00+00:00,-0.00700657242892555,-0.006683772005264307,3.886345930740384e-06,-0.00016334338479598564,-0.00016334338479598564,0.32668676959197124,0.974756113514039,0.19973211901586493
2025-10-02 00:00:00+00:00,-0.0029631163286278905,-0.002783412618309056,2.4536220764950686e-05,-0.00012042813273526701,-8.381179834856547e-05,0.24085626547053404,1.0200656177861849,0.20079631969197317
2025-10-03 00:00:00+00:00,0.005016417170600196,0.005199823191736688,5.2301411134775936e-05,-0.00011785371613563643,-0.00011785371613563643,0.23570743227127283,1.0378359857355424,0.20383688666967628
2025-10-04 00:00:00+00:00,0.018642140953977426,0.019307901431730723,-5.517886593940058e-05,-0.0003249710044296239,-0.00028561060738417176,0.6499420088592478,1.0193053569267705,0.20923877288758438
2025-10-05 00:00:00+00:00,0.027339697172568567,0.027591299192727875,-5.291092040197376e-07,-0.0001255364554776329,-0.0001255364554776329,0.25107291095526574,0.9751202825974765,0.20714780419323275
2025-10-06 00:00:00+00:00,0.006468067723492288,0.006486516018790241,7.380143708181689e-06,-1.291421950310193e-05,-1.291421950310193e-05,0.025828439006203862,0.9521519279934392,0.1865989465821933
2025-10-07 00:00:00+00:00,-0.014930672532671885,-0.014905475110147259,-2.5197422524577632e-05,0.0,0.0,0.0,0.9846282457086214,0.17429582536437324
2025-10-08 00:00:00+00:00,-0.005280790259040158,-0.004606358096860656,-5.22342777977416e-05,-0.0003110989421908755,-0.0003110989421908755,0.622197884381751,0.9368118446117514,0.1590020936205969
2025-10-09 00:00:00+00:00,0.028327975116795523,0.02875415459286042,-2.128188128553102e-05,-0.00020244879738964692,-0.00020244879738964692,0.4048975947792938,0.9992100094951722,0.15484129589611925
2025-10-10 00:00:00+00:00,0.03235092358309455,0.032532511260799375,-1.5338718890118405e-05,-8.312447940731215e-05,-8.312447940731215e-05,0.1662489588146243,0.992683792292315,0.168200878383819
2025-10-11 00:00:00+00:00,0.047535895428867825,0.04767373015818977,7.105032744316425e-05,-0.00010444252838251926,-0.00010444252838251926,0.2088850567650385,0.7703261316264133,0.15653659353147156
2025-10-12 00:00:00+00:00,0.026347787012882096,0.02698766697155939,-0.0001703080503886125,-0.0002510612148745237,-0.00021851069341407347,0.5021224297490473,0.9695049720443302,0.0929698992171873
2025-10-13 00:00:00+00:00,-0.010177263984619378,-0.009723746080058453,-0.0001867910779088092,-0.0001370256286086086,-0.00012970119804351922,0.2740512572172171,1.1198411934453967,0.157952887365758
2025-10-14 00:00:00+00:00,-0.024882073988832243,-0.024521722893464992,-6.269265003224544e-05,-0.00014882922266748507,-0.00014882922266748507,0.29765844533497016,1.1159933762590155,0.1745665339640187
2025-10-15 00:00:00+00:00,-0.0011934923226881722,-0.0008542900610708697,-1.9812920380039878e-05,-0.00015969467061865844,-0.00015969467061865844,0.3193893412373169,1.0018901484547151,0.18138458053504516
2025-10-16 00:00:00+00:00,-0.008354592673950445,-0.007850798705487761,-0.00011051214136717,-0.00019664091354774067,-0.00019664091354774067,0.3932818270954814,0.977424115569771,0.18169706249962544
2025-10-17 00:00:00+00:00,-0.0057363511876374895,-0.00545760286968962,-0.0001190465728508447,-7.985087254849524e-05,-7.985087254849524e-05,0.15970174509699048,0.9411645947243379,0.17803965503737498
2025-10-18 00:00:00+00:00,-0.0007662316078853593,-0.0007650300443648563,-1.2015635204706419e-06,0.0,0.0,0.0,0.9174145075423819,0.1774105625736265
2025-10-19 00:00:00+00:00,-0.006100478181414681,-0.005537882265898342,-8.862174825444101e-05,-0.00024013287663536212,-0.00023384129062649123,0.48026575327072424,1.0115266272642314,0.04875396226469681
2025-10-20 00:00:00+00:00,0.015518981442480762,0.015437726741982252,8.12547004986148e-05,0.0,0.0,0.0,1.0338358142401638,0.06321072296994312
2025-10-21 00:00:00+00:00,0.009932081393880798,0.009792826432635484,0.00013925496124533342,0.0,0.0,0.0,1.0557027916575425,0.0722856029108622
2025-10-22 00:00:00+00:00,-0.011778148646991227,-0.011248209449770202,-0.00010302466903181418,-0.0002134572640945973,-0.0002134572640945973,0.42691452818919456,0.9975248534570006,0.04937553468219059
2025-10-23 00:00:00+00:00,-0.013803061344032197,-0.013576556668939036,-3.398648784898788e-05,-9.625909362210352e-05,-9.625909362210352e-05,0.19251818724420702,0.9701391031832144,0.04052955351336242
2025-10-24 00:00:00+00:00,-0.0013142878489365017,-0.0012153208104237084,9.601020248199192e-05,-9.748862049738291e-05,-9.748862049738291e-05,0.19497724099476582,0.9942466675460191,0.035050042098568525
2025-10-25 00:00:00+00:00,0.003991768642430227,0.0038861444649270706,0.000306495396237872,-0.00010043560936737513,-0.00010043560936737513,0.20087121873475028,1.016315444773916,0.04060699174621274
2025-10-26 00:00:00+00:00,-0.004801693306791366,-0.0044760548962411014,5.3131686960721235e-05,-0.00020548163977779615,-0.0001732884577332001,0.41096327955559225,1.0080270416094386,0.024996219073610628
2025-10-27 00:00:00+00:00,0.0070489583488067,0.006985520901192888,7.774946225957562e-05,-1.0222867604106869e-05,-4.0891470416427475e-06,0.020445735208213738,1.030105425875086,0.011455257136162161
2025-10-28 00:00:00+00:00,0.01244002903467778,0.012608938347048028,6.919535391780688e-05,-0.00011905233314404168,-0.00011905233314404168,0.2381046662880833,0.9788076078154255,-0.011923289644000268
2025-10-29 00:00:00+00:00,-0.0006411063745503931,-0.0004378493475516972,-6.4103215142719e-07,-0.00010130799742363816,-0.00010130799742363816,0.2026159948472763,0.9359612764906137,-0.0035968988074931863
2025-10-30 00:00:00+00:00,0.002132699679835648,0.002470378726779259,5.765077275804938e-05,-0.0001976649098507882,-0.0001976649098507882,0.3953298197015763,0.9482095167406795,-0.01388492865691452
2025-10-31 00:00:00+00:00,0.011057993627392015,0.010943907870961172,0.0001140857564308303,0.0,0.0,0.0,0.8905752447781605,-0.0029088546893359796
2025-11-01 00:00:00+00:00,0.010971941873247903,0.010791235204860394,0.0004292265175046997,-0.00012425992455858715,-0.00012425992455858715,0.2485198491171743,0.9536193489388091,0.010454638299769916
2025-11-02 00:00:00+00:00,-0.013450666554108537,-0.013730805777447364,0.0006347731183120112,-0.0002068036119799821,-0.00014783028299318615,0.41360722395996413,1.0213049577519482,-0.028490870319401118
2025-11-03 00:00:00+00:00,-0.003931028872965259,-0.0036072673587142193,0.0004739980465634401,-0.0004152974063760857,-0.00038246215443844356,0.8305948127521713,0.9982725629918062,-0.042512245868632316
2025-11-04 00:00:00+00:00,0.0557342079628973,0.056159866568439375,0.0001830478721080101,-0.0003043532388250122,-0.0003043532388250122,0.6087064776500244,0.8893541012928649,0.030832519795305956
2025-11-05 00:00:00+00:00,0.012671321977821837,0.011917174931161007,0.0011591856530309714,-0.0002025193031851166,-0.0002025193031851166,0.4050386063702332,0.897919205248312,0.06353281030191482
2025-11-06 00:00:00+00:00,-0.011958422384083067,-0.012753813910609452,0.0008211063485814594,-1.2857411027555588e-05,-1.2857411027555588e-05,0.025714822055111174,0.9617222820148582,0.0774196351442935
2025-11-07 00:00:00+00:00,0.020371699236498175,0.017555722751165494,0.0029768773910008035,-9.45311579011816e-05,-6.636974776697555e-05,0.18906231580236318,0.9397460031998024,0.09437241305480638
2025-11-08 00:00:00+00:00,0.06948467643897116,0.06706683647787784,0.002640020867720008,-0.00011109045331330686,-0.00011109045331330686,0.2221809066266137,1.0327182152470766,0.13250047466049203
2025-11-09 00:00:00+00:00,-0.04132895434162065,-0.04101226015276056,0.000148675046473436,-0.00023268461766675253,-0.00023268461766675253,0.4653692353335051,1.0012088640604349,0.05191054123479618
2025-11-10 00:00:00+00:00,-0.013572399003993096,-0.013740102414498016,0.0006319831170556183,-0.0002357174585578208,-0.00022856224799286474,0.47143491711564156,0.9990078183064774,-0.07920850398495552
2025-11-11 00:00:00+00:00,-0.04505604145517206,-0.0447733904834619,0.00016014438006583186,-0.00022527792151875493,-0.00021751743025718754,0.45055584303750984,1.0053826488934543,-0.04291067851995689
2025-11-12 00:00:00+00:00,-0.019115415707276262,-0.018600757143649768,-0.0001050539540526313,-0.0002048023047869436,-0.0002048023047869436,0.4096046095738872,0.9362994182900382,-0.10267442462000315
2025-11-13 00:00:00+00:00,0.006362171933631311,0.0065490549335861055,-0.00018688299995483685,0.0,0.0,0.0,0.9273538094735599,-0.09551766984814303
2025-11-14 00:00:00+00:00,0.014866061142869036,0.015092882755861577,-5.328514014418406e-05,-8.676823642418479e-05,-8.676823642418479e-05,0.17353647284836954,0.8906984407676912,-0.07877288322981252
2025-11-15 00:00:00+00:00,0.036711093668380324,0.036735923936655,1.3367790356171491e-05,-2.2712322174987042e-05,-1.5485736455775454e-05,0.045424644349974085,0.8945465563803827,-0.08436449091487012
2025-11-16 00:00:00+00:00,0.03186920334923293,0.029702551277905786,0.0026212521705104466,-0.0002273000495916186,-0.0002273000495916186,0.45460009918323724,0.96281628377227,-0.07025233603756618
2025-11-17 00:00:00+00:00,0.005034292433808263,0.0016820636583972765,0.0033734676396541784,-1.0619432121649437e-05,-1.0619432121649437e-05,0.021238864243298874,0.9497821597263887,-0.08935927589593429
2025-11-18 00:00:00+00:00,0.003848293318337026,0.0013373161313776443,0.002510977186959419,0.0,0.0,0.0,0.9163394619533846,-0.08768452399673836
2025-11-19 00:00:00+00:00,-0.013919214187950613,-0.014331905136909047,0.0004126909489583858,0.0,0.0,0.0,0.9444844201404512,-0.10345646178435121
2025-11-20 00:00:00+00:00,0.011899069208637147,0.011445649625475101,0.00045341958316209223,0.0,0.0,0.0,0.9203937963399867,-0.09092884355633789
2025-11-21 00:00:00+00:00,0.002099940119720145,0.0014962027473524617,0.0006247699750116812,-1.0516301321993956e-05,-1.0516301321993956e-05,0.021032602643987913,0.8872553656732185,-0.06825670317555953
2025-11-22 00:00:00+00:00,-0.018891046953018575,-0.018694031916101427,5.361322183449159e-05,-0.0001467018394002849,-0.00010392641935137053,0.29340367880056983,0.9323179985832466,-0.18126589264891352
2025-11-23 00:00:00+00:00,-0.010684172602334896,-0.010290870048488216,1.5779820008087165e-05,-0.00020454118692736842,-0.00020454118692736842,0.4090823738547368,0.9650651873994918,-0.20615513746359157
2025-11-24 00:00:00+00:00,-0.005155981240055008,-0.005281728483455721,0.0003604240642021705,-0.00011733841040074688,-0.00011733841040074688,0.23467682080149374,0.9797427130294635,-0.2096061496263208
2025-11-25 00:00:00+00:00,-0.022622219447596237,-0.022371705794812718,0.00013443120987015079,-0.00019247243132680596,-0.00019247243132680596,0.3849448626536119,1.039597043253772,-0.22079475491214334
2025-11-26 00:00:00+00:00,-0.005534650803510233,-0.005596888660529422,6.223785701917174e-05,0.0,0.0,0.0,1.0423518827088494,-0.22765161577081938
2025-11-27 00:00:00+00:00,-0.040934760221906896,-0.0386254068967321,-0.0021018411230114544,-0.00012327701254848372,-8.423518961485165e-05,0.24655402509696744,1.1284499990452974,-0.2633316459946007
2025-11-28 00:00:00+00:00,0.0006176459137656742,0.0019293253955488328,-0.0010438864506831646,-0.00015206810017106753,-0.00011572493092892022,0.3041362003421351,1.038574333409875,-0.19943073762439267
2025-11-29 00:00:00+00:00,0.0057233625720432,0.006550576403943932,-0.0008272138319006591,0.0,0.0,0.0,1.0152816749991629,-0.191782520321668
2025-11-30 00:00:00+00:00,-0.004588005497354941,-0.003360840674612483,-0.00018473893464021615,-0.0005458502946953014,-0.0004965755934069685,1.0917005893906029,0.9788572617879319,0.0500305299420461
2025-12-01 00:00:00+00:00,0.00039098211641364067,0.0008444484447029016,-6.28011626676211e-05,-0.00020921907724348935,-0.00018144608837806134,0.41843815448697863,0.9831309235826795,0.0849464068465396
2025-12-02 00:00:00+00:00,0.00017989521485550775,0.0005078929204333593,-0.00012078575941851316,-0.0001036059730796964,-0.0001036059730796964,0.2072119461593928,0.9394147788770262,0.1052232948757744
2025-12-03 00:00:00+00:00,-0.018968630111604545,-0.017914361992490913,-0.00020076237295029318,-0.0004432510770313345,-0.0004102546691320449,0.8865021540626691,1.0825424393927776,-0.10978723452888195
2025-12-04 00:00:00+00:00,0.0030730409843271467,0.004088595982959986,-0.000310693089069919,-0.00037024942769156696,-0.0003346124818713342,0.7404988553831339,1.0167657220962114,0.11296190967391354
2025-12-05 00:00:00+00:00,-0.017034902111630723,-0.01646293759198702,-0.000203943587093859,-0.00020179489081555239,-0.00016622604173423903,0.40358978163110476,1.0163243387241512,0.10842027756544313
2025-12-06 00:00:00+00:00,0.0038783324373903305,0.0046825399356193445,-0.000613308368247268,-9.544956499089999e-05,-9.544956499089999e-05,0.19089912998179998,0.9556738390839163,0.12796736069236958
2025-12-07 00:00:00+00:00,0.010857989545137725,0.011231979849475913,-0.00020135231172223816,-8.631899630792959e-05,-8.631899630792959e-05,0.17263799261585916,0.9612524539341655,0.13170329055617597
2025-12-08 00:00:00+00:00,0.00996040586864555,0.010013398556644858,-5.2992687999335905e-05,0.0,0.0,0.0,0.9457510177768721,0.1403190543800905
2025-12-09 00:00:00+00:00,-0.026837225779060003,-0.026900211684198424,6.298590513844708e-05,0.0,0.0,0.0,1.0047918444641195,0.11654663094433414
2025-12-10 00:00:00+00:00,0.0010324649738608915,0.0011462518843147447,6.283727646539246e-05,-8.831209345959476e-05,-8.831209345959476e-05,0.17662418691918955,1.03102464209841,0.12883726998757172
2025-12-11 00:00:00+00:00,0.01116536114617217,0.01146943332049929,-7.381444070011617e-05,-0.00011512886681346107,-0.00011512886681346107,0.23025773362692212,0.980687787329146,0.13491185781712062
2025-12-12 00:00:00+00:00,-0.007567295743462044,-0.00717452761333137,-0.0003717004905079318,-1.0533819811355646e-05,-1.0533819811355646e-05,0.02106763962271129,1.0070298534671105,0.14993960717767268
2025-12-13 00:00:00+00:00,-0.009045453375181478,-0.008577187598770478,-0.0002495473564831778,-0.00012805998238741277,-9.065843754036353e-05,0.25611996477482557,0.9847838290329669,0.19290264221326778
2025-12-14 00:00:00+00:00,0.007499753430907363,0.007637422576703317,-0.00013766914579584663,0.0,0.0,0.0,0.980177043263118,0.19904725942319917
2025-12-15 00:00:00+00:00,0.005364001909329286,0.0057922025870865345,-0.00017798427939508667,-0.00012510819918104443,-0.00012510819918104443,0.2502163983620888,0.9371683324919962,0.20360539139766773
2025-12-16 00:00:00+00:00,-0.006879197444598084,-0.00651970390353273,-0.00012734663629185986,-0.00013407221817666456,-9.807468659679747e-05,0.26814443635332913,0.9518796385752302,0.22680682893974316
2025-12-17 00:00:00+00:00,-0.0030157948206612772,-0.002825607802873008,-4.44557357643656e-05,-7.28656410119661e-05,-7.28656410119661e-05,0.1457312820239322,0.9722025423980001,0.2126612001500709
2025-12-18 00:00:00+00:00,-0.0006977006966036869,-0.0007521985987648802,5.4497902161191255e-05,0.0,0.0,0.0,0.9347757070505283,0.21205695383571682
2025-12-19 00:00:00+00:00,0.009671688442576931,0.010256559850393124,-1.4364723666333523e-05,-0.00028525334207497204,-0.00028525334207497204,0.5705066841499441,0.996446648187692,-0.023878104032775634
2025-12-20 00:00:00+00:00,0.006013592224779485,0.0063899845195736485,3.5389637700550533e-06,-0.00020590732704639059,-0.00017402393151787844,0.4118146540927812,1.0551385648385951,-0.044111395647514075
2025-12-21 00:00:00+00:00,-0.027538127485409514,-0.02713011825753142,-1.9741150908409832e-05,-0.0002095213203239016,-0.00017874675664581187,0.41904264064780317,1.081444330144496,-0.04505459315894175
2025-12-22 00:00:00+00:00,0.00010604708234973614,0.0005976227192303947,-7.680852280188546e-05,-0.0002073835570394071,-0.0002073835570394071,0.4147671140788142,1.0456841903450533,-0.02579872884240488
2025-12-23 00:00:00+00:00,-0.007675457896588744,-0.007219907558087704,6.903095523543835e-06,-0.0002312267170123197,-0.0002312267170123197,0.46245343402463934,0.9861588930142934,0.05436008065183349
2025-12-24 00:00:00+00:00,-0.011633646789819707,-0.011352127205125745,-0.00010077655513311223,-9.037151478040004e-05,-9.037151478040004e-05,0.18074302956080007,0.9802977426512871,0.0458545961501859
2025-12-25 00:00:00+00:00,0.011787034840782917,0.012522488804566826,-0.0001423375795175274,-0.00029655819213319964,-0.00029655819213319964,0.5931163842663993,0.9778575809136736,0.027268580814362633
2025-12-26 00:00:00+00:00,0.009070721245512336,0.009338036296190622,-5.584544387540742e-05,-0.00012148992758635827,-8.99796792165672e-05,0.24297985517271647,0.9937831888968065,-0.03306486506870638
2025-12-27 00:00:00+00:00,-0.009018466414001058,-0.008966961590310258,-3.057813888541727e-05,-1.0463342402717693e-05,-1.0463342402717693e-05,0.020926684805435386,1.0375770397193793,-0.06353146787370301
2025-12-28 00:00:00+00:00,0.005496005327661813,0.0057630295586902185,8.78966000747047e-05,-0.0001926186910221747,-0.00016230214008103,0.3852373820443494,1.1021714519417243,-0.03962340397782619
2025-12-29 00:00:00+00:00,0.010810707999133529,0.010938477906551175,6.535503890219738e-05,-0.00012739573388532676,-6.572921243454156e-05,0.2547914677706535,1.0421946372313033,0.023603873398065973
2025-12-30 00:00:00+00:00,0.0036812474564662523,0.0036156010579929568,6.564639847332033e-05,0.0,0.0,0.0,1.0208346311740737,0.027119640349003393
2025-12-31 00:00:00+00:00,-0.005643301487880614,-0.005400353600328762,-5.3398474721250216e-06,-0.0001341408477244611,-0.00010346719235524927,0.2682816954489222,1.0164561471248572,-0.07254123716563729
2026-01-01 00:00:00+00:00,-0.0001875846567523931,-2.605566383989017e-05,6.154256814828339e-05,-0.00011153578053040182,-0.00011153578053040182,0.2230715610608036,0.9872876170503618,-0.06994923547477774
2026-01-02 00:00:00+00:00,-0.010294316191838182,-0.010145712485243586,0.00022079254767285264,-0.00020109714789565554,-0.00016829910637177934,0.4021942957913111,1.0382194932238211,-0.08479303038674307
2026-01-03 00:00:00+00:00,-0.040791960866665256,-0.040652558080587424,0.00031201573585195073,-0.00022570926096487806,-0.00022570926096487806,0.4514185219297561,1.0749581071449628,-0.18244560704329157
2026-01-04 00:00:00+00:00,0.00854114060513167,0.00890111403359084,0.00025249658142037295,-0.0003425669265344167,-0.00026990308334511314,0.6851338530688336,1.0291940170954446,-0.1920075335189639
2026-01-05 00:00:00+00:00,-0.018433985521807972,-0.018065755294706658,0.0002337376482751437,-0.00031925236593451165,-0.0002827155094419439,0.6385047318690233,1.0551840951410794,-0.20966282225493324
2026-01-06 00:00:00+00:00,-0.00997935313283993,-0.009210462623474771,5.6769369694550944e-05,-0.0004128299395298388,-0.0004128299395298388,0.8256598790596774,1.015099969756937,0.07124548821485653
2026-01-07 00:00:00+00:00,-0.01329960367319416,-0.013078299530315935,3.381226850433375e-06,-0.00011234268486434329,-0.00011234268486434329,0.22468536972868655,1.0277198527190672,0.060007709019751665
2026-01-08 00:00:00+00:00,-0.001483946754805121,-0.0012982137967426438,4.087126656688423e-05,-0.00011330211231469355,-0.00011330211231469355,0.2266042246293871,0.9886756316187425,0.05928606532866894
2026-01-09 00:00:00+00:00,-0.010980997350738875,-0.011091785273316987,0.0001107879225781055,0.0,0.0,0.0,0.9744937096906858,0.0487293772174803
2026-01-10 00:00:00+00:00,0.0029383672028842067,0.0034839194061549454,3.03182567743136e-05,-0.0002879352300225694,-0.0002879352300225694,0.5758704600451389,0.980563299812799,0.06029738408465173
2026-01-11 00:00:00+00:00,0.010351133960343928,0.010557400627231579,-4.3033639426686715e-06,-0.00010098165147247769,-0.00010098165147247769,0.20196330294495538,0.9723461371561816,0.08176642655489025
2026-01-12 00:00:00+00:00,-0.0017171472844713653,-0.0016266043285039673,0.00012329290101805693,-0.0001069179284927212,-0.0001069179284927212,0.21383585698544236,0.9692665967811782,0.08059491629395868
2026-01-13 00:00:00+00:00,-0.009785470203788726,-0.009871080955752709,8.561075196399125e-05,0.0,0.0,0.0,0.9677894589639111,0.07142274043662124
2026-01-14 00:00:00+00:00,0.019252584953127982,0.019843264803681017,1.7159782202280062e-05,-0.00030391981637765486,-0.00030391981637765486,0.6078396327553097,1.0162635759416392,0.08948346423601848
2026-01-15 00:00:00+00:00,-0.007544565317738838,-0.007453057136820162,-9.150818091865235e-05,0.0,0.0,0.0,1.03190876719056,0.08265399556752963
2026-01-16 00:00:00+00:00,0.010631704398688546,0.011020144409838076,0.00023027841019446302,-0.0003236893829806977,-0.00029502903836321477,0.6473787659613954,0.9305643955690568,0.03034968615643257
2026-01-17 00:00:00+00:00,-0.007535393131973822,-0.008333077006250753,0.0011570405508011315,-0.00020799324490367737,-0.00015136343162053606,0.41598648980735464,0.9571647338965252,-0.01311594764810363
2026-01-18 00:00:00+00:00,-0.015652910408857523,-0.015388440613403352,-0.00012860717362326034,-9.70447298792282e-05,-3.8817891951691276e-05,0.19408945975845637,0.9581121839540276,-0.02535018342786641
2026-01-19 00:00:00+00:00,0.01882782346237777,0.017641031463335188,0.0013242193267644054,-9.816237694415964e-05,-3.9264950777663864e-05,0.1963247538883193,0.9144567852987426,-0.011233184260941076
2026-01-20 00:00:00+00:00,0.005511268544926784,0.00549760911976082,0.00028424416232145344,-0.00013529236857777005,-0.00013529236857777005,0.27058473715554016,0.981920291786615,-0.08436296030819071
2026-01-21 00:00:00+00:00,-0.01577557903172877,-0.015693170583782383,0.00010483466550427302,-9.3621556725324e-05,-9.3621556725324e-05,0.187243113450648,0.9314837196805359,-0.10396421826858136
2026-01-22 00:00:00+00:00,-0.002756478370517512,-0.0025270000474852962,-5.799846518321512e-05,-9.857000965416413e-05,-7.290984819487957e-05,0.19714001930832828,0.9815886686123896,-0.08064122787003078
2026-01-23 00:00:00+00:00,-0.010546355890202364,-0.01024224469863607,-0.0001224323463255206,-9.083942262040162e-05,-9.083942262040162e-05,0.18167884524080324,0.9725590282926952,-0.10161773882061345
2026-01-24 00:00:00+00:00,0.006396779208973857,0.006378129956187413,0.00043470395347630197,-0.0002080273503449251,-0.0002080273503449251,0.4160547006898503,1.0015291681382363,-0.05204953562863825
2026-01-25 00:00:00+00:00,-0.006704726119487137,-0.006402425694245319,-0.0001385111332516716,-9.769157375927078e-05,-6.609771823085883e-05,0.19538314751854155,1.0110931737003908,-0.04350106806596611
2026-01-26 00:00:00+00:00,-0.0037180695571726874,-0.0032199040389516956,-0.000124308746895444,-0.00020280730827162668,-0.00017104946305389126,0.40561461654325337,0.9561500494578568,-0.06765769441897247
2026-01-27 00:00:00+00:00,-0.008498114424843162,-0.008238696767997752,-0.0001034976300207659,-9.226465361428544e-05,-6.365537321036391e-05,0.18452930722857086,1.0016067571771536,-0.07029453337748043
2026-01-28 00:00:00+00:00,-0.00713965402314054,-0.006583903654748558,-2.8193094694430952e-05,-0.0002919552730913594,-0.00023560200060614684,0.5839105461827188,1.0334877056276959,-0.09296006851964096
2026-01-29 00:00:00+00:00,-0.007168663917753504,-0.006572973179690058,-3.1204460988685437e-06,-0.0003117464874257572,-0.00028082380453885836,0.6234929748515143,1.005158683284789,-0.046794781069740075
2026-01-30 00:00:00+00:00,0.010517739912956348,0.010924211306563625,-0.00018031517142227854,-0.00011307811109246001,-0.00011307811109246001,0.22615622218492004,0.9401684823618446,0.00464676091273198
2026-01-31 00:00:00+00:00,-0.007079562443462306,-0.006611133632449191,-9.254083739228886e-05,-0.00020244641477465736,-0.00017344155884615052,0.4048928295493147,0.9632994834429964,-0.05046308282793663
2026-02-01 00:00:00+00:00,0.0035797406283357702,0.0040650398759089525,-0.00016459307827666034,-0.0001868447127170007,-0.0001338614565796166,0.3736894254340014,0.9120707974905065,-0.05578263666142266
2026-02-02 00:00:00+00:00,-0.006894568762719322,-0.006154220767316833,-0.00013115757984582605,-0.000317543416617576,-0.00029164699893912825,0.635086833235152,0.9290177892091954,-0.17124583492688913
2026-02-03 00:00:00+00:00,-0.0001626202529519949,0.0003840530383145548,5.49765595490393e-05,-0.0003195978300734735,-0.00028205202074211644,0.6391956601469471,0.9973470351340309,-0.22291101950949896
2026-02-04 00:00:00+00:00,0.00020961736677405085,0.00040100188208198114,5.886183724563434e-05,-0.00012512317627679932,-0.00012512317627679932,0.25024635255359867,0.9560565122370593,-0.215107302278848
2026-02-05 00:00:00+00:00,-0.0014494660422975647,-0.0011514264834096464,5.879515504390047e-05,-0.00019704721309425762,-0.0001597875008375527,0.3940944261885152,0.9384405043444353,-0.2206083896248366
2026-02-06 00:00:00+00:00,0.04167174212372049,0.04224843345912151,3.548402643044392e-05,-0.0003060876809157216,-0.0003060876809157216,0.6121753618314432,0.7778756197979881,-0.16506657846109965
2026-02-07 00:00:00+00:00,-0.039986967588504285,-0.039486967739167704,-1.791067698772146e-05,-0.0002486643778332008,-0.00023342479451563162,0.49732875566640156,1.1204208533885838,-0.3355795773323735
2026-02-08 00:00:00+00:00,-0.0032086356088040224,-0.002691902495398543,1.1060189060135706e-06,-0.000267365161154938,-0.0002504739711565295,0.534730322309876,0.9853409270218737,-0.1684005682103735
2026-02-09 00:00:00+00:00,0.002555840093946049,0.0027040028278881626,1.0463056949580246e-05,-7.931289544588746e-05,-7.931289544588746e-05,0.15862579089177495,0.9904706640748762,-0.15168502858472221
2026-02-10 00:00:00+00:00,-0.006238146786013199,-0.006103354984510439,4.180901278020512e-05,-8.830040714150614e-05,-8.830040714150614e-05,0.17660081428301228,1.0070605335155174,-0.15392442919693625
2026-02-11 00:00:00+00:00,-0.003732118221632441,-0.0035698093335421116,1.7935283718019012e-05,-9.012208590414974e-05,-9.012208590414974e-05,0.18024417180829944,0.9897790574143158,-0.15725786325999846
2026-02-12 00:00:00+00:00,0.008933439435958368,0.008852350822170852,8.108861378759942e-05,0.0,0.0,0.0,0.9644719039953732,-0.14709147961315783
2026-02-13 00:00:00+00:00,0.0035577647096338705,0.0037080837121607046,2.1897808453620978e-05,-8.610840549020783e-05,-8.610840549020783e-05,0.17221681098041566,0.961788309405633,-0.14194522457067116
2026-02-14 00:00:00+00:00,-0.0008453196941414776,-0.00030821060845034507,2.375409126363085e-05,-0.0002804315884773855,-0.0002804315884773855,0.5608631769547712,1.018984494187589,-0.13965498152804767
2026-02-15 00:00:00+00:00,0.01695749935783275,0.017289882527857434,3.883999503583697e-05,-0.0001856115825302441,-0.0001856115825302441,0.37122316506048814,1.0473115501236514,-0.12434391936702095
2026-02-16 00:00:00+00:00,0.004361887875866888,0.004906997514629622,7.236603359982067e-05,-0.00030873783618122334,-0.00030873783618122334,0.6174756723624467,0.9549715652832755,-0.14244794097584912
2026-02-17 00:00:00+00:00,-0.0028554427589130293,-0.002504717955145967,4.036168005838997e-05,-0.00019554324191271404,-0.00019554324191271404,0.391086483825428,0.976081591201673,-0.13527954253019248
2026-02-18 00:00:00+00:00,0.00028514410737368046,0.0006280710043481074,6.094676016464756e-05,-0.00020193682856955823,-0.00020193682856955823,0.40387365713911644,0.9636271045546329,-0.14694410914355116
2026-02-19 00:00:00+00:00,-0.009267321432641085,-0.009318333985126938,5.1012552485800835e-05,0.0,0.0,0.0,0.9466482718834313,-0.15772412327676577
2026-02-20 00:00:00+00:00,-0.004100421586621827,-0.00407229025144622,-2.813133517556598e-05,0.0,0.0,0.0,0.9520648308385639,-0.1624625785924907
2026-02-21 00:00:00+00:00,-0.014405567867414426,-0.014233326291069347,6.474197059010688e-05,-0.00011849177346760066,-0.00011849177346760066,0.23698354693520132,0.9730483965121595,-0.17574714522122503
2026-02-22 00:00:00+00:00,-0.00422836955433703,-0.004101022214169312,3.5925946452118066e-05,-8.163664330991778e-05,-8.163664330991778e-05,0.16327328661983553,0.978583372422557,-0.17429239129525903
2026-02-23 00:00:00+00:00,-0.0017924946500000871,-0.001487318952688193,2.9758777890293614e-05,-0.00016746723760110684,-0.00016746723760110684,0.3349344752022137,0.9770000513491827,-0.15873965598842257
2026-02-24 00:00:00+00:00,-0.005770809858839487,-0.0050446443612068344,-0.000315949014421987,-0.0002051082416053551,-0.0002051082416053551,0.41021648321071025,0.9785551357508154,-0.08500807622027994
2026-02-25 00:00:00+00:00,0.004762037809076691,0.005564264909842959,-6.615447451320016e-06,-0.0003978058266575213,-0.0003978058266575213,0.7956116533150426,0.9725030095826037,-0.11979038506761089
2026-02-26 00:00:00+00:00,-0.030339742554548188,-0.030400945267996228,6.120271344806941e-05,0.0,0.0,0.0,1.087783777729807,-0.15489067349350005
2026-02-27 00:00:00+00:00,-0.000807251710017054,0.0004444944170616824,-1.0291642637155266e-05,-0.0006388054433560232,-0.0006026490410855083,1.2776108867120466,0.9916824003574677,-0.09337625939411857
2026-02-28 00:00:00+00:00,-0.0005919439513347724,0.0001857879012049243,-2.7954342283931904e-05,-0.00039227032123932915,-0.0003575071890164576,0.7845406424786582,0.9816132924525157,-0.12475768765183876
2026-03-01 00:00:00+00:00,0.001885283012896366,0.0026214095711155996,-0.00017165347862854412,-0.0002822365397953738,-0.0002822365397953738,0.5644730795907477,0.9964405667574361,-0.11438927712784229
2026-03-02 00:00:00+00:00,-0.00510298187850966,-0.004657070679571094,-8.281526673586042e-05,-0.00019864823129265134,-0.00016444770091002402,0.39729646258530266,0.97703754545705,-0.11027182989717875
2026-03-03 00:00:00+00:00,-0.007211777084323856,-0.006515840759388796,-9.925379891089766e-05,-0.0003149847436648899,-0.00028169778235930817,0.6299694873297799,1.0068577320314476,-0.11010026942662024
2026-03-04 00:00:00+00:00,-0.0005898989624374407,-0.00042231040113728096,2.1035140753531088e-05,-0.00011172670658929479,-7.689699546440621e-05,0.22345341317858955,0.9767880469993583,-0.10183799296681147
2026-03-05 00:00:00+00:00,-0.02447754077912412,-0.024133650296292,1.5022078875430926e-05,-0.00017945628085374844,-0.00017945628085374844,0.35891256170749686,1.0716538732629268,-0.10928240104053202
2026-03-06 00:00:00+00:00,0.008928768753602156,0.009089384371748395,3.3647013713742576e-05,-0.00011616962644659935,-7.809300541341303e-05,0.2323392528931987,1.0222976965677146,-0.077991758960297
2026-03-07 00:00:00+00:00,0.005342217171531605,0.005744637364012414,-1.801955014554338e-05,-0.00020698971643325187,-0.0001774109259020932,0.41397943286650374,0.9631217670591625,-0.05657613517656203
2026-03-08 00:00:00+00:00,0.0018632892016972047,0.0020663272417968384,-3.747003621016077e-05,-9.69330603865897e-05,-6.863494350285934e-05,0.19386612077317938,0.9474015521907465,-0.04920611449798632
2026-03-09 00:00:00+00:00,-3.337629639788009e-05,7.506771981039146e-05,-0.00010844401620824423,0.0,0.0,0.0,0.9326542693008892,-0.049132686645288144
2026-03-10 00:00:00+00:00,-2.1846120801805036e-05,0.0002351243779276253,-9.224530512788162e-05,-9.68321131495938e-05,-6.789308045200643e-05,0.19366422629918761,0.9596602133382749,-0.04963598826976124
2026-03-11 00:00:00+00:00,-0.00892422003423976,-0.008656470365740646,-8.801581726306366e-05,-8.98669256180166e-05,-8.98669256180166e-05,0.1797338512360332,1.002884310615971,-0.043100601575959276
2026-03-12 00:00:00+00:00,0.007871388216349251,0.00856352651827522,-0.00015125499007704755,-0.0003011655024945895,-0.00023971780935438022,0.602331004989179,1.0019503748050054,-0.02639524843709688
2026-03-13 00:00:00+00:00,0.0026924458743309287,0.0027412981037068522,-4.885222937582903e-05,0.0,0.0,0.0,1.0002115916429053,-0.02359043436570817
2026-03-14 00:00:00+00:00,-0.0024939015139074927,-0.002296280333254488,0.0001434424805035991,-0.00020112580083571493,-0.0001399378603208954,0.4022516016714298,1.001613871754335,-0.03126154921880856
2026-03-15 00:00:00+00:00,-0.0073675917957994885,-0.007465942493134752,0.00030634661628860515,-0.00010399795947668825,-0.00010399795947668825,0.20799591895337652,0.9996596765269502,-0.029451015466912808
2026-03-16 00:00:00+00:00,-0.004113584378088508,-0.004359438853510858,0.0002458544754223501,0.0,0.0,0.0,1.0350910322548617,-0.03395011096652963
2026-03-17 00:00:00+00:00,-0.017146233212803397,-0.017171795178655132,4.608305599095814e-05,-1.0260545069591914e-05,-1.0260545069591914e-05,0.02052109013918383,1.1086457490839512,-0.03113465811504257
2026-03-18 00:00:00+00:00,-0.003123845382299817,-0.0027135363475083185,2.1581735957995215e-05,-0.00021594538537476115,-0.00021594538537476115,0.43189077074952226,1.058974988184002,-0.03342135871856362
2026-03-19 00:00:00+00:00,0.0030002591708424564,0.0034064305591418073,2.432773196488797e-05,-0.00021524956013215958,-0.00021524956013215958,0.4304991202643191,0.9821410449400669,0.0234094914122908
2026-03-20 00:00:00+00:00,-0.006844132366296107,-0.005720340911383233,1.631905890603032e-05,-0.0005869175465255841,-0.000553192967293341,1.173835093051168,0.9888620908860728,0.09346776715215617
2026-03-21 00:00:00+00:00,-0.0006041889659608168,-0.0004151947669569711,3.090965707315356e-05,-0.00010995192803847828,-0.00010995192803847828,0.21990385607695653,0.9938232600901306,0.09026810908958656
2026-03-22 00:00:00+00:00,-0.003313886947371447,-0.0028434699208964406,-5.3264028346463276e-05,-0.00020857649906426195,-0.00020857649906426195,0.4171529981285239,0.9520542648948037,0.10917633745948231
2026-03-23 00:00:00+00:00,0.0031537743903806703,0.003501499550236966,-0.00013104591862038006,-0.00010833962061796607,-0.00010833962061796607,0.21667924123593216,0.9348363349350044,0.11519084414710444
2026-03-24 00:00:00+00:00,-0.0010960875269712123,-0.0008460382133292838,-3.076297458263212e-05,-0.00010964316952962902,-0.00010964316952962902,0.21928633905925804,0.9747668430841446,0.11986369439727694
2026-03-25 00:00:00+00:00,0.0031094069845865047,0.003361652051127917,-6.281869032948457e-05,-0.00011164681355153435,-7.777956266050253e-05,0.22329362710306866,0.9781515716555716,0.12036304325720495
2026-03-26 00:00:00+00:00,-0.0032720070140668245,-0.002758877492407251,-0.00011561302088539477,-0.0001987582503870622,-0.0001987582503870622,0.3975165007741244,0.9859272268048536,0.10643493954211894
2026-03-27 00:00:00+00:00,-0.00038384544255465336,-0.00020037484996429032,3.395742823958448e-05,-0.00010871401041495968,-0.00010871401041495968,0.21742802082991936,0.9506040383417806,0.1126347132788326
2026-03-28 00:00:00+00:00,0.00973857774487108,0.01025235232074509,9.934041549376278e-05,-0.00030655749568391633,-0.00030655749568391633,0.6131149913678328,0.9314095554213033,0.14223175059831622
2026-03-29 00:00:00+00:00,0.010264594128660764,0.010342908361183949,-7.831423252319042e-05,0.0,0.0,0.0,0.9180267732611661,0.15102445423329314
2026-03-30 00:00:00+00:00,-0.002211665410989938,-0.0020859967640421227,-0.00012566864694784748,0.0,0.0,0.0,0.9108160207856578,0.14926858964591827
2026-03-31 00:00:00+00:00,0.002787297084836826,0.0027875400917774062,-2.430069406109359e-07,0.0,0.0,0.0,0.9225611009115925,0.15163348217486614
2026-04-01 00:00:00+00:00,0.009067586879899503,0.00932381925712376,-6.301400342393109e-05,-9.660918690018178e-05,-9.660918690018178e-05,0.19321837380036355,0.963403327638541,0.13173343207233743
2026-04-02 00:00:00+00:00,-0.0034644303315898295,-0.003122712235620677,2.1352185786328765e-06,-0.00017192665727389775,-0.00017192665727389775,0.34385331454779544,0.9811810209561029,0.11966664203338503
2026-04-03 00:00:00+00:00,0.004717972165947382,0.005199063849805925,-8.171319830594172e-05,-0.00019968924277630873,-0.00019968924277630873,0.3993784855526174,0.9409767217419036,0.11909277043596482
2026-04-04 00:00:00+00:00,-0.00637038174283544,-0.0060047151059649,6.252520778440728e-05,-0.00021409592232748511,-0.00021409592232748511,0.4281918446549703,0.9991425505019524,0.06880990331221268
2026-04-05 00:00:00+00:00,0.008678789161217004,0.00913062096058067,-3.62638995853762e-05,-0.00020778394988914996,-0.00020778394988914996,0.4155678997782999,0.996647299961394,0.0721926756024715
2026-04-06 00:00:00+00:00,-0.0008174093956178075,-0.0005733356081849273,-3.7169475258879915e-05,-0.00010345215608701808,-0.00010345215608701808,0.20690431217403613,1.0027584046885638,0.07406674198923653
2026-04-07 00:00:00+00:00,0.0010911201445626961,0.001263359669315056,2.5845406878816583e-05,-9.904246581555802e-05,-9.904246581555802e-05,0.19808493163111607,1.0019548428221476,0.07911331492877316
2026-04-08 00:00:00+00:00,0.02645422311609069,0.02702172999517924,1.3205307342401539e-05,-0.00030635340705475295,-0.00027435877937625715,0.6127068141095059,1.0482245558911485,0.11191207994827264
2026-04-09 00:00:00+00:00,0.011177538053559477,0.011586707132636051,0.00022124092606274368,-0.00031520500256964056,-0.00031520500256964056,0.6304100051392812,0.9666218782993113,0.0865076059389353
2026-04-10 00:00:00+00:00,0.018296927558866027,0.01856101968364243,-7.784135314436845e-05,-9.312538581605407e-05,-9.312538581605407e-05,0.18625077163210813,0.9816366550976566,0.09043010893914463
2026-04-11 00:00:00+00:00,0.001467594742457612,0.0013213042252035966,0.0001684592379334401,-1.1084360339745588e-05,-1.1084360339745588e-05,0.022168720679491175,0.9716386743105888,0.06948072294116622
2026-04-12 00:00:00+00:00,0.001335051063260595,0.0015302281607530153,3.4770176328672494e-06,-9.932705756269804e-05,-9.932705756269804e-05,0.19865411512539607,0.9679120181843474,0.0693063885625808
2026-04-13 00:00:00+00:00,0.0039457482689471135,0.004502604273467527,-0.00035014178590817496,-0.00010335710930610238,-0.00010335710930610238,0.20671421861220474,0.9316085350548194,0.07211115455036349
2026-04-14 00:00:00+00:00,-0.006149953700283484,-0.005306423592815668,-0.0004586033053272975,-0.00019246340107024543,-0.00019246340107024543,0.3849268021404909,1.0021587216974241,0.0613633865703508
2026-04-15 00:00:00+00:00,0.004796333990750412,0.005437125233360277,-0.0004238608923771715,-0.00010846517511632412,-0.00010846517511632412,0.21693035023264828,0.971195066140204,0.06388171938967493
2026-04-16 00:00:00+00:00,-0.008502682953090424,-0.008352580099449997,-0.00015010285364046763,0.0,0.0,0.0,0.996745082378958,0.056005334896531804
2026-04-17 00:00:00+00:00,-0.031379604368169334,-0.03145946779591269,7.986342774335462e-05,0.0,0.0,0.0,1.0661136871325536,0.025341059522712227
2026-04-18 00:00:00+00:00,-0.005106044073177385,-0.004565897336301029,6.880691373705892e-05,-0.00032155798312204464,-0.0002873956674913648,0.6431159662440894,1.031193671434454,0.010808253665241829
2026-04-19 00:00:00+00:00,-0.00516323385434958,-0.0048232059067550405,4.8698606379493886e-05,-0.00021114682192960066,-0.00017757973204443421,0.4222936438592014,0.982098437237311,0.04992230648386268
2026-04-20 00:00:00+00:00,-0.005818547296248422,-0.0056872044037336,6.400136946455907e-05,-9.76721309896986e-05,-9.76721309896986e-05,0.19534426197939722,0.97494839290945,0.06273488943505333
2026-04-21 00:00:00+00:00,0.005171006151517998,0.005550595865500095,1.9643995352411534e-05,-0.0001996168546672817,-0.0001996168546672817,0.3992337093345634,0.9899683337081391,0.03873769638272462
2026-04-22 00:00:00+00:00,0.00067024207563815,0.0008298333774698215,5.050926351634402e-05,-0.00010505028267398325,-0.00010505028267398325,0.2101005653479665,1.0079095283180541,0.049014397056890015
2026-04-23 00:00:00+00:00,-0.001708603814214782,-0.0017720689086098023,6.346509439507284e-05,0.0,0.0,0.0,1.0187723751952766,0.04732318472219734
2026-04-24 00:00:00+00:00,0.009084875472002096,0.009308576997720096,-6.008164622519033e-06,-0.00010884668054769785,-0.00010884668054769785,0.21769336109539572,1.0155209969909265,0.10255872598932282
2026-04-25 00:00:00+00:00,0.0017733418769598774,0.001864417547741505,0.00016344165318911804,-0.00012725866198541952,-0.00012725866198541952,0.25451732397083904,1.0063960417910776,0.14721191553847823
2026-04-26 00:00:00+00:00,-0.0012063663270843739,-0.0008069203987046102,2.6115520557855122e-05,-0.00021278072446881638,-0.00021278072446881638,0.42556144893763276,0.9781050730435802,0.11845225466231134
2026-04-27 00:00:00+00:00,-0.001563990550567551,-0.0013776706459753913,5.774382573472717e-05,-0.00012203186516345247,-0.00012203186516345247,0.24406373032690498,0.9929110881629805,0.06724274685283735
2026-04-28 00:00:00+00:00,-0.0041578397375693354,-0.0039111647262061325,-4.983533531753941e-05,-9.841983802282378e-05,-9.841983802282378e-05,0.1968396760456476,0.9873511804141865,0.05866001713515848
2026-04-29 00:00:00+00:00,-0.008639394499615372,-0.008094322659677664,5.102232134472915e-05,-0.00031426021692348977,-0.00028183394435892303,0.6285204338469795,0.9861810698495161,0.0198735726191849
2026-04-30 00:00:00+00:00,-0.002397068799233737,-0.002456434195859269,5.936539662558249e-05,0.0,0.0,0.0,0.9764058740530072,0.017458988820693643
2026-05-01 00:00:00+00:00,-0.00427786615367276,-0.0038201497244665966,-1.2361016364626424e-05,-0.0002226777064207797,-0.0002226777064207797,0.4453554128415595,0.9898774879935185,0.09857086548946825
2026-05-02 00:00:00+00:00,-0.0016235372338286869,-0.0012528689425074604,1.239860912873967e-05,-0.00020794655402935256,-0.00017512034642066455,0.4158931080587051,0.9969975408452051,0.10153596938391139
2026-05-03 00:00:00+00:00,-0.0005138566131204225,0.00045838732693227296,3.960686786638158e-05,-0.0005226385593456497,-0.0004892122485734822,1.0452771186912995,0.988892231090816,0.1333643595958798
2026-05-04 00:00:00+00:00,0.006177253419701989,0.006579034079828641,-3.2734714843214494e-06,-0.0001992535943211895,-0.0001992535943211895,0.398507188642379,0.9945498706923711,0.1200026903154925
2026-05-05 00:00:00+00:00,-0.017570358499872873,-0.016964867806987097,1.618495929501074e-05,-0.0003108378260904117,-0.0003108378260904117,0.6216756521808232,1.0361904952490988,0.10867598821062512
2026-05-06 00:00:00+00:00,0.0278319448624873,0.028357892413675163,4.358116153881838e-05,-0.0002981473058367047,-0.0002713814068899459,0.5962946116734097,1.0414092499336107,0.15104491097193748
2026-05-07 00:00:00+00:00,0.008577377273138564,0.009051263750078207,-4.403651565730554e-05,-0.0002149249806411578,-0.0002149249806411578,0.4298499612823157,1.0126727070479928,0.10142442696690589
2026-05-08 00:00:00+00:00,0.013493926563337366,0.01405421833602051,-7.379976353813521e-05,-0.0002497930175454593,-0.00023669899159964013,0.4995860350909185,0.9830647868972313,0.002031479892104098
2026-05-09 00:00:00+00:00,0.00434515571615024,0.004533989585200163,1.870656237524375e-05,-0.00010377021571260807,-0.00010377021571260807,0.20754043142521614,1.0133930707201597,0.009054473432575236
2026-05-10 00:00:00+00:00,-0.014425515035333292,-0.013941880355729816,-6.260129232888254e-05,-0.00022431717569123557,-0.00019671621158338256,0.4486343513824712,1.0068631763897522,-0.06159427886005415
2026-05-11 00:00:00+00:00,-0.02410816604938326,-0.023898505901212307,7.099352187132712e-06,-0.00010837975017904608,-0.00010837975017904608,0.21675950035809213,1.041965725830675,-0.08214238755070359
2026-05-12 00:00:00+00:00,-0.006125266668732143,-0.005883578347139295,-5.0270251924699436e-05,-9.570903483404734e-05,-9.570903483404734e-05,0.1914180696680947,1.0349661374262835,-0.08582704223328469
2026-05-13 00:00:00+00:00,0.009340866462600683,0.0097923360518826,-7.986919464809997e-05,-0.00018580019731686927,-0.00018580019731686927,0.37160039463373845,0.971896657557227,-0.10515006946123702
2026-05-14 00:00:00+00:00,-0.014841838965275134,-0.014371294837942254,-7.944939398983879e-05,-0.00019554736667150584,-0.00019554736667150584,0.39109473334301165,0.9741109146056222,-0.12971671029486279
2026-05-15 00:00:00+00:00,0.003763585826093596,0.004136396525849873,1.0772600411530389e-05,-0.00021036730149579503,-0.0001732159986720851,0.4207346029915901,1.0216331611794562,-0.16835542216665042
2026-05-16 00:00:00+00:00,-0.0025066787740170016,-0.0022241801925699345,-7.379458106238147e-05,-0.0001233067156692493,-8.539728471545338e-05,0.24661343133849858,0.9754357949980687,-0.16487678714841905
2026-05-17 00:00:00+00:00,0.00035867298151659455,0.0005466751078352169,-3.0863124778752305e-05,-7.856950076990791e-05,-7.856950076990791e-05,0.15713900153981583,0.9571384749937075,-0.15639177397243806
2026-05-18 00:00:00+00:00,0.007661821917031464,0.007690039627708685,-2.821771067717867e-05,0.0,0.0,0.0,0.9405556837680153,-0.14757107107802386
2026-05-19 00:00:00+00:00,0.016628123126809946,0.016972626566748444,-0.0001061703943941356,-0.00011916652277220128,-0.00011916652277220128,0.23833304554440257,0.9282922637104318,-0.12745109939944319
2026-05-20 00:00:00+00:00,0.0026517622414592434,0.0027044030432420386,-5.264080178271338e-05,0.0,0.0,0.0,0.914944998809087,-0.124416772656267
2026-05-21 00:00:00+00:00,0.03425190904985387,0.03428441646217619,3.2559616491503402e-06,-2.1071122986798685e-05,-1.4692250984620314e-05,0.04214224597359737,0.9658836317412964,-0.12789398889213202
2026-05-22 00:00:00+00:00,-0.00509394420712872,-0.005189025879894808,9.508167276610458e-05,0.0,0.0,0.0,0.9752409201068933,-0.13376440317871954
2026-05-23 00:00:00+00:00,-0.01260725310823485,-0.012338844995296869,-1.8285228559561592e-05,-0.0001250614421891925,-0.0001250614421891925,0.25012288437838504,0.9704146463884763,-0.1832297512188713
2026-05-24 00:00:00+00:00,0.01010157136509604,0.010402891817640751,-9.46256775766985e-05,-0.00012208868201005996,-8.460609295785236e-05,0.2441773640201199,0.9893740166270028,-0.17674798996159352
2026-05-25 00:00:00+00:00,0.0066603338431801,0.006756091176629588,-9.57573334495612e-05,0.0,0.0,0.0,0.9772844548922097,-0.16886718694475225
2026-05-26 00:00:00+00:00,-0.0058221345984270645,-0.005524249812021715,-8.648860271721217e-05,-0.00012456731883583928,-8.682886485227046e-05,0.24913463767167857,0.9827983860908182,-0.17294328026022926
2026-05-27 00:00:00+00:00,-0.004625971540744955,-0.00420698484481867,-5.412193803257321e-05,-0.00020077644035349223,-0.0001640883175402724,0.40155288070698447,0.9621574416148864,-0.17729435327455784
2026-05-28 00:00:00+00:00,0.0012761807970402828,0.0015219689293435733,-7.462524712210626e-07,-0.00012252093991605255,-0.00012252093991605255,0.2450418798321051,0.9497026908075615,-0.18105356107313744
2026-05-29 00:00:00+00:00,0.005700469380463646,0.00616890555447005,-6.014110704094279e-05,-0.00020414753348268347,-0.00020414753348268347,0.40829506696536694,0.953113616872592,-0.18553038896808177
2026-05-30 00:00:00+00:00,0.02652104664724808,0.026995632027879597,-7.405331105606669e-05,-0.00020026603478775863,-0.00020026603478775863,0.40053206957551724,0.9503691838448847,-0.1323420898767265
2026-05-31 00:00:00+00:00,-0.006250367433380366,-0.0052270629012246845,-6.184221824464704e-05,-0.0005137758399089609,-0.00044768647400211933,1.027551679817922,1.0301354142165429,-0.04407403842640879
2026-06-01 00:00:00+00:00,0.02521046074749922,0.025587802871434362,-6.0737121572494604e-06,-0.00020142197771276312,-0.00016984643406502828,0.4028439554255262,1.0136551916712462,-0.01786096960573684
2026-06-02 00:00:00+00:00,-0.00725994725417356,-0.006760565991488737,-7.98643068684199e-05,-0.00020975847790820362,-0.00020975847790820362,0.41951695581640724,0.976797803269413,-0.0713650604461559
2026-06-03 00:00:00+00:00,0.02739673784872676,0.027848927296513226,-8.851379654632568e-05,-0.00019711906395888636,-0.00016655658728131973,0.3942381279177727,0.9033308437733946,-0.0649738342446261
2026-06-04 00:00:00+00:00,0.024491888305404386,0.024759219338177877,5.146658372199161e-05,-0.00017819221655419586,-0.00014060539994124757,0.35638443310839174,0.9456932799363369,-0.18834505443109478
2026-06-05 00:00:00+00:00,-0.01934065683806252,-0.019326386756917578,0.00022122142272577852,-0.00013636474097435185,-9.912676289635514e-05,0.27272948194870367,0.9396211147494117,-0.24532254603181883
2026-06-06 00:00:00+00:00,0.011833737440204661,0.012174372249438806,4.425847349840022e-05,-0.00021106606337699182,-0.00017382721935556335,0.4221321267539836,0.8806675291473307,-0.1792696792194197
2026-06-07 00:00:00+00:00,0.0005909599345161887,0.00084231395925951,0.00011825600268705407,-0.00020280558891987694,-0.0001668044385103957,0.405611177839754,0.9137061827488024,-0.20367047611142733
2026-06-08 00:00:00+00:00,-0.0022560024875407647,-0.0023982372098923124,0.00016414126795822646,-1.0953272803314765e-05,-1.0953272803314765e-05,0.02190654560662953,0.9947226652561568,-0.18457857744455092
2026-06-09 00:00:00+00:00,0.008589101809920896,0.00885308139117202,0.00017131917887137048,-0.0002544684289992714,-0.0001808303311232903,0.5089368579985428,0.9525762714018213,-0.0852629998925781
2026-06-10 00:00:00+00:00,-0.004657227935536912,-0.004679557880746035,0.00023213060732183382,-0.00010490033105634987,-0.00010490033105634987,0.20980066211269977,0.9409973481205174,-0.09833441766045312
2026-06-11 00:00:00+00:00,-0.0002917820019798789,-0.00011883834164566329,8.17423524068692e-05,-0.00012734300637052656,-0.00012734300637052656,0.2546860127410531,0.9439807326334001,-0.13220680989748973
2026-06-12 00:00:00+00:00,-0.0013225411005900467,-0.0011541465633096827,-0.00014835470441929702,-1.0019916430512613e-05,-1.0019916430512613e-05,0.020039832861025224,1.0000805226108256,-0.15360393684151016
2026-06-13 00:00:00+00:00,-0.0035580994237729424,-0.003411550246764745,-0.0001465491770081737,0.0,0.0,0.0,0.9942476787970161,-0.15757615872784506
2026-06-14 00:00:00+00:00,-0.004452012327741173,-0.004449338835909862,-2.6734918313132675e-06,0.0,0.0,0.0,1.018121599314906,-0.1627500628499033
2026-06-15 00:00:00+00:00,0.0008429667452427569,0.0011110253796963588,-6.976830794374952e-05,-0.0001166704283936731,-8.16198981160879e-05,0.2333408567873462,1.0481532661562452,-0.1618319635698224
2026-06-16 00:00:00+00:00,0.010862545684706904,0.010970556396419367,-0.00010801071171250924,0.0,0.0,0.0,1.0667967725534793,-0.14924027783739577
2026-06-17 00:00:00+00:00,0.008348819248665151,0.009168821349316047,-0.00027142620982638295,-0.000292716880488303,-0.0002558590103361302,0.5854337609766059,1.0354771082987593,-0.13256883431268984
2026-06-18 00:00:00+00:00,-0.00093984341783937,-0.0005171402280438208,-5.738156743469718e-05,-0.00019978847099781094,-0.00016553315136308465,0.3995769419956218,1.0174436512485237,-0.13092514750549855
2026-06-19 00:00:00+00:00,0.020693000157351538,0.020935337995623075,-5.637601486976305e-05,-0.00010979929388000048,-7.616252952187067e-05,0.21959858776000096,0.9715563783345483,-0.1032076261253596
2026-06-20 00:00:00+00:00,0.0014590794969018273,0.0017726546112233777,-9.518062104648925e-05,-0.00010919724663755835,-0.00010919724663755835,0.21839449327511667,0.9594442673472061,-0.10960243779146446
2026-06-21 00:00:00+00:00,-0.01181040740324546,-0.011598011671915402,-3.376009853963757e-05,-8.931781639522074e-05,-8.931781639522074e-05,0.17863563279044148,0.9669950210002193,-0.1350267780327688
2026-06-22 00:00:00+00:00,-0.0042625577801382875,-0.0038303954088941662,-4.110412269402698e-05,-0.0001955291242750504,-0.0001955291242750504,0.3910582485501008,0.9559750412699561,-0.14724966707273301
2026-06-23 00:00:00+00:00,-0.001431500295849264,-0.0010080329803506562,-2.1557111619960003e-05,-0.00020095510193932715,-0.00020095510193932715,0.4019102038786543,0.9645027381193936,-0.14851075973869826
2026-06-24 00:00:00+00:00,-0.004691658993937642,-0.004625835238401447,-6.582375553618076e-05,0.0,0.0,0.0,0.9499256417603088,-0.15385844634066698
2026-06-25 00:00:00+00:00,0.011291172034967989,0.01156023402496436,-9.932574375951447e-05,-9.950856002329947e-05,-7.02276862134827e-05,0.19901712004659897,0.9715684014738487,-0.098271179281996
2026-06-26 00:00:00+00:00,0.0021397667438913803,0.002604478107377648,-5.1279702725359234e-05,-0.00020671583038042626,-0.00020671583038042626,0.4134316607608525,0.989005695033459,-0.028710741165220394
2026-06-27 00:00:00+00:00,0.001959619266179713,0.0022110925398172655,-4.222213590124529e-05,-0.00010462556886815839,-0.00010462556886815839,0.2092511377363168,1.0364011954971641,-0.058570588404792796
2026-06-28 00:00:00+00:00,0.001067746454210372,0.0018225730344149495,-0.00016373517125650833,-0.0003221960568391763,-0.00026889535210891516,0.6443921136783527,1.001028688101045,-0.0964489650131676
2026-06-29 00:00:00+00:00,-0.0013720281416684799,-0.0010256391408256901,-0.00015745279914917767,-9.446810084679656e-05,-9.446810084679656e-05,0.18893620169359313,0.9786344828600336,-0.11100449151326365
2026-06-30 00:00:00+00:00,-0.00290404182752102,-0.002423245565936781,-0.00010651705387416148,-0.0002000243164786279,-0.0001742548912314447,0.40004863295725573,1.0025316298224896,-0.11545825383823625
2026-07-01 00:00:00+00:00,-0.0187916287284704,-0.01835192758156297,-4.019911120312317e-05,-0.0001997510178521581,-0.0001997510178521581,0.39950203570431614,1.010066311722525,-0.1211303752353063
2026-07-02 00:00:00+00:00,-0.0076949238717416435,-0.0073083557736678545,3.152734086503947e-05,-0.0002090477194694341,-0.0002090477194694341,0.41809543893886825,1.025477897754372,-0.124663633935309
2026-07-03 00:00:00+00:00,0.0044832906624354685,0.0045997977406255055,6.558019022020846e-05,-9.104363420507286e-05,-9.104363420507286e-05,0.18208726841014566,1.0743974028488397,-0.1098736612569015
2026-07-04 00:00:00+00:00,-0.015417201892968357,-0.0150403855812885,3.2972627255927296e-05,-0.0002206278172792159,-0.00018916112165658853,0.4412556345584318,1.087945721840717,-0.0770533552213638
2026-07-05 00:00:00+00:00,-0.0012193614105037165,-0.0007552490842997341,4.115641108768489e-05,-0.0002526343686458611,-0.0002526343686458611,0.5052687372917222,0.9920772082619671,-0.19054679075879796
2026-07-06 00:00:00+00:00,-0.006287120745150365,-0.0059342166363091356,4.60811426024392e-05,-0.00019949262572184327,-0.00019949262572184327,0.3989852514436865,1.003048889555334,-0.17030488468920238
2026-07-07 00:00:00+00:00,0.004750264823355721,0.005410317297304201,9.591790250052006e-06,-0.0003498812156513208,-0.0003197630485471466,0.6997624313026417,0.987263685839546,-0.043595878519776976
2026-07-08 00:00:00+00:00,-0.005638457901540939,-0.005058105707695318,-3.785233185307205e-05,-0.00030310273464818514,-0.00023939712734436305,0.6062054692963701,0.9554618589537791,-0.05045719666198273
2026-07-09 00:00:00+00:00,0.004174973530686188,0.004834411197171048,-3.0878283687411186e-05,-0.00032596604516940746,-0.00030259333762798116,0.6519320903388149,0.9802803369113793,-0.1771642802995205
2026-07-10 00:00:00+00:00,0.00331682120405441,0.0033951216052480293,5.1446362463704506e-05,-7.6234413536118e-05,-5.35123501212612e-05,0.152468827072236,0.9908813165941288,-0.1722095660475407
2026-07-11 00:00:00+00:00,-0.002766154688835565,-0.002405279866883037,4.479282391626318e-05,-0.00020283382293440023,-0.00020283382293440023,0.40566764586880044,1.0172806154228557,-0.17348835745738236
2026-07-12 00:00:00+00:00,0.011980785034288122,0.012095188046552928,2.9645997139795733e-05,-8.588054442094005e-05,-5.8168464983699855e-05,0.1717610888418801,1.0103477659614606,-0.14665007893347742
2026-07-13 00:00:00+00:00,0.0004293670156867435,0.0007922110319296084,2.1663076780547563e-05,-0.00020591239557041154,-0.0001785946974530974,0.4118247911408231,0.9953220066537218,-0.15508828718995035
2026-07-14 00:00:00+00:00,-0.0012203384383756566,-0.0010121890954941136,-7.142422931977096e-05,-8.045684187770166e-05,-5.626827168404279e-05,0.16091368375540333,0.9737955330519406,-0.15594733394242777
2026-07-15 00:00:00+00:00,0.0037959614714599965,0.003854305726922974,7.763480861988013e-05,-7.983088956378514e-05,-5.614817451899931e-05,0.1596617791275703,1.0101454281191053,-0.149747580009015
2026-07-16 00:00:00+00:00,-0.009995884049891268,-0.009758448122040256,0.00014120562380914528,-0.0002019601856223243,-0.00017668136603788364,0.40392037124464863,1.0123098889794497,-0.15354479775463764
2026-07-17 00:00:00+00:00,-0.006735576073773841,-0.006798353860323457,6.277778654963232e-05,0.0,0.0,0.0,0.9926763943726372,-0.16143047888612447
2026-07-18 00:00:00+00:00,0.002522850237828278,0.0031219161548751134,-9.833408565566042e-06,-0.0002946162542406842,-0.0002946162542406842,0.5892325084813684,0.9940655529005276,-0.12246643552658154
2026-07-19 00:00:00+00:00,0.004470893328364367,0.005086067845925087,-3.9378003398713136e-05,-0.00028789825708103303,-0.00028789825708103303,0.5757965141620661,0.9827679320782815,-0.11330010617687218
2026-07-20 00:00:00+00:00,0.007058349596584579,0.007355837979790948,-0.00012234959294594067,-8.75693951301961e-05,-8.75693951301961e-05,0.17513879026039222,0.9707672377314621,-0.09970616207511644
2026-07-21 00:00:00+00:00,0.0011377858156986775,0.0015374254453155622,-7.65361583649422e-06,-0.00019599300689017175,-0.00019599300689017175,0.3919860137803436,0.9936929170476497,-0.11340792430748939
2026-07-22 00:00:00+00:00,-0.011062120532517872,-0.010840048766547976,6.883889822963463e-06,-0.00011447782789644179,-0.00011447782789644179,0.22895565579288357,1.0233182753024375,-0.12446718702534046
2026-07-23 00:00:00+00:00,0.00662119988624843,0.007001822374097885,-3.417186915890495e-06,-0.000202497921780122,-0.00017470737915338446,0.404995843560244,1.0065823982382691,-0.09281040500469208
2026-07-24 00:00:00+00:00,0.010987115853971163,0.011598841627958224,-0.00020481974913995134,-0.00020345301242358894,-0.00020345301242358894,0.40690602484717786,0.9604401974877445,-0.05928138360614492
2026-07-25 00:00:00+00:00,-0.0030974622293015175,-0.0028206919970883418,-0.00012579817197068058,-8.880387027762705e-05,-6.216818996490946e-05,0.17760774055525408,0.9524109759715481,-0.06225838011362276
2026-07-26 00:00:00+00:00,-0.015259197931977275,-0.015015668236594486,-3.927998092665261e-05,-0.00010212485722804763,-0.00010212485722804763,0.20424971445609524,0.9895168059254795,-0.09217947589910311
2026-07-27 00:00:00+00:00,0.017163251781540545,0.01746844657752711,-7.868406059411464e-05,-0.0001132553676961788,-0.0001132553676961788,0.2265107353923576,0.9995844493014843,-0.06271213232565452
2026-07-28 00:00:00+00:00,0.010149228669261268,0.010347581040667663,-0.00019835237140644737,0.0,0.0,0.0,0.9373930744527184,-0.05183843119295356
2026-07-29 00:00:00+00:00,-0.001666006822845123,-0.001537732686363069,-0.00012827413648208206,0.0,0.0,0.0,0.9550085818896865,-0.053465237329492994
2026-07-30 00:00:00+00:00,-0.00027025901345667513,-5.510054303825799e-05,-3.0569029355249065e-05,-9.2294720531581e-05,-9.2294720531581e-05,0.184589441063162,0.9653917749046853,-0.030968608590478702
2026-07-31 00:00:00+00:00,0.002026325059241385,0.002020267092422908,6.057966818467354e-06,0.0,0.0,0.0,0.9921399001630551,-0.028889801369584092
2026-08-01 00:00:00+00:00,-0.009014645059538529,-0.008543911958072924,-5.754487169974727e-05,-0.0002065941148829432,-0.0002065941148829432,0.4131882297658864,0.9690636498008562,-0.027538430435140572
2026-08-02 00:00:00+00:00,-0.008656932810216289,-0.00822433286076634,-2.555698107574904e-05,-0.00020679446650519225,-0.0002002485018690405,0.4135889330103845,0.9974347640624748,0.0033176217590072912
2026-08-03 00:00:00+00:00,0.004706621482438056,0.004697238984442905,9.382497995103758e-06,0.0,0.0,0.0,1.0271120664172175,0.007977314543447687
2026-08-04 00:00:00+00:00,-0.008241290938404089,-0.008266845953147616,2.5555014743502357e-05,0.0,0.0,0.0,1.0301089034500575,-0.0002919373503397708
2026-08-05 00:00:00+00:00,-0.0021093617413427967,-0.0018912736938098596,-2.4250996775830024e-05,-9.691852537853057e-05,-9.691852537853057e-05,0.19383705075706112,1.018874608729152,0.01102928143208841
2026-08-06 00:00:00+00:00,0.001073995989538279,0.0015982374125575664,-0.0001144284255858254,-0.00022087193292538395,-0.00018894106450813457,0.4417438658507679,1.059898650198715,0.054335810077511065
2026-08-07 00:00:00+00:00,0.010648654253287315,0.011165533293057538,-9.923927299651032e-05,-0.0002088198833868175,-0.0002088198833868175,0.41763976677363496,1.0251717896021681,0.0894887356045899
2026-08-08 00:00:00+00:00,0.001270597204833912,0.0016834595320569332,-5.2436948350716415e-05,-0.00019643512566857164,-0.0001639902532036343,0.39287025133714326,1.0282132292269182,0.08996954656017947
2026-08-09 00:00:00+00:00,-0.004848474198462349,-0.004667378813580329,4.866347976421622e-06,-0.0001090958137122363,-7.686591914623723e-05,0.2181916274244726,1.0374486956720457,0.08237590152859019
2026-08-10 00:00:00+00:00,0.0008692187474381718,0.0011174353253476537,-4.843562916686495e-05,-0.00011609955714487719,-8.368139159766486e-05,0.23219911428975437,0.9998722969528195,0.055364015955654766
2026-08-11 00:00:00+00:00,-0.0020427724519587187,-0.001788604167052828,-6.424086356792555e-05,-9.496371066898132e-05,-9.496371066898132e-05,0.18992742133796264,1.000276755603118,0.04286380472893738
2026-08-12 00:00:00+00:00,-0.005298248330220412,-0.005303027460331449,4.779130111021659e-06,0.0,0.0,0.0,1.0006730085065614,0.03776084359513132
2026-08-13 00:00:00+00:00,-0.0001915014980879981,0.00026536965724588906,-5.5518054130046006e-05,-0.0002006765506019252,-0.0002006765506019252,0.4013531012038503,0.9809319848550861,0.04487326224879145
2026-08-14 00:00:00+00:00,-0.000781928096363238,-0.0003078479120242728,-4.693038856231953e-05,-0.00021357489788833924,-0.00021357489788833924,0.42714979577667844,1.0027241271820475,0.01071467387609509
2026-08-15 00:00:00+00:00,0.010156286464952036,0.010612602729903761,-6.827816542221106e-05,-0.00019401904976474213,-0.00019401904976474213,0.38803809952948426,0.9929168708866739,0.029765007717613715
2026-08-16 00:00:00+00:00,-0.0030269100587642095,-0.0025854804573035637,-6.518374171963958e-05,-0.0002041789970840458,-0.0001720668626569936,0.4083579941680916,0.9913541328552674,0.011960515180248434
2026-08-17 00:00:00+00:00,-0.001647471015004176,-0.0009684006979981881,-7.053289163089858e-05,-0.00031831866397427015,-0.00029021876140084777,0.6366373279485403,1.0035951822691853,-0.019225030469548307
2026-08-18 00:00:00+00:00,0.001383017799275743,0.0018145612308771077,-5.963507153821255e-05,-0.0002000017362254318,-0.00017190662383765267,0.40000347245086365,1.0181709493466953,-0.0041397384524541605
2026-08-19 00:00:00+00:00,0.0025088787925826583,0.0028470601910827553,-0.00013225177516346833,-0.00010296481166828045,-0.00010296481166828045,0.2059296233365609,1.0036840086257566,0.003965648633941344
2026-08-20 00:00:00+00:00,-0.009932787098530516,-0.009771249628379195,3.390755600022825e-05,-9.772251307577961e-05,-9.772251307577961e-05,0.19544502615155923,1.093658883022917,-0.0037673057040005066
2026-08-21 00:00:00+00:00,-0.021938939659679746,-0.021537089920094076,3.188534433008044e-06,-0.00021862933288678834,-0.0001864089411319265,0.43725866577357664,1.1143459719135287,0.03646088752273449
2026-08-22 00:00:00+00:00,-0.03688539218587261,-0.036108917524498095,-9.89329061103847e-05,-0.00035469978778610343,-0.00032284196747805235,0.7093995755722069,1.1892460419056465,0.013926278351547172
2026-08-23 00:00:00+00:00,0.008571402376796433,0.009860270695720503,-0.00023205879367451472,-0.0005649636186055095,-0.0004918459066440104,1.1299272372110192,1.021408664788114,0.12766866097451238
2026-08-24 00:00:00+00:00,-0.0018357930977455084,-0.0017375545030997004,-4.3249846403510124e-05,-2.74943741211499e-05,-2.74943741211499e-05,0.0549887482422998,0.9860099448120699,0.07107283324582317
2026-08-25 00:00:00+00:00,0.0054060240957485295,0.005658166751037899,-1.3075107414989647e-05,-0.00011953377393716714,-0.00011953377393716714,0.2390675478743343,0.9518543715992913,0.026401663378649104
2026-08-26 00:00:00+00:00,0.00233743256570218,0.002627445045552773,-9.331815485561167e-05,-9.834716249752058e-05,-9.834716249752058e-05,0.19669432499504114,0.9104170155099159,0.02601992150112459
2026-08-27 00:00:00+00:00,-0.0003796755715694822,-0.0002759306710572115,-5.865061898559446e-05,-2.2547140763358278e-05,-2.2547140763358278e-05,0.04509428152671655,0.9705431821729508,-0.019357640319801476
2026-08-28 00:00:00+00:00,0.0008532330045232239,0.000967672311549752,-0.00011443930702651244,0.0,0.0,0.0,0.9861520871591102,-0.01837429045719883
2026-08-29 00:00:00+00:00,0.009011375755001216,0.009357068034950474,-0.0001166149013095798,-0.00011453868931984761,-0.00011453868931984761,0.2290773786396952,0.9273618129601657,-0.02958989363109826
2026-08-30 00:00:00+00:00,0.004809902674739908,0.004980206297970181,-0.00017030362323025488,0.0,0.0,0.0,0.9343817615063696,-0.0244918837559413
2026-08-31 00:00:00+00:00,-0.0023474820440032573,-0.0021385257652997173,-0.00020895627870349444,0.0,0.0,0.0,0.9282488197528368,-0.026693071026174423
