time,A_carry_BTC_static,A_carry_BTC_cond,A_carry_ETH_static,A_carry_ETH_cond,A_carry_BTCETH_static,A_carry_BTCETH_cond,B_fund_L1_8h,B_fund_L1_24h,B_fund_L1_72h,B_fund_L3_8h,B_fund_L3_24h,B_fund_L3_72h,B_fund_L7_8h,B_fund_L7_24h,B_fund_L7_72h,B_fund_L14_8h,B_fund_L14_24h,B_fund_L14_72h,C_res_H1_rev_nofund,C_res_H1_rev_fund,C_res_H1_mom_nofund,C_res_H1_mom_fund,C_res_H3_rev_nofund,C_res_H3_rev_fund,C_res_H3_mom_nofund,C_res_H3_mom_fund,C_res_H7_rev_nofund,C_res_H7_rev_fund,C_res_H7_mom_nofund,C_res_H7_mom_fund,C_res_H21_rev_nofund,C_res_H21_rev_fund,C_res_H21_mom_nofund,C_res_H21_mom_fund,C_lgbm_nofund,C_lgbm_fund
2024-01-02 00:00:00+00:00,-0.0005664320918217225,-0.0005664320918217225,-0.0004542362188522109,-0.0004542362188522109,-0.0005103341553368557,-0.0005103341553368557,-0.010756478316817475,-0.011109486885759079,-0.011109486885759079,-0.0022051279175707705,-0.007474620291491374,-0.007474620291491374,-0.005753542811052448,-0.005440610267375412,-0.005440610267375412,-0.004094063173841311,-0.0039059116907907976,-0.0039059116907907976,-0.0063133346791710565,-0.011414885151203147,0.00444078999501496,-0.0022808153447229085,-0.01290897137778535,-0.011833356582156118,0.010965245026159698,0.004269594865943249,-0.006612895812175057,-0.011432145903124247,0.004662832235262426,0.003228201579024148,-0.006111535990316663,-0.01468333004553335,0.004246423481553796,0.005841347160611576,0.002463678177906159,-0.0016195184459453227
2024-01-03 00:00:00+00:00,0.0007982838904405654,0.0007982838904405654,0.0009613522517102346,0.0009613522517102346,0.0008798226473099025,0.0008798226473099025,0.0011180466889026963,-0.0012081507810067782,0.004246442668600636,0.0006578486431849662,0.0042099362966177,-0.0011971938519903524,-0.0013567349459264744,-0.0005131597523431175,0.0040921539339240365,0.0011254135250506891,0.0006753666818515303,0.0003113434489725453,0.0040969627527414065,0.005190628078569182,-0.0065313623235272456,-0.003726917287448228,0.0027434933214991464,0.00274910030370501,-0.0022932418865950766,0.0005588512000496149,0.014955935593081282,0.015760561963128472,-0.015641683227204384,-0.012842071262827437,0.007249453298250774,0.008410731058454246,-0.00832922161369054,-0.006378703472005753,-0.0033639928083615267,-0.01201062546203624
2024-01-04 00:00:00+00:00,0.0005274433392725708,0.0005274433392725708,0.00041827974329633477,0.00041827974329633477,0.0004728540314247187,0.0004728540314247187,0.013208223289207455,0.016120935137297288,0.009134918443125306,0.016739019070973304,0.016071440720020425,0.006385923180417308,0.010617399470299382,0.011170155026289041,0.009367668674787888,0.011254328120698265,0.011254959342954063,0.009053865718673393,-0.01664532198643065,-0.006766482563851262,0.013158376455611798,0.0173043182583692,0.013470162919862139,0.010524729568013536,-0.011174867136958255,0.012584445418069246,0.004548322713427533,0.018141246173180692,-0.006171743801385632,0.009802079752393889,-0.0031858746257564796,0.007157991187405122,0.0034061878709898963,0.005724226762577889,-0.015539401905881989,-0.010598115263973251
2024-01-05 00:00:00+00:00,0.0002901481976811393,0.0002901481976811393,0.00013206377193375474,0.00013206377193375474,0.0002110994216883988,0.0002110994216883988,0.0004836556512208823,-0.0024025913369167817,-0.002740114037294905,-0.0031837916432103652,-0.002996186358281472,-0.0033528870804351296,-0.0010743162661759342,0.000662653902636201,0.0005240776933843616,0.0005311280701403298,0.0005315516758703787,0.0002868130870896657,-0.00396430407132875,-0.003428168076009097,0.001955111196924042,0.0015633845891340759,-0.009438703851345709,-0.007649017048964146,0.007513948852388763,0.005835637183467357,-0.010414038840507844,-0.007600691495256884,0.008376712922302687,0.00288237023865201,-0.0020188325259434814,0.0011513604053119408,0.001834535339075849,0.00013091927607322695,-0.009892977807547942,-0.006774239789311354
2024-01-06 00:00:00+00:00,6.65689856214069e-05,6.65689856214069e-05,0.0002773462351135514,0.0002773462351135514,0.0001719580327186332,0.0001719580327186332,-0.0022390762751977045,-0.003331926279625752,0.0062452306152391834,0.014117310679349515,0.011508428946470639,0.00826677828507738,0.00710265642581831,0.0068853051151653855,0.001936013202047393,0.007149694929905248,0.00641819536110777,0.006765853524043797,-0.006680347860870239,0.003753472009957015,0.003799290289957735,0.006200598307078753,0.0039816098561333835,0.004939216100865229,-0.005076202895222481,-0.002785631214926254,0.0058297426536666475,0.0060307573100653045,-0.007155618265791364,-0.0010743357702893697,-0.0024033397035507775,0.002101030181279384,0.002077878014968837,0.0060290399217277635,0.007762557337730458,0.0049752021031177485
2024-01-07 00:00:00+00:00,0.0002945085864376473,0.0002945085864376473,0.00026580989171787195,0.00026580989171787195,0.0002801576695738994,0.0002801576695738994,-0.003978303764223479,-0.005819825747520269,-0.004179579101338038,-0.006217483362301435,-0.0011403006166201823,-0.0012342023774480904,-0.00389011125296701,-0.0038773438597066168,-0.005540222290046581,-0.0042132492605349015,-0.0035923878777446294,0.0004471007993833709,-0.0028906486060227277,-0.00907700531172495,0.0009888322306099706,0.002658405201139802,0.004359615774617076,0.001754593709779817,-0.005591873171500339,-0.005561596758186349,0.007491323394404281,0.0020343445651673786,-0.008367666989307132,-0.004585715313757954,0.0010774990589628164,-0.0041726597553464195,-0.0013980349019854232,-0.002123259601965355,0.00780200800635078,0.00015267841183153052
2024-01-08 00:00:00+00:00,0.00015977772001796176,0.00015977772001796176,0.00017614117652153816,0.00017614117652153816,0.0001679602258017887,0.0001679602258017887,-0.003135773321847002,-0.004422643624466094,-0.006456238436286621,-0.0055186001470327595,-0.008064700333159092,-0.008351040268592347,-0.0017078179409917293,-0.0017050954652659822,-0.00020236616854096834,0.00031900835107268044,-0.0006906403943874873,-0.0015896427521175927,0.003940829633786169,0.004026319103759501,-0.00621901251386614,0.0008514380848856362,-0.009759971920722754,-0.005668589138009716,0.007141733167967512,0.008524064042805035,-0.007170735859048372,-0.006977139811771393,0.006812131083251627,0.006318377185708268,-0.004110832892380123,-0.0017686286875621127,0.0037523136584360905,0.0045150860655283065,-0.0016646827326399771,-0.0040803293114943795
2024-01-09 00:00:00+00:00,-0.0002359880036449935,-0.0002359880036449935,-0.00012122627489064008,-0.00012122627489064008,-0.00017860121681190222,-0.00017860121681190222,-0.009961837443948296,-0.004924339929290089,-0.00639974420168421,-0.009417653570560236,-0.006259472209178885,-0.004745379563872776,0.011499818407841644,0.012526027820543462,0.008261657429328162,0.009476601466328338,0.010647705726490209,0.009836834435786646,-0.014701406002268769,-0.003740060150694502,0.011613190426839504,0.009310896092385557,-0.017017097601785824,-0.015246043177267854,0.016384158352688694,0.0073963189941081975,-0.005913415373631992,-0.0015963132591163554,0.006034066801670068,0.007018217730840437,2.5729355726644698e-05,0.0012744466397780485,5.1571208426137716e-05,0.003047334841477456,-0.01522350307061393,-0.017812883102730548
2024-01-10 00:00:00+00:00,0.0003719839889457788,0.0003719839889457788,0.00029372423070439524,0.00029372423070439524,0.00033284782540188296,0.00033284782540188296,-0.003496649212446301,0.003532529007395979,-0.0019057002539267787,0.00377876660145815,0.003964903638705941,0.0010033228110528647,0.007896067164216536,0.0013351888446533344,-0.00490070265726239,-0.005628587432352283,-0.007831293230969205,-0.008159815895777078,-0.006894015675099507,-0.007120207551827629,0.0054639566819947305,0.0048518523508771505,-0.012414299312125343,-0.011964092728873221,0.011458217116583347,0.006744823704720071,-0.008904910413287892,-0.008158506938807597,0.00762517891910397,0.007256448536513416,-0.00015975707685833562,-0.0008093863977964855,-0.00022998617120995046,-0.0022093060263812525,0.0059169352319337065,0.007347085604102688
2024-01-11 00:00:00+00:00,0.00010223658822017256,0.00010223658822017256,-0.0001455384459502218,-0.0001455384459502218,-2.1665979630491883e-05,-2.1665979630491883e-05,0.00657721839066383,0.015883730788270656,0.011201725386728922,0.014967625395058137,0.015838528711852096,0.014347111328459894,0.01685737054789871,-0.00015727225768957798,-0.0026955084620950975,-0.012020620951513239,-0.01075078054018741,-0.015151136331393977,-0.020379882976703345,-0.02703820361539233,0.016572149015297466,0.014985081182049553,-0.022886841678255943,-0.0251712691519681,0.02360740967480024,0.015178971889276083,-0.013278131864106868,-0.012294267327540132,0.012422324899332482,0.00815008637687642,-0.007638983379699482,-0.0130987611488117,0.004767532322019763,0.01087132692978754,-0.017645651871442514,0.0036134825953695326
2024-01-12 00:00:00+00:00,0.00028417810194780735,0.00028417810194780735,0.00020706572237805254,0.00020706572237805254,0.00031954175696702336,0.00031954175696702336,0.026852050263440397,0.027940365340337392,0.030953215727101968,0.01476716187727578,0.016112826089818677,0.019976777126923917,0.01383331649504127,0.01962355031298202,0.004441409062450052,-0.005711987717986977,-0.010734009998407235,-0.011540971550667356,0.005429363453203662,0.006463545199322462,-0.007410020901892134,0.010079247110306389,-0.006162619325383534,0.007868777611915956,0.0069949532932511715,0.010673052726215326,-0.010713172724975406,0.009685593280024607,0.007283121540776039,0.010701120196863867,-0.016307070866982687,-0.013928988195525904,0.014353081591000239,0.017293904142324346,-0.01305263887439756,-0.020760543996868774
2024-01-13 00:00:00+00:00,6.82342608115949e-05,6.82342608115949e-05,0.00011833713835995852,0.00011833713835995852,0.00010115785498276963,0.00010115785498276963,-0.007196930461143336,-0.008032644356448349,-0.005109247448364607,-0.004026687760361192,-0.006582129549452809,-0.003021559704237675,-0.00623095866638812,-0.007480003437857485,-0.00483224632446233,-0.006360961578524615,-0.005959488630761456,-0.004821945473374112,-0.0186496553910257,-0.01787732857539237,0.01530288516349887,0.003119433320836862,-0.009898716797566598,-0.0147888978963574,0.008519840695089043,-0.0002875938394709676,-0.00352071625289474,-0.013397110358474462,0.0029997220811461833,0.007017168325589518,-0.002411721155983426,-0.01049567040593924,-0.000435383105547249,0.00018891781997232293,0.0033478792852572603,0.009119551463655062
2024-01-14 00:00:00+00:00,0.0002438602842183002,0.0002438602842183002,0.00022812744724465261,0.00022812744724465261,0.00025116597054730683,0.00025116597054730683,-0.0024184226806046594,-0.0002836931056173775,-0.002873307201971542,-0.0002757032932650949,-0.0005406315999070266,-0.0021320478944917287,0.0017095295588924753,0.001896012192796226,0.002322211387086881,0.0025664335695050333,0.0025895685633443577,0.0026354215456037,0.007849934401360725,0.007219048475351597,-0.009613743647543749,-0.007523306371858829,0.006213946756423949,0.004518903602777735,-0.007899586671149983,-0.0033963116660853387,0.005123089812971493,0.006986086039445949,-0.005750593465556397,-0.0034143490947158295,0.0009567938034924506,0.0007750997525277636,-0.0014278338180772066,-0.0007259967028779846,0.008037732160876887,-0.0028187597854126833
2024-01-15 00:00:00+00:00,0.00010129315022089358,0.00010129315022089358,-6.588723504574734e-05,-6.588723504574734e-05,1.331582004637788e-05,1.331582004637788e-05,-0.008368812609743759,-0.009310234390455085,-0.0025533202380307873,-0.0017994346248826343,-0.0021105937124713536,-0.002984066070711444,-0.002244296990502659,-0.0030210443575936496,-0.0013729089395942973,0.005922040423288477,0.00655038124812557,0.00802213874126445,-0.008223997027725582,-0.008787453692824188,0.004884592180124381,0.005699924538884238,0.01459934345872016,0.008261024350135093,-0.015288863099530037,-0.014229231610951576,0.014517037233986896,0.01053031855111608,-0.014855671940072646,-0.010428650043839305,0.012898081326955246,0.015140657754018294,-0.013513062610412963,-0.013544176502349181,-0.0016015932350593731,0.0035984282416825497
2024-01-16 00:00:00+00:00,0.00013386807765325415,0.00013386807765325415,0.0003402361478814786,0.0003402361478814786,0.0002596735094821945,0.0002596735094821945,0.003984227674289409,0.005216339168464534,0.00302776951518946,0.004474345123200996,0.0030974657383036064,0.0031969497196941976,0.004547660370979534,0.0069995631982380235,0.006813515156211203,0.00554202344080168,0.0059615230199863145,0.004148525818526094,-5.907039216923593e-05,0.005213134013182241,-0.0019367402037809844,-0.00570834959005484,-0.006425232467231257,0.0008566300740722177,0.004483933096743442,0.0009782013220336339,0.004465035397444916,0.0023569595003307686,-0.00544750633947777,0.0016353057454292497,-0.0011678912950497944,3.783844697280436e-05,0.00021534457369210003,0.0006571319383239516,0.008669092581755633,0.0015602576832332016
2024-01-17 00:00:00+00:00,0.00025544190174442427,0.00025544190174442427,0.00022766165681620265,0.00022766165681620265,0.0002566839478097549,0.0002566839478097549,-0.006051277056096538,-0.005654719409427411,-0.0065319388275333345,-0.005681705276591953,-0.006199463785097725,-0.006173638419873839,-0.0032783874557237302,-0.004975261172998069,-0.005735807423125849,0.005717752920619601,0.006917689627825574,0.005173869922189489,0.00090680626523576,-0.00606807526987152,-0.003614279486233496,-0.004228062113646347,0.0017708605595809779,0.0008221425395615878,-0.0028505672229850454,-0.005312980999875316,-0.00704717152086376,-0.004273934332815199,0.0053902742974982765,0.006360090248070049,-0.0021842947958164993,-0.005869918220203663,0.002016023946305401,0.0023696828911181633,0.0016502341168589396,0.005319036957153189
2024-01-18 00:00:00+00:00,7.530221018292593e-06,7.530221018292593e-06,6.558890857610855e-05,6.558890857610855e-05,4.092169786229505e-05,4.092169786229505e-05,-0.005825208368514079,-0.006115966986753429,-0.005446123730775021,-0.005398252392328495,-0.006222446213421495,-0.006317744277150483,-0.0007035840112633585,-0.0011726362268690282,-0.0004536245314392673,-0.0014212570763842969,-0.0023527167336954147,-8.756166175150071e-05,0.003896831531350342,-0.0007692784377891781,-0.006182178896728785,-0.008814322374787853,-0.006678003959743273,-0.00848026026392823,0.0058141420458819315,0.004053210760292636,0.0018522407866596868,6.0218461036987136e-05,-0.0026963691029149306,-0.010276626482142892,0.009159209783856204,0.000656327777998289,-0.009152469030894395,-0.00930745036757108,-0.004077761490267284,-0.0035118999258145767
2024-01-19 00:00:00+00:00,0.0002841174248455758,0.0002841174248455758,0.00013101895841249878,0.00013101895841249878,0.00021626388288509268,0.00021626388288509268,0.005795577049736211,0.004400966716282317,0.005231029399428877,0.007170615290226667,0.005267250339778373,0.005088250607275802,0.003239271261659127,0.001844368279048103,0.0029652855429618263,-4.8501097464237475e-05,0.0004692393675420625,0.0008311704307271128,0.008119421662824866,0.009848832998078816,-0.011197148594582429,-0.006418680554777345,0.002186055511506968,0.009746976593205448,-0.00362540695085789,-0.004233421310123275,0.0034049104155169374,0.010561963630141502,-0.0038315586188637507,-0.006685115209565273,0.00293010185954512,0.005539474896505858,-0.0033718114312888403,0.0020315366312610994,-0.0008235527445286106,-0.004069238108858397
2024-01-20 00:00:00+00:00,5.871883335983874e-05,5.871883335983874e-05,0.00014413458913087318,0.00014413458913087318,0.00011100639554939562,0.00011100639554939562,-0.018218616049043956,-0.016300914154421142,-0.01693243224023988,-0.01918557232205731,-0.019990041136526693,-0.020669070312163473,-0.016542519955393575,-0.009437384304940566,-0.010688385583822346,0.006373262316331285,0.00808540965363247,0.008807407139098888,0.00667615799026966,0.009800049379495857,-0.009533949190140611,-0.009835862002736673,-0.013524965087569285,-0.01097781761826322,0.011477143657159905,0.016843077759620906,-0.014464502220783992,-0.005565521248067085,0.01269815869687374,0.013297507522739727,-0.012484446458035148,-0.01231290869319257,0.01173265653511657,0.011816371185274122,-0.0018786500487595337,-0.0017111562407169378
2024-01-21 00:00:00+00:00,0.00023245618903233733,0.00023245618903233733,0.0001861504069819997,0.0001861504069819997,0.00022166682536850502,0.00022166682536850502,0.0025801796942923616,0.001711334131849096,0.0019399163311148993,0.0044696419882346294,0.004767591513801683,0.004812359613406425,0.004476323753071831,0.003030569803806893,0.0014150264383052669,-0.0030906580344873813,-0.003524013239094459,-0.0034814038163235583,0.003306396772397635,0.0045760788389150875,-0.006374062384792545,-0.0058154680559440175,0.0027866721351288426,0.0036353408502509676,-0.0039004593831181156,-0.0037006299926768405,0.0011760578701773827,0.0012819939041421868,-0.0018827673396232258,-0.0011173521232484829,0.010119094612310864,0.01075762286497639,-0.01092798283802976,-0.01063561707054439,-0.006117073985436039,-0.0001487946355337444
2024-01-22 00:00:00+00:00,0.00010156573752162501,0.00010156573752162501,0.0001954121724707658,0.0001954121724707658,0.00016147350020778717,0.00016147350020778717,-3.0009973750466656e-06,0.00013380122584205623,0.0007317701564539814,0.0008343300070243753,0.0007296132853997772,0.000572871244255202,0.00047515702565648077,0.0003363570111203362,-0.00150723144759346,-0.0013748780141178418,-0.0018225591309544154,-0.0015835779710546838,0.0007428247887217854,0.0016457234005096133,-0.004171297917098027,-0.0036633531592393798,0.00014944562769025893,0.0019359591330139203,-0.0008154368969981451,-0.0004885299315912084,-0.0014292960117974207,0.0031403078192568934,0.0008171949423285696,0.0007666034813091915,-0.002401905416196115,0.0020573297936674617,0.0012049410953667294,0.0022927318160530508,0.001834928014546211,0.0013293093450525983
2024-01-23 00:00:00+00:00,0.00014824322884510188,0.00014824322884510188,0.00010180213769617197,0.00010180213769617197,0.0001317789587200746,0.0001317789587200746,0.008229895532794185,0.007646456447732097,0.007455402885093054,0.008246474695373651,0.00925048925575811,0.007717126140816211,0.007800786910963753,0.007412960954749304,0.008202965889982927,0.0073972000409234795,0.005300247896898869,0.007143060549727798,0.008162461127299458,0.0054078329502693645,-0.01120963196442093,-0.005427359871954196,-0.0017792561026210851,-0.005966658017920179,0.0002628736033594148,0.004177779143520244,0.0009191592904631563,-0.0034858192465241356,-0.0013447040347379646,-0.00034540166687135887,0.0039435589978551455,0.003766011858699958,-0.004920616535799116,-0.0051395557897951916,-0.003919674543079399,0.002032721118718106
2024-01-24 00:00:00+00:00,0.0002187949042598003,0.0002187949042598003,0.0002708485495430679,0.0002708485495430679,0.00029905795032414417,0.00029905795032414417,0.00631875921885694,0.005900326161397462,0.004060567074579247,0.004048211852326178,0.003825522177167473,0.003610997291444873,0.0054309832824741555,0.003436984200391402,0.003908474256278938,0.00255262536097578,0.003147955983374473,0.0013477242271291434,-0.0006650373641871044,0.0006621209093884417,-0.002721358884946401,-0.003997273023470083,0.004580850019008542,0.0012186768638557943,-0.007283368176656757,-0.006565577631939767,0.011695491009208858,0.00719445203008795,-0.012222226588879614,-0.010848774660555671,0.005844291462204554,0.0009144852763462996,-0.006899891345391818,-0.007475302453035959,0.007971229988385842,-0.0010838927674124976
2024-01-25 00:00:00+00:00,0.0001220652995332916,0.0001220652995332916,3.01338228265724e-05,3.01338228265724e-05,7.622720942812578e-05,7.622720942812578e-05,0.0030341469615537964,0.0023088651723730536,0.0039376880133770165,0.003306739233818412,0.0032054004532675595,0.0036822608744013774,0.0032277962964699647,0.0028116942955414004,0.003519553568481326,0.0012754757737791778,0.0012694688101404505,-0.002335475721960356,-0.0035215354476092475,-0.004374036384093838,0.0014379200289238447,0.0002555704163504924,-0.007051252621270376,-0.009116245060633799,0.004321556641875279,-0.002159778612018881,-0.004106422770517204,-0.0051076731392988295,0.002571401720111055,1.245885549439052e-05,0.006521467588790131,0.0033492676484163653,-0.006948757955303475,-0.0062095193817591765,-0.005520820201555088,-0.0005792516502252099
2024-01-26 00:00:00+00:00,0.00016045926002750122,0.00016045926002750122,0.00019193102501846582,0.00019193102501846582,0.00017708232648749878,0.00017708232648749878,0.0024759352373711074,0.0028834741821275323,0.003126483974430716,0.0031869364654764087,0.0033426189059115874,0.0032105802002129202,0.003003322601560887,0.002989053364169214,0.0029454603226108933,-0.000551562054325716,-0.0005634243222267799,-0.0015935780043728753,-0.0038898447665444147,-0.0017275467497889219,0.0011934427005237946,0.0025216104214227375,-0.001169711836372822,-0.001345939132644025,0.00024170971123549378,0.00384955345468474,-0.0007115143341102081,-0.0011976491987981674,-0.0006029441070251051,0.001820345900936049,-0.0022845563597745366,6.04359104285912e-05,0.0015277556669612835,0.0013577538750770834,-0.0016838711589538535,0.001888681638035905
2024-01-27 00:00:00+00:00,0.00024855044592753117,0.00024855044592753117,0.00019575826614404157,0.00019575826614404157,0.0002230502666475953,0.0002230502666475953,-0.002565503540680636,-0.0036900093356232455,-0.0038513178106477364,-0.002909164201405079,-0.0030980226075020267,-0.0027427710034119146,-0.003494549748155329,-0.00390590180746464,-0.0034511028957260326,-0.0029543554725266485,-0.0019658484417559574,-0.002067616443189646,5.2481311773933115e-05,-0.002025181220106198,-0.0019523915863298713,9.044311912287384e-05,0.002603923219073545,0.003589523195294486,-0.00358389913769086,-0.0024650482023730325,0.007036727794524467,0.006077958570523956,-0.008056795053953958,-0.006419259260451393,0.007785148424302779,0.007453127159012141,-0.008301603189999285,-0.004939979207263301,0.00496209259821212,0.007747398443749942
2024-01-28 00:00:00+00:00,0.00015433098047856753,0.00015433098047856753,0.000129161378463305,0.000129161378463305,0.00014233852231004818,0.00014233852231004818,0.0020051631693023264,-0.00018795989298037163,0.000844667793424847,0.000979160566569881,0.0003271564161397844,-0.0013904314388902828,0.0006622904098885218,0.0031117381984064885,-0.0017045432083975243,0.000651210465409946,0.0033761338487179327,-0.0010498114836604566,-0.013475469161494114,-0.012164400665641284,0.00984122481469707,0.011571034541196568,-0.005953662156290451,-0.0025650719820631274,0.004044841277424993,0.0015521526263091445,0.0001905822157273196,0.0017156292979527699,-0.002158199079153378,0.0027378521547978263,0.004274776793588675,0.008108884733294408,-0.005184667064043524,-0.005139853304221287,-0.004084881727905443,-0.005127890450821182
2024-01-29 00:00:00+00:00,2.1659816916486108e-05,2.1659816916486108e-05,0.00011020385226356844,0.00011020385226356844,6.644698844815444e-05,6.644698844815444e-05,-0.005923632500654641,-0.004157263092181007,-0.0032664503850925453,-0.0016449252535439829,0.0005070229237118529,0.0012357100255540043,0.001786821568966257,0.006829400476986214,0.007731870083428127,0.0018220083274305132,0.006153163415645757,0.006880376913119379,-0.005117655475750604,-0.007812267100907211,0.003492820921403572,-0.0008055341515709191,-0.0034793276510751703,-0.006019754128151034,0.0018779984290111518,-0.0023328458948471686,0.001764508948063126,-0.004114588680721565,-0.0022511768885876693,0.0008700412790465517,0.006747505630419148,0.001529989592324199,-0.007495151286807444,-0.008498889217116834,-0.0005575938849191608,-0.006115325118227433
2024-01-30 00:00:00+00:00,0.00020732353787633606,0.00020732353787633606,0.0001857436812264801,0.0001857436812264801,0.0001973862859345754,0.0001973862859345754,0.0002496453650788766,0.002952817454782819,0.004037272989672491,0.0030977148527291387,0.003338454158577253,0.002028641272537657,-0.0030876082056749965,-0.005709745920794651,-0.0013636154450533677,-0.0035794194207460217,-0.006093562183535628,-0.0009119680984335243,-0.006017513478352332,-0.003117794864358925,0.002986451385729394,0.0051492817841019,-0.0026885948094313994,0.0023935553369383022,0.0010767376816116503,0.0005506643179797877,-0.005846728155529224,-0.0029835586208630804,0.004154790835220412,0.004057293654138983,0.0022186283423517583,-0.000766580677732831,-0.002415959438140658,0.0020708345092901315,0.0003844694067303145,0.0048136195328194464
2024-01-31 00:00:00+00:00,0.00017526404989243183,0.00017526404989243183,0.00012263985364868724,0.00012263985364868724,0.00014951085230663352,0.00014951085230663352,-0.004902432966440662,-0.007641004393139417,0.012771228365291432,-0.0004532068846404558,0.005638331638705196,0.013049529332202603,0.001811165324849373,0.003447571530976523,0.004771684870003234,0.002142106526487053,0.0036876085644024226,0.004519984432447499,-0.010333920288761567,-0.0078004228225291294,0.0075960880686951615,0.007239099846733543,-0.006888214811378912,-0.0036061506522740983,0.00529131863602772,0.0009026581901989683,0.006277788012299945,0.00646998121513942,-0.006963592031795418,-0.004245463998853394,-0.015271256789806231,-0.01172367863631274,0.014959444234341701,0.015693662479875803,0.0034992065518464344,0.0015340448209979485
2024-02-01 00:00:00+00:00,0.00011236202200648471,0.00011236202200648471,0.00015304530559334673,0.00015304530559334673,0.0001334117255242795,0.0001334117255242795,0.0017902232828119757,-0.0015606203546354447,-0.0010962329170056684,0.0007543626238728507,-0.0003939362786500311,-0.00041162408854833465,-0.0028721159051090517,-0.006830146735146259,-0.006145387318579498,-0.0026634004622244634,-0.006472518033121211,-0.006564480194932609,0.0019988683044713795,-9.339386999118737e-05,-0.0039286084520044895,-0.0011287378260891323,0.0032421801135307238,0.000254359279410421,-0.004311895867056159,-0.0015793212362069653,0.0013775845956458532,-0.00014157579835383238,-0.0035131311731619874,-0.0031232263553906403,0.0013218753650072745,0.0013942048989019629,-0.0018756721630863726,-0.001664160277417781,-0.0007333829007799553,0.001870461868297868
2024-02-02 00:00:00+00:00,4.245856987816765e-05,4.245856987816765e-05,9.398890133027749e-05,9.398890133027749e-05,6.866151827988887e-05,6.866151827988887e-05,-0.006955920354651091,-0.004973646897183603,-0.006115031711043439,-0.008314216927839957,-0.005574826989407922,-0.006752715950187782,0.0015864344094149718,0.0015285184519504558,-0.003332852275970133,-0.00408445336604879,-0.002858398498085224,-0.003359426219006645,-0.018033414561593353,-0.01652754082624952,0.01504260737775609,0.012754083195693378,-0.014254299432733708,-0.008112448927773741,0.01268988990447295,0.012440770448636895,-0.010380458054003006,-0.011127414188027873,0.009650581542167691,0.012860251647654364,-0.01435347835450429,-0.01644986965088635,0.01383060115239143,0.012226856200019842,0.017201755712891398,0.010777591785774865
2024-02-03 00:00:00+00:00,0.00022909949253357986,0.00022909949253357986,0.0001318701840760106,0.0001318701840760106,0.00018108025575380715,0.00018108025575380715,5.496434126150973e-05,-0.00045742786225577703,-0.005989309043122892,-0.004528032017891537,-0.007344526438744947,-0.006370936736041388,-0.004584265443356883,-0.0058155630188289065,0.007339612174207533,-0.0012597676254113566,-0.0013856298161517566,0.0071837949109265775,0.0027469227600915858,-0.005583465200075133,-0.004870150169431042,-0.012274541911696524,0.007782546608835039,-0.0011477508010168114,-0.00835915713521762,-0.00929480104101199,-0.00967195511580532,-0.00953762344474629,0.008721342716561775,0.006546989642315149,-0.0025644457481668326,-0.008497352010573889,0.0015934672171402653,-0.0013106667899643876,-0.009759880563226409,-0.011659860059206717
2024-02-04 00:00:00+00:00,0.00013619456632074645,0.00013619456632074645,9.171638329896759e-05,9.171638329896759e-05,0.0001143732732999947,0.0001143732732999947,-0.0038307787740561317,-0.003878589473069516,-0.005716809301029135,-0.0015193220713173305,0.00031983028592663665,0.004083114530904597,-0.004206813667241849,-0.006502585647697345,-0.004093623388227052,0.00098319801152158,0.0008920471342541703,0.004354784510030019,0.00419386847423886,0.005669872176174984,-0.007797289228480997,0.0003513688988638908,0.005012971494431584,0.005806209989957178,-0.007222743145479549,-0.006157735989207658,0.013669010600469989,0.004513240541788477,-0.013758243967390893,-0.009249912866966081,0.007395588523719576,0.009633686239554073,-0.008336956844511856,-0.006654031244222369,-0.014318576528337457,-0.010415778399301079
2024-02-05 00:00:00+00:00,7.278781310926519e-05,7.278781310926519e-05,0.00015173526184408814,0.00015173526184408814,0.00011296587810671888,0.00011296587810671888,0.009303534563616989,0.008393732653373398,0.002804316366669335,0.01013605676359064,0.009032102649421558,0.0029550113671024114,0.007858297859465013,0.00999060569247101,0.011396819980145967,0.005296901718201408,0.005016032843448759,0.0033494714964297234,0.013862436437680703,0.006931868920245998,-0.0170488160153347,-0.0013108373967292142,-0.0031086862330271803,0.0029601548085043117,0.0008462409692280293,0.009875855388649324,-0.007543580817622186,-0.002325810307011289,0.006878315544105895,0.014845203633242932,-0.011479787327321467,0.0005146603498322744,0.010926315425725308,0.009233821814717214,0.011720682848592512,0.01319075322430674
2024-02-06 00:00:00+00:00,0.00018796867563319886,0.00018796867563319886,0.00010118100608313974,0.00010118100608313974,0.0001450313705217976,0.0001450313705217976,-0.010278081554274787,-0.007947929293187328,-0.014531967392006129,-0.008910282974627037,-0.00838061784917099,-0.008626868417945244,-0.009364694199024082,-0.008755745937079173,-0.0062490747588551665,0.002788875680819203,0.0027579021809585047,0.00254737211359668,-0.002920324530054752,-1.0903701538556021e-05,-0.000859501464098078,-0.0010441160169696317,0.000538552868556641,-0.005123690128385983,-0.0019835484387475955,0.0019266181979145092,0.0023463734308544204,-8.781483858566475e-05,-0.0038110050680536522,-0.0029594221225736073,-0.00028146952413854454,0.001717403033117737,0.00019476509832849764,0.000737347464152105,-0.008411533021257744,0.009162466225159926
2024-02-07 00:00:00+00:00,0.00016979047226373112,0.00016979047226373112,0.00011337756775731123,0.00011337756775731123,0.00014210085926391613,0.00014210085926391613,0.0050453489041069055,-0.002714916212266716,-0.003025349488687046,0.011493719906415567,0.010141823427375574,0.008412949793671798,0.009865073651937672,0.008704538719886967,0.006089777369264748,0.0010176108401493966,0.0009578148837721123,-0.0007330433714185514,0.004497212610630408,0.007105639798040686,-0.007688347997338196,-0.009022835045337296,0.007992047485564369,0.004481373165369451,-0.009641301396096535,-0.009579289054614915,0.0008260081436195499,0.007920531967648081,-0.0024565309927399026,-0.002527523315728808,0.004909233785553635,0.007162453114053058,-0.005768506298876486,-0.004227003121838102,0.0030139724458992934,-0.007909436773294143
2024-02-08 00:00:00+00:00,0.0001609431744347134,0.0001609431744347134,9.648188907251942e-05,9.648188907251942e-05,0.0001291518635768707,0.0001291518635768707,0.0028722092964375,0.0018386765462077292,0.001314241253910886,0.004842162071901246,0.00499366424218195,0.005386451053203789,0.0038433980595553585,0.00434969488133663,0.004735504148613678,0.013014657332121482,0.009950993432130906,0.009556474861279307,0.003228100167655512,0.00694556368297472,-0.005937511641571747,-0.0010239628796294697,-0.0033463526361544593,0.0023254231671017145,0.00161233556820628,0.003800580580999302,-0.001770550557273709,0.0012519267949120394,0.0010853823251477657,0.004736157392337681,-0.002992741562696799,0.003666811331610509,0.0028460148092448456,0.004570496834659599,0.0020238480008960558,0.0037536255508283656
2024-02-09 00:00:00+00:00,1.9592565442483334e-05,1.9592565442483334e-05,0.00011151478679849447,0.00011151478679849447,6.607094507127265e-05,6.607094507127265e-05,0.005160865733355502,0.004788293959611556,0.0023827523766870584,0.009354150151289042,0.008957649175077576,0.004672576737571266,0.009465647844903557,0.008623975248439386,0.0026201180255043255,0.0004275191728400074,-0.0008156811878069492,-0.005589368051501231,-0.0007430950911386791,0.004750505337165478,-0.002386750492151979,0.0005555881050558487,-0.0015161991518275464,0.0035799852610005622,-0.0008632989248824607,-0.0036490147958031516,0.005455746115212934,0.011690465113702864,-0.0075057789633504735,-0.005107478628378015,-0.007078073046995703,-0.004397859425991024,0.005839211910690034,0.00262068709490082,-0.004802794963968737,0.007709038078589803
2024-02-10 00:00:00+00:00,0.00011988186710354398,0.00011988186710354398,0.0002615123233702388,0.0002615123233702388,0.0001919096324420888,0.0001919096324420888,-0.0003900881120080246,-0.0014276845340079891,-0.0006428755423384391,-0.0037430518363321674,-0.0018969102661899884,-0.00042251513099766935,-0.003379279571952276,-0.002009720866054665,-0.0007464305433755314,-0.0036714942709649145,-0.0038434108909578546,-0.001662819227460921,-0.005699126708054059,-0.006930853137250059,0.002741834498881879,-0.010033906585150798,-0.005878020389782246,-0.004198892762601436,0.004657310492291344,-0.007302619940134258,-0.010161420972041757,-0.011035302373567646,0.009473147849436092,-0.002330936468320388,-0.00624210559151428,-0.0036418862448683864,0.0068566329769772505,-0.003178264140867193,0.0036567250640027193,0.0009296222577566127
2024-02-11 00:00:00+00:00,7.105188736233892e-05,7.105188736233892e-05,9.830490444429074e-05,9.830490444429074e-05,0.00014329100315446652,0.00014329100315446652,0.0019966761331193794,0.00443388128466915,-0.003427234522163536,6.315361416286969e-05,0.0013435894729616482,-0.0009398093366823623,0.0015747848443234957,0.002598791700385572,-0.000566683085872044,0.0039024025374643223,0.00391940328251672,0.0038904670177937195,-0.0032940022884753173,-0.0033698874200116524,0.0010166259688717538,-0.0007225816920430894,-0.005087305043255275,-0.005590117662488403,0.00303383071329133,0.0017087112534819315,0.005387614743262326,0.005973805105081054,-0.006891427832365626,-0.007771127435358682,-0.019149851970400533,-0.016722510792761658,0.017759663455872543,0.013699432366591546,0.011578265013131528,0.008697876924315784
2024-02-12 00:00:00+00:00,-7.876651249494326e-05,-7.876651249494326e-05,0.00012220274999164005,0.00012220274999164005,1.8298459305343684e-05,1.8298459305343684e-05,-0.01862589621055699,-0.019380558246276602,0.013729671598369242,0.025154089415432512,0.024754178022722506,0.01381914360566161,0.01786935503850029,0.01613776134389644,0.012880419074476235,0.0188603790373707,0.01888137927393463,0.019716904416051673,0.004533737177556674,-0.007950056474796297,-0.006924809652242736,-0.004920230750434351,0.005518165165058653,0.0028121483717964413,-0.007148454273513072,-0.003573521803800994,-0.008516729667336853,0.005974670610366273,0.006930205332070338,-0.008902648659441903,-0.002608824778826846,-0.01497302721638949,0.002156366975994972,0.007222023895438134,0.01940932277281049,0.008444322257844528
2024-02-13 00:00:00+00:00,-8.6132733119193e-05,-8.6132733119193e-05,-0.00026981177029061776,-0.00026981177029061776,-0.00018361048360981957,-0.00018361048360981957,0.0047944158473960385,0.005181812855433066,0.005879492494320848,0.005272901463385216,0.0053914175945757314,0.004792234902580406,0.007315186417267805,0.007706470119112074,0.0073487617984389075,0.008029313659168258,0.007598003822614219,0.007504626320122387,-0.0012530343498177166,0.007329973329398554,-0.0017005112297980851,-0.0021799585999227045,-2.00193049348929e-06,0.00041529005963458765,-0.00231751214104825,0.0004963101594825936,-0.005587490462419575,3.3697667700893774e-05,0.004700620791939558,0.004243438987244108,0.004321910399484485,0.005782622873683696,-0.005030614248289655,0.003062669022513287,0.004081818030991835,0.005995068031224848
2024-02-14 00:00:00+00:00,0.00047113830390799194,0.00047113830390799194,2.1530402506630963e-05,2.1530402506630963e-05,0.0003484320995730261,0.0003484320995730261,0.003607942249201024,0.007497670347234253,0.003430522663651514,-0.0041704320960399555,0.004167450862875954,0.003329453863268883,0.0021749630614043003,0.0050177152025947525,0.005637142235475512,0.0016857771272200672,0.003439965716113713,0.0034879529093410078,-0.0032850122794545467,0.009975121819339572,0.0010309026886765604,0.0007696626440527599,0.003709216450796582,0.010879567911884491,-0.004087093619468463,-0.0013887339573710467,0.008664360843624541,0.013992593460988134,-0.009048882340624398,3.7988076255768277e-06,0.007533243912961396,0.008024870062931067,-0.009796699672055542,-0.0027747955394226143,-0.0022330011218574253,0.004892194678310702
2024-02-15 00:00:00+00:00,-0.00015521195481937866,-0.00015521195481937866,8.487111404065217e-05,8.487111404065217e-05,-3.649319400500506e-05,-3.649319400500506e-05,0.00190432314582889,-0.004357672890665576,0.007132719654541431,0.0010701047470902392,0.0019079508720456495,0.0037875122002670736,0.00423486425219366,0.0045906049626665,0.010830664593538097,0.0051440244295923865,0.00557639958398326,0.011715295476006471,-0.0017725409967930261,-0.004240066429152978,-0.0007027909966543788,-0.0007013890333771311,-0.00022015749954984454,0.0005694969114777848,-0.0008123229929173359,0.005031146139158782,-0.00776304677824291,-0.008555010171282795,0.007605628481287985,0.011310555827199975,-0.010550050265122346,-0.008796652654195491,0.011086013328521105,0.006318575911256286,-0.002118554418870544,-0.000532851470050888
2024-02-16 00:00:00+00:00,0.00012806677198784477,0.00012806677198784477,8.933594727933425e-05,8.933594727933425e-05,-6.343123553831376e-05,-6.343123553831376e-05,-0.008186132923968636,-0.010550859166333248,-0.009350784506664045,-0.007797571522613289,-0.004769996057153669,-0.0049155398684904705,-0.006111603926629461,-0.0061423019306116045,-0.006829017175464469,-0.006546417825567752,-0.006506652600144158,-0.006583507227519547,-0.010869603986791487,0.0014135956033174413,0.00802213453897549,0.0017102632117038663,-0.013435848452541865,-0.01292653610116834,0.011799466764488287,0.008095487621610387,0.004039942993033119,0.004071187688308164,-0.0034560071042378793,-0.004030906088399067,0.004856584618101678,0.016633611140629778,-0.00616002140282379,-0.00909368354971185,0.005268107776388753,0.009412361496900834
2024-02-17 00:00:00+00:00,8.9568152174202e-05,8.9568152174202e-05,0.0001770183195164421,0.0001770183195164421,0.0001286107820230864,0.0001286107820230864,0.0045520874604925154,0.003955350664104573,0.0017741427039834612,0.006695945421737237,0.005979721511191194,0.003850110199322243,0.006185712856722647,0.00612988386637614,0.006023816542633176,0.006432499764012389,0.006541166635076534,0.006200712248907392,-0.0059415989401298,7.306083853642065e-05,0.003889477836336974,-0.0017844685122283543,-0.002388289007696498,0.002615432754247804,0.0007169465667566932,-0.000989603787519,-0.001363608165374508,0.003963369856911481,0.0005749114559430168,0.001692469769970062,-0.0035994008257747012,0.0029405915258009507,0.0026835989308950925,-0.001217845764599379,0.004861677163269462,-0.01095820869299935
2024-02-18 00:00:00+00:00,9.578496466566833e-05,9.578496466566833e-05,0.0002437280431186739,0.0002437280431186739,0.00016331080761133876,0.00016331080761133876,-0.01169190545168175,-0.012735310554146007,-0.004487957247072516,-0.010389406444652693,-0.011804730555577847,-0.00905245975767166,-0.011510646247376077,-0.011083985376529437,-0.010655713338516115,-0.011513991506222565,-0.011635916751256525,-0.012427912354852855,0.0108057374790278,0.007278509053414872,-0.012666066467382997,-0.015168306477598259,0.0009883759726989627,-0.0022244557302584234,-0.0016599499516710692,-0.01190340384037969,0.011475437197732363,0.005526199274445753,-0.012134003067734045,-0.011149333935420502,0.006946287115846994,-0.006146824363513437,-0.006247310388487581,-0.007434466083535707,0.017697831512468065,0.012850367364894533
2024-02-19 00:00:00+00:00,0.0002621641345765813,0.0002621641345765813,7.751504683906063e-06,7.751504683906063e-06,0.00013476146872282158,0.00013476146872282158,-0.0013684003518338317,0.0011540846878974609,0.0013767799513157986,1.1384704897032805e-05,0.0005077080243616194,0.0014979054257444613,0.0009235802295213258,0.0012049586638906984,0.0007714498407722647,0.0010167579018347528,0.00110137144175404,0.0009351220440927399,0.0025722297209578304,0.001709057541191994,-0.006532422549005434,-0.005438886182503211,-0.0006338364682488828,-0.0027398197549567405,-4.867794348717425e-05,-0.0007971800020940556,-0.00022503670124485176,-0.004118971805072924,-0.0010125452164804205,0.0006757111369113389,0.0019478958150265235,-0.0014240554835469599,-0.002973624606971592,-0.0015978808610840334,-0.00020623821828280597,0.002755648989591908
2024-02-20 00:00:00+00:00,0.00020918106449507867,0.00020918106449507867,0.0003698111648784419,0.0003698111648784419,0.0002797183313107965,0.0002797183313107965,-0.007518853371215051,0.005583831930906946,-0.02873439659408239,-0.013174279704703418,-0.023797917447601624,-0.0289748946373396,-0.027680535121220484,-0.02889794128713785,-0.029158392425972957,-0.028259217474785214,-0.02852656698711098,-0.027664429180738193,0.000146108543054968,-0.016095752825546206,-0.0037620479296526232,-0.011594289631269739,-0.031551866632512415,-0.03525247790565833,0.02960241359505522,0.025922404489515216,-0.022724680367162464,-0.027748215563930256,0.022096251010508716,0.020556447561034474,-0.0027944380769469035,-0.02756827508538373,0.0018293953830534893,-0.015731406664345915,-0.011375466024594272,-0.020688349438785614
2024-02-21 00:00:00+00:00,0.00020859262060857198,0.00020859262060857198,0.00018529030484182307,0.00018529030484182307,0.00019205294233404224,0.00019205294233404224,-0.017058365563810685,-0.0154943267239539,0.012684978038713046,-0.008848451900318688,-0.012200466936198695,0.01034661653604152,0.013291652139339583,0.012304219935829641,0.010911106250659941,0.011141853391575918,0.010966866491913585,0.011990546123418877,0.005170725382106944,0.0028233876135803637,-0.007066204542967691,-0.006558581586610601,0.001786102232129938,0.0003006707853712154,-0.0055779047723117925,0.001302001587855317,-0.008335373303097304,-0.010523953181465817,0.006793068129209434,0.006022597571137878,-0.0029289775078359392,0.0033375788975420484,0.001992972077496713,-0.010314203290142654,0.0011227481769235936,-0.004524653811094015
2024-02-22 00:00:00+00:00,0.0002488423086330904,0.0002488423086330904,0.00014367460282227462,0.00014367460282227462,0.0002667627420882557,0.0002667627420882557,0.009288915379080942,0.008946211024435158,0.008102999988933712,0.018030626273052297,0.017282830941961258,0.016883284608431692,0.01549319499089985,0.01900914774064688,0.020211562621194945,0.018749853079738976,0.018790675598457263,0.02116664461929396,-0.006235222045451683,0.013692140974951972,0.00407951174145893,0.014937300027064726,0.004177460978170844,0.015591741551316929,-0.005734998626075849,0.009626632392433443,-0.004671460936603422,0.015175429791864037,0.0032715434746120042,0.00817932763418372,-0.004646005754338267,0.007759580160616508,0.004019457287256056,0.010697216115383767,-0.0028116273319542806,0.012581680964428799
2024-02-23 00:00:00+00:00,0.0001779520980744742,0.0001779520980744742,0.00020566972165392272,0.00020566972165392272,0.0001984851389562614,0.0001984851389562614,-0.015664155296275517,-0.016368457039126483,-0.01599399514105848,-0.012244054578346764,-0.010184367000341532,-0.01108113484909845,-0.01114108678219905,-0.009969523185694662,-0.006974793582820493,-0.006699326044106169,-0.006696263481352216,-0.008576239219188042,0.004609312428078605,-0.002552548784551578,-0.00663425185272537,-0.008861251927189673,-0.018051703116840456,-0.017409110595386967,0.017428430428499952,0.012563203213580953,-0.016057224026877037,-0.016122826390267075,0.014725484595580651,0.014855226897293905,-0.015194484706214983,-0.014865379650916721,0.01433591052048322,-0.0010055521139327173,-0.01306404946754991,-0.005568425377888375
2024-02-24 00:00:00+00:00,0.00016717712003777585,0.00016717712003777585,0.00019428013783362452,0.00019428013783362452,0.00018703222360505478,0.00018703222360505478,-0.006055306395725157,-0.007065231491864554,0.007021542346474341,-0.0033253190537896327,-0.002482150715972131,0.004227514226201823,-0.005643604316969308,-0.005376746278563438,-0.009472123508567631,-0.010248309207112283,-0.010361286622868393,-0.010956971865966225,-0.012829967638495421,-0.010346889401921744,0.011076289540875361,-0.0008071917806560247,0.0008123727906867995,-0.0024382622250542774,-0.001880630649603976,0.00409315168558444,-0.012978482961548243,-0.004409824930211581,0.011687438091254387,0.0014840862025495838,-0.0061553163832297475,-0.006839603143666828,0.005551497758210511,4.260440333925253e-05,0.00010812136810867123,0.008391148560598971
2024-02-25 00:00:00+00:00,9.525987356018284e-05,9.525987356018284e-05,3.853313816448711e-05,3.853313816448711e-05,6.814906312690994e-05,6.814906312690994e-05,0.0070557951897356475,0.009170739483280288,0.012342139560632681,0.011385708115601911,0.01418191304482308,0.01515195410587622,0.005651100386961039,0.005896301458273578,0.003193928302197113,0.0018679043142839635,0.0017729634446561615,0.0016730314113015954,0.016097216853156793,0.012097441754185478,-0.017986735506348883,-0.011054977563367041,0.01668630428914608,0.015388007574084206,-0.01765501237505218,-0.014016846823524554,0.012272049966892684,0.01382342344826859,-0.012700088715895341,-0.010756020400332855,0.00971280352747872,0.012090857899333063,-0.01002018602037058,-0.007531545106593374,0.009557000139063687,-0.012041062181954665
2024-02-26 00:00:00+00:00,0.0002597338915697467,0.0002597338915697467,0.0004010143629977758,0.0004010143629977758,0.00034337729185618393,0.00034337729185618393,0.0022709217815588545,0.005536940694329084,0.008742001266200727,0.006787842595680216,0.00977646414924771,0.006544354338973601,-0.0010610547365965672,0.0030624561708814113,0.004051708089189976,0.010075501282773791,0.01081148503517726,0.010547396491225047,-0.01290797519367104,-0.005610199517604775,0.00993979712087989,0.012311999620135072,0.0036298981568898547,0.009033212367787202,-0.004184354460041617,0.0011649523298087328,-0.0030983911481473614,0.006825575114016269,0.0024353882793812787,0.0034999248677156647,0.0035440486278490724,0.00540125357968213,-0.003442004017611522,-0.002376081271166619,-0.012493425787562962,-0.015286757453807032
2024-02-27 00:00:00+00:00,0.0004185102831495424,0.0004185102831495424,0.0003487505683610337,0.0003487505683610337,0.00039494245117976945,0.00039494245117976945,0.014318926880778182,0.016113350040794172,0.018578675059059302,0.011619439640501383,0.015469392353031353,0.01751253494485394,0.015901203784693285,0.015630395852267442,0.012476082965890756,0.014277203696645868,0.012778363934043746,0.013523125110594503,-0.009237545310723294,-0.0046622278475849654,0.006658475455157964,0.01164941587746915,0.003770250762052285,0.010442183285117146,-0.005928389861042382,0.0006721182161795181,0.0078106294847091196,0.01619420965126106,-0.0076838007061338365,-0.008257929684782894,0.005457897692366931,0.012799113608634949,-0.004252429637571886,-0.005710784377035205,-0.006651922727105464,-0.01572906192336554
2024-02-28 00:00:00+00:00,0.0006445327319493099,0.0006445327319493099,0.0006992741980313966,0.0006992741980313966,0.000694573107584473,0.000694573107584473,0.006061212685815276,-0.006326164783617472,-0.0020196474237421658,0.003156610233802315,0.004706539127637965,0.0059590362968040544,0.014073806848565518,0.010191192966482188,0.011159698175623234,0.016723586070138907,0.015030872619945068,0.01544054743002321,-0.0036054973505902366,-0.011551035156338485,0.0019201221416997871,0.0038412749292828785,0.000999900886952787,-0.0030849233505415574,-0.0030389716938744593,0.008935536890419593,0.007681499243211265,0.005413011008720492,-0.007813664708994472,0.003889381075173004,0.006772442642714038,0.0013422303436185778,-0.005693920638564998,-0.006710940837686308,0.008986950262724447,0.0026439752938729466
2024-02-29 00:00:00+00:00,0.0006764055602213048,0.0006764055602213048,0.0005512490281442961,0.0005512490281442961,0.0006316865911442093,0.0006316865911442093,0.0070929555841821035,0.0011328557113952087,0.014363580282481081,0.011796164605578197,0.014943333825750083,0.01784495337628722,0.017729717362376052,0.01806848647010506,0.025105624751813993,0.024050403595535563,0.023198863799047453,0.0212204989573761,-8.318852518518494e-05,-0.0006948824330026415,-0.002507394506400029,0.009760321536922856,-0.01251492575589519,0.0040666193832059605,0.01106243978327437,0.015671637445177078,-0.010819494649879635,0.0003170132064935771,0.010764800161777943,0.00813929706937322,-0.008477925874040504,-0.0026420013416843524,0.009491308095009865,0.010564153959441658,0.014332627575111001,0.01593644274143391
2024-03-01 00:00:00+00:00,0.0005978579832990327,0.0005978579832990327,0.0009265207724924451,0.0009265207724924451,0.000885222815419695,0.000885222815419695,-0.004538682242460346,-0.008793670576799473,-0.003846893788781003,-0.012763783724758504,-0.015513804499152517,-0.014924387309601328,-0.01457264375361278,-0.01596646020716397,-0.021371290312465097,-0.024437641124638754,-0.02288935218124699,-0.01459455303601842,0.02424577299148467,0.006956927605408447,-0.027615382828964474,-0.02987552963667295,0.008169934736253381,-0.0012343899084150678,-0.009328081212608197,-0.008785461107644998,0.021137641593141465,0.00224108520891364,-0.02234928468149866,-0.01576899616873917,0.0006301595835522811,-0.0013361608618862597,-0.0015075223638162383,-0.0035924173320037722,0.020512144026906043,-0.008666731239865944
2024-03-02 00:00:00+00:00,0.0009651248934841039,0.0009651248934841039,0.0007852123883624884,0.0007852123883624884,0.0009565398845068351,0.0009565398845068351,-0.005085392384300391,-0.009616077623095687,-0.006943402603195481,-0.0026951492786684295,-0.003079108442246903,-0.0014872079381704761,-0.0011145758988215793,-0.0010909295913152928,-0.0011609016232103642,-0.0016795034606824633,-0.002616291111452562,-0.0003063492008020807,-0.007833695103077964,-0.0035040613105169482,0.004429614823237227,0.0002444138599069223,-0.01602387584973941,-0.012385465067265233,0.014524155533682359,0.01091175055008109,-0.00845307342211854,-0.002210338331214423,0.006937559902920887,-0.002251334833771268,0.008562852537093102,0.008333707879533137,-0.00861764538370624,-0.01362543803449845,8.526169816791551e-05,-0.005905914421580283
2024-03-03 00:00:00+00:00,0.0007250008870423041,0.0007250008870423041,0.0006618883524958097,0.0006618883524958097,0.0007545217065454413,0.0007545217065454413,0.017576618575629865,0.05628423130403615,0.08333842275072101,0.03808675412894846,0.04088090730559868,0.004209034655488608,0.0537454971199014,0.05015765209825629,-0.0005713724562963485,0.03474695161009578,0.04503467931008309,0.04944274134686588,-0.06890759138382829,-0.0259044753313028,0.06729280170490282,0.062219403098029646,-0.01133606467995052,0.041173091034508946,0.011041432035812537,0.054448587679023275,-0.044136266165493265,0.052434776796496996,0.04352715819053543,0.04415847614462365,0.01101056635943043,0.05149481484047569,-0.011145701357703985,0.030797659640371178,-0.009016164291206441,-0.06020412985634893
2024-03-04 00:00:00+00:00,0.0006268021021988979,0.0006268021021988979,0.0004485723194807001,0.0004485723194807001,0.0005904635970079841,0.0005904635970079841,-0.0010583913223123353,-0.013730941247224293,0.010704683481064237,-0.0018584081912655925,0.004359437172736902,0.006780791148278675,-0.0021007201974057033,0.002916642216956422,0.008184460623494427,-0.013131447948479313,-0.012158980867344127,-0.017739061907438014,0.0001469510519722661,0.01507902651353299,-0.0005763778574574552,-0.000475191147571552,0.004980156640344902,0.014415320250179553,-0.007322845910093134,-0.002492659845252043,0.02158339485950056,0.02751180902301864,-0.020172697422822128,-0.013296946922232156,-0.01745992152839182,-0.00776761145620064,0.017268123726215556,0.002500731490540975,0.00816924853387424,0.0062640045449660064
2024-03-05 00:00:00+00:00,0.0009707071745719276,0.0009707071745719276,0.0008971355900773137,0.0008971355900773137,0.0008052352255496498,0.0008052352255496498,0.023824338362567143,0.023698927423342342,0.018480766534097803,0.015060524323619484,0.014910787877235654,0.01270959509538061,0.009618254395782566,0.007731371752516036,0.006990759532683466,0.013020017904497472,0.013248261027370534,0.01066889042827368,-0.003973608257061834,0.012426992502463374,0.0011981012412700665,-0.00549672085188746,0.009452203410859283,0.01587555138970731,-0.010774840525036522,0.00799132996725449,-0.001009772305818113,0.01956524214108102,-0.0007684759760724358,0.01058863939591359,0.01897063600821669,0.024292640096243767,-0.018219109539763356,0.0005669070305027724,-0.00668529549778174,0.0012668141917697717
2024-03-06 00:00:00+00:00,0.0010853923405440558,0.0010853923405440558,0.0011249131454331707,0.0011249131454331707,0.0012089436954518806,0.0012089436954518806,-0.01442554487875325,-0.004899224610686703,-0.023491690255447395,-0.012114998465253768,-0.011363864292917691,-0.014137647279873877,0.009732873821764798,0.0115797201045309,0.011056865149268846,-0.007441970168163836,-0.004316148856544411,-0.005971104365885549,0.015941231013789414,0.000978623330877948,-0.019263147533817082,-0.009877543012801637,0.012596962269173728,-0.004709752800431288,-0.013534623669430479,-0.017423365568618898,0.024713020170819888,0.0009801218852885096,-0.028053926121636485,-0.016059855015904456,-0.026402657297212695,-0.024351065449721765,0.0251350058326667,0.008544943739521527,0.024259094045627094,0.019896121545609713
2024-03-07 00:00:00+00:00,0.0003305012111682881,0.0003305012111682881,0.0003395557099958868,0.0003395557099958868,0.00034674126727973764,0.00034674126727973764,0.0205635553978043,0.006995521478665001,0.002328132870303312,0.022342427057895797,0.01958034156832844,0.020333176579405254,0.014934772381683503,0.013436032068535164,0.012886148492384786,0.002570567320093975,0.0014261417132281906,0.003460548106268835,-0.01793080081836329,-0.009624011488162054,0.016385484972094577,0.0020664136265275967,-0.021281755809033243,-0.0030539549571193536,0.015959451136420277,0.013820765019515457,0.008062626583439148,0.01721174546067905,-0.012322585710316969,0.011387147609020154,-0.007408404626531473,0.00010242434040663717,0.009336429360775167,0.01917715537437492,-0.0027395915212741206,-0.01383764389307729
2024-03-08 00:00:00+00:00,0.0006908173006863194,0.0006908173006863194,0.0006420863641822816,0.0006420863641822816,0.0007795792397573553,0.0007795792397573553,0.007783279758251105,0.012616310385078489,0.01272493246586559,0.002213580345493904,-0.012978304194497414,-0.013679542855645987,-0.003922466963654281,-0.007229290788528631,-0.0050793217935651835,0.011726871394442062,0.010692105262180895,0.009943280107271635,0.011614534002827082,0.025744607920139106,-0.013683899043462677,-0.017320614216811303,0.013250232157802744,0.017592521366420977,-0.013953795851113004,-0.01390456890448144,-0.006140871854113272,0.005830058654666903,0.0018059670757750723,0.0012222227191220902,-0.0011836323926061043,0.0005137431228667833,0.0009676907595224105,0.006614414221177256,0.0120799197782675,0.010549925768913226
2024-03-09 00:00:00+00:00,0.0005552264534451901,0.0005552264534451901,0.0007454383362335282,0.0007454383362335282,0.0007094875995559136,0.0007094875995559136,-0.01036420593392351,-0.005103275476944891,-0.010371103327751596,-0.009433908796549373,-0.012063188690427995,-0.007769441294718238,-0.004522875944440119,-0.004558034393698285,-0.0019646358240935635,-0.00936555965058894,-0.009467539049599516,-0.0072920415842940844,0.01153131390512585,-0.010191998017369697,-0.015098039456803658,-0.014657578016978423,0.009304664301438281,-0.009130998639917953,-0.011483247781052697,-0.013310391511414332,-0.01317783397877037,-0.01648027798304874,0.012162328982105786,-0.009010047648840391,-0.005963350221808494,-0.012044979737594885,0.004552460987583107,0.003646774535256858,-0.020503686179959457,0.006851531034498315
2024-03-10 00:00:00+00:00,0.0005107729065407796,0.0005107729065407796,0.0005064091371866919,0.0005064091371866919,0.0005534917324554467,0.0005534917324554467,-0.0009997556411438513,-0.011378244768068146,0.00481376404488687,0.00908711263818951,0.0010362654576852037,-0.005844185929753776,-0.005616395198275614,-0.0023887341256881856,0.0025042256843781363,0.0010825030174788086,0.0009889827213669378,0.005479522987569041,0.00211832273790602,-0.001977168901823756,-0.005095504364856618,-0.010916333184645133,0.008609924726631357,0.003440176681956064,-0.009894823617178194,-0.007258280099300518,0.006668578573410633,0.0013688062327261719,-0.007175601629358264,-0.004428108130396624,0.0035049166034906154,0.0035104948691488946,-0.005093787774519409,-0.0004865714957424938,-0.01953423335330373,-0.0034211250107910596
2024-03-11 00:00:00+00:00,0.0007856803048087446,0.0007856803048087446,0.0005667038209071773,0.0005667038209071773,0.0007339949377813682,0.0007339949377813682,0.0036001445696540735,0.00048327752081167574,-0.0034302215360507704,-0.0017475167705074401,0.0007414385275947843,0.005792080277761791,0.00487455560256711,0.004317699883904291,0.0007022493700159504,0.016519164947658593,0.021276072231822818,0.022294855327879448,-0.014198311804901276,-0.002211291270641458,0.011023837855717034,0.012814123394630395,-0.001611475397585549,0.010953746393600472,-0.00025139543687258126,0.005434630516407468,-0.008732685519120542,0.013851844567911664,0.008766644213891395,0.012173546118634748,-0.007325951825740473,0.019804732233829947,0.007429810014087712,0.00644042879832063,0.02167083728080965,-0.005872310527050284
2024-03-12 00:00:00+00:00,0.0007751170242202843,0.0007751170242202843,0.0006739430125051182,0.0006739430125051182,0.0007875894021125429,0.0007875894021125429,-0.0023628961235532264,-0.01198843539773431,-0.01514281131937567,-0.017710813033576578,-0.019306413289487012,-0.02476994222872897,-0.012238050037738035,-0.01754778709368665,-0.022736512346181792,-0.033119430671298966,-0.02925320009784016,-0.03822261907216473,0.025574143710441977,0.007904724617801895,-0.027654886146917912,-0.04790158975759984,0.019713867977214194,-0.01792369606720645,-0.022907198849452137,-0.040608319390026515,0.03739282639214814,0.032977643516318045,-0.03788231114588558,-0.048781348803726976,0.031088623708734442,-0.0049026712723775345,-0.030962018071760244,-0.027334880610483947,0.0033133237593852005,-0.03339406057184857
2024-03-13 00:00:00+00:00,0.0008436010806971428,0.0008436010806971428,0.0008861784630171954,0.0008861784630171954,0.0009415206133391862,0.0009415206133391862,-0.021501979085534195,-0.012953205651347166,-0.013010141793011298,-0.006784332862350362,-0.010531332595597243,-0.00852190452498458,-0.011709415390511735,-0.012452940838447724,-0.007333689358308915,-0.007816541338338978,-0.006766678995504316,-0.002047358849320169,-0.013990979142611049,-0.012546361207141477,0.011005065651879642,0.022024962067107356,-0.024101755765746358,-0.013348226499069082,0.023118038379456474,0.007817285217331937,-0.008072757921230744,-0.01579620085248823,0.006748350316983398,-0.005268073232111314,0.008610200261494505,0.007469186957398399,-0.008396317536033981,-0.007041480355578833,-0.019880924960161694,-0.025341072064992698
2024-03-14 00:00:00+00:00,0.0006863525306712859,0.0006863525306712859,0.0007874614097336252,0.0007874614097336252,0.0008026986597762242,0.0008026986597762242,0.02696398527346333,0.02850656643900562,0.03464523622853677,0.029010510668541434,0.03282027103639895,0.031190335037646788,0.027317021606299674,0.03039828360661967,0.03322978982004998,0.028701436468099528,0.03286872724382661,0.027536597361772497,-0.020174972876894404,0.022134145725123844,0.017349752408805763,0.02867850890364787,-0.018700394319403513,0.025224436768963576,0.019615812347051786,0.022885183580824142,-0.016185199255021265,0.013116610641392468,0.01625057654073725,0.023000239045090742,-0.013286926091477747,0.025741134141454625,0.014136316862766618,0.02607174464560269,0.015122581468219431,0.028512119240976963
2024-03-15 00:00:00+00:00,0.0005226974437000376,0.0005226974437000376,0.0007244633738940909,0.0007244633738940909,0.0006802212810181896,0.0006802212810181896,0.0047447675675247325,-0.006363376840731294,-0.0017522773497783417,-0.002271694240895017,-0.004425152855775605,-0.0015864767005622227,-0.0038050728304062087,-0.00427412220979162,-0.001635227644270154,-0.006901638357215134,-0.004200494832202195,-0.0041065941342004475,-0.011430573210072459,-0.01445409553694077,0.008883072531882918,0.009129149188064511,0.0039103977213068575,0.0017457344319127266,-0.0038345442114404715,0.002114285686761086,0.008010599652349626,0.0051606494177032225,-0.008254084864529943,-0.004883170188319963,0.001807981361479749,0.006773880292142209,-0.0018520779612023475,-0.0027161918713620725,0.011162213542836197,-0.005333144379471744
2024-03-16 00:00:00+00:00,0.00030363839477898225,0.00030363839477898225,0.0004269530674547717,0.0004269530674547717,0.0003985054546560285,0.0003985054546560285,0.012468141820939138,0.0023214049937372305,0.001861227237795804,0.0014036654995301934,0.002694522667708199,-0.0005626747801824594,0.0005317835285920669,0.0021208902493916604,-0.002713714665949385,0.0006719617701815839,0.002611119967951492,0.00010901437779642364,0.005435369335946794,0.005796899030833913,-0.009637676935689399,-0.022344265237327132,-0.02759574821528732,-0.01663306213114446,0.024683776213735076,0.027620609914151162,-0.015377892991182529,-0.01969279679311431,0.014519878989004864,0.024407681262677006,0.003963971205826811,-0.016398705798575164,-0.0033348902438194994,-0.004069238424488808,0.029340664637815816,0.030437356071670196
2024-03-17 00:00:00+00:00,0.00029780447146920963,0.00029780447146920963,0.00037631874157817435,0.00037631874157817435,0.00036738720810669534,0.00036738720810669534,0.0026961979701893846,0.004096962622673672,0.002209038507211991,0.00874992858215018,0.008850589190193547,0.0036616483734319694,0.010667017487992814,0.007780179603721127,0.009195785623293817,0.004524914966754556,0.006958498021517601,0.004740401660374927,-0.020495912329702937,0.014474306147061355,0.016919773156401474,0.012315961300889633,0.005926586594610983,0.028701666705319484,-0.007583012941161704,0.0031695830794846724,0.020238750119829563,0.022968334650293576,-0.018554403692345733,0.0007408638265122836,-0.001087303289032504,0.012257179771376858,0.004672146121412091,0.0015072875797643714,0.011331099208009343,0.020291032443659596
2024-03-18 00:00:00+00:00,0.00027935201305928636,0.00027935201305928636,0.00030221854085343836,0.00030221854085343836,0.00031654501698974435,0.00031654501698974435,-0.02287121648670687,-0.02701957335731764,-0.016832778291349215,-0.02160948545338559,-0.020550371118627342,-0.015334834820204701,-0.017238763805324075,-0.01812581368946886,-0.01778310229717983,-0.01909191184578618,-0.02091930141818754,-0.018175083536857595,0.017914281072575422,-0.007383227441022044,-0.020434879454130583,-0.028296391068632687,0.01231917013539463,-0.008289838646375003,-0.016953543877820665,-0.012940625299110553,0.015335748001083838,-0.019965663211915174,-0.015988412735883917,-0.005092286156502812,-0.013347246724793482,-0.013295639315919483,0.015469537946608103,-0.011606196259687396,0.031502695068778896,-0.0030554416738417522
2024-03-19 00:00:00+00:00,0.0004512771389437731,0.0004512771389437731,0.00029949714357102586,0.00029949714357102586,0.0004070365065724779,0.0004070365065724779,0.003656151869229518,0.0015592813568900965,-0.0076366337110227445,0.00015048687538210537,-0.004944896261457221,-0.0031172305618145657,-0.005743850811112283,-0.006498881862911587,-0.0008963400595963789,-0.008685106826080258,-0.007793052190833372,-0.010991975528409026,-0.009281597735669056,-0.005917761402157495,0.006095710222663087,-0.001029888598457207,-0.020033823655369876,-0.011946121469479931,0.018400048694639404,0.015642041988377153,-0.020676851079672764,-0.008641785578762717,0.020275714381194243,0.017886920367558456,-0.008155733810239152,-0.009512838575592597,0.007703992007521476,0.006691297281415709,-0.007204045406640769,0.005835272177659112
2024-03-20 00:00:00+00:00,0.0004179011055440718,0.0004179011055440718,0.0002322567529147168,0.0002322567529147168,0.0003929313022044134,0.0003929313022044134,0.010949758792920816,0.01655501830945516,0.011658452142710773,0.015668675846838953,0.021675181134717336,0.01792375624279341,0.012598146469471105,0.012194787113074534,0.012834501324320291,0.012734841372004091,0.010307394823146465,0.009422503131552018,-0.014655833224729742,0.012636616718956661,0.011761693384747751,0.008647712468387247,-0.009259049811075726,0.001706268741435757,0.008129488228149073,0.02516051320936663,0.007351088901208058,0.020576298980333974,-0.00838886273910644,0.005891681551486894,0.007978080249036346,0.02003929009275307,-0.006427336433179165,0.014148950400543425,0.005989676188026483,-0.001880804354377097
2024-03-21 00:00:00+00:00,0.00018802495125247454,0.00018802495125247454,0.0003481644924379079,0.0003481644924379079,0.00027271850621302107,0.00027271850621302107,-0.0037033405503692496,-0.02634299774119553,-0.001656472329856884,0.0029922046212353948,-0.0032626595588856055,-0.008773136284944694,-0.01045041040887762,0.0027748647406562466,0.0016699107378519429,-0.00223972043722076,0.00020174964315766708,0.004389692503358411,0.025293855204719717,0.01856425896719527,-0.02962465199062303,-0.012720665697633193,0.014273847559407082,0.003432860053552922,-0.015266031037533101,-0.023346965439734246,0.01898703733406326,0.007752705731542298,-0.019457641235582357,-0.017703659810685335,0.0023369867328062455,-0.009659120336113158,-0.000729040365105571,0.0021829015890721948,-0.013275843175511448,-0.015853023503434094
2024-03-22 00:00:00+00:00,0.0002466829931777603,0.0002466829931777603,0.00012312377446677125,0.00012312377446677125,0.00019287010840352004,0.00019287010840352004,-0.0031804759982795305,-0.0018692608950304779,0.0031225543487487517,0.0029809350905769527,-0.0003422987462881055,0.011559681768233965,0.00709579325059706,0.003294684276360371,0.0012384706035399873,0.001133297024593194,0.0002725766919746686,0.00033620478839302415,0.005843795677742847,0.010212909997838304,-0.008980603443173307,-0.0016915688804640672,-0.009701626038495559,0.000301316797463258,0.008030358558225537,0.012649821881306034,0.0042192083972325545,0.005563199561409382,-0.00717310920309755,-0.009912236268420638,0.009827580851803353,0.007132405131664354,-0.010177033841928806,-0.01221334931566298,-0.015192058171569545,-0.009701459117793965
2024-03-23 00:00:00+00:00,0.00021722565373116787,0.00021722565373116787,0.00020106337566971888,0.00020106337566971888,0.00021563317506423374,0.00021563317506423374,0.0017661381729932035,0.008863801862331044,0.009669057636246814,0.0059493097484255575,0.009994792825249288,0.010427745047522086,0.010766341651465838,0.012363149192176737,0.013615892140108166,0.008809340916043018,0.00909479051489348,0.008453435448474655,-0.010547209237419475,0.008704662455790046,0.007463844242911355,0.009562305885076672,-0.0055196408529142316,0.005666382926316604,0.003450327221573568,0.010272018745069333,-0.004203256453185866,-0.0005908267467201744,0.0033043358681692503,0.012167149543281575,-0.015357769187181458,-0.00013097623650715207,0.01500323138309434,0.01388305147750013,0.006612136482432529,-0.00771485100283098
2024-03-24 00:00:00+00:00,0.00013983499875447336,0.00013983499875447336,0.00036541505946408037,0.00036541505946408037,0.0002554513469461561,0.0002554513469461561,0.00935358435698097,0.003751406503852417,0.010296444953010742,0.01105748074710644,0.010213880193904012,0.014240511732623196,0.010718381069879435,0.010860188297084905,0.004605272069394761,0.004295489229770633,0.004359805282818208,0.004952504350461462,-0.007317899125080629,0.0007016228099547828,0.004157138388081849,0.004259521094173824,0.0018888983161693407,0.01248442200930433,-0.0036855223849729946,0.0012359811616184935,-0.011362109376658047,-0.004922772551188559,0.009022234338775137,0.011662802259377214,-0.008623959932159808,0.002084469349034057,0.00851397488609118,0.008033383057152177,-0.004836102986045199,-0.008791654523179537
2024-03-25 00:00:00+00:00,0.00012046356019634885,0.00012046356019634885,0.00016503460197703212,0.00016503460197703212,0.00014604200305590176,0.00014604200305590176,-0.006482077424254884,0.0001383998771746775,-0.0066446266505645335,-0.0012306700537874082,-0.0014621264334168105,-0.0023130298613490696,0.001154200335120592,-0.003736961863149424,-0.002639340439545168,9.861836448377126e-05,0.00040457818325756456,0.00395987642711515,-0.003439168287549199,0.005409257695259573,0.001088752621232647,0.0011423015620923849,0.005472836602364195,-0.006790609289227922,-0.006526038540152657,-0.0031077339984789676,0.0009865683599024067,0.00395750365508829,-0.002960071450366697,-0.0025713249172917285,0.003168911130957408,0.0006364895662769321,-0.003979236146666731,0.0008861094173089334,0.00023919590740462127,-0.002511117484921721
2024-03-26 00:00:00+00:00,0.0004126699853961302,0.0004126699853961302,0.00032708211326748504,0.00032708211326748504,0.0003825039548108755,0.0003825039548108755,-0.005125231624637405,0.006443090420388042,0.00561099298393275,-0.005130255675398154,-0.006195224089462048,-0.006880040506975105,-0.008149978806593294,-0.00877303207298663,-0.008067780643843059,-0.00467407145153742,-0.0064322323246837065,-0.006588229771881227,-0.015884053853665425,-0.007328519855928306,0.013043869018084964,-0.001651908858534945,0.006477590345427275,0.007158696165775247,-0.009174679015278575,-0.010351386182555267,0.012829774005133965,0.010203001960367608,-0.014254572416172562,-0.009574597105430072,-0.004702609284788162,-0.006646684871260078,0.004858858710477643,-0.0043747253048382895,-0.010961761469820752,-0.00781074102799395
2024-03-27 00:00:00+00:00,0.00026403511207750974,0.00026403511207750974,0.00038462980786113654,0.00038462980786113654,0.0003314139356129786,0.0003314139356129786,0.011397758086703735,0.011917217765272214,0.010388945728052601,0.017041084516569383,0.018515647550885195,0.0022435017005419944,0.0012671176688006103,0.0027459203734083726,0.0036694997377535454,0.006110070571019088,0.006720030047067782,0.0058622230492089145,0.0024016490070906116,0.00890121285297929,-0.004584842570511949,0.009801265285569905,0.00547637221715358,0.008003260377663413,-0.0069856328790804945,-0.0008755167252869622,-0.005787794801811241,0.004672208938449884,0.00456036216933442,0.009485483044306076,0.0032804435156561507,0.016985656681926864,-0.004706860934409862,0.0009865655489813552,0.0035489946660225424,0.001744819184099189
2024-03-28 00:00:00+00:00,0.0004445618398494222,0.0004445618398494222,0.0002770863450716199,0.0002770863450716199,0.00037484451674463237,0.00037484451674463237,-0.015036282525134559,-0.014593086501529684,-0.014761818301298635,-0.01255415726809217,-0.01439622804769325,0.020991951459621738,0.01675596303963678,0.016227989462914705,0.01716165622380239,0.016974098346258293,0.017313618657013308,0.017377424204266356,0.013390520950516516,-0.000496850040052399,-0.016083031533801972,-0.017456888190884756,0.013077487916351549,0.01013774221520225,-0.015496171101227918,-0.015314816027963918,-0.015013506829859025,-0.0173167539556075,0.014356888395737899,-0.014300818468929388,-0.0009511579749515997,-0.015198742834070744,-0.0003602979324470734,-0.01493174716220158,0.010627992487308058,0.014108877940147702
2024-03-29 00:00:00+00:00,0.00043183975195471014,0.00043183975195471014,0.0005905556262448819,0.0005905556262448819,0.0005229862011493225,0.0005229862011493225,0.0005619051091416694,0.0030702076388080535,0.004429308445631275,0.00315508106360074,0.005735111001478943,0.0025798936199052935,0.003251585756643083,-0.002505469607852029,-0.001319101507628928,0.008521834289050068,0.00796815761136549,0.007746567215985767,-0.004638812601204356,-0.001581328272975191,0.0018301758733787477,0.015270010783109411,-0.005011124330633443,0.0007897003642705069,0.0047364606967206235,0.00991205635489556,-0.009339094019491068,0.003196261722320237,0.00782042197508348,0.015286235106783508,-0.005154256747838315,0.004768532582632101,0.004545774786003154,0.00022438292235271717,-0.001966538542921392,-0.006109733171153264
2024-03-30 00:00:00+00:00,0.00041800699456873147,0.00041800699456873147,0.0005769289234578423,0.0005769289234578423,0.0005088475586385588,0.0005088475586385588,-0.013466416795357095,-0.00891138004465819,-0.016691217780180678,-0.025593504297808156,-0.023444347470605753,-0.010539919370621154,-0.02257119855575407,-0.02245626273829504,-0.012335813870579582,0.0006852928617304688,0.008944964676518508,0.007625588401019456,0.006505227884373355,-0.004854988175297836,-0.009406493873517996,-0.025914207621865026,-0.027264758257891764,-0.04030587765864546,0.025120652809674127,0.008265756064679719,-0.026641738779011215,-0.033719267122778174,0.024186905314701024,0.019143751076340365,-0.024905036260860047,-0.027191205200425506,0.023748688668673523,0.0016460439664107707,0.013944448573548929,0.016487877411362817
2024-03-31 00:00:00+00:00,0.00045327217144275345,0.00045327217144275345,0.00044927009370865356,0.00044927009370865356,0.00046460406430059997,0.00046460406430059997,0.005072184007271163,0.004051784556124316,0.008241970588993341,0.010157786297932736,0.01168488164932957,0.005217662065402973,0.00986878856299378,0.009532594561133534,0.007120353196562235,0.005606088718703051,0.00429817009119815,0.0018645499299683177,0.0061883441876045,0.006585551890675445,-0.008611365836951546,0.004602843272974999,0.009594884530746306,0.010338028037215619,-0.010933146392314685,-0.00322558226577363,0.01083760739823969,0.011832199954506128,-0.012124594691066526,-0.003399489799667199,0.0031287127388477387,0.010592785678377403,-0.0051284174769515856,-0.0010147865990978167,-0.0021368502646290644,0.0006602572242977445
2024-04-01 00:00:00+00:00,0.0006052497650410604,0.0006052497650410604,0.0008940247001818502,0.0008940247001818502,0.0007657716927114144,0.0007657716927114144,-0.009158686813857897,-0.008026823178077347,-0.00835490878699019,-0.010648671210642169,-0.01109289609751618,-0.007934859490227097,-0.011454257524260547,-0.016881311154942846,-0.01703714438759607,-0.013696896325923857,-0.02048129885580885,-0.020619307228762818,0.00241433086207965,-0.007548322959406661,-0.006009134855850862,-0.014087419869344808,-0.006080693176350627,-0.0062125919193446455,0.006264287857568274,-0.004570408200303855,-0.007028943502245255,-0.0018488721025435861,0.008764927951884882,-0.0030850375895146165,0.0030735011004687784,-0.008646998208117762,-0.0008928114164534762,0.002610087917315651,0.015026024486392009,0.016052686238140712
2024-04-02 00:00:00+00:00,0.0005986810201654702,0.0005986810201654702,0.0004684448071754499,0.0004684448071754499,0.0005518486987157178,0.0005518486987157178,-0.009131149710474351,-0.007961578615562681,-0.0030664124025735484,-0.005008291010689336,-0.003457706323783838,-0.0029286468856264403,-0.0022741304607567514,-0.0014507942594766954,0.0028628258352108027,-0.0001222511540857063,0.001644410046353073,0.0027948039216865173,0.003097467935673226,-0.0018409937923195008,-0.005774086030854275,-0.005595573056306313,-0.00205217453010742,-0.0034733695329375314,0.0013046826409151002,-0.00710582914927782,-0.00037159738395875497,-0.004956368175569215,0.0005952017883794625,-0.0007169941272405778,-0.0015083307663412704,-0.0012257342705453977,0.0007124210119602292,-0.002054414746003985,0.0013355116007878198,8.883316441687938e-05
2024-04-03 00:00:00+00:00,0.00025864657925755985,0.00025864657925755985,0.0002998595846341878,0.0002998595846341878,0.00028660295005522585,0.00028660295005522585,-0.019379750140785412,-0.022302602565813623,-0.01536727711640351,-0.016789660424691877,-0.0152314816358331,-0.014873189703632161,-0.02254512088491545,-0.021874208715157883,-0.0170210433218122,-0.023639393530214936,-0.022885597391344437,-0.0017579047635676304,-0.009156360878727954,-0.01836510768717825,0.006054193080913484,-0.007631822235238284,0.014342082900206332,0.01451472577143642,-0.01665621167044362,-0.014450720343098244,-0.018137029778204194,-0.01900990727187546,0.015484023020830406,0.022391986565889255,-0.019025927191677505,-0.017353507910150223,0.01714019200452155,0.0020423236521285304,0.010441913208298681,-0.0037478686190756116
2024-04-04 00:00:00+00:00,0.0003602096092363283,0.0003602096092363283,3.669119285953926e-05,3.669119285953926e-05,0.00021082349398948708,0.00021082349398948708,-0.001427013401520405,0.00348327628816425,0.004039615554457976,0.010227442720120772,0.011092189519990248,0.01189766714895879,0.018039281313321887,0.018012066279880834,0.01824728386579677,0.017604468656568617,0.018119361026241787,0.01754664874198708,0.006156386512806256,0.012416290348530312,-0.007977134738957448,-0.010561036425286274,0.008194357259539542,0.012554420079095463,-0.010288740347410674,-0.009496535303124554,0.001930635050747087,0.006983557897044967,-0.002792250663861684,-0.002255395152975348,0.007530245079294673,0.010971915956019762,-0.007237841886452601,-0.0048692696959212745,0.006286738018303151,0.006459142142272167
2024-04-05 00:00:00+00:00,0.00019389209537479246,0.00019389209537479246,0.00017143039853495523,0.00017143039853495523,0.00018847005133015848,0.00018847005133015848,-0.02397259866012358,-0.003495858567242327,-0.005393782382097867,-0.001994264932025702,-0.0007992237806032643,-0.0015397983124936232,-0.0006282261581311843,-0.0003612485868214055,-0.0011334065008634653,-0.0024534779287439523,-0.0028562317816344107,-0.0034028532610084206,-0.00961434886081547,-0.017081843730670787,0.006804767780374643,0.002496012570424533,-0.013622762641983144,-0.012279951697556246,0.012898714550165558,0.006884747955219428,-0.01611915829504751,-0.008040674856709451,0.014315899591989867,0.011482381459612778,-0.020450126803094104,-0.0060341635168177366,0.018092670708367065,0.011113514963834392,6.366746283603675e-05,-0.0026207821502496342
2024-04-06 00:00:00+00:00,0.00012410053095046614,0.00012410053095046614,0.00023972246485226556,0.00023972246485226556,0.00018488630352297974,0.00018488630352297974,-0.00320949540755755,-0.003938399464489928,-0.0046523389793442504,-0.002359077282918509,-0.0006042985004325319,-0.0010019868259056874,0.000478007028695826,0.00042540303465088414,0.0004978130525621349,0.0012988889044760477,0.0005478814021842027,0.0038247315590080877,-0.0012043658714498973,-0.0016295128013317228,-0.0010781296116799677,0.003067854322562402,-0.006773433321474065,-0.005389095940739552,0.005117120062613223,0.005946258285150163,-0.005350755475301061,-0.004462759178854636,0.004254970826677473,0.005123291907444649,-0.0041888534555222234,-0.0021641682300118648,0.004087907427197779,0.004231288443768966,0.0009071796061801418,-0.0006921996463482571
2024-04-07 00:00:00+00:00,0.0001461234162194458,0.0001461234162194458,0.00017856217814782305,0.00017856217814782305,0.0001664379430832419,0.0001664379430832419,-0.001773660202514793,0.0014232949979691156,-0.0001404760488016299,-0.00012388886728209592,-0.0016120021152237207,-0.004150403196834684,-0.006405710525887343,-0.005466831513187276,-0.005857636036273761,-0.0046440895570493135,-0.0050806309221193,-0.005936301258348653,-0.0016642047076107502,0.000837521529255314,-0.0010889435933360003,0.0003154111570276008,0.004461910023584981,0.0048474646620928485,-0.005879939173010329,-0.0033182420609059182,0.0025510723580506323,0.00394569132131517,-0.0034241545219586556,-0.0035937493190285608,-0.00127539796597953,0.0010641015604744286,-0.00023919326530019713,0.006008563373474329,-0.011174475091745517,-0.008742304076527763
2024-04-08 00:00:00+00:00,0.00017393244338359537,0.00017393244338359537,0.00011403731781767235,0.00011403731781767235,0.00014941818013647357,0.00014941818013647357,-0.006519749083872761,-0.012173915742041075,0.002435949858964115,0.007641283424702605,0.0019083278897180644,0.008232044639522096,0.00517824540763967,0.003977052580775409,0.004753539653096439,0.004935815041255287,0.005232631999124937,0.0055576522553955066,0.007381937859680221,0.004873799524850675,-0.009519001645911573,-0.008409629496281767,0.012583282233466386,0.006993888357130995,-0.013932890781307439,-0.011707324416049492,0.008524978206400302,0.008348214261644005,-0.00862174323302023,-0.009881173300560375,0.009091662792559019,0.008736108261081954,-0.00967018372275441,-0.012699732987580203,0.0028589526260573983,0.0007448739013784511
2024-04-09 00:00:00+00:00,-6.259894178506364e-05,-6.259894178506364e-05,0.00017888129629706206,0.00017888129629706206,5.4932835252596846e-05,5.4932835252596846e-05,-0.011376679385892485,-0.011768699032710939,0.0006556606542933441,-0.0027472123018043026,-0.0057497365037401105,0.008939071851201241,0.0005056694196927669,0.0035980677826099594,0.008231328872560395,0.006638335495578351,0.007997506012956013,0.012110514623008495,-0.0216396518206462,-0.020734904858369152,0.01868541131813317,0.013172853313577315,-0.0054579010207099765,-0.005574569553274622,0.0022746470126377982,0.0037763287607637253,0.006835936698756484,0.0030139934602004814,-0.008191982698306899,-0.008288243140990637,0.004478248565944254,0.0006693597641267424,-0.0068531132261761,-0.007969609142836509,0.0006172983814980437,0.003408199987877225
2024-04-10 00:00:00+00:00,0.00036999985411734215,0.00036999985411734215,0.00035706914568400805,0.00035706914568400805,0.0003744396381279991,0.0003744396381279991,0.00852961801817509,0.008292094037666509,0.004962844149495993,0.011798652526652686,0.014948273419644442,0.013176063943278304,0.008136643323995996,0.008559681749811476,0.006811286314749809,0.004842969633353622,0.005221704270482519,0.005560582920659973,0.018277450063212575,0.01656243895272591,-0.02028447795830224,-0.009327219673359144,-0.0009003567360368336,0.009072212562367898,-0.0014811153125701138,-0.0077847719888574085,0.0023748760099566724,0.0021120064532360594,-0.003516892688550599,0.0008447483056579497,0.01204414873146864,0.013844339294811325,-0.010890672333163876,-0.008943852299993504,0.01299338273380024,0.00168406390607867
2024-04-11 00:00:00+00:00,0.00012940857797549832,0.00012940857797549832,0.00020392888029996392,0.00020392888029996392,0.0001700353594669135,0.0001700353594669135,0.008612056310413285,0.004997444300347098,-0.006667872814490217,0.012944420597837958,0.0008987697231455094,-0.006322357311701943,0.0001329440737201093,-0.002783554681332401,0.0019991740230000943,0.010668777079373193,0.009832611169325656,0.006724762530832873,-0.0003293203153003077,0.012610147479803713,-0.002817781996936053,-0.0064087901468643516,-0.0009616777296358459,0.00066817448552281,-0.001327304351203873,0.011509773304719806,-0.01948724346732411,-0.011397250408389459,0.018453791178002277,0.014099167154534742,-0.01593827147843052,-0.007631115238271313,0.015624952212987875,0.004176641404267656,-0.0003351851130041217,-0.011457776037476775
2024-04-12 00:00:00+00:00,0.0002703066068612259,0.0002703066068612259,0.00019480737798516223,0.00019480737798516223,0.0002408911275613157,0.0002408911275613157,0.009662243956745087,0.0095526846398577,-0.0015856653332766424,0.020026589465962807,0.01840186261675658,-0.004604006930857496,0.010643898006177599,0.011295324523989958,-0.007425008059029126,0.011446935299009642,0.012255479872454345,-0.0066584220777582415,-0.00772428613695042,0.003447740359860285,0.004546131647252372,0.00862793914726212,-0.012109413123354895,-0.006761844838823361,0.01093612238578534,0.011744066640287931,-0.01681253476620126,-0.01246481632358154,0.015679863822158024,0.01754736963166703,-0.020143112578690725,-0.00914402796129854,0.01975056911801154,0.016310039414737743,-0.0010638908125547575,-8.901634302227457e-05
2024-04-13 00:00:00+00:00,0.0004548241063944136,0.0004548241063944136,0.0002914509404055021,0.0002914509404055021,0.00038736571062192304,0.00038736571062192304,4.754942894980019e-07,-0.008864642853644189,-0.00590148139004687,-0.009101739858316749,-0.01631159083863709,-0.00886018709717018,0.01232429652755962,0.011982832157693801,0.011433765597660628,0.012123635543910716,0.005126676477916758,0.00756854860971945,-0.002661057001713707,0.00577323329237478,0.00016246814535803011,0.0009095494061595044,-0.010096812032970193,-0.013615575044802486,0.009344759080224696,0.00813735182255626,-0.016633296195402547,-0.017720318029232462,0.011542448309346476,0.017441479739970678,-0.021006667329496742,-0.015217191555220388,0.026791339725350305,0.02518543870181511,-0.002880394943039599,0.021819063716369325
2024-04-14 00:00:00+00:00,0.000178034585301301,0.000178034585301301,0.00048567630045193155,0.00048567630045193155,0.0003353088720550179,0.0003353088720550179,-0.0033723014245991,0.001598923394571683,-0.0010038190218766285,0.003025574094797756,0.0020169246367456317,0.0026747115437848468,-0.0016455199643846674,-0.0018852047812386585,-0.007750070262416364,0.0016019018613016023,0.0006291506637370325,-0.006577469775645439,-0.026899281652840612,-0.009779455131084913,0.024493478612247932,0.021131217702522687,-0.003226561717556753,0.007730201842171436,0.005212670764910277,0.003928874834606466,0.0017790549565652736,0.011054652620751781,0.0001364921415305531,0.01223060368470974,-0.017086184667490567,-0.003194415560952346,0.016657531105362278,0.007504694922471522,0.005233810531853456,0.008125834716814717
2024-04-15 00:00:00+00:00,0.0005826611978132501,0.0005826611978132501,9.130979288696217e-05,9.130979288696217e-05,0.00040662005054614703,0.00040662005054614703,0.006676325540908579,0.012189897516656778,-0.0005800102016960684,-0.0030203053321382622,-0.0016392387111181517,-0.005783832805506539,-0.003600973431590271,-0.0021667226061121703,-0.0025588913780236755,-0.01075424528385327,-0.0045664868296771965,-0.0006025854715329126,0.002151502413522355,0.006706661440762707,-0.0008797139199642201,-0.01092699652599094,0.011674347288841647,0.009573747225279261,-0.011655239665311456,-0.01711086281052121,0.012216950489329692,0.008561117905456994,-0.00983464563295533,-0.015251468014668812,0.012722996209821869,0.007667297660931105,-0.01433149632208408,-0.012414721859213329,-0.011000264070727628,-0.007355292670368052
2024-04-16 00:00:00+00:00,-5.324977399912001e-05,-5.324977399912001e-05,-1.4914362592710617e-06,-1.4914362592710617e-06,-2.9113537826308544e-05,-2.9113537826308544e-05,-0.000883209638201099,-0.003691460734976948,-0.004860882113176146,-0.00700312267196046,-0.006879521641072861,-0.005935968877397002,-0.002205653566304866,-0.003664244632467173,-0.0015330768291900165,-0.0032966844104938,-0.003970960353957054,-0.0029279519563557566,-0.004572175990469107,-0.000716241473836865,0.0011843196610754614,-0.0008284751571426829,0.00164247473510315,-0.002995179403526005,-0.0028301647353728976,-0.0024031760441560746,-0.0010926548606077224,-0.0011083063616847966,0.00033749449979203483,0.002832553133975013,-0.0048843565219680585,-0.008773536100440182,0.006112360572800402,0.00354980542925154,0.0034596986489492387,-0.002011833785773409
2024-04-17 00:00:00+00:00,9.825897004223094e-05,9.825897004223094e-05,0.00014681731723631408,0.00014681731723631408,0.00011434607663685092,0.00011434607663685092,-0.016807892697834448,-0.018420259014445772,-0.008821285639799892,-0.01940796066470385,-0.017298451028605277,-0.01355693655881951,-0.012211554952518244,-0.013151161728093497,-0.0117757706695103,-0.014638034652838638,-0.012949236891125038,-0.012786681475917772,-0.004141141325370246,-0.010059402534956408,0.0012930477035992816,-0.001938319985080983,-0.004984396267759705,-0.007022345406910158,0.004136559553944652,-0.0005904139433414723,0.004682100288864399,0.0024131895028971506,-0.005674757030840527,-0.011684944327033486,-0.004252692680404069,-0.009301535676827677,0.0043938143842296995,-0.003182644052278083,-0.0017779776933475322,-0.0046983610212576465
2024-04-18 00:00:00+00:00,3.490369905234658e-05,3.490369905234658e-05,0.00015411431806500175,0.00015411431806500175,8.35275737414154e-05,8.35275737414154e-05,0.00453111895893521,0.003340839622349323,0.00193839196534773,0.0023780646164834884,0.004127364237464626,0.0030860851697398495,0.008915186489042437,0.008749338659302053,0.011453498367018922,0.006758661314434367,0.007110954551036386,0.004508041851295941,-0.003245423805268821,0.00309477449410811,0.0009443761336116463,0.004197572680916917,-0.0017443932189912248,0.0014069264210163634,0.0003902021524748722,-0.003341370406210631,0.002192307556085016,0.0020561575817517053,-0.003102510539468195,-0.0004520696368837118,-0.001337895248102905,0.0025755503026827498,0.0015224313000583578,0.001991657587539386,0.00395544760991573,-0.0008653502798062762
2024-04-19 00:00:00+00:00,-8.73774175162989e-05,-8.73774175162989e-05,-3.649430249019758e-05,-3.649430249019758e-05,-8.505473841124989e-06,-8.505473841124989e-06,0.0039014174598224205,0.009770213141109929,0.009391021810481348,0.006329731847439346,0.004694346251019832,0.005497437883125844,0.008934348359613153,0.00908427488942487,0.0077958041120367305,0.011487179908883371,0.011647798089061467,0.011057230216927838,-0.0028714533566804867,-0.004025340144120704,0.0003327661532852577,0.0023718158099994557,0.015875673151050984,0.01449073147133828,-0.016639474982873326,-0.016907511592547997,0.012353680763103059,0.014118123210454803,-0.012441291375837826,-0.013532720365061257,0.013571698182005987,0.017225879181512083,-0.013863846112339706,-0.013514354839877174,0.0034122549493760257,0.006904325536685851
2024-04-20 00:00:00+00:00,0.000162338858604949,0.000162338858604949,0.00012201354376673024,0.00012201354376673024,0.0001285696945161341,0.0001285696945161341,0.00015250656350263014,-0.00633789698376086,-0.0030187780332090464,-0.003393603557256819,-0.006127056519057206,-0.005836440954743782,-0.004309677667789558,-0.004724112894175736,-0.0035029258180748757,-0.005400098170590062,-0.005511813816319822,-0.005948859724722588,-0.007995526055543323,-0.010148403844671416,0.004885192794224613,0.001554916915836424,-0.008931116740645506,-0.011285737583115796,0.007203644170832524,0.0007885736603643334,0.0021521385026250783,0.0010530259975660705,-0.004247613203766765,-0.008418868721408845,0.006615374677455543,0.003574459108852235,-0.007215283469307776,-0.007363958350036781,0.00042052659216240684,-0.0019644847781876695
2024-04-21 00:00:00+00:00,0.0001387400268033634,0.0001387400268033634,6.017709685424144e-05,6.017709685424144e-05,9.132244370180231e-05,9.132244370180231e-05,0.0010983031296805112,-0.007992238669348395,0.005046905088267328,-0.0013702697486146498,-0.0011406727475508083,0.0016983286920067009,0.006410703868022338,0.0068699950586084135,0.0019747732495785097,0.0017091508870608063,0.0001198362197989411,0.0022727885856221874,0.009853565420964827,0.011493550398635533,-0.012129204055536635,-0.008035843191739,0.00060995472877301,-0.0025350552017189276,-0.0022974794451174896,-0.002789082170125856,0.003744892129407207,-0.0003677241893605965,-0.0034790951409814364,-0.007778554956087702,0.011782056686906905,0.010188487053520046,-0.014194710614207184,-0.014349157666718959,-0.005757668187350018,-0.008963518506865165
2024-04-22 00:00:00+00:00,-6.544314974854526e-05,-6.544314974854526e-05,0.00011053328812793417,0.00011053328812793417,1.5384462138223753e-05,1.5384462138223753e-05,0.005432648537729401,0.006038015068126512,0.0029816554169899145,0.0063931752716104295,0.007351647230831704,0.006015437271007507,0.00403759640671697,0.003773528878411092,0.003249930288668601,0.007907333485707824,0.008294795129073051,0.00633640685705128,0.002267945012186079,0.004226225001279005,-0.005403405846194809,-0.003945423913237822,-0.0023239300763147064,-0.00043978855019788377,0.000688196679123898,0.004380200648109511,0.004408237532093073,0.0032481777108257504,-0.007115811064988042,-0.004182195390251664,-0.008663152661981366,-0.0008475894650110671,0.009189695286638155,0.007257288950808682,0.007247203525067691,-0.000800154235628292
2024-04-23 00:00:00+00:00,0.00011689166835648912,0.00011689166835648912,-4.6149140579099246e-05,-4.6149140579099246e-05,3.617898801033803e-05,3.617898801033803e-05,0.011827806508987626,0.013226310957830334,0.011656622368228842,0.01058003744010172,0.012893554999429568,0.009815781797864576,0.007946145081133338,0.012715056765744581,0.012242963731611267,0.009815873367222894,0.009242814511335018,0.009465696772169352,-0.008950070269794663,-0.004489998180925436,0.006250029697301596,0.0012116217685964603,-0.010217995944522218,-0.003895128134697501,0.00929392751242486,0.012447458174864146,-0.0025876923699958976,0.005834903128898228,0.0009018035980665751,0.004992675181375361,-0.006072187759849745,0.004738116265105896,0.004279136936159,0.00686883806320826,0.008318469122339023,0.012550085484130946
2024-04-24 00:00:00+00:00,-8.075726303180542e-05,-8.075726303180542e-05,5.269531054308274e-05,5.269531054308274e-05,-1.6240664168387653e-05,-1.6240664168387653e-05,-0.0037359452751232203,-0.00397617145783602,-0.0035602488922352737,-0.00537656321804636,-0.005767140687964578,-0.0017089906142656597,-0.005926414081824594,-0.005258337832889648,-0.00488920499661305,-0.005508839026001078,-0.0024635045771711495,-3.4731387116293533e-06,0.007347806972961113,0.0022880893144774372,-0.009401513399061368,-0.008780915019845015,0.0012141999829622385,0.00319921679922075,-0.0025293069466395535,-0.005721635975052264,0.004746155225995752,0.005131042635635241,-0.006292346054658671,-0.006107621739510516,-0.0031583236138127413,-0.007201333933193443,0.001774267923376316,-0.0002331846013842176,0.0029497146569164023,-4.022012085602711e-05
2024-04-25 00:00:00+00:00,0.00019806372135722228,0.00019806372135722228,0.0001262956309562302,0.0001262956309562302,0.00014736902700107635,0.00014736902700107635,0.004184010645546854,0.0026620539826913703,0.0006771248896317861,0.00040917776006654805,0.0022238190242473976,-0.0012654982169194584,0.001038161790730019,-0.002307001497699579,-0.0005880178810494519,-0.0032133136827140474,-0.003525194463381842,-0.0033092958385665394,-0.005323675894572277,-0.006585583345509183,0.0026916927774576216,0.006037166346441136,-0.002644544073880817,-0.006513120133078476,0.0014168907964717814,0.0036335776384210927,-0.0002698214447129921,-0.007079479292935509,-0.00042323722503445627,-0.0010615925802018866,-0.000379361818335755,-0.004580274862039158,-0.00021991036896407135,-0.004805591567859202,-0.005054394777665894,-0.010726163782347031
2024-04-26 00:00:00+00:00,-0.00012685606808671146,-0.00012685606808671146,-2.6800305086949194e-05,-2.6800305086949194e-05,-7.162513138181392e-05,-7.162513138181392e-05,-0.0037080808807332666,-0.0033596112718613513,-0.0025457654873402014,-0.003953083628057685,-0.0025955394039238744,-0.0025132470015655217,-0.004850013234182771,-0.0036863159894144903,-0.003505074431795596,-0.006969263809578519,-0.006943179816949696,-0.007177569891611113,-0.007273805631723973,-0.006850557298808568,0.0054342901569213176,0.004505850364811437,-0.006579655415432706,-0.007283924064911851,0.005024747935670648,0.004214273801013357,-0.0036731169840272804,-0.005095599822100616,0.0029862611757920376,0.0018940089555641304,-0.0032198482707843645,-0.003316949361975241,0.00238567376485177,4.776297236852578e-05,-0.005606630493760423,-0.0014764529368875845
2024-04-27 00:00:00+00:00,9.845045281964282e-05,9.845045281964282e-05,8.861696226913907e-05,8.861696226913907e-05,8.412784599398648e-05,8.412784599398648e-05,-0.00766114141214147,-0.0006365784614837944,-0.007108123965119506,-0.008844847763132435,-0.012926313456674832,-0.006695778021511778,-0.014427009064224672,-0.014378069486440936,-0.014664490027134658,-0.010299418777644176,-0.010473964413435732,-0.010793410893053967,-0.0014171036194977615,-0.009219239713315841,0.00011980766379138252,-0.0024068755076286363,-0.0034725963289966577,-0.010445395293789739,0.002334591055933366,0.0008629119940386509,0.010961334719578497,-0.0011886074947823344,-0.011744389507691633,-0.011188549240430334,-0.0005564013726708783,-0.005688352505845762,-0.00022834768627322255,0.002988362864302374,0.0019596424874175344,-0.0048587991743468395
2024-04-28 00:00:00+00:00,0.00021859091728182456,0.00021859091728182456,0.00014419361339301773,0.00014419361339301773,0.00016466886549459936,0.00016466886549459936,-0.001747166658960464,-0.0035308481773265177,-0.007685803373077449,0.0023014892133450537,-0.0006927594451702213,-0.002001866093571558,0.0013308477230009608,0.001400051966724769,0.0005554756577004216,-0.00473846233081765,-0.004656690100093841,-0.0044960497730108795,0.00793352596776753,0.004196419077308944,-0.010297736070205565,-0.011240846694901885,0.006362927485693115,-0.00033500225977201037,-0.007114702888761482,-0.0063128688434571645,0.015790494046719727,0.00806110903136048,-0.01708498617838594,-0.016974301274122583,0.009653700711070634,0.007838456585991915,-0.009497578530756168,-0.005480578164560934,-0.0015571186647932445,0.004076371489042829
2024-04-29 00:00:00+00:00,-7.199702334081959e-05,-7.199702334081959e-05,6.857922017422524e-05,6.857922017422524e-05,-5.386470597223969e-06,-5.386470597223969e-06,-0.0010841488293412693,-0.002167571455050532,-0.002557179661082598,0.001487357035192316,-0.0006233082582876026,-0.0021728960211385706,-0.005308992569230786,-0.003984419226156555,-0.004381477735525774,-0.006996057061190442,-0.0052670867531985355,-0.005195171121841202,-0.0077075388052196825,-0.0039317974076199524,0.004628356671574352,0.007920567500588449,-0.009016459412966027,-0.007204770552535211,0.006724633228783139,0.007269797213264484,-0.005075225779647696,-0.0021825594071920307,0.003635558907421066,0.0030468133881054182,-0.004683861200833084,-0.003171830534149267,0.0038837592219713724,0.002316707671653484,-0.00010462858561965938,-5.902882292951883e-05
2024-04-30 00:00:00+00:00,5.97759653679919e-05,5.97759653679919e-05,7.218892750637806e-05,7.218892750637806e-05,0.00010357706789898558,0.00010357706789898558,0.013068781075370017,0.010430642905983278,0.00971319081317712,0.010779821789740573,0.011917949618762469,0.007205950299334463,0.008980773657742525,0.008644799025799843,0.008905131286039092,0.009479434685935262,0.00946214362381781,0.01162493213161997,0.014859314408710356,0.012671927416580298,-0.01638217114785634,-0.016380514743908337,0.021765876318505573,0.01770801633709418,-0.022626574785398534,-0.023726330170506293,0.017986646354960056,0.017890880644092277,-0.01888539844883319,-0.01851650155883089,0.0006625413777650024,0.004260745147528944,-0.0014857988568744984,-0.0010066124607570615,0.004690448303353856,-0.010728843865137394
2024-05-01 00:00:00+00:00,0.00012290622182509203,0.00012290622182509203,6.331958541938576e-05,6.331958541938576e-05,8.790682796244731e-05,8.790682796244731e-05,-0.0013679036995221105,-0.0031144113070984414,-0.003933417801462169,0.00217045815804795,-9.156765770423902e-05,-0.0026191225517369077,0.0003119972750296185,0.0007088691181420526,0.0013365384581274231,0.0029147308869543753,0.0035070819642590845,0.0034897850321322643,0.007121467539738857,0.010639052194067133,-0.010221930681092783,-0.005550822230575014,0.015858241209610435,0.014685424253395807,-0.01824818688708174,-0.013821765052805524,0.014104587862884266,0.008549679526340004,-0.015696358334796212,-0.011204922336969791,0.0027347165881759228,0.0016003871339980158,-0.003952667214714989,0.0005028364780290673,0.008266108459046961,-0.0011801983131115579
2024-05-02 00:00:00+00:00,0.000415063585462061,0.000415063585462061,0.00011113483890357045,0.00011113483890357045,0.00024911484735312683,0.00024911484735312683,0.0020142143347643415,0.004485213178395675,-0.005141656346854484,-0.0017280575531170017,0.0004080680695730532,-0.004791652964224347,-0.0023055169471178916,-0.0008963922977049954,-0.0007535107187859325,-0.0026545024267619066,-0.0020554794998940418,-0.0014083937408062575,-0.008326908606491656,-0.012515918487271627,0.00522563320477909,0.005510554553942448,-0.011960349578682639,-0.008295526342201986,0.009473726910898206,0.004420025669039873,0.006466586536628238,-0.007031939081945993,-0.0075882420961868036,-0.0040297429796074535,0.016435594586141633,0.004827860277881291,-0.017666960158281064,-0.010273604892092725,-0.008711186047847042,0.013903653557363782
2024-05-03 00:00:00+00:00,-0.00025007512184371805,-0.00025007512184371805,-6.010231706621294e-05,-6.010231706621294e-05,-0.00010677768773992291,-0.00010677768773992291,-0.0003028304754176814,-0.0014890966212020018,-0.002940066848138634,0.0031945412612757185,0.0035071628387557396,-0.0036159559769460836,0.0018771488906517142,0.0018222694470533263,0.0022661382728486057,0.00127009164431513,0.000980243384727908,0.002110354362476974,-0.004019278025834905,-0.005919484034682676,0.002431706133705802,0.009756360272350051,-0.008660352329133647,-0.005785501986319219,0.007463765932945954,0.011509132714177417,-0.005125575655157699,-0.0005654612097507616,0.0038146803672993723,0.006890517712987432,0.0025349623370141128,-0.001532442144080326,-0.004465382041293653,0.0011196520220138062,0.0037390508822929824,0.0025347850803814076
2024-05-04 00:00:00+00:00,7.20442313417724e-05,7.20442313417724e-05,0.00011757358938591089,0.00011757358938591089,8.337131580327117e-05,8.337131580327117e-05,0.00397179735495512,0.006223110879175264,0.006735085415337849,0.002354667076626571,0.00011210895110003172,0.0012599369977124297,0.0049834644755710755,0.004647477941235989,0.006016399410338602,0.004649607654746202,0.005883184861806834,0.005528513386872547,0.0089310506126552,0.009209361246772074,-0.011691681990544156,-0.009721187365176798,0.020339106519138284,0.01718762394131579,-0.020420311058411134,-0.011643408070772687,0.019551206477527838,0.018639514672360358,-0.020398124359655156,-0.01195652400554359,0.0014708528275932942,0.005138583486284043,-0.002248653502480824,-0.00495947273849584,-0.0022751995273796455,0.01954107431290919
2024-05-05 00:00:00+00:00,0.00010155371214293218,0.00010155371214293218,0.00012826163473333985,0.00012826163473333985,0.00010187334181965824,0.00010187334181965824,0.00016002530588221653,0.00880134572586222,0.0025667391703037,0.00174167468183839,0.0038569283836231705,0.006636386604656819,0.0057791449007214,0.006968598044676533,0.007154410520059384,0.007328279192307274,0.007377236609159343,0.0077792990134692985,-0.00758321006580942,-0.00492901769240206,0.0034689061635233553,-0.0009088912461224785,-0.0055693624719634904,-0.0017907223939154226,0.003138290790047016,0.004923546955193592,0.0036945143778235323,0.0019813028507222885,-0.0053372960805389,-8.900530638011883e-05,0.005866809165795184,0.011122459961644404,-0.0071120457017762595,-0.008258766298758324,-0.004323698980964297,-0.0010362056312915868
2024-05-06 00:00:00+00:00,-2.6441926215259315e-06,-2.6441926215259315e-06,3.798032324864309e-06,3.798032324864309e-06,3.284394560765236e-07,3.284394560765236e-07,-0.0023244322794969685,-0.0038514295346918637,0.004112391242117264,0.00017946007536284725,0.0022560446946435775,0.0063139570478008,0.0011149049027787683,0.0007888518134617772,0.004403295690253994,0.0024290639580741846,0.00279679992511217,0.0023937723534155353,-0.001590567040582691,0.000352961369028737,5.591268904314717e-05,8.686305557636942e-05,-0.003461072126348941,0.00016490240808852974,0.0011048538223421556,0.003728049448464832,0.0005634400358276448,-0.0010857453141162043,-0.0024472547255108834,0.0019940874514849938,0.001067848778011582,0.00041681280147409794,-0.003544824316836781,-0.002834146720790076,-0.007198650139142115,-0.007074678227587006
2024-05-07 00:00:00+00:00,5.2536773475386767e-05,5.2536773475386767e-05,0.00012739271588846357,0.00012739271588846357,7.819561301958267e-05,7.819561301958267e-05,0.0015450094164648487,0.0038491774180513527,0.003864158616085689,-0.002917709928743073,-0.001476057869432612,-0.0017704429704830105,-0.00036660560345558313,0.004220135811445758,0.0029752636081377126,0.0024962532402865723,0.002232822793972522,0.002445806585482879,0.0032869577134888583,0.007253971903474543,-0.005959246009114905,-0.0064658690532229945,-0.00336054582876133,0.0004333178719388986,0.0021548368573924837,0.0030025433244755817,-0.0034960688113715443,0.0007021607648873829,0.0030571711886531183,0.006344690359601168,-0.0014906363129199018,-0.0010265809244531798,0.0003399909740746665,0.007577393872120863,0.004970957367058881,0.004966710738484759
2024-05-08 00:00:00+00:00,2.7564214156949873e-05,2.7564214156949873e-05,0.00010534224745972764,0.00010534224745972764,5.710926299373753e-05,5.710926299373753e-05,0.00383763087054545,0.0002342075893488893,0.0012967087473394479,0.003640045088288524,0.00093573586197504,0.0009567515166912788,0.003192881877232656,-0.0009719546650104327,-0.0029049496360389337,-0.002584857670052676,-0.0022223800064772314,-0.002154060604597441,0.002087547866711059,0.004102857407849658,-0.005502856934629596,-0.005503134542283461,0.0029660099143795637,0.0019979732992132515,-0.004429593751127614,-0.0036439335139279994,0.00805403359437773,0.009307021034551832,-0.009288270340936156,-0.007416766349737203,0.0017682549218414056,0.004766040621083212,-0.0026714737769724106,-0.0028720831082099663,0.002875863311860405,0.002390895006367799
2024-05-09 00:00:00+00:00,0.0002577932897767088,0.0002577932897767088,0.000158407253899151,0.000158407253899151,0.00018878434663749388,0.00018878434663749388,-0.0025702095463728813,-0.003385403276588539,-0.001102224146187658,-0.0014230859311454847,-0.0005099977115985421,-0.0017963195419229416,-0.002548680084935251,-0.00282785326580004,-0.006096707409903868,-0.00633747477992741,-0.0063994098725090875,-0.010223075012797955,0.00106178257201206,-0.0072123323080952595,-0.0041864985590429615,-0.0005409068562503005,-0.0010766451856389914,-0.003872050189548726,-0.001214905099026664,-0.0004068743988191459,0.012497407963853568,0.004022349766702682,-0.014278419893683503,-0.008982642733760038,-0.006448477691672561,-0.0014067808245407099,0.006555788694869724,-0.002282479837991347,0.0024973341908092195,0.008274285814474869
2024-05-10 00:00:00+00:00,-3.204420136693198e-05,-3.204420136693198e-05,0.00018693955699955467,0.00018693955699955467,6.283683743801838e-05,6.283683743801838e-05,0.0012594032489330331,-0.0013766063239591952,0.0016261732022362363,-0.00023494244314403723,-0.0007348714007238133,-1.3009054485424443e-05,-0.004174252364868902,-0.005314244381594779,-0.0032489617728210796,-0.001699179826748498,-0.0014519245127009306,-0.003187875578102406,0.0007980373661220508,0.0008955689269196654,-0.0030867314463562945,-0.006576915948565909,0.004259865882103586,0.005436056114215049,-0.00587718785492608,-0.007617872715819596,-0.0023177844758370814,-0.003309171831100799,0.0008574161367866928,-0.00033802983854103186,0.004506428536876328,0.003863587844962435,-0.005322316240258362,-0.007813337102478224,-0.0006575360572262934,0.00032945743365830893
2024-05-11 00:00:00+00:00,9.56973005490358e-05,9.56973005490358e-05,5.3258915347020874e-05,5.3258915347020874e-05,6.776500472027713e-05,6.776500472027713e-05,-0.0015205437597214377,-0.0032302698120452167,-0.0017625358572854743,-0.002486245964643863,0.00026823960989763584,0.0014458892160382764,0.0015334007304865782,0.0016974375230254246,0.001882672788327877,0.00016879926917701127,-0.0006576178778211483,-0.0003904922098251218,-0.003321996431662977,-0.002611424952970065,0.00028824912835179184,-0.0013152998443881625,-0.006330520496901082,-0.0014838007315970403,0.004879096550782114,0.00022539872409543804,0.0005198903070555705,-0.002436598518762545,-0.002058208516063198,-0.0013981708186063813,-0.005278617288476561,-0.0038906211574253335,0.004927328239612949,0.002978171828224685,-0.0023429845560111184,-0.0008161519803314699
2024-05-12 00:00:00+00:00,1.446047480935242e-05,1.446047480935242e-05,0.0001232927705452358,0.0001232927705452358,5.8379969025690315e-05,5.8379969025690315e-05,-0.004427276773083522,0.003722612634126543,0.004032448765975305,-0.001298295746655742,0.001393840012267944,0.004783740717567264,0.0007606112855669256,0.0020393709148120998,0.002248901776025658,-0.0006067404211415051,-0.00033421555889567856,-0.0005305452119487297,-0.002541501518635525,0.0010607506410063028,-0.0004350059872322287,0.0004084237122696788,0.00012782466669603032,0.0035328961044573948,-0.00122205029686695,0.0032288450568840332,-0.002845907577092799,0.0005540281896272425,0.001003639238096099,0.0025701655805756563,0.0005502383598061655,-0.0021465269517625396,-0.0005994664129894689,0.0009312506798992981,0.0027769018091376996,-0.0016040782058163172
2024-05-13 00:00:00+00:00,0.00020709395629792127,0.00020709395629792127,0.00016194023104820765,0.00016194023104820765,0.0001661504324386165,0.0001661504324386165,0.0006838042662407062,0.005391922835219942,0.005395560521860965,0.0024612192394151133,0.004621180871246633,0.004957620442603394,0.0008716879009742495,0.0012927698184197478,0.0010197452915325922,-0.0005356614579201668,-0.0017717980726722482,-0.0019916693381443196,-0.0008447195290558485,0.0024286295297104576,-0.0014099465327188643,-0.001085902173128872,0.00022559243730713163,0.0046120465833390245,-0.0024742048286761076,0.00015193799010271292,0.0013703674785088271,0.004642849381703229,-0.0028972726808152993,0.00018067015449974022,0.0014387882302517863,0.002485762749665499,-0.0024858209843685586,-0.0007020133857711386,-0.00012925866949142772,0.0039321615504328555
2024-05-14 00:00:00+00:00,0.00013661897141403756,0.00013661897141403756,9.931022868436834e-05,9.931022868436834e-05,0.00010646930918678521,0.00010646930918678521,-0.00012021645051740748,-0.00064250367269858,-0.004687937629807681,-0.004028857019882204,-0.002626594600847021,-0.003393924286285599,0.00017135291587533352,0.002979018159725122,0.0027679587797251326,0.0022521026786785914,0.002303659371147848,0.0009736520950753835,-0.0007980497637126716,6.914419915893255e-05,-0.0014839893228785206,-0.0023531264402695262,-0.0017634683185214772,-0.003700600931281328,0.0005456214270387338,-0.0017563792207690998,0.0016443406481705392,-0.00248752105126393,-0.0024711827821705112,-0.003011777385174219,0.0010359683889664684,-0.0031653352874703167,-0.0010587666233775606,-0.00031063406140019456,0.0012232863224894697,0.0032706107144773178
2024-05-15 00:00:00+00:00,0.00011494617996588019,0.00011494617996588019,9.824061524277283e-05,9.824061524277283e-05,9.571515138828701e-05,9.571515138828701e-05,-0.00032455509695561435,-0.004138654193403091,-0.005370938102622125,-0.0038908322462103406,-0.0033591682461938666,-0.005289811095564478,-0.0046893096859055294,-0.00242711153244346,-0.001728001609994867,0.004868447613637139,0.004199660561023499,0.005376393245033917,-0.006481571926553631,-0.00572276971772856,0.003762437988476197,-0.000248829785174709,-7.886114925359511e-05,-0.0014814524035215992,-0.001039461885995574,-0.003957638772725258,0.002656425017332653,-0.004874613704161868,-0.0029758717094444664,0.0005169725329592367,0.0016006392863308072,0.0008170708533674631,-0.0026671167489039638,-0.0042957993447708676,-0.00705108396038745,-0.00904997727228729
2024-05-16 00:00:00+00:00,5.522492139431456e-05,5.522492139431456e-05,0.00027669140217967403,0.00027669140217967403,0.00014185499520458222,0.00014185499520458222,-0.0032506479018704626,2.7923184311440252e-05,0.0003080285886762901,0.0012543457775018307,9.333923934251587e-05,-0.0005914954848773579,0.0035327509747433705,0.0039773818418318285,0.001937614814669253,0.0034588464802152163,0.003595209100371255,0.00244989438083576,-0.005006480599047181,-0.0010090497486642258,0.003035276032250067,-0.0026715210473834405,-0.003925970023252567,-0.002159068309503076,0.0020580557364766605,-0.003658660376478773,0.00471037707346178,0.004968302601267016,-0.0064399300389970104,-0.007601282505852014,0.003039119515260591,0.004925356670754555,-0.003874856958809736,-0.009392679068782384,-0.010223354690190867,-0.012361180597448063
2024-05-17 00:00:00+00:00,-3.9223714480174365e-05,-3.9223714480174365e-05,1.8773735096067057e-05,1.8773735096067057e-05,-1.0812452908681713e-05,-1.0812452908681713e-05,-0.00969444741186054,0.006246771580335375,0.014070881774183919,0.0107275426086475,0.013525607463775513,0.014077677916817244,0.009652016120448526,0.012030873107093054,0.013039196940651143,-0.003075773377530955,-0.0016595872269810075,-0.005224662416718484,-0.012991054337984864,-0.006070822749620675,0.010154216129007132,-0.00973600816886111,0.018869979700980588,0.01805772503480929,-0.019986320721665507,-0.021054862958013176,0.01950176604240128,0.018470236766334747,-0.022181760160439157,-0.024559072877174737,0.009740847917372841,0.010399705050511798,-0.010660204712962251,-0.017858009739256886,-0.01221953182098634,0.0058383662301926265
2024-05-18 00:00:00+00:00,0.0002210733052026015,0.0002210733052026015,0.00011425766515227309,0.00011425766515227309,0.00015288504257049418,0.00015288504257049418,-0.0018764757008130628,0.0027826012712690584,0.0035491226485036,0.011726741937639451,0.004756554640196864,0.0033558616017328458,0.006158103979563734,0.005947637246253468,0.003818578537266415,0.004361078006864583,0.004474935697541982,0.007067793060740124,-0.0010329241600959271,-0.0006722151510561991,-0.0017631221117229146,0.00255650409193775,-0.006111036731916375,-0.006903011314406515,0.003793451365527334,0.005127605530222068,-0.0015850890267165019,-0.001340109569239245,-0.0007869948862387899,0.0022962988347254853,-0.002692017125251578,-0.0018720328851501433,0.0013940789290476374,-0.0010377625026731785,-0.009635523316782857,-0.005662680545189369
2024-05-19 00:00:00+00:00,-5.3848628811525856e-05,-5.3848628811525856e-05,6.601676791739841e-05,6.601676791739841e-05,1.968290590514954e-06,1.968290590514954e-06,0.003720860271869686,0.0021857732187720025,0.0004902844173300114,-0.00022557824146374195,0.0007471283581097499,0.0006503615155095677,0.0016906512790828554,0.0030273160379170605,0.003297132777249523,0.0007879894182980518,0.0023489057411165692,0.0011907641203134922,-0.004136124491530224,-0.0022005478989226557,0.0010414435066583572,0.0007197367773628116,-0.0014537462981175642,-0.002167450069256449,0.0007221459650079698,0.0031264704575220126,0.0008302768764518742,0.004003440432518213,-0.002446316228925216,-0.003746372616985294,0.0051306284906347255,0.004231023457228256,-0.006065492372951176,-0.006704225463699975,0.0016497802100061687,0.004706505452190424
2024-05-20 00:00:00+00:00,0.0001193583230261197,0.0001193583230261197,9.409189913323068e-05,9.409189913323068e-05,9.608358591250976e-05,9.608358591250976e-05,0.006645796227713108,0.006076204977816024,0.005763697109346655,0.0040355070161426365,0.005810307185126096,0.016547297430714147,0.01583487304103759,0.016292351937087002,0.013779001875224628,0.011187116951372644,0.011289153909457061,0.010403107400046574,-0.010168934818153508,0.0005577659892341824,0.00889506697143827,0.010179902638310923,0.0010870995803005101,0.0031087456591130103,-0.001669256524351237,0.01290164365687807,-0.0062413230958207055,0.0011888934063075673,0.005218556780757444,0.015444888738788576,-0.00246804116970456,0.0046234631715162955,0.0012949189143125484,0.012019796751189027,0.0052961135297686646,0.00972920341246275
2024-05-21 00:00:00+00:00,-0.00035650396954245434,-0.00035650396954245434,-0.0005500141240435408,-0.0005500141240435408,-0.0003993741324748168,-0.0003993741324748168,-0.003366064770791155,0.012443491798633577,0.016084203892708038,0.008008047642753313,0.005756267542432081,-0.019360989474842882,-0.004314070648246515,-0.01871359493400948,-0.014756343793130622,-0.01835992265218911,-0.01542808306429344,-0.009592231472833612,0.008218576729737359,-0.00372677742704286,-0.010169967576336814,-0.007513914865681981,-0.01908642502989588,-0.023681447308466552,0.017338769928524345,0.011625395407484751,-0.003981447226589552,-0.0200109486673391,0.0012108614477037705,-0.0007711690381483338,0.030011932203369174,0.02079414168480609,-0.03148446788349091,-0.02654011155585101,-0.025625477487770665,0.01175684593833859
2024-05-22 00:00:00+00:00,-1.8827734475035385e-05,-1.8827734475035385e-05,-1.5162060921447562e-05,-1.5162060921447562e-05,0.00018150341149980598,0.00018150341149980598,0.005235009932424095,0.002221963303488783,0.004496090584734214,0.003760065140990365,0.00889650665623054,0.003793850050708203,0.002929681939784601,0.0012063545291789435,0.003155919387564765,-0.003931042647649874,-0.0015850065606629604,0.0008504784066487581,-0.008733943220163742,-0.006364983068410712,0.005844999003110862,0.008248977908744681,-0.0030283215177612233,-0.004366361863486601,0.002100481672219212,0.005417146189461874,0.0017075205183094688,-0.0029083933345351864,-0.0030132485897741423,-1.105387335087471e-05,0.0020933125818771714,0.00501823941395152,-0.003847002770613339,-0.005407297831097613,-0.0005524464730706224,0.0016026920842051595
2024-05-23 00:00:00+00:00,-5.087022977889877e-05,-5.087022977889877e-05,0.00020738906792860945,0.00020738906792860945,8.02140778290994e-05,8.02140778290994e-05,0.00020259033422509454,0.001325478909487865,-0.0010711834001145837,-0.0009963557026531067,-0.000792600098932783,-0.0032219076213196862,-0.005246365646745299,-0.004074912862244706,-0.002690719791365259,-0.0027612083557182476,-0.002228691018080209,-0.0005603144771011426,-0.002531417647602341,-0.0027117897469993713,0.0008863577316886584,0.001975950257899095,0.0003560634993378109,0.002230449343772367,-0.0014674172793334161,-0.004215203172463489,0.0021796116322265746,0.0030667685871170747,-0.0030958445120485845,-0.002627273665215757,-0.0050603965469929735,-0.0032793426890231903,0.004519490328133147,0.0025250128589744403,-0.006656022013151297,-0.005332786258015032
2024-05-24 00:00:00+00:00,0.0003009655815318091,0.0003009655815318091,0.0003363401581284453,0.0003363401581284453,0.00034112918332418474,0.00034112918332418474,0.008006810208656345,0.004145125778064251,-0.0062483416285780136,-0.012750084190983335,-0.009409139161104974,-0.0030421152593917977,-0.0008485020972438528,0.00171175942373325,-0.003126551754127349,-0.009926760878418928,-0.006773991048851902,-0.007893769259705419,0.012728003444149705,0.015203303215424624,-0.015013687144944887,-0.020371173569839196,0.000945452867721519,-0.008728940105317995,-0.0023140556224260367,-0.001793269234682704,-0.016641790375812038,-0.016291358067932915,0.016238404085076485,0.0075013581136853524,-0.008639974484492496,-0.007477793875625083,0.009147051369479353,0.0048830234030072805,0.018495602881260842,0.020660473862209816
2024-05-25 00:00:00+00:00,0.00011663957819418869,0.00011663957819418869,0.00013151419728685276,0.00013151419728685276,0.00013281015263255647,0.00013281015263255647,0.0006905894887172526,0.008637292593483004,0.0029408909168024966,0.011823358341178869,0.008690986751853869,0.005620179730569941,0.020981619294319298,0.01898261187007666,0.019775813549249843,0.021117030210604515,0.02024274435191531,0.018222162613265924,0.0019207452566694094,0.00198414219859111,-0.0055837460812265816,-0.0048836880386389225,-0.003044075836667548,-0.004578203777595435,0.0034023212774403344,0.0046333236140470024,-0.005261772432080258,-0.005182879340681179,0.003976694322703311,0.0035420684057601015,-0.004140572386625241,-0.005673284493995956,0.00313794027038905,0.0020033012266276184,-0.0033593739973226677,-0.004224037290569194
2024-05-26 00:00:00+00:00,0.00021566689561303143,0.00021566689561303143,7.376562057759273e-05,7.376562057759273e-05,0.0001571626563292572,0.0001571626563292572,-0.00028075449959974463,-0.000707077222876884,0.007766104464226098,0.006657424083100327,0.005772870912544192,0.007052033102125321,0.013738989563850001,0.013559814835906847,0.013579497881952785,0.010546312642206512,0.01162243495480264,0.011388467893569176,-0.011797888003438728,-0.014068015774729381,0.009570589928984852,0.005386386361287965,-0.007974934203170192,-0.010747183443198804,0.005969674706545192,0.005338926965066992,-0.0066040556054847155,-0.010357197902947535,0.005623801600956213,0.003961604725676082,-0.005643662911173131,-0.007177681265033153,0.005051587302640215,0.006442475615277665,-0.006228670891106569,-0.012796348778578492
2024-05-27 00:00:00+00:00,0.00019537809086678237,0.00019537809086678237,0.000268887598867229,0.000268887598867229,0.0002478154315614933,0.0002478154315614933,-0.002110698567298175,-0.0014694924980415136,0.006226931393491508,0.006654088653911483,0.007489839177561297,0.0030126686012541537,-0.0005333231035780095,0.0003995920971335831,7.468524305065394e-05,0.0004962283230975917,0.0015128705944809084,-0.00012824211422579612,-0.003042907365672365,-2.52934654342285e-05,0.0014730480928044631,0.0024669849007596945,-0.00166876098544122,-0.0012794611034737668,0.0009839680654484262,0.004238309359354986,-0.008429908958690668,-0.004599189281466409,0.0074772189964265046,0.009078398362381224,-0.0027115781558282315,-0.002571654347610308,0.0033149218440480244,0.0017698542830930641,0.00016385426640441736,-0.002943426776875091
2024-05-28 00:00:00+00:00,8.76663050513038e-05,8.76663050513038e-05,4.980468004056604e-05,4.980468004056604e-05,7.422630542919251e-05,7.422630542919251e-05,-0.00869194424123787,-0.008908565637598564,-0.009233699991083255,-0.008625658717687612,-0.009838923035597302,-0.009875384694370215,-0.003911116499423772,-0.006506756673424374,-0.006081168030555362,-0.004254350822034847,-0.0015531142259690434,-0.0010922093115726117,0.015116435353635493,0.0029884211339983313,-0.017224756406128527,-0.0146378254755678,-0.0044432706909818265,-0.004804461000338156,0.0026250300981327523,0.0005549677416376575,0.01478438379825242,0.005360041426567763,-0.015450994471657431,-0.01833048362813272,-0.0014813078412618808,-0.0024923266363595653,-0.0013535768367833878,0.000629520940075512,0.008561681560083745,0.00698324966546382
2024-05-29 00:00:00+00:00,2.4692917369284473e-05,2.4692917369284473e-05,0.00014742266124234682,0.00014742266124234682,9.05113285507575e-05,9.05113285507575e-05,-0.0032904002932612197,0.0007946590430794043,-0.002446883262038013,-0.0011339627834894284,0.003775660585299212,-0.002538192964064101,0.00014423628592674653,0.003696168037384151,0.005534571228166918,0.006269968679610827,0.006722204099564699,0.0019893938917128207,3.690642053455484e-05,0.0030327452725644743,-0.0036193923998011357,-0.004598388291530253,-0.007455444833202818,-0.007397175387365396,0.006223239573312167,0.002702933075928282,-0.008472911026856988,-0.005698612005701764,0.007715568356994051,0.0066057229799347805,-0.010028086506349121,-0.008512936999391041,0.009885595626869526,0.005774075720054839,-0.003170768174783567,-0.003489686136552539
2024-05-30 00:00:00+00:00,0.00020764546073714918,0.00020764546073714918,0.00023755593070839964,0.00023755593070839964,0.00023821184121985972,0.00023821184121985972,0.001901528416224707,0.0019099872904344561,-0.004319103153857529,0.005039614004954007,0.0012573825797486116,-0.0036575547654621454,0.0045750128134101065,0.0016162469161207227,-0.005184251133628193,-0.006357574311208536,-0.005525519488534192,-0.0007725486223588707,0.005004997681189227,0.0033258797042723387,-0.007752794708605459,-0.005986650895846601,0.007759216867434526,0.007037070160258452,-0.00793996559743948,-0.0028310318384944244,0.006971100661853358,0.006671958872638939,-0.007796012216666148,-0.0046576991475109075,0.006366607089596021,0.005572043120396719,-0.005685423982925264,-0.004177576927143711,0.0027953180614705975,0.007609944070823493
2024-05-31 00:00:00+00:00,5.2981366522875106e-05,5.2981366522875106e-05,0.00023018400854724064,0.00023018400854724064,0.0001492652917078896,0.0001492652917078896,0.0007990623454010581,-0.004210713665989019,-0.0035178853442997537,-0.0008655836283845142,-0.0012027170290687117,-0.0005074585629296635,-0.0018426474740826926,-0.0012653986254925753,0.0006307759060819595,0.005450757528317363,0.0050731158293948475,0.0037615933146413205,0.000319121917451648,0.0012002492967981837,-0.0037516216801596336,-0.003551123021589664,0.0009609639486114485,0.002459638910946138,-0.0032426668851784912,-0.004502949770013531,0.0004405372881790548,-0.0012383214886574345,-0.0009182670844269936,0.0013519380285009763,-0.0011977972013007543,0.0006028611406703188,0.0006117434519985476,0.0011878389223882735,-0.004852608155027527,0.0009087201410171719
2024-06-01 00:00:00+00:00,0.00024084165927229506,0.00024084165927229506,0.00026109984526478947,0.00026109984526478947,0.0002687567959402948,0.0002687567959402948,-0.004282150199206192,0.005480534403092596,-0.00183208765552767,0.002646410768369689,-0.006704513254956246,0.001002188321578501,-0.0063133293585493355,-0.007082586137970637,0.0010362764974447547,-0.014154723959001636,-0.014484284136155767,-0.0044364906119658265,0.01285594596407913,0.012171889616042542,-0.015085046949733338,-0.019185510024433028,0.011007751026504087,0.0037160962551199272,-0.013746988054745501,-0.01601939890494486,0.002465452726066575,0.001004048233381738,-0.0033466413421185948,-0.007667595234480684,0.004449493347914002,0.0040631211310624415,-0.00504253770206331,-0.007859558266637534,0.00285694597530628,0.003176984050373477
2024-06-02 00:00:00+00:00,0.00018216338569976287,0.00018216338569976287,0.0002597293524890798,0.0002597293524890798,0.00023575608635328926,0.00023575608635328926,-0.004095175695111086,-0.0012594793552748174,0.002136210914001513,0.002689162970273218,0.002903714834422866,0.0010022382871075486,0.0009323174504041187,0.0009939187780632075,0.0032617700629704593,0.0016098173271059668,0.0017497360825966535,0.004804955459964733,-0.0011242410732940078,0.0004432719609142044,-0.0018721548168060265,0.002376235726862186,0.0008878220592538622,0.0018875712396588806,-0.0024929818083552213,0.0010545479947456915,-0.0014518624408736969,0.0014876848450680047,0.0010591510452901964,0.0011157766492086996,0.0014722496622756598,0.002513321074607555,-0.0019530915515593161,0.0026085279549719065,-0.0014045072345051368,0.002117770041367706
2024-06-03 00:00:00+00:00,8.717293776450141e-05,8.717293776450141e-05,-2.0248231652364446e-05,-2.0248231652364446e-05,3.738701632838293e-05,3.738701632838293e-05,0.0004383314985973996,-0.0041989585721949885,-0.004265612042188227,-0.0003177837002408257,0.0013529134379404173,0.0017314969590904727,-0.0006331649691843078,-0.000555112945729408,-0.0006059456994573775,0.0010958516503611904,0.000999218537727442,0.0009520652779504424,-0.009723510750108577,-0.007252803007410935,0.006577735360448589,0.007001069575455432,-0.005935994239631537,-0.0032908223656226143,0.0045131319865030495,0.005577523110748217,-0.007934298911489446,-0.0038266243233666675,0.0068418459539194565,0.005564459722615656,0.005677914243304327,0.0036500291322683065,-0.005547870069915084,-0.002531583669454829,-0.0027155726047149997,-0.004322985960974246
2024-06-04 00:00:00+00:00,0.00016691872403962194,0.00016691872403962194,0.00033239798103634755,0.00033239798103634755,0.000265286157302036,0.000265286157302036,-0.004420358136940639,-0.0018264048984895087,-0.005051051032578635,-0.0032813878572710564,-0.0033178476873580998,0.002873203315481687,0.006296784129383726,0.007774609172282343,0.009407373948731923,0.008779788283566736,0.008429528649934959,0.007790850044952169,-0.010386030371912547,-0.005197498829982994,0.008743425850820996,0.0038250018515635364,-0.0009050676709732031,-0.00045357482599051036,-0.0002460302406543935,-0.005484887573243613,0.0006922500528587783,-0.0009227091001804411,-0.0014913221749877081,-0.004494535783847398,0.004445552126078667,-3.193558138980812e-05,-0.0038877624682005507,-0.005934165455502183,0.004705616542857172,0.004704655244229139
2024-06-05 00:00:00+00:00,0.00014172592413475016,0.00014172592413475016,8.472564474892863e-05,8.472564474892863e-05,0.0001221763011893806,0.0001221763011893806,0.005655638327265011,0.005094254369812257,0.006106656442281366,0.008803796942244535,0.008140564349976342,0.007169684019138645,-0.00013545600404418767,0.000367411385301164,0.009899327448257722,0.01003088781708783,0.010122237144556179,0.010559989217441501,-0.012807166235400014,-0.009838805774161519,0.01056298481563922,0.017900272432699538,0.005409160212193287,0.008853540074229782,-0.007440478106011339,-0.015339166202895438,0.007324238330699284,0.012283360993944337,-0.008634605391000916,-0.018262544901342714,-0.024241187361909833,-0.025220474230254974,0.02742662541387131,0.011347206020354328,-0.009057289564113558,-0.0038047903154473373
2024-06-06 00:00:00+00:00,0.00031577857877129745,0.00031577857877129745,0.00024619552918858645,0.00024619552918858645,0.0003021843848058925,0.0003021843848058925,-0.007660179653557586,-0.006685650004687682,-0.007356525972911809,-0.0060071623323915135,-0.0027984525456689058,0.00042500048096005827,0.0010422813346053772,0.001543443278904988,0.001964625525510355,0.00424728304455857,0.004014936774110689,0.0037079711318017683,-0.006048656165866251,0.0013148881584792438,0.003979723971425653,-0.001279413781605343,-0.00535340466839207,-5.542178001782805e-05,0.004263883722043227,0.00021445717218226967,-0.004477896451895225,0.0006522079694197824,0.003253849051453539,0.0010097565338984538,0.00399205250532364,0.005059339862314216,-0.004489225871612157,-0.001630481564387054,0.0038574643815918463,0.009477650597795373
2024-06-07 00:00:00+00:00,0.00012071492124765548,0.00012071492124765548,0.0003074899447661483,0.0003074899447661483,0.00022686147135764223,0.00022686147135764223,-0.0029398764360146767,-0.0036103925008822424,-0.007363936350943678,-0.0067571488155174775,-0.008590142975716697,-0.007101466479437213,-0.00604699159115174,-0.006041094729523744,7.43321127818497e-05,0.0021399536967499078,0.0021781016453417124,0.0017914265653160566,-0.010174858681196386,-0.006319500048128979,0.008402269306234,0.002611842027686162,-0.0065443541675705985,-0.0005513180160315878,0.005726621050923031,0.0018289588874977891,-0.006236676326015322,-0.0024824527665411322,0.005439635990565517,0.0024377939595050524,-0.0012974758705286416,-0.00012188857386530305,0.0002232410712179611,-0.0020441816657599254,-0.002130725452917037,-0.0009858366274935193
2024-06-08 00:00:00+00:00,0.00021558949271893724,0.00021558949271893724,0.00031227363370356365,0.00031227363370356365,0.00028154817037706614,0.00028154817037706614,0.010483884424950185,-0.0005718328533504957,-0.016414166964936805,-0.00557798278925381,-0.003076204056901344,-0.011840792913385023,-0.004651605881954013,-0.01101417782576275,-0.008937008173929173,-0.010343212976173022,-0.009303129053456316,-0.01139258246384145,-0.009138596197089122,-0.003979704909615744,0.006422974407704896,-0.0002886645359871931,0.0017218367006270885,-0.0006330958319036295,-0.002893178254147033,-0.0011816807354358971,-0.018141833584407352,-0.007090367810917209,0.017523551078322486,-0.00023536870068585625,0.00694063443773052,-0.007902549227447153,-0.007599761476800748,-0.002499633449614902,-0.01353316482793998,-0.016490177042750687
2024-06-09 00:00:00+00:00,4.266800485686062e-05,4.266800485686062e-05,0.00028074946166922743,0.00028074946166922743,0.0001699866994835375,0.0001699866994835375,-0.0030454704383952036,0.0009506766770652764,0.00032311691187225655,0.002126074805186784,0.001230294681451305,0.0034089007474493727,-0.000284448021732997,0.0009675583997286186,0.0004002880117879304,-0.0009826257131996252,0.0006241708705265747,0.0012556287181253456,-0.0032556423610516916,0.0018109746840189178,0.0016353440126464225,-0.0009201289388860445,-0.003690124058551514,0.0013233816473825488,0.001746563297881032,-0.00042048376698888834,-0.008422622552439307,-0.0014917329624541953,0.007722012339416384,0.00531397059376526,-0.013976327616038065,-0.009143999588717255,0.014291410928916504,0.009700500208293938,3.106612900682926e-05,-0.0014121976922066848
2024-06-10 00:00:00+00:00,0.0002659974684597888,0.0002659974684597888,5.114038872755522e-05,5.114038872755522e-05,0.00017297210964595244,0.00017297210964595244,-0.003411394119044786,-0.004450599455323889,-0.004260111604215688,-0.003614365773157324,-0.003283258863894023,-0.004693761329193524,-1.8415764344137386e-05,0.00020845794496038295,-0.0019542677263691965,-0.0030277859276965913,-0.003054031960145309,-0.00412996058405779,0.006745691258422726,0.00443136801850974,-0.00938711524814051,-0.007455744061672376,0.0014339847155406815,-0.0024563779699544597,-0.0025483300165926037,-0.006260024012980314,0.008299760372326492,0.004798267448369753,-0.008367431696557737,-0.009804760395517254,0.008464569239232,0.0027916325915655626,-0.008741403321232188,-0.008707722699983877,-0.00462691895172862,0.002140657787507161
2024-06-11 00:00:00+00:00,0.00014712578256670383,0.00014712578256670383,7.728082396063485e-05,7.728082396063485e-05,0.00012124760458331885,0.00012124760458331885,0.0002162361306738969,-0.0064259819956082875,-0.004936342179713726,-0.011363891184104191,-0.005822020351945123,-0.003843869945961531,-0.005461905673114109,-0.005947393513657695,0.016243417449700592,-0.004319420677975305,-0.0044341814507229405,-0.005263812915795696,-0.002841658240714806,0.0020543128500838392,-0.000876357071438183,-0.009275912420692478,-0.002157365370088038,-0.01023366722888186,0.0015031204741111637,-0.013754386705663646,0.002700182266625717,-0.01190041705990541,-0.0027880921976186634,0.0030395661918434236,0.004408094984764244,-0.010237173861229576,-0.003578807488444302,0.0014167614061331157,0.003672232018989252,-0.009179357208114913
2024-06-12 00:00:00+00:00,0.00022747496439334824,0.00022747496439334824,0.0002711855225614457,0.0002711855225614457,0.00026663017921113585,0.00026663017921113585,-0.009055056827280694,-0.011142431255004026,-0.009780072482890256,0.00833097411057393,0.008863978550097018,0.011808934783263725,0.007693944143762899,0.006420284260669984,0.008128529815606411,0.007548880764778998,0.006695479221041856,0.00818860033161406,0.008510661960940746,0.011653754397599858,-0.01079265765911297,-0.011951300497714534,-0.0017279865267143535,-0.003858557506658311,-0.00037112545826334387,0.003999531818443813,0.028666571501790417,0.023835891132428344,-0.028574478683125237,-0.021497044444885316,0.02739129518060368,0.022468527007577066,-0.03009426478812205,-0.022240262188836457,0.007934625567639797,-0.005417790955065893
2024-06-13 00:00:00+00:00,0.0001439142639150237,0.0001439142639150237,0.00021607237584109207,0.00021607237584109207,0.00019190847029770808,0.00019190847029770808,0.0080602068104072,0.006793455510555546,0.01099754369989503,-0.00401562045721815,-0.0023535181959603024,-0.0032333073405876878,-0.0013307486197973173,-0.0057185778829628164,-0.005694752719364815,-0.005345720951644206,-0.005024142459581715,-0.004625722640339225,0.013204633663434384,0.014612196722709303,-0.015202087721261415,-0.014437295864815125,0.01193484783694454,0.00020829280482304036,-0.01414062979711661,-0.014003755051896438,0.005385019432522009,0.005214541526601613,-0.006810979534756734,-0.003366031235099043,-0.015836872249826217,-0.011905306037838681,0.013526339924966324,0.012272241888631408,-0.003007369711081842,-0.004158180151857538
2024-06-14 00:00:00+00:00,8.822342549974493e-05,8.822342549974493e-05,0.0002121612735028755,0.0002121612735028755,0.0001592393288689653,0.0001592393288689653,-0.008498573771003937,-0.007770509261215364,-0.01573091381598979,-0.009615159483982838,-0.010070542271492067,-0.0026751155123999615,-0.021767693578611635,-0.021664635485101336,0.002060390235535392,-0.01933483563498284,-0.020385507866090502,0.003089422329840552,-0.017366041685746403,-0.017849984429949672,0.013969478466812735,0.010363180331777633,-0.020284627938889854,-0.015925672059425855,0.018445720315287906,0.011247128823514974,-0.012689759248306065,-0.01974144623913876,0.010508804055414656,0.012452564842666103,-0.014138887796893762,-0.022898785795538168,0.013308959652359675,0.015569263973904457,-0.0201866159338423,-0.007084402516543853
2024-06-15 00:00:00+00:00,0.00026555370331782235,0.00026555370331782235,0.0002868674751590472,0.0002868674751590472,0.0002957461389043736,0.0002957461389043736,-0.00025208025473999474,2.99381994675052e-05,0.00020763867936390845,-0.0004894278911261596,-0.0010123096969868461,-0.000763944215686041,0.004670506377360439,0.0052050082229286865,0.007231552098673877,0.0016133592974936217,0.0026111723371311513,0.00421319988971236,-0.009391285860000487,-0.0011268382720108772,0.006241724438588392,0.007266726309637761,-0.0017854787937572336,0.0009408593823228006,0.0018418072078008052,0.005153263259103147,-0.002109040294695941,0.0007907764008612261,0.0004505069225066993,0.0038198658337740277,-0.0011525993486120045,-0.0009018113975317599,0.0010111040806999316,0.004613264823851271,-0.007301594946048984,0.010316965699267655
2024-06-16 00:00:00+00:00,0.00021036620670655815,0.00021036620670655815,8.58286292297894e-05,8.58286292297894e-05,0.000160472002446177,0.000160472002446177,-0.005060650077096329,0.0021025140089518946,-0.0052882544058096,-0.0041441953663424735,-0.004646475182231491,-0.005188638981991844,-0.004863490576309526,-0.006024429901837047,0.0074764455103837335,0.00802526411846105,0.006326890099842997,0.007862777428339296,-0.017264664842246535,-0.019824053815535647,0.01656679383811621,0.009074317671642795,0.0026008874248495406,-0.0007318186791458459,-0.005284025043434726,0.00023349242730374975,0.0008403705435615638,-0.0031021522743600594,-0.004565161160212439,-0.002163478357518178,-0.001989351911618642,0.0009329156656427973,0.0009318819228179009,0.003499941179607946,0.00038926770353842066,0.015597678840119311
2024-06-17 00:00:00+00:00,0.00020088509700655344,0.00020088509700655344,0.00022359298181928722,0.00022359298181928722,0.0002271538557259145,0.0002271538557259145,-0.0018839834293084001,-0.0010622764637155946,-0.0015523706233991907,-0.0002636097472530352,-0.000570365796720651,-0.0012732850193065692,2.8829346743863837e-05,-0.0010338039058159776,0.0075145609404572156,0.005779281825652793,0.005184160011626693,0.00712550255846045,-0.005970911385443034,-0.010193420632594208,0.004493075552306713,0.007595512109932923,0.004883827235605098,0.001928901636157665,-0.006764239874761935,-0.0019461549577847181,-0.0005530314273093362,0.00019295964780785546,-0.0007463416044464211,-0.001255740614096168,-0.0006475554326442756,0.0016779349099045326,-0.0006778588750686598,-0.0020200945188142416,0.0006119052486446286,-0.0022490828511677607
2024-06-18 00:00:00+00:00,0.0002001242891094268,0.0002001242891094268,0.00018448368070811405,0.00018448368070811405,0.00020632278740695398,0.00020632278740695398,-0.008519348840054342,-0.008328513618300781,-0.007037078335857649,-0.007185904533587362,-0.007928033164227188,-0.0059636122709588735,-0.007294403528463778,-0.007025040672045457,-0.008919427926173173,-0.00431151893757542,-0.005087867155687209,-0.005857936856719648,0.009620267350034517,0.0037096874943536307,-0.011680061520813245,-0.006905517114256687,-0.0070399295286249775,-0.0008755621718887774,0.006606495128080869,-0.001229125352742222,-6.884749717406269e-05,-0.0025975822041476304,-4.095591924646591e-05,-0.004085468698090566,0.0015805974455300742,0.006558774113641919,-0.001091235312589367,-0.008160780292496894,-8.108812598550674e-05,0.004316709360741688
2024-06-19 00:00:00+00:00,8.08213102616584e-05,8.08213102616584e-05,1.4259176452924294e-06,1.4259176452924294e-06,4.5187762590659375e-05,4.5187762590659375e-05,0.001464078309383332,0.01832794802399218,-0.003177093052968094,0.004696842777927701,0.0027069281066225415,0.0014815650900432686,0.009346411615794192,0.004201243438527458,0.0005356632819411011,0.004947408903274608,0.0032236649694508124,0.0027182723314780333,-0.025796995060884953,-0.02171837062388704,0.02334454433455302,0.016547028873853176,-0.0271735663324999,-0.01689739693208936,0.028489972885879622,0.023976621176558854,-0.0064150068479652544,0.005408579351332543,0.0060687709939075685,-0.0004452033240585074,0.005403916166150324,0.005822842701733721,-0.004675591354960429,-0.0034681742753795985,0.021761133217548245,0.01713569376869528
2024-06-20 00:00:00+00:00,0.00015720516148198804,0.00015720516148198804,0.0002030899157714483,0.0002030899157714483,0.0001924267509476607,0.0001924267509476607,0.0038262576673562254,0.007229364095289403,0.003206520045869299,0.006556851485594706,0.007116080490917165,0.0008781979872098944,0.006489044531849064,0.006826459702956811,0.0015920539634943776,0.001299650907337746,0.001245942460554872,0.0016927089851033195,6.493850729594186e-05,0.006543252492482221,-0.0022265720281871015,-0.005166344014057689,0.0035655269583687588,0.006442818453619159,-0.005020675957413179,-0.004497952774842995,0.005604365114526999,0.008194552643096431,-0.006750622194716671,-0.0014389194713098075,0.001145251063443764,0.004737685280403969,-0.0015012315353702954,0.0027318453460265513,0.008751511315297833,0.007867857440143178
2024-06-21 00:00:00+00:00,-9.933504974068974e-05,-9.933504974068974e-05,6.84334398552977e-05,6.84334398552977e-05,-1.8914024454308453e-05,-1.8914024454308453e-05,-0.009683360245138384,-0.004486277517164905,-0.004858707407984775,-0.00738924357180637,-0.007523765527784665,-0.0072335517137489536,-0.007656106675455909,-0.007645121767883678,-0.007067380176388638,-0.010056131781427169,-0.0028988955904815095,-0.002967930031127719,0.0028109779766851695,-0.0008176286483487782,-0.004735181981345149,-0.007089675603268231,-0.004988044573411843,-0.006930931954542863,0.004042590259770051,-0.006049314097342773,-0.004574016040160389,-0.006498900589781087,0.003869296549292134,-0.010226062116120205,0.009806329286479842,-0.0015017286283983688,-0.010591726117485267,-0.009390660253880134,-0.008564287301918827,-0.0034064988538552443
2024-06-22 00:00:00+00:00,0.00014625700671655473,0.00014625700671655473,1.2499804028287542e-05,1.2499804028287542e-05,8.69436217314501e-05,8.69436217314501e-05,0.004164546421499882,0.0021255648460907217,0.003005301950577355,0.0011613484556536324,0.0007490468496038627,0.0002595444625523857,0.00021131561100706797,-0.00018076013886525466,0.0006883184834496348,0.0012106144075292313,0.0003996694680168389,-0.004286850355519789,0.0063321212273448335,0.00022908888017547646,-0.00938507290500501,-0.010002808594250734,0.002991310365006994,0.002210584656661352,-0.0037123863406643975,-0.006785910606914802,0.0021407756362767927,0.0015192126315175525,-0.00256612185656635,-0.004200879548575731,-0.004818209462474021,-0.0011977537635412538,0.005619211118470302,0.001982755391479518,0.002064353803015395,0.0019891912310046056
2024-06-23 00:00:00+00:00,3.732902592701315e-05,3.732902592701315e-05,0.00010318922678287379,0.00010318922678287379,0.00012282235145066878,0.00012282235145066878,-0.008247797252190492,-1.715437494953509e-05,-0.0039336271285894675,-0.002215283801403789,-0.0004033328113142165,0.0038472753883354027,-0.003883514528960297,0.0016641140315805103,-0.0012873297073187073,0.000981875427409129,0.0028673268299912458,0.002634027123341598,0.007568931379963173,0.012388997271035596,-0.011170192627394271,-0.0024711559755945522,0.014216615583338532,0.0046245917499516676,-0.016023094075821254,-0.009348872325193214,0.004503940512849525,-0.0036010572350269054,-0.004826460320636605,0.009417611594184638,-0.0037168134517840956,-0.0037206858597006454,0.0031982151852454344,0.0007687419311870336,-0.0019173017712229568,0.002756430413286548
2024-06-24 00:00:00+00:00,2.893078939991689e-05,2.893078939991689e-05,7.660438728129826e-05,7.660438728129826e-05,5.4194023711762185e-05,5.4194023711762185e-05,0.0023432157900036277,-0.002947299715356899,-0.0011078218063964584,-0.004790208999863599,-0.0038650830480041476,-0.0014070590836882113,-0.0037382238956819025,-0.004935539415103274,-0.0043210193341226555,-0.0042491148435954695,-0.003695065703933742,-0.004685940856253845,-0.004007336946007634,-0.005739279797151164,0.0014323281752197659,-0.0029212422256885695,-0.004457965099181838,-0.006337504435856123,0.001231997309241839,-0.00021440993240207096,0.0018068387657588225,-0.0035665491991063725,-0.003194850370144775,-0.0054852740017447,-0.001689672655322716,-0.004007287514960822,0.0023772526224907775,0.002012385867199651,0.0014530903264131645,-0.0032720669274114433
2024-06-25 00:00:00+00:00,0.0001559204880883236,0.0001559204880883236,1.8184906362295195e-05,1.8184906362295195e-05,8.612589106493651e-05,8.612589106493651e-05,6.503426419390834e-06,0.0007795089164057689,-0.0013015324907681425,0.006895993929522781,0.0028248195292159828,-0.00800833796358602,0.0024582203978780193,0.006878431753750247,0.007963619690450452,0.00772050117915879,0.006244834813553757,0.006481211805208442,-0.010546319062294307,0.0020594265390909694,0.007760444436987202,-0.0067061853667357285,0.00047159417666642334,0.004077409644704266,-0.0018216781521691594,-0.012061522256205492,0.02015506267774292,0.0121382525219631,-0.02035551823376447,-0.008108658353430331,0.02190904613787148,0.010106757691701329,-0.022324731839826417,-0.010730811803626783,-0.014100768220739135,-0.0070796351926072365
2024-06-26 00:00:00+00:00,0.0001785980833601819,0.0001785980833601819,0.00028398560839337783,0.00028398560839337783,0.00023597215610360323,0.00023597215610360323,0.007567451182137308,0.0021455731644057785,0.010769396025356093,0.012645230408191432,0.01343730804524057,0.006251327174221277,0.011254826148404229,0.01071819808443486,0.012392357875681492,0.012333380977757491,0.013589146784741102,0.012225053926496532,0.005680934563575324,0.00790998722377223,-0.007819148898498107,0.00910659181632667,0.004907927526268674,0.009076345062723368,-0.0063913580911323375,0.007254323654805717,0.0059251881192901035,0.01002935461227783,-0.008129378901437279,0.005688455386411606,0.0018273692803436603,0.010939428353576863,-0.003052300146100251,0.004435721196076159,0.005423317969551311,0.0031259253690578692
2024-06-27 00:00:00+00:00,-3.767212896810257e-05,-3.767212896810257e-05,2.19877179015171e-05,2.19877179015171e-05,-7.042715123639631e-06,-7.042715123639631e-06,-0.011766416672311264,-0.009082200148121222,-0.008605460757186267,0.0018624588594706726,0.0056326740515886264,0.007723008400169595,0.007381116164733914,0.006934019945530556,0.006670529155916816,0.004413558491643821,0.003284977658892574,0.0034379504111228254,0.0031835051842834527,-0.00409865128149145,-0.006302166175234047,0.0028514414186895376,-0.008186689679516745,-0.010910950102333894,0.0065476626277714,0.0043259502382615445,-0.006241032419046277,-0.004017961693080663,0.0035160089677630513,0.004794422242160312,-0.003242191645643766,0.00024938972942312176,0.0015531859655182334,0.00032295014788830123,-0.0012542255298179095,-0.0017471450614501283
2024-06-28 00:00:00+00:00,0.00029560540205086916,0.00029560540205086916,1.854709340709526e-05,1.854709340709526e-05,0.00015496877969067846,0.00015496877969067846,0.010857166590209077,0.012073274490581598,0.0036394264241741414,0.011524394458246823,0.009845215357428438,0.01456744356902262,0.021362293935085708,0.019836887823209803,0.0198906667834291,0.019371325540760598,0.01749607646278517,0.016778169219765715,-0.0073238657440857224,0.000806675065421647,0.0038446391752926523,0.016483195272317896,-0.012171467689083726,-0.0022098004670639826,0.010950562188633883,0.013893505063709455,-0.01164552993284318,-0.008650615571808906,0.010753576308260682,0.012600830930160623,-0.00039622789718762874,0.005965428955596153,-0.00011922696899524521,0.002613734516751176,-0.0016103546796271129,-0.011732393410470165
2024-06-29 00:00:00+00:00,-6.272659214900944e-05,-6.272659214900944e-05,0.00021183118017975566,0.00021183118017975566,7.969224709647449e-05,7.969224709647449e-05,0.003491621195858663,0.004543180337533759,0.0010256353070463575,0.0024328984779342644,0.002348960519554133,0.0006561349477440803,-0.002095645960083492,-0.0007430015173999216,0.0025133873394165285,0.003958853460335865,0.0024088053139699195,-0.0019926280556914477,-0.010420643738137558,-0.009353258303866463,0.00717886313335625,0.008358732418038306,-0.008459854302142134,-0.008012006825211193,0.006405918472946803,0.006490500576995073,-0.007729413747983971,-0.005328685745274342,0.006544016019491172,0.008843429944960679,0.0025263506837325256,0.0025325662814141836,-0.0029452714728928076,0.0015099654499275417,-0.0014635125121523762,0.001069986554974367
2024-06-30 00:00:00+00:00,0.00019076844401633153,0.00019076844401633153,0.00020702729209531867,0.00020702729209531867,0.0002017970871186492,0.0002017970871186492,-0.004108279715684726,-0.0054180436048231195,-0.006998185080586028,0.0017467249499218962,-0.0012296379337420893,0.0015119611912839392,-0.0038679685787217366,-0.0015549149720948119,-0.0019147201020939253,0.0009163498862105879,0.0008125095623581213,-6.195388116392309e-05,-0.0005297664376242572,-0.005511083985930587,-0.0006492157104315277,-0.0023793371028092425,-0.002011073567785071,-0.003846267427800698,-2.881876759097679e-05,0.0038093310780236145,0.005791742775661524,0.005047302331079084,-0.00639158986246624,-0.00524959927319768,-0.0030278837258500557,-0.007124713758933088,0.0029397564245181584,0.0014950896240901734,0.009643256716285187,0.005061276547750682
2024-07-01 00:00:00+00:00,0.0001585836503539273,0.0001585836503539273,0.0001741157165353613,0.0001741157165353613,0.00016880341628455753,0.00016880341628455753,-0.0003278079223262287,-0.0023746670342122966,0.0020501810714550484,0.0013920804914795415,0.001366598550480047,0.005649675330912762,0.005215992513229795,0.004290379042330317,0.009489040177323105,0.004705612074350052,0.0053707161579448215,0.0027765431669763974,0.0024851318130538758,0.0025664437795971384,-0.0051159672553530156,0.001221258338439224,0.002642953969993922,0.0016767250518674448,-0.004097976635542233,2.6889545777120105e-05,-0.003953190099996062,-0.00031744990273552265,0.002003650785325606,0.0010402068951962384,-2.5679370904918564e-05,0.004755892906655124,-0.00028980023174141056,-0.0008890639836810488,-0.004772664848306296,0.0018778828151702065
2024-07-02 00:00:00+00:00,0.00022862466681128346,0.00022862466681128346,0.00017913386694035083,0.00017913386694035083,0.0002058461816720758,0.0002058461816720758,-0.002412269923761534,-0.0031299528201543803,-0.0032180183213987856,0.004988500521804662,-0.0007713588034351515,-0.006519548968339728,-0.00293937180739845,-0.0026317601375356325,-0.0005850883293361253,-0.000747654993940583,-0.0018198275994805169,-0.00020804113995342988,0.0009276652630274551,-0.003819636841713936,-0.0037199569958277223,-0.0011545380923596582,0.0002311556641476642,-0.003518790689989615,-0.001443201682638895,-0.005858432340521413,0.0007717666595656869,-0.005323958319524591,-0.0020660621333641327,-0.0013425447776247434,-0.006938851082764486,-0.006321959283088541,0.006989433006485246,-0.0009004189539444374,0.004060427180482273,0.006910218653362721
2024-07-03 00:00:00+00:00,0.0001117147288989262,0.0001117147288989262,2.926056522345455e-05,2.926056522345455e-05,7.017681748222593e-05,7.017681748222593e-05,-0.0015896027890685005,-0.0003448247666067994,0.00045835050956433143,0.00337467981038464,0.0034012543061008316,0.001427166412542924,-0.0009160484231286459,-0.002487927722278238,-0.004174283502498266,0.0014435713373965875,0.0009217144951056966,0.0014991721981101325,-0.0020941049388014665,-0.0035040485257313847,-0.0001780797457248129,-0.001045903834903661,-0.0029267446901674044,-0.002457721509752875,0.001823026339004441,-0.0012213852853928397,-0.006335810264326502,-0.006028578048034139,0.004375391910714788,-0.0015784924284263369,-0.0005135218947276421,0.0016548080644969154,0.00033113420646446734,-0.00021467383375473048,-0.0017788750493904493,-0.0021083001991553108
2024-07-04 00:00:00+00:00,5.2499505614811426e-05,5.2499505614811426e-05,0.0001096965132807437,0.0001096965132807437,8.304501777955942e-05,8.304501777955942e-05,8.193965104252854e-05,-0.0009750879601586604,0.005126792321937135,0.005703057252466781,0.006558942269105916,0.005564666887745373,-6.712694303701028e-05,-0.0009101609317502257,0.001314913766252257,-0.004413409057489104,-0.005703833928393021,-0.0065868680228763354,0.008984007529295512,0.007132477070016963,-0.011175792929953299,-0.0010108489587864478,0.005068199349565594,0.0060616257930588,-0.007153398951268541,-0.004024049019314413,0.008884716292845818,0.008868549608601173,-0.009540811201661947,-0.00491286374307498,0.00037410787172587057,0.0005609747279207156,-0.001202007400196159,0.005605413729409703,0.011777685764438939,0.008677424431501546
2024-07-05 00:00:00+00:00,0.00016284228403518064,0.00016284228403518064,-2.073236369770637e-05,-2.073236369770637e-05,0.00012203045280312352,0.00012203045280312352,0.00029251270914731897,-0.0012086871299133994,0.0009437300628893919,-0.0006627722716696649,-0.007161098011329692,-0.012583980949904872,-0.0030274446698399515,-0.0011602143612903237,0.0015884511684725044,0.0002352984814519843,-0.009219185092679272,-0.009971978175740692,-0.004782449555126744,-0.010559538327762241,0.0013804178989860194,0.0016240697202416499,0.010197503808487385,0.009237091673484299,-0.012088017687021835,-0.0183163261431335,0.01241392860301982,-0.002155460328534531,-0.013372503776723499,-0.010613671970706506,-0.0033118657090769332,-0.0020985885082901445,0.002333630171247103,0.0028429523654376343,0.005356542990779589,0.006088449125841944
2024-07-06 00:00:00+00:00,0.00014855699885774065,0.00014855699885774065,0.00025864708777323386,0.00025864708777323386,0.00023297360332286132,0.00023297360332286132,0.006779469497122159,0.00010952071500436311,-0.0011019223420366542,0.005850208800479706,0.005267666600541787,-0.00013822840907373735,0.007049160142152067,0.012160654939020521,0.012491002875278934,0.02501439172319775,0.009276430832382943,0.009987024747731832,-0.015110931624124246,-0.011384657540893128,0.01276927810832662,0.014710365613598064,-0.0025069693216307476,0.0026626414335786386,-7.077156484491809e-05,0.0034503364178166684,-0.010094707185054674,-0.008238540976755804,0.0075246534956212585,0.011224797202938008,-0.02216858366558694,-0.016600396784203886,0.020131517391313913,0.018979572057349126,0.008574278591820583,0.009296433561063466
2024-07-07 00:00:00+00:00,9.621261323644603e-06,9.621261323644603e-06,6.278616795984959e-05,6.278616795984959e-05,3.3396472723046244e-05,3.3396472723046244e-05,0.004911719115045843,0.007465843649970383,0.0065167853009175936,0.0072602181691012735,0.00483408644834693,0.0028640590455881743,2.0254856076817873e-06,-0.004379447894281796,-0.008808727848446996,0.002876722113019481,-0.00605834739546296,-0.007640856811556573,0.015840944303991078,0.017311443092357104,-0.017646541269466076,-0.01303010971440588,0.012801347080495962,0.006102522834519508,-0.013761407311988827,-0.0036914741178371013,0.013350892211220211,0.012696580252447909,-0.013605443950122087,-0.01332034241426261,0.010946149056968668,0.014652069402854018,-0.010984125834215819,-0.004213738828395597,-0.016592112027104866,0.004565743315392945
2024-07-08 00:00:00+00:00,0.00024841280550980116,0.00024841280550980116,2.1380259100256538e-05,2.1380259100256538e-05,0.00011911895066152312,0.00011911895066152312,-0.010099464332152142,-0.009518220154038803,-0.015452494947880924,-0.015316630247846574,-0.012608982689756632,-0.012281983944486874,-0.012532713130926632,-0.012436028087740025,-0.004554854710333012,-0.011404650095054869,-0.004823628703299887,-0.0025086554798514626,-0.0030112029039216504,-0.006076589461787907,-0.0006096343800037207,-0.010684455200833609,-0.015569135844791582,-0.018376097133333102,0.014264861887437918,-0.0008458726665587779,-0.015525205036742151,-0.017565159919599838,0.013958302606662532,-0.0017646726149515013,-0.016508385711707874,-0.02137610499019238,0.01707601513655921,-0.004260118035736449,-0.012194648012776477,-0.013192769072461363
2024-07-09 00:00:00+00:00,0.00015012072410303112,0.00015012072410303112,9.945212651052415e-05,9.945212651052415e-05,0.00015650903302910635,0.00015650903302910635,0.005438347199288707,-0.0008655895094892285,-0.00446932432977265,-0.0031152067499773395,-0.003189366294016782,-0.0011326811336545006,-0.0015107541323184925,-0.0028432124297795847,-0.0018005628119854844,-0.00771602826427642,-0.01689576408519633,-0.014831384805279124,0.019342483800780963,0.01562434077398156,-0.021790784213140846,-0.014372585260647441,0.0060136416707070595,0.015114471894506432,-0.006651734243293905,-0.0013982254428231977,0.007220751170903483,0.005906281166105698,-0.0076847253876671795,-0.0037584775525620895,0.006087948853046754,0.012123619528007668,-0.006542908416045878,-0.005688579524613435,1.2002196945859467e-05,-0.00384912960997541
2024-07-10 00:00:00+00:00,9.344694162427558e-05,9.344694162427558e-05,8.40827613723949e-05,8.40827613723949e-05,7.516014077291189e-05,7.516014077291189e-05,-0.0005187538303700334,-0.0005455935634659514,-0.004962809513468169,0.00480604518811889,0.002478698712462757,0.001735163048137256,0.0006626019951589956,0.0007608073067006949,0.0009437062213777381,0.0002272941123495631,-0.00202269004809541,0.0030540077921836772,0.011608641939454545,0.007367822631522136,-0.015317530477863106,-0.013362652585169443,0.009087780224676045,0.004775694670579034,-0.011825507049485262,-0.009991590391600913,0.0038286943505010385,0.0010611217973266474,-0.0049213489021853185,-0.006290948217287595,-8.305701681643463e-05,0.0006701352010285433,-0.000984748817261516,-0.0011932096563526118,0.004410595029166409,0.008484616370275422
2024-07-11 00:00:00+00:00,5.505354944101981e-05,5.505354944101981e-05,0.00014507623355020094,0.00014507623355020094,8.300661289539768e-05,8.300661289539768e-05,0.003005339271830554,0.0014449463424106579,0.0029007319818998845,0.00840103421859717,0.00979873402859055,0.008477205908806074,0.008053935930065759,0.008142908059149523,0.008196786895321884,0.007408249284463375,0.006718205485268802,-0.002935494287156226,0.004366511514729332,0.009636394762251532,-0.00792107067353598,-0.0026067547942775215,-0.004255366838402219,-0.0010669607491390343,0.0022794445968854493,0.01590966903517521,0.013039685531660128,0.014861380431235638,-0.01371033702458535,-0.0015862863703869357,0.004605523507562381,0.009077900138822148,-0.00508379844860718,0.003329210214501721,0.013533392631655428,0.009717655672348169
2024-07-12 00:00:00+00:00,0.00017897337170524885,0.00017897337170524885,2.497634550513439e-05,2.497634550513439e-05,8.879870514810762e-05,8.879870514810762e-05,0.010571211375204337,0.006420700817088676,0.004664673036492095,0.009741097610545202,0.012953318494072219,0.012375072954950994,0.009797247685277899,0.009743195147648098,0.009601951809163234,0.009529004863814361,0.009083201163531562,0.005996721492405488,-0.0073477579876123356,-0.004369985123957587,0.0043229232693184905,0.009066577161645162,-0.009430383991604896,-0.005755046187624568,0.007117622882389263,0.007136115373580054,0.01691229163715091,0.015868209842489156,-0.018000700034307537,-0.012510668455707807,0.014368018792082271,0.010868340650175057,-0.014907135080103218,0.007947938735716642,0.006880096351601583,0.006192852709855146
2024-07-13 00:00:00+00:00,3.30030842445872e-05,3.30030842445872e-05,4.3076905331673743e-07,4.3076905331673743e-07,1.468360596246221e-05,1.468360596246221e-05,0.003961417808701517,0.0054524624883585115,0.00198202048510554,0.0037359054782621914,0.0049530916313804685,0.012702396871045574,0.008994479345129536,0.008931544219653142,0.010159232199166146,0.010568359078942047,0.008445962502046767,0.009197930598484838,-0.009087613987410426,0.0010801538931555221,0.0077176239550833525,0.0060553958560467525,-0.008260511616202226,0.0007926711436461176,0.006412205832162732,0.007756033461532974,-0.005558671111127289,0.002025742144734055,0.003992790136891244,0.005440470668895081,-0.0010925176544536175,0.008244081305422979,-0.0005133728845523322,0.002545644209303699,0.007062194869660088,0.0032505764416381755
2024-07-14 00:00:00+00:00,0.00022692412165215003,0.00022692412165215003,0.0003723211620494382,0.0003723211620494382,0.0002506776373238928,0.0002506776373238928,-0.011600274529231624,-0.00945250711557677,-0.007609075327344894,-0.012354432020352357,-0.008322540119137134,0.012731060215688705,-0.010227134951755312,-0.008725518590490977,-0.0022814967177960943,-0.00167676051069221,-0.003082501403098181,-0.0027201894454651487,-0.021415317171506687,-0.020192397553129182,0.018658454350827247,0.0035833328286407617,-0.01985125398716392,-0.018946350767068854,0.019470489751285402,0.01191133399178601,-0.018529448658346492,-0.020895980711237105,0.01721027017827681,0.008236546278393098,-0.0046798136686658776,-0.021091587543004442,0.003961783539265573,-0.0014068230079871125,-0.001993410991453004,0.006087995563018644
2024-07-15 00:00:00+00:00,0.00010294560933354902,0.00010294560933354902,-4.093883272426879e-05,-4.093883272426879e-05,7.106468543605082e-05,7.106468543605082e-05,0.00034893384158318774,-0.0037314135366994794,-0.0019354810251400734,0.00422148592894156,0.002468341023945886,-0.001158082661591564,-0.004220423614190727,-0.00021639549401941682,-0.001431353666037416,-0.004844388020991741,-0.005633530524251862,-0.005176804441959226,0.0035172146335005205,0.005414757452184782,-0.005119893168735179,-0.00631944074026991,0.0105920460243496,0.0072227938854212415,-0.01034017591799219,-0.007991101833377035,0.0181575032939445,0.008472198651954033,-0.018577664803855587,-0.012641673775995677,0.008461914099709311,0.006387612376417051,-0.008966174159051099,-0.008002108827874665,0.012482367755603851,-0.0012016603349188637
2024-07-16 00:00:00+00:00,8.672377095342299e-05,8.672377095342299e-05,4.4783065685560786e-05,4.4783065685560786e-05,5.815510310291927e-05,5.815510310291927e-05,0.013785322710216708,0.016960327433832578,0.008193111479900317,0.009574911217095083,0.010016913975692043,0.010228356590932686,0.009767346547498557,0.010695947996639088,0.006058803793881573,0.0038178057626725437,0.002309481378930167,0.0035268286276959326,-0.0063470370147060695,-0.004830607542792964,0.003164246076877708,0.009504851764803757,-0.004108929719314869,0.002371602189156885,0.002584376034961977,0.007688564207189996,0.0008125327404924221,0.0013945932937722283,-0.0015653690454046076,0.0044200918875481054,0.010878297713833751,0.006163788279488713,-0.011689486945825167,-0.00572802539139583,0.0050871166903572185,0.011186492690541838
2024-07-17 00:00:00+00:00,-0.00016459643706456806,-0.00016459643706456806,7.427026470074871e-05,7.427026470074871e-05,1.6460014642616372e-05,1.6460014642616372e-05,-0.0004127720513376065,-0.0016939085907332618,0.013486108758211435,0.008907171720644147,0.009194246022827368,0.01969025360299237,0.009447097018159933,0.011494653423234302,0.017238005666202705,0.0030150657556584637,0.0037290763747179767,0.0030870231835353756,0.0025889472581139827,0.00011408726119532808,-0.004509745505361651,-0.002832277995963528,-0.01517555168346263,-0.011174186578829848,0.016383359753732396,0.014241946358885649,-0.01574189335070797,-0.016490968310466037,0.014757070353881518,0.014784012356134912,-0.009355984668083184,-0.0167990733126705,0.007824970686754362,0.010011846246325229,0.008432652514323236,0.0034672412641041372
2024-07-18 00:00:00+00:00,9.097531140644932e-06,9.097531140644932e-06,8.934651275827044e-05,8.934651275827044e-05,4.4457864530222935e-05,4.4457864530222935e-05,-0.007663904981098257,-0.004768431773285564,-0.006605631540241741,-0.006367805188357667,-0.009085642630143331,-0.008919600897327795,-0.004926248496554986,-0.0045482608519841206,-0.004300578728899107,-0.00318016399533827,-0.005155563498193794,-0.0058127282661021296,-0.014785722584572336,-0.01652841668196814,0.011595716071169493,0.010511836658867013,-0.008953574119084484,-0.012320875704663448,0.008184356507264567,0.004665537435189826,-0.014371464434888681,-0.020050051001885505,0.013830198264713323,0.009245744586192428,-0.012955267322919295,-0.016097492953345727,0.012479808213887944,0.011177718050461305,0.007184629931716646,0.005745088549559352
2024-07-19 00:00:00+00:00,9.99872578022476e-06,9.99872578022476e-06,0.00014910988538474612,0.00014910988538474612,7.16351279870242e-05,7.16351279870242e-05,0.011094165094659658,0.014209161984372498,0.009833679904069026,0.010180732115064428,0.011432591199107334,0.009989970741179244,0.01058855042206508,0.010600857469405867,0.009201823347664728,0.004376000061455887,0.005257114864349877,0.0035349880716100124,0.022796035575380014,0.02045150961161246,-0.024566055182426494,-0.01182005579667944,0.00801792649539168,0.016040084122668885,-0.009691918753045314,-0.0029380672174154077,0.01575641423407248,0.019608753667580636,-0.01684750744271235,-0.0033710571381806442,0.014339685365686528,0.02161225780362286,-0.014871109590445353,-0.006612808432631678,-0.0060097046137702614,-0.0028563735356010866
2024-07-20 00:00:00+00:00,6.393510619195908e-05,6.393510619195908e-05,0.00010308246967394297,0.00010308246967394297,7.771708237314101e-05,7.771708237314101e-05,0.004135369159337987,-0.004351285084804757,0.004431809503977258,0.0025232706379241243,0.003604875523963935,0.002361574980394021,0.0039061474363979443,0.003141659373409489,0.005292610789668473,0.00030047929733911793,-2.447900873114861e-07,0.001623528730628765,0.008417737820058946,0.01327269078155835,-0.012307029390562274,-0.006360171465019326,-0.0002400587489307382,0.0009975116522378258,-0.00053501140247314,-0.0008868772356609433,0.0034184853512966296,0.004747296316200522,-0.005835251719282342,-0.0050838846877997446,0.00016427539753971487,0.0018672737472547052,-0.001147459609309176,-0.0014053259376808347,-0.00589646339386074,-0.003354182425552743
2024-07-21 00:00:00+00:00,8.56784682052858e-05,8.56784682052858e-05,0.00013435241522152808,0.00013435241522152808,0.0001024545729986226,0.0001024545729986226,-0.003097209820436375,-0.0003917364789003397,-0.00021926359668322792,-0.0016027859358798136,-8.715746140131042e-05,-0.00027523768520787417,0.00298519475335679,0.0018259370720754564,0.0008708707438946917,0.0034403639919085016,0.005159654755505283,0.003760463064144126,0.0051354653787683,0.0057849313536257885,-0.008249450217198473,-0.004389697245458901,-0.0018234493435761445,-0.00016649599413220972,-0.00024784214970485774,0.0001221910106499191,-0.006389691718952872,-0.00306733542620774,0.004569159702487058,0.009448989323707302,-0.0009051524451463289,-0.0025597313237193386,-0.0005314936660995029,0.002484381998565821,-0.0009877775333203553,0.0012383468278505116
2024-07-22 00:00:00+00:00,-6.88538692875662e-05,-6.88538692875662e-05,0.00012493894120169102,0.00012493894120169102,2.184932017601504e-05,2.184932017601504e-05,0.004473850220061193,-0.0006617256184152653,0.0143853696688796,0.009524503031565601,0.011744212221365347,0.011532055244729777,0.01454087571853635,0.01572005039507518,0.014678906770997369,0.013542657290464666,0.013540002165135068,0.016680682856684337,-0.0176130456733099,-0.01750361041497772,0.014537927721032018,0.015070769172332632,-0.014863050223698937,-0.017728507956967232,0.012695866184208038,0.013316845751828454,-0.015928704075801492,-0.0020340906833354877,0.015303724432641053,0.016331127890215846,-0.00022745834195403436,0.008388427369169893,-0.0004203270575339202,0.012881802151783583,-0.01333796430594747,-0.002458465964877865
2024-07-23 00:00:00+00:00,0.0001120960628706591,0.0001120960628706591,-3.4551318892739324e-05,-3.4551318892739324e-05,9.221230581935025e-05,9.221230581935025e-05,-0.0049867604190479975,0.003223425086988252,-0.004109488753193724,-0.003624043623634332,-0.00467581257036731,0.0033446339556564286,0.0003251978484870577,-0.0006933092369695304,0.004344499282274317,0.005022717231242924,0.005427889440465128,0.007174989412692012,-0.0028527400717736073,-0.002397514050942684,0.0006001732195266563,-0.001368761407414043,-0.007266499837140117,-0.003050555836757729,0.004477579059144254,0.000933714750470438,-0.012142078171284765,-0.005839957373799165,0.01106937942971764,0.008711141117418997,-0.005221084143426813,-0.0055753105638640665,0.004158448470331866,0.01008268219338393,-0.007300410807257407,-0.0006932843449867221
2024-07-24 00:00:00+00:00,-4.2608691962486844e-06,-4.2608691962486844e-06,0.00012845695680407943,0.00012845695680407943,6.172554895123028e-05,6.172554895123028e-05,-0.005280393747035705,-0.0004757313433024768,0.0008657386259471878,-0.0008555693749227045,0.0025282408148392665,0.0031389022312009462,-0.002308249656641781,-0.0018800832478138574,-0.001476030705597764,-0.011686022425651643,-0.010384385665140994,-0.011302103467400682,0.0066960577988590675,0.0034194402955716185,-0.008306673784962526,-0.003989905269209393,0.0064167570245485805,9.865492849647772e-05,-0.0073941392969471,-0.013236023783224193,0.003470582785237708,0.0018512500894476425,-0.005720381990412027,-0.01272101041820739,0.016187909109674825,0.010068036290144411,-0.016940755908462446,-0.017792769931391783,-0.009459849967344724,-0.005569190476210406
2024-07-25 00:00:00+00:00,0.0001962630120870834,0.0001962630120870834,0.00013031770702576218,0.00013031770702576218,0.0001617733187730952,0.0001617733187730952,-0.005513589952333864,-0.0025671610974239423,-0.004116596917123738,-0.005758459791099679,-0.002831283059668066,-0.003162663999996651,-0.0031316859862711155,-0.003767592589273616,-0.006563478754313956,-0.007517183910963121,-0.0068819445357996,-0.001714772486208549,0.006510893341527213,0.004254464401266533,-0.00946134820842981,-0.006073843386297351,0.0009146721382335965,0.005321993532439784,-0.0018892693202069433,-0.005643825385602708,-0.002539756644753366,0.0047083864490715666,0.0007374342082053786,0.003962870755895853,-0.0010740968078263302,0.0033332316028038544,0.0002264179836810598,0.006269034639739379,-0.006691843664005659,-0.011224834848772458
2024-07-26 00:00:00+00:00,0.00016327419733519477,0.00016327419733519477,6.449547112663545e-05,6.449547112663545e-05,0.00011275871288618511,0.00011275871288618511,0.0007824880898248399,-0.00047361806764778525,0.005239704021234193,0.007504642148226326,0.008719370931464798,0.007921855310413894,0.010594169082916105,0.010104329270810064,0.0072802332457486685,0.005532665222050648,0.005130206526878345,0.004663541745947075,-0.001748797303009364,0.0036748888018010017,-0.0015333483356774202,-0.0018029830989058082,0.008072226279662864,0.005491144907644685,-0.009674782166394169,-0.003492292437812239,0.004130459854547075,0.012351475654784005,-0.005946349813321761,-0.0008134573739384532,0.008328604048918109,0.010075301908539114,-0.009638505341372339,0.003401106112050023,0.015572696242267314,-0.006143348086118827
2024-07-27 00:00:00+00:00,9.232849459284154e-05,9.232849459284154e-05,5.027007228552982e-05,5.027007228552982e-05,7.062121578971237e-05,7.062121578971237e-05,-0.0015920476679140982,0.004800317339284099,0.005289043742858102,-0.0009783948678538934,-0.0007310072993702565,0.0009074350258486685,-0.004336452440904193,-0.0032536951548730597,-0.005289093486671059,-0.0028901651858447286,-0.0035040489008792974,-0.0006077868664365882,-0.0019753655021937933,-0.008437494482569585,-0.0004248382493331482,0.003863207216148634,0.00253709647280842,-0.0029162024446307555,-0.004095505942561806,-0.010679990330392908,-0.007427010374337573,-0.0067895861590702156,0.007639303709475298,-0.003936378710188926,0.000785008278025412,-0.008286590884427958,-0.00275833947257742,-0.0036497620350078863,-0.005832154396683498,-0.00417348506255133
2024-07-28 00:00:00+00:00,0.0001126603267072035,0.0001126603267072035,-4.571325924151992e-05,-4.571325924151992e-05,3.297906823784835e-05,3.297906823784835e-05,0.0018209636308004207,0.0037268949855082667,-4.8364838218795114e-05,0.0010095316849678682,0.0016162652960329815,0.0024744218977956756,0.003934674633316648,0.003682155818645949,0.005119079551914041,0.004879078373400958,0.004969161587828674,0.004223527497253743,0.0010994075544228377,0.00127833582332193,-0.003887055088117153,0.00022719146725669326,-0.0045645031368957145,0.0031684714931041746,0.0025905886447741278,-0.0005708821552116161,0.004426863784882773,0.005674216157440348,-0.00514568091589529,-0.001655102033627398,0.0018458800963603306,0.003797051914070426,-0.0031379410669211127,-3.0319401978951e-05,0.005938893601742379,0.0020971976227772693
2024-07-29 00:00:00+00:00,0.0001963086230925004,0.0001963086230925004,0.00031126587134999717,0.00031126587134999717,0.0002517076545176522,0.0002517076545176522,0.006906893379967638,0.009513601454000709,0.0038410869877789633,0.007425319310950362,0.008061005107479868,0.0037403544785221676,0.008051767280620181,0.009665659186240516,0.008638013086347707,0.013358446102558208,0.012975720647141697,0.01230418950950174,-0.00887337852939929,-0.009088717498538679,0.005827606392591056,0.00835686957616777,-0.004423048098144866,0.0061163016008047855,0.003201266507519396,0.004525007388622715,-0.0073362883171894655,0.005408093012947646,0.005962739969458397,0.007806725788425561,-0.010300366054000532,0.004221478613694929,0.009853500024767259,0.012409187451145609,-0.008216379820385367,-0.0027174558243260316
2024-07-30 00:00:00+00:00,0.00010191771016732076,0.00010191771016732076,-4.668151262976483e-05,-4.668151262976483e-05,2.718898807341219e-05,2.718898807341219e-05,-0.0030603996424506397,-5.531147085657828e-05,0.0025155907212242035,0.005700059816208691,0.007507047876625927,0.008230617883420832,-0.0005548946155750079,-0.0013515095530606258,-0.0014081511911644418,-0.0017081231781854722,-0.002729611809514254,-0.0035516644698768696,-0.0077148526823891395,-0.012088466275034349,0.005698033006870329,0.004406733924167794,-0.009658967745615032,-0.010224864067384765,0.008142588127721728,-0.0003341628728056323,-0.007955137400184276,-0.008859082745344415,0.007048151422926585,0.0008962520059863088,-0.00403789901644791,-0.0019840381734117507,0.0033794546014449534,-1.7519854442316074e-05,0.004606514775841841,0.0033309056175128138
2024-07-31 00:00:00+00:00,2.7994642984419116e-05,2.7994642984419116e-05,0.00017257393770475637,0.00017257393770475637,9.958382165287105e-05,9.958382165287105e-05,0.0025912769431226668,0.0035936000867420326,-0.004595530364489453,0.0009246789194001792,-0.0049666359964071205,0.00019130352908081072,0.0011768801800557949,-0.0036909873414820993,-0.0032101979743626163,-0.004342939694780168,-0.0039469308573626405,-0.0027737947219808046,0.011583098003861814,0.007743493458817863,-0.01377127698722247,-0.010477557987292885,0.0053458449402827846,-0.002948418214044013,-0.007179543283266865,-0.003340118854488372,0.00591883525247483,-0.0002605973299162345,-0.00825515229418583,-0.0042981810869987536,-0.01099230808206264,-0.0024041103793321916,0.010753104332438701,0.011255957530354577,0.0036545294513519178,2.5810958895089442e-05
2024-08-01 00:00:00+00:00,7.809975291728222e-05,7.809975291728222e-05,0.000169893587944836,0.000169893587944836,0.00012302747070935816,0.00012302747070935816,0.004480148429370834,0.0009551691428912878,-0.00782523388102807,-0.007924765537750345,-0.006905311551929749,-0.004160770268547109,-0.002624540292606392,-0.004011435973510724,-0.006350363795469494,-0.008088336416253172,-0.008149420495388915,-0.009175923641757344,-0.015337423347496992,-0.018760840516153787,0.011976117152213472,0.0065592490027319705,0.0024660165367007547,-0.006398964960239284,-0.0031771613718807323,-0.004112842497525304,-0.0048292865668913,-0.0023153310610297684,0.0020386621985581943,-0.006481789076002609,0.007318222867821245,-0.0007280763338952667,-0.007128078132618176,-0.007881331229593669,-0.010273014818353077,-0.005120694791444835
2024-08-02 00:00:00+00:00,0.00013961661881523035,0.00013961661881523035,0.00017414755714351138,0.00017414755714351138,0.00015555394281507873,0.00015555394281507873,-0.00880157750641275,-0.013370948233720759,-0.01098315668026395,0.002473887479909287,0.0029629207788295364,0.0027777305197851376,-0.008219557648691311,-0.011675651559249767,-0.012751962904516856,0.010280473818573332,0.009980757273335472,0.008533353003253863,0.002260120400638499,0.00625941497070448,-0.0044272516165343445,0.0016761622190453185,0.001765363228688921,0.004669381199728928,-0.0029016140232753784,-0.010818336297001463,-0.0038189093129324947,-0.002097657557470267,0.002948461204465902,0.005809823495622535,0.019726498929282466,0.01949309567136681,-0.020582807475358678,-0.010650429370310799,0.000965521621175025,0.0028683640263200694
2024-08-03 00:00:00+00:00,6.586741945757701e-05,6.586741945757701e-05,5.401750276057271e-05,5.401750276057271e-05,5.940284141225938e-05,5.940284141225938e-05,0.0042983054018199685,0.009961183263663909,-0.0050120733325085265,0.013074702214384226,0.010846904643513122,0.003306625026719523,0.0019770797398193096,-4.727963353534648e-05,-0.00470405300365484,0.00038959288760742616,-0.00022680063489177726,-0.0002713470759140302,-0.00744893795084145,-0.00639361744246425,0.004855394277466951,0.009720297382601384,-0.00528731976316732,-0.008300271897565215,0.003457907198833876,0.0050664818532710765,-0.0030660499271260022,-0.0024155769609377487,0.0008594643529309387,0.007326276371012241,0.00020440770007601472,0.010645249658786549,-0.0014808357719006127,-0.008059252164485997,-0.012058142645056336,-0.006450122038576311
2024-08-04 00:00:00+00:00,0.00010461042148257604,0.00010461042148257604,-5.933031832927593e-05,-5.933031832927593e-05,8.954431376229088e-05,8.954431376229088e-05,0.018066457924774904,0.011903647069483103,0.0038442996221570436,-0.0037249505384597814,-0.0035516667333601593,-0.003952613529142668,-0.000708672936291066,-0.0030783515363037584,0.006945350701690778,-0.004318820458029005,-0.0015053361093426698,-0.0012124671708360069,0.012315983751409965,0.005777558920097459,-0.014723360884559722,-0.014944215740417377,0.011949585802170759,0.009257581410568427,-0.014539984421121033,-0.014359997355399945,0.01704684809574908,0.010959919068115775,-0.01867009786949514,-0.010955630119717452,0.015562383145982794,0.012216927853103021,-0.016705673904396368,-0.008488976854485242,0.0015922086196018537,0.010037805455418658
2024-08-05 00:00:00+00:00,0.00013875222519565966,0.00013875222519565966,-3.3051052983346096e-05,-3.3051052983346096e-05,5.487812075322118e-05,5.487812075322118e-05,-0.007781193122526675,-0.006874519636786647,-0.007515466042151919,-0.01208076484285625,-0.010632812533420077,-0.014705207778044072,-0.007015351481010623,-0.005809383973224058,-0.0038863925905368024,0.00041424261218980796,-0.005334377960295789,-0.006342803959756282,0.002312913285378082,-0.007055941979682401,-0.005754937465226373,-0.008324915797515597,-0.011864371677029584,-0.005104985089639524,0.011259374852384152,0.0051288050129751905,0.00865170101010082,-0.003436484435707543,-0.00817040151773385,-0.0026026945112425093,0.007882209470496893,0.00018842848793099165,-0.010954679468361705,-0.008897423589276587,0.006079177048512907,0.0008639758783499651
2024-08-06 00:00:00+00:00,-8.755970505014421e-05,-8.755970505014421e-05,-0.0001944843922588868,-0.0001944843922588868,-0.00013437621124035015,-0.00013437621124035015,0.0004133362690341702,-0.007237713785180677,-0.0008671899556549345,-0.0007278024929346927,0.004522114083419293,0.015834434332905545,0.011187336204904419,0.007842213802504494,0.005412450181786266,0.006032143100083154,0.0038224834824303056,0.012248903313465176,0.01801220614814736,0.014356000690315396,-0.0207277664089468,-0.003179728183669628,0.012947526373432439,0.02161060102229162,-0.01137080938152546,-0.010829424330928483,-0.004458150746040612,0.003251316887733946,0.0026047671171014475,0.007414668482667919,-0.002715030057576562,0.006382615653780066,0.0007435270681470652,-0.0018954552985962492,-0.00015017782796145074,-0.011701481818953585
2024-08-07 00:00:00+00:00,0.00014161501971310386,0.00014161501971310386,-1.8132382453739382e-05,-1.8132382453739382e-05,5.1703187583296284e-05,5.1703187583296284e-05,-0.01412250403149995,-0.01279728807599112,-0.00999372032097201,-0.0050140530316511445,-0.0010130069300424704,0.00014736536881709839,0.0033887227033029266,0.002121889989502579,0.0009535569094147878,-0.003400532075862883,-0.003168887343196425,0.0027806044670908303,0.006381289651264943,-0.0008154543771363709,-0.00918117127292517,-0.0054772315449902464,0.0037281179208805693,0.0023564959686583897,-0.007379878802988182,-0.0037625918045225415,-0.014999163574164087,-0.006525528119889379,0.014909936783452205,0.008150811772204225,-0.009082834631886305,-0.008943469566688123,0.00844632690796443,0.003971659781317305,0.0014677411415178199,-0.013484190974544008
2024-08-08 00:00:00+00:00,-4.2057904957593095e-06,-4.2057904957593095e-06,-6.054607698446901e-05,-6.054607698446901e-05,-3.207747590427967e-05,-3.207747590427967e-05,-0.017793590817908544,-0.02123920858522943,-0.021228621087547195,0.0060058202363568736,0.00566544463147145,0.0006394651100132265,0.0045583748397828305,0.006227411980456399,0.005330868565384117,0.004882947624884837,0.002596222584015928,-0.0010455327182690155,-0.0023915728048043983,-0.0008912939730902902,0.0004512727500980418,0.006276655922931473,0.017341734811944676,-0.007065278408133424,-0.019287082013295764,-0.012908871014920664,0.017189237013663483,-0.004225520903460622,-0.018103274340526054,-0.017941250843512613,-0.020719387635250053,-0.022016292976779872,0.022220399767970855,0.001115058631053767,0.015624786182216743,-0.01717614355213548
2024-08-09 00:00:00+00:00,7.69690289970093e-06,7.69690289970093e-06,-0.00011117164517804312,-0.00011117164517804312,-5.228001069501609e-05,-5.228001069501609e-05,0.0045729768597784215,0.0027195820343401955,0.013862869725426163,-0.0038038971811572564,0.0029072077141318875,0.0011753573655306493,-0.0034995430444760833,-0.007334501858505038,-0.012830632572108258,-0.0051397281949343565,-0.007562757766658712,-0.006930216001099221,0.011333062134641247,0.007980666793247826,-0.014383178840558286,-0.011651540245457226,0.024233526911648928,0.018328086819162648,-0.026091023669765345,-0.018052894697874633,0.02193334275103198,0.02594128023896114,-0.022377244912563765,-0.01644785083265632,0.014062842326544311,0.017476579585083973,-0.013294158043217097,-0.01982442146377006,0.0012885134583089375,0.012104602028825573
2024-08-10 00:00:00+00:00,4.467658293605403e-05,4.467658293605403e-05,-1.5512283404350846e-05,-1.5512283404350846e-05,1.1419697564907239e-05,1.1419697564907239e-05,0.002063461172719272,-0.001153779579490699,0.004264129692933549,-0.001288486726102711,-0.0006326208295833746,-0.0007386374447563293,-0.005281228201274302,-0.004501508370985174,0.00030093604228320636,2.245630053376857e-05,-0.0042615232294062055,-0.00162735541635739,-0.003979938974794539,-0.004138379138293735,0.0009578978315947229,0.001882878011171929,0.0045249455781588566,-0.0008118937835820406,-0.006719846360418336,-0.007439956937619785,0.0015649435545332935,-3.8420978073383516e-05,-0.002762754572010584,-0.003936160011927092,0.007000559123932604,0.004217843504923824,-0.007303209139083777,-0.007708318539411674,-0.005190262359834663,-0.0026009559257864634
2024-08-11 00:00:00+00:00,4.2441214171962116e-05,4.2441214171962116e-05,7.149410985984872e-05,-0.0008173944760463403,5.395858553858268e-05,-0.00039042736161720715,-0.0067339104243114845,-0.006660146811243495,-0.007528705192033747,-0.005155108211269632,-0.006044417810364577,-0.006486950629997712,-0.0036976810588267295,-0.00015076654000112377,-0.0006341675634331523,-0.0002839418800121285,-3.8435079257825855e-05,-6.989676064128592e-05,-0.008172225061567673,-0.005005703442356402,0.005556261537800422,0.00042345394938370085,-0.005454181378922174,-0.005469080285566141,0.003922969799256881,0.0005345968452923344,8.098558247571219e-05,-0.0014181237619231846,-0.0010349638876694378,-0.0012161341593267538,-0.0008175353778062666,0.0016890426240878664,0.00024542059320253884,-0.004528536066446098,0.008044665707567011,0.003972787509066489
2024-08-12 00:00:00+00:00,-0.0001244361365516644,-0.0001244361365516644,-7.287072164452457e-05,0.0,-8.983992312316946e-05,-5.343245001943053e-05,-0.006581827322716505,-0.003366615467838563,0.0031622236201032106,0.002296322556161856,0.002314674595367272,0.0047576002357045954,-0.0034459843818740454,-0.0016684389910014419,0.0002887262459867479,-0.002918916264751381,-0.0040648511225542805,-0.0026544916967634613,-0.00397915429329565,-0.0027435038267081824,0.0038796905417950445,-5.2485718036621165e-05,-0.00015316451639557638,-0.006907366591132558,-0.0016683204270698804,-0.0005681537034872841,0.005116104651648357,0.002982883073678222,-0.008131656707882073,-0.010447510049358733,-0.0003663993012273936,-0.0001510390288578245,0.0008435535157100826,-0.004869543827193956,-0.006529061104361689,-0.0053808736404394875
2024-08-13 00:00:00+00:00,9.69958836567475e-05,9.69958836567475e-05,0.0001961616196979321,0.0,0.00013970106951766148,4.164674215045849e-05,-0.02373290325795252,-0.01869396072420293,-0.02150444656310979,-0.024806755582875706,-0.025090286374575554,-0.021672392281469666,-0.012706782179655485,-0.015265901747258614,-0.018982304145339635,-0.017350490152813314,-0.018417896390109822,-0.017853263960693755,-0.019859672483517055,-0.025968542796945826,0.01714983343550691,0.005814170876273339,-0.022732058870467364,-0.023074318971438634,0.020669154984098492,-0.0036362400917254734,-0.019520034229370986,-0.015276061509019057,0.0200762166487225,-0.0037862186542304554,-0.02184282099554946,-0.01585007611880429,0.01957395667415307,0.017766881160393933,-0.016828206141680457,-0.022808858572733293
2024-08-14 00:00:00+00:00,0.00011132173272776491,0.00011132173272776491,2.9837944723887233e-06,0.0,4.926807281901979e-05,4.78004212360883e-05,-0.009137928316180433,-0.004509277148828872,-0.0019980637951846347,-0.007514097706854073,-0.006467245056107407,-0.0068449604594497115,-0.010326867679081753,-0.009507381548996885,-0.009172362386941302,-0.007909692226603982,-0.0065919845253102904,-0.007138093782257937,0.0002545700154508168,-0.007089936493430371,-0.002785874720091397,-0.0045910591763865805,0.0013806944312051428,-0.005388897775517765,-0.002234156032545731,-0.004798583022828096,-0.0033603675673827826,-0.006611286349824108,0.002687019178075678,-0.003444462717353103,-0.004495337197234717,-0.012159018907022423,0.0032244426594056907,-0.0010703331369368296,-0.002080567740455841,0.0026908665971718815
2024-08-15 00:00:00+00:00,-0.00010588579945647325,-0.00010588579945647325,6.490157061289636e-05,0.0,-1.2998127256969028e-05,-4.546917464731681e-05,-0.005502484930106966,-4.837346457065017e-05,-0.013263650426015072,-0.01728173528317667,-0.018365202800610603,-0.025903705332629312,-0.014260032063201145,-0.012410085963644346,-0.01395913510202984,-0.010230362837046925,-0.009475398282189018,-0.010666376921653842,-0.01835567407183858,-0.018679770703252108,0.01486829235260756,0.004614434293772396,-0.026991647428674437,-0.026703733194398782,0.02596956717055332,0.017267889991918084,0.0038276318087504535,-0.0076261249498031924,-0.004332364025273039,-0.00766057376656637,-0.021129378633354512,-0.027432889487083667,0.018005285129077064,0.006250814847090558,0.020031290913284705,0.02465764255069125
2024-08-16 00:00:00+00:00,-0.00010511318748596121,-0.00010511318748596121,-5.332699744053926e-05,-0.0009328576021430113,-7.177357323762124e-05,-0.0005115631370329332,-0.004326098066512851,-0.009655875081751586,-0.005925099253154875,0.001102128457645568,-0.007854286710705871,-0.0057091486609344155,-0.00614066719865447,-0.005828323537045321,-0.004156157465516674,-0.004386908780151022,-0.004370889677313805,-0.004319489225755979,-0.011306635425963774,-0.008365295873324019,0.009429183430637478,0.004128671163283082,-0.00852367238008056,-0.007319054421399573,0.006712300707745866,-0.001825488565973754,-0.004440699903207279,-0.004007702893952136,0.001916715622371834,-0.002435088112708539,-0.009286437883801013,-0.011043615791431205,0.008149921640847158,0.0025990748497555227,-0.002726836682840461,-0.0008651846755687309
2024-08-17 00:00:00+00:00,-0.00012261103072219726,-0.00012261103072219726,4.449781400972519e-05,4.22080561743865e-05,-3.036879192430675e-05,-3.157438662804157e-05,-0.014540709208995972,0.009190983051718504,0.00733805593503245,-0.0014409527154785051,0.0014925196425175091,0.0028359624943159467,-0.005129590591844813,-0.005209021682416104,-0.005495087452894176,-0.003622882725257792,-0.005353555648522135,-0.005487273425947237,-0.006198335803287103,-0.0031173195821521116,0.005652950665698153,0.004002855534669392,-0.009881501983138419,-0.008765341542119165,0.00930620448442454,0.009307363614822206,-0.009085467675732484,-0.007165562384119473,0.008350564407261896,0.009307001959655947,-0.008524978855111054,-0.0057861062931012786,0.007188531496719719,0.007914821909903225,0.004891780070977569,0.0023447297935286215
2024-08-18 00:00:00+00:00,7.604872860689227e-05,-0.0008552196754066932,1.0713721827482203e-06,1.0162440968741748e-06,3.3168655443116535e-05,-0.00036683172197682357,0.007013855809872238,0.0041830153476796195,-0.0014041121984851301,0.004113050750898184,0.006376842987800391,0.0030260051117310116,0.005121376119775034,0.006277598557719921,0.009343251907524719,0.008991072910610853,0.010193158945275504,0.008319242731229304,0.008398418086460469,0.00793626548602333,-0.010271512897272461,-0.0008161322741297994,0.005709103616277966,0.010812748962762297,-0.006823938982103872,-0.008888966408788557,0.006659782103597411,0.00974198728938247,-0.006797738084388438,-0.009033115083816767,0.010409689909822495,0.009999319762941106,-0.00946202228888704,-0.00844579903812348,0.005468807618061566,0.0011956918050228804
2024-08-19 00:00:00+00:00,7.991384095351606e-05,0.0,-1.4251250342156574e-05,-1.35179446186795e-05,2.7166935898881306e-05,-6.759103246656295e-06,-2.679746653466708e-06,0.002220588368049725,-0.0003042980222505154,-0.0009116487962571584,0.000180538879660741,0.0017212332945426567,0.0018016346058364885,0.004047559081609808,0.002553386905110866,0.002497709031015427,0.0023004238980630642,0.0038245842655388884,-0.0031351427645137653,-0.0020239228237789453,0.0005691346207512549,0.00042317326688223744,0.005248607549616757,0.0005568911894318074,-0.006707424601139156,0.0006046711461005216,0.004257248376330347,0.002951735101666131,-0.004527894358446027,-0.0008657361859073509,0.004735412771879943,0.0022944669762001713,-0.004862428480739922,-0.00026124036621089086,-0.0027131968158963238,-0.0028064558181178922
2024-08-20 00:00:00+00:00,-3.400075318682472e-05,0.0,-5.373619434423382e-05,-5.097113228913486e-05,-4.145969868762922e-05,-2.5485887603204915e-05,-0.0034823777270873713,-0.002453158207539219,-0.0032056341890432938,0.0018053003128790657,-0.001348968348704016,-0.001260862463380863,-0.0033961529371533405,-0.0025113086122866557,-0.003439679376328275,0.0026631304649502585,0.0031854329245124546,0.003274836649447499,-0.006643451880942397,-0.009052603451335184,0.0035500435260658048,0.0019713790964304145,-0.019339180477852436,-0.0098142093108875,0.017052078971464324,0.01499775630638922,-0.002228589715103202,-0.002999503849211882,0.00194263261294636,-0.0025322915498443566,-0.010469651359382715,-0.005580811701517474,0.009624792340647392,0.007753896892190859,0.009832255131026368,0.012695191521544746
2024-08-21 00:00:00+00:00,-0.00010085061121900551,0.0,2.313673398512961e-05,2.194614415951257e-05,-3.1711655008148654e-05,1.0972930824859617e-05,-0.0013023234208048295,-0.002153201882988509,-0.014625687623950667,-0.0034095305752773752,-0.004887310652771815,-0.003989530765287186,0.0003492397711548634,-0.0020272301138016813,0.006722436845591817,-0.001036628991277988,0.0019310074279714762,0.00147736571582735,-0.0002814994097555257,0.003185839301720339,-0.0021554896380228117,0.0010694128304247208,-0.01454126149862156,-0.001740754367823727,0.014270224398303055,-0.0014899457400092686,-0.005593121211502128,-0.011513338807746742,0.0045606374979223485,0.0013538742428778061,-0.014399484351191871,-0.013175119612891417,0.013533384901095902,0.01870208469270218,0.02126672269930352,0.021922974049921606
2024-08-22 00:00:00+00:00,3.071831878287412e-05,0.0,3.6155237215007574e-05,3.429477095751032e-05,3.1260433987156944e-05,1.7147352900259705e-05,0.001762625032612819,0.002022190775931687,9.900779468141607e-05,0.001174685261530417,0.009935649540343316,0.009953342566853873,0.00735779636781575,0.00953737720837533,0.009670714255411106,0.015124105420887046,0.01406485030243032,0.012733029552439046,-0.0035393616623522473,0.0011191094621443298,0.0008174122222195379,0.0025628831244923767,-0.0011425770059947382,0.007821314431038173,0.0006345992412264412,-0.0011251371189847648,0.012259032833498607,0.005870399373308244,-0.013536815452722561,0.0004332878651898131,0.011427635343116638,0.011464963759614921,-0.013878203219443441,0.005628270526490953,0.0020179076382120797,0.006316540408466631
2024-08-23 00:00:00+00:00,-0.0001395649719914127,0.0,-2.5985396097882862e-05,-2.464829258430612e-05,-7.288354913781436e-05,-1.2324334200508602e-05,-0.004475248139314547,-0.0037614231576994506,-0.0017215167932758124,-0.004145779647622194,-0.000242370879103615,0.0005709770014179494,0.0036274192332530486,0.0035684575848109468,0.0031933473284189162,0.00650910095861823,0.006904219058786243,0.005564871119826842,-0.012180724769629614,-0.004885713154327731,0.009726493801178515,0.003992157774417526,-0.004998796585379384,-0.00879304680916626,0.004705190211675925,0.0019461226340073967,-0.0109693549056471,0.0011132775086288849,0.009239114117685077,0.005134805383550933,0.007824869935330492,0.004674541976821267,-0.007989919834819226,-0.0048539558933229365,-0.008049231762128906,-0.006842357650858055
2024-08-24 00:00:00+00:00,-9.241637965817784e-05,0.0,2.688467312617071e-05,2.550126235090211e-05,-2.6211297936562516e-05,1.2750668443972657e-05,-0.00495054322654187,0.0009061225175457377,0.001261434874063383,0.0003318157576490677,0.00023991899771247382,9.578147610644905e-05,0.0016302916683677005,-0.0005226812561109906,-0.0005933879272724818,0.0014799189508976074,0.0030004574663562433,0.003838908171178046,0.0060303203696217,0.006352034213208846,-0.008110851529134044,-0.000984994339395584,-0.0014571758304672278,-0.0012004856908944816,0.0008562024211420383,0.003859219197607011,-0.0002421239351491078,-0.0020122912572354545,-0.00025387912290142367,0.0004977345387451315,0.006139022961835439,0.0017464416332562127,-0.005512357708213456,-0.003244467215123392,0.0015134243276599957,-0.007558130686193487
2024-08-25 00:00:00+00:00,5.699458668972923e-05,0.0,0.00012843589755773266,0.00012182711072794561,0.0001548645124114234,6.091451008383153e-05,-0.0059885698094941375,-0.00625838391440825,-0.011446857267973232,-0.010996692254615636,-0.009868413055954428,-0.008643422286656377,-0.004378205335474172,-0.001960057938547144,-0.0020244461645871903,-0.0032494080490366173,-0.0007367507392068706,0.002029567452712433,0.003879065923854119,0.003787502447713642,-0.006532445283111921,-0.007895377295313755,0.0022953843310264954,-0.002400562841796683,-0.0037969691353566537,-0.009865932597815763,0.004923449174179195,0.0007432678195384845,-0.004726163135669759,-0.010651603738569326,0.002772904773819862,-0.0001333249130833769,-0.0033211744790669906,-0.010775014186693022,0.009817383915444289,0.012200292585448747
2024-08-26 00:00:00+00:00,-6.21408824137415e-05,0.0,4.9646334699060546e-05,4.709204822406221e-05,-5.540717216478974e-06,2.3547827341818817e-05,0.0029968615951010413,0.00036367231810929823,0.0006300958580991445,0.008154917141429463,0.00856914165992917,0.007178131567352697,0.001776916337033363,0.0026344001574833964,0.0011991955799732779,0.008886139684424199,0.007758203297553612,0.007564593660154273,-0.0033948289802846476,0.00015410497466006312,2.6117900366884328e-05,0.004903241367032685,-0.010007599174997717,0.0007811007718965257,0.008323959433075068,0.0072932596824335505,-0.009360012817537178,-0.004026958568531969,0.008398794131521115,0.014281743477244646,-0.004907650753330772,0.0004558051408403152,0.00502624322670453,0.010489649549380253,0.0011963785249891057,0.003635050138250717
2024-08-27 00:00:00+00:00,2.1609491100305078e-05,0.0,3.371713327449122e-05,3.198248030389372e-05,2.742130800803544e-05,1.5992841333467567e-05,0.0032844277203754046,0.0021045822693941396,-0.005160684182996755,-0.0001558475883535193,-0.0007657770177341705,-0.0016259886420698644,0.003327391950404879,0.0043237834425968735,0.0023289111257962514,-0.001036017513507126,-0.00044650537503176935,-0.001499756456369683,-0.003563037997065588,-0.007118164601318644,0.0006016494592671062,0.0017786287867094241,-0.009380066459814151,-0.00583792036463715,0.007695979335387015,0.001468912406127565,0.0036785942934860483,0.0001485885455718705,-0.003597752762566131,-0.0037612830096831473,0.005501836779099101,0.0050244001434645025,-0.005916181543832,-0.00464174972116016,-0.0025618328280887503,-0.0038196114560458128
2024-08-28 00:00:00+00:00,4.801899828876799e-05,0.0,5.907170920593785e-05,5.603273083476523e-05,5.300615500347661e-05,2.801961866794045e-05,0.005457295207631718,5.216868603552527e-05,-0.0055243610788509034,0.0024755096146815703,-0.007583428839451289,-0.006137646199040558,-0.0031345858931433046,-0.00313398301746437,-0.00538767115412031,-0.00034604400128201984,-0.0008405871594885372,-0.0009553541591247328,0.0029057642734882094,0.005472947019757868,-0.007037267294060068,-0.006103659121571847,0.005177528907672979,0.004180186335872138,-0.006660821605854572,-0.002840502640617304,0.007926979179124771,0.0021268760016142085,-0.008067037462726523,-0.003508648185080898,0.003908272625698039,0.0009564234278771622,-0.0044046515192476265,-0.00276829838398307,0.0056589921928025255,-0.0014470097240320001
2024-08-29 00:00:00+00:00,-3.264929074153766e-05,-0.0010548383239570303,-5.793583925972623e-05,-5.4955463376082925e-05,-4.492776723641345e-05,-0.000554897389547282,-0.008533413189463324,-0.012757976336566279,-0.014591415357158799,-0.007047011451804752,-0.008491901478165031,-0.009282184674770488,0.003175753296242423,-0.0003776479863711879,-0.0012396665001679352,-0.006480702834237073,-0.006042392220125037,-0.006786585578066884,0.009357887156743239,0.006094376789718581,-0.012303396345228257,-0.010972591048550417,0.008673104261024411,0.005351253229355146,-0.009524743386657764,-0.0075302099688266955,0.011913519856440402,0.006336642837976747,-0.013180817216033591,-0.013353408993145077,-0.002327400900399401,-0.001384510134631145,0.0017933942634220656,0.0003319446236782486,-0.007114114884285261,-0.0008137009960503816
2024-08-30 00:00:00+00:00,8.376765484374715e-05,9.077159921599964e-05,8.775759821988416e-05,8.324286248617696e-05,8.482052443881116e-05,8.70110520099221e-05,-0.006382849154819903,-0.0024596219952224274,-0.0015811762215702796,-0.0032019675061123465,-0.0001145932059616328,-0.0020545620722641766,-0.002111974017870777,-0.004113139139473754,-0.002093060747551112,-0.0008403845626264728,-0.0012784889773151953,-0.0004849885299469392,-0.004023789362190722,-0.006986115919309754,0.0009591332698060118,-0.001393779057210165,0.0009886018089613202,-0.005312897422581009,-0.004052801152538699,-0.0015421321919604214,-0.0029250010998947973,-0.0027680444662612214,0.0014048333088043652,-0.003424314138744333,0.006772663858197747,0.0006360147182271625,-0.007738393681346767,-0.004658354586032365,-0.0017686233565491483,0.005479745236557587
2024-08-31 00:00:00+00:00,-4.1617488765410826e-05,-4.50968761309678e-05,-1.1304009808199567e-06,-1.0722517492789407e-06,-2.0901905472325844e-05,-2.3073564963671522e-05,-0.004735444826277302,0.007681771950984517,-0.005995483886250708,-0.0034271649106356605,-0.0065341752883427695,-0.006212448054702335,-0.0016779862375547738,-0.000555648110292517,0.004792238191890119,-7.549312801680141e-05,0.00031377745033589477,-0.0030064657001533934,0.007787856805490101,0.004223389652970422,-0.010787796642330205,-0.010241132194861113,-0.006472604446069674,-0.004080158155505886,0.004444308235206806,-0.0009713038851657529,-0.0005538124021260415,0.0016586343924149816,-0.0009316431656199997,-0.0006556993058327576,-0.007251259267931798,-0.0050283268272147685,0.006472998373458161,0.011848689356455555,0.003345440869329863,-0.002995541469215879
2024-09-01 00:00:00+00:00,8.824301080534447e-05,9.562080972624898e-05,0.00011514758088759791,0.00010922423983350527,0.0001007053490811316,0.00010243361241601967,-0.002224705372830482,-0.001868292801223248,0.0015186923367536131,-0.0002455273240312694,0.0008006008225029948,0.0015050202053503714,0.001032704599283063,0.00025933922113341445,-0.0005980737715499673,0.0033225519941959547,0.0020041602716309725,0.0022036621710124216,-0.004237968380123136,-0.001870760057201104,0.0009868939438764102,0.0027987506948952134,-0.0021164538046017922,-9.026761377728398e-05,0.0011091767008726272,0.0028150234217392267,-0.0021153881263465957,-0.0013721917078989287,0.001331138238158891,0.0018045480473554143,0.0035801360608331834,-3.301628986296379e-05,-0.004756879496720212,-0.0038373764177118685,0.00010044020325983283,0.0029221258691436436
2024-09-02 00:00:00+00:00,-2.0299766810505382e-05,-2.1996822212044798e-05,4.874482505212718e-05,4.623760181687864e-05,1.4458612555001693e-05,1.2141716548175197e-05,-0.002313930804789588,0.0007384744776421925,0.0006047001002880137,0.002235426990826017,0.003077461255158287,-1.5171283649917378e-05,0.0009516384425276581,0.0007398911704032951,0.00016758951088324814,0.0028464798212322062,0.000756397864642322,-0.0011653346243315488,-0.007962957641327706,-0.0037637164131498757,0.005829673484608389,0.006001935612450104,-0.001719768859173465,0.004307036996264779,0.00019848150929457908,0.0025252490629921187,-0.0037219067176059717,0.00037738627842309747,0.0036649419964704943,0.004201465949036143,0.005618583744958272,0.0017743172612909586,-0.005672212816199673,-0.002020371095397433,-0.007371439637127941,0.0038481294833343505
2024-09-03 00:00:00+00:00,-0.00017554976209199769,-8.578301496142693e-05,9.821835483436736e-05,9.316666051839562e-05,1.0440238789044543e-05,3.748873304454392e-06,-0.0036014889775793923,0.009733959755117816,-0.0035816433890073496,0.006799907466773059,-0.0015205175776987767,-0.0035416254633996447,0.0004697090114020863,0.000317627115781427,0.0024450630292869313,-0.0014778328709099675,0.0026435540620000086,0.005407047775209284,0.00781523017223873,0.0061797978909783335,-0.009370663924999745,-0.013149657000385728,-0.018342555673361627,-0.01328118789728805,0.017061709602373742,0.007875725043042348,-0.015377564728644932,-0.003976558840047439,0.013845066652270255,0.0075447082537296595,-0.005314455265093443,-0.006775415406117036,0.004891725692703686,0.005811304963617481,0.005673460301412581,0.0051443189873021655
2024-09-04 00:00:00+00:00,0.0001981187537314355,0.00019285995130524647,8.616305111841527e-05,8.173181372361782e-05,0.00013005322952830412,0.00013726508701816797,-0.011458526127766988,-0.009154318728716304,-0.00207316590426887,-0.012865390432879265,-0.010305706200710363,-0.006029909954392121,-0.003897636218801126,-0.0035227462046535374,-0.0011605975974511296,0.0023485007980619255,0.002063138738223058,0.0006243050275875905,0.006298567375789821,0.003963982951761702,-0.009101251295212442,-0.01143799202952478,0.007626157344144513,0.005041556619032717,-0.009557821514571074,-0.008135872573260206,0.005727982472421456,0.006856692872225345,-0.006688829054451673,-0.00740564559247181,0.005651462290802156,0.006110661382929816,-0.006563387247144226,-0.007486637595126355,-0.009883316644001106,-0.0103019051020391
2024-09-05 00:00:00+00:00,-4.0664028458037293e-05,-3.958486329336264e-05,7.457118291753773e-06,-9.39657561538354e-05,-1.4119480498231418e-05,-1.624112925768806e-05,-0.005563659730085324,-0.009309389379400068,-0.004300760037052265,0.006885144212247729,0.005909456488355058,0.003418504663477817,-0.004561093428333218,-0.0038874267590018885,-0.005210638058146921,0.00316320509061474,0.005047768836406341,-0.008906820395092718,0.024926612967771655,0.007401487281644137,-0.027551825345655145,-0.020865900302842078,0.02122217536855442,0.001829478190506828,-0.022996290241512618,-0.017156390025020563,-0.004058467877845362,-0.018890404202862476,0.003225029270046198,0.009519177717780103,-0.002685817098172838,-0.01641648511449778,0.002273043106103101,0.002807407932068129,-0.015314835122874904,-0.0171545457617448
2024-09-06 00:00:00+00:00,0.00010466203878300995,0.00010188434798807933,0.0001304918484754669,0.00013770186923678374,0.00011120642425277438,0.00011284823513291187,-0.004515590441974027,-0.0034425139140014105,0.0046228151808003215,-0.003240578866869015,-0.002154490860402425,-0.0008752922775251415,-0.004659344366425677,-0.005425489728749677,0.0006107911373038899,-0.003544057205240203,-0.002858807224264459,-0.0044335885089021865,-0.004425504286004633,0.0036048962671366702,0.0010045008174819348,-0.0018747319764358394,0.003436521935871406,0.005772466862331793,-0.005685785110532082,-0.004280542122331421,0.0021092990736928385,0.005918882499274858,-0.003733991165029149,-0.0015310206908549784,-0.0028862153390134537,0.00522271076474512,0.002083004812714062,-0.0011681116101974753,-0.002411458625970697,-0.0002563745398181938
2024-09-07 00:00:00+00:00,1.253114548105394e-05,1.2198607515445659e-05,5.362860314783724e-05,5.65913177519306e-05,3.232376511164148e-05,3.1550641151678605e-05,0.0013578411076653474,0.009419079375115436,0.010158713639955685,0.007042767477847489,0.009954171386090227,0.010875402189054917,0.008197352201422037,0.008204400211623719,0.009478805935513535,0.008713412829169931,0.008539970554612086,0.008243422452972382,-0.008753177185902739,0.0036657411200591294,0.006222236480258214,0.004329953339559767,-0.008538773914875009,0.007838082254489454,0.006808781897599481,0.009531123445917444,0.0020785921271784247,0.005522567526009103,-0.0023753728421899156,0.008764462479576185,-0.007503816490502024,0.0032585757087735256,0.007058953495101328,0.006722375150820303,-1.869041793600701e-05,-0.003945170142940602
2024-09-08 00:00:00+00:00,-0.00013384511990743864,-0.00013029332641689706,-0.00010706143024674653,1.15073873763194e-07,-5.8692645155566936e-05,-6.505232600928501e-05,0.006028097462838611,0.002336283899621927,0.0068807631231520006,0.0060996187519244405,0.006604125059522126,0.0063792409862835076,0.004515566646458025,0.004238639280678358,0.003983295123752395,0.0036526836104147087,0.0034559637152007383,0.003363617771318106,-0.014903494587970245,-0.006583860276751952,0.013314553817571184,0.010456036560979376,0.002311424598962164,0.002416144503557094,-0.00341023300456611,0.0003236405639126527,0.011147871447651614,0.009823966483534452,-0.01215661933879586,0.0029109775549120975,-0.0105421402764877,0.0016533453366218698,0.009914730155300866,0.008573913959815105,0.009072376119092285,0.011476720461636614
2024-09-09 00:00:00+00:00,-5.088212144688242e-05,-4.953170734212087e-05,3.5701473831695196e-05,3.327336760583499e-05,-6.559037450171168e-06,-9.780089639477296e-06,0.009670350436435271,0.009211666644299177,0.006370352662262935,0.006532506800260407,0.006605833578163578,0.00898490537418728,0.007883488478564793,0.0074503150014926245,0.00773177601706565,0.002018204698756021,0.0029012050270780243,0.0029945281215151276,-0.0031933957171047522,0.001971133332157038,0.0016041408014795255,0.009679772952191135,-0.0031534582788718124,0.0008444458866752047,0.0015807774743075154,0.009265233743997792,-0.0013588293628785664,0.00046330152157003646,0.0005067388605566325,-0.001653645462058484,0.0025024096718124778,0.00218790342151598,-0.003949968040558138,0.003589230154310785,-0.0008665010738457823,-0.007104034727616559
2024-09-10 00:00:00+00:00,-6.89687649035875e-05,-6.71382396875142e-05,-2.1532242902022602e-06,-2.0067854241689886e-06,-3.121940201555873e-05,-3.444644705752342e-05,0.008434824298163557,0.011293237271998047,0.012847836900742537,0.010051332780539601,0.010531353974585045,0.012434642369030913,0.011200560425124406,0.006237562958828935,0.007438030836953047,0.013572402084895518,0.015030967411794327,0.01475008530664046,0.012771599813524492,0.012792051406643079,-0.014692193603488057,-0.003649260835523971,0.011616204454484524,0.0035885074286392538,-0.012691050950846994,-0.0015569512122768359,-0.002443918587695104,0.0016958376045661527,0.0002128417121640691,0.009977503800898457,-0.0097136345445622,-0.003573862119854887,0.009172357819384747,0.007370401289693129,0.0019782265274141952,-0.0023972362580815254
2024-09-11 00:00:00+00:00,-0.00010954898392678825,-0.0008710830752661769,-0.00010005879005003937,-9.325386720182571e-05,-9.228334836330898e-05,-0.00047715022398542306,0.0027426251192970152,-0.004615549858067447,0.01087275396543097,0.011643414097272542,0.012021521075083808,0.012435490892450218,0.012980938252213692,0.011466308295978056,0.01088088093340489,0.010254446105841142,0.010296448323352525,0.009659391730769906,-0.009877236563921699,-0.0034204784831083357,0.006249496143486466,0.006808195198009237,-0.004990794170758206,0.0025705600637890846,0.004554801294453847,0.010712170540773114,-0.006236527754486576,0.004198707279006619,0.005773697307876802,0.0071138267769295105,-0.00921569893680052,-0.0053783427398098604,0.008325614629874911,0.009749800649608398,-0.007948022104356856,-0.006239350364760199
2024-09-12 00:00:00+00:00,2.3019536263824136e-06,0.0,0.0001189062339335134,0.00011081875645269079,5.3544681934747373e-05,4.9874529052029715e-05,-0.005654108374124056,-0.0032559840530245188,0.002570457642445012,0.0021953001527472704,0.005307012923025489,0.00014023340213342728,-0.0007430487563536703,-0.0024480390470166258,-0.00239914432557764,-0.0026924267602619345,-0.0024241590766793664,-0.004300440965439911,0.005151694751693414,0.0090601317958392,-0.007111586693373639,-0.006001628564749617,-0.0009787313684604948,0.006042762200331175,-0.0018018726286102016,-0.0018283153846857525,0.001932366671572705,0.0027121275348946927,-0.002607250814894546,0.0019022631201925932,0.003922698965837412,0.007123838129634796,-0.005147401365983462,-0.0025830431855389246,-0.009792146081580078,-0.0041970790710464945
2024-09-13 00:00:00+00:00,6.5897155792082884e-06,0.0,-4.7794827308988985e-05,-4.4544394209755644e-05,-1.8226123494002877e-05,-2.0048646484305266e-05,-0.013021366551066782,-0.012045703244711436,-0.01561032757682368,-0.01061642891038439,-0.010866564333058881,-0.010342701182030067,-0.006228837591289005,-0.006208026160798075,-0.006097823497834387,-0.007028583667808452,-0.011495654522606591,-0.011063943500267293,0.00426670743837998,-0.00788391004554334,-0.007416433530168631,-0.012241271357092187,0.011443638058641348,-0.0019757403062273804,-0.012959613109867929,-0.011888280593338019,0.01428717307413696,0.0070296519064809715,-0.015092753188688746,-0.015066085173006893,0.013477423663544874,0.007121688586390507,-0.013860990520724092,-0.014536873665331518,0.0033395395704209907,0.004905275205914439
2024-09-14 00:00:00+00:00,-5.572863972957975e-06,0.0,7.391185549465717e-05,6.888503026858395e-05,3.02109454273225e-05,3.100317815141196e-05,-0.005787117872417147,-7.498254533022664e-05,-0.007816124840872796,-0.003589637628196418,-0.004004853042302581,-0.004192041236250388,-0.0028750737112783753,0.004666832662585607,0.003763709767115042,-0.0011153062929858404,-0.0007578441938976832,0.00018197117505169835,-0.014425821044123377,-0.007342682411245249,0.011132357111552693,0.013702701515669657,1.2136633860793111e-05,-0.008429300329029998,-0.0018472198558455721,-0.0041254764673956945,0.002332160656474125,-0.00547082726011916,-0.0033033302938181297,-0.008037203416281335,0.0017779801079729207,0.0037357487231739483,-0.0025837902267544788,0.002013535306344183,0.008271641540465113,0.007470596875501112
2024-09-15 00:00:00+00:00,-9.621302503004525e-05,0.0,2.3901272043547195e-05,2.227583265179689e-05,-3.165898109425136e-05,1.0026093720139073e-05,-0.0005344025685767306,-0.0023816056607530722,-0.0052502612197883325,0.002046121686380742,0.00156741982284192,0.0016028456287278114,0.001688206031959627,0.002443014875341154,0.004322057828892278,0.00037936373767188947,-0.0002991480330246654,-0.0031267396143057624,-0.01326293364046649,-0.010940100346412684,0.011563146030201032,0.001307103185119285,-0.0131166178710026,-0.01021479132115366,0.010930350720843807,0.008734285828994937,-0.009138819844198842,-0.010053599411109171,0.008082322254068908,-0.0022456016682100843,-0.002763939059480691,6.933213291482332e-05,0.001787867463880044,0.0019225977945349637,-0.0027226468074851295,0.009552768734956807
2024-09-16 00:00:00+00:00,3.51830044060808e-05,0.0,5.570319310765903e-05,5.1915104034128134e-05,4.005164039644349e-05,2.3366671974445197e-05,0.01088499047760183,0.014968722335167772,0.014253653456531179,0.010185284412223439,0.008742817145806825,0.009208747216934876,0.008936460574864746,0.009041757069199186,0.009177901399654242,0.008942769369034265,0.008303144963303533,0.008647672366432602,0.004778130835145333,0.014207533283899343,-0.005693867751592974,-0.0024322639978118232,0.015547182474259236,0.01434369323232354,-0.01637096313573516,-0.00705705013354474,-0.004731862943834875,0.00437254395289477,0.0035136673374973615,0.006469591110140893,-0.0029429153357196647,-0.0006691272262374648,0.0015007259234380843,0.011109466095790221,0.002887595255356201,0.005477434213660981
2024-09-17 00:00:00+00:00,5.62508657746541e-05,0.0,-4.2290250567900145e-05,-3.9414456366015926e-05,5.994768804695738e-06,-1.7740713076697112e-05,-0.002590879293931314,0.001835054657731261,0.0009783892545738304,-0.0010156361979907214,0.0018161618362018128,0.0038302875483682275,0.0032521555815427927,0.0032157600653430762,0.0035996973595640025,0.003028180406595915,0.0027652014902230793,0.002783312880390465,0.005464851463224063,0.006393847938495956,-0.008160376931984015,-0.006414779739260301,0.0001822335635277561,0.00140217404213816,-0.0017090359522102805,-0.006959795789681422,0.003952058076908793,0.0014751743113519122,-0.004721634221251825,-0.003285379842880798,-0.0004670353897729962,0.0043348947285066775,-0.000765946217548219,0.0026095063488238424,-0.000863827482770918,-0.0019511196683682508
2024-09-18 00:00:00+00:00,9.734923417026309e-05,0.0,9.952530768431167e-05,9.27571854725251e-05,8.669373133551872e-05,4.174973089821066e-05,-0.001013497530720775,-0.000592791908154866,0.007416985348673855,0.0018487624042602402,0.0009523870056908912,0.004643414842010474,0.0009665936519061002,0.0025270596551136837,0.0026904534951979198,-1.134946577052709e-05,0.0031823891441591368,0.0030594440672186973,-0.003051040162145413,-0.0009986507443920933,-0.0004472406230242587,-0.004768190912021186,0.0009037344450297802,0.005719413309636101,-0.0027863025028952437,-0.004154823846222122,0.002251992741427067,-0.0021547875157977847,-0.00309217257112826,-0.005181713413947686,-0.0009914773941207544,5.046264766050967e-07,0.0023179889172564305,0.00584835572758724,0.007849777383889478,0.005695818232466898
2024-09-19 00:00:00+00:00,-2.059935525466905e-05,0.0,-1.8248857328928558e-05,-1.7007976551020043e-05,-1.7102772285393364e-05,-7.655629677638665e-06,-0.0011901477219307122,0.004567042515818853,-0.0009457932765378763,0.004708403310420328,0.003874019705064846,0.0014843207629462452,0.001852823534449044,0.0005587207649391246,0.0009750319695847054,-0.0019873117075602797,-0.0009987360577305981,-0.0012708245961285947,-0.0046267058606028755,0.0017662952394252862,0.0023725143774120383,-0.0004986967531519504,-0.0010669435015544515,0.0013629553182989973,-0.000523179089645498,0.0017375800123458074,0.005425774309378184,0.00284704912726208,-0.006711949923089988,0.0011474122354155902,0.007500927560558868,0.00882939503483482,-0.00712857514691867,0.0006554789477846157,-0.005949211539669874,-0.01086873347263273
2024-09-20 00:00:00+00:00,5.130560559196695e-05,-0.0008600880568009339,7.97236186549366e-05,7.430250177486997e-05,5.774047571693863e-05,-0.00039661020493952925,0.010608751135665395,0.01776986688874982,0.009576064990836963,0.01359844864149462,0.015399877339734136,0.015124292348807522,0.01624620816386213,0.01650281178714441,0.018247563839505654,0.017630312749206123,0.017495024547297344,0.018172836035509343,0.012898783243763479,0.016483486849715456,-0.015134364400834266,-0.002389069992806303,0.014841415974639727,0.016761892366338627,-0.016907652145605523,-0.0013727093453496098,0.004664416362583079,0.012998193076118492,-0.006000484038446996,0.001954078416702032,-0.0031744161096959322,0.006960404982913282,0.002945501894934255,0.012864660572842634,0.008518758548456073,-0.0008936800512587828
2024-09-21 00:00:00+00:00,8.926876913117887e-05,8.250812038146371e-05,0.00024972665900224733,0.00023274678721230124,0.00014951962754161663,0.00014604832557352232,-0.014123805997920291,-0.012066495313403869,-0.009333990094490208,-0.009292085774822434,-0.008254334006179032,-0.0041233303023948675,-0.008343797649771334,-0.008924835128818032,-0.004934237702287514,-0.007592179504028018,-0.005805807989968548,-0.006165737807425131,-0.0011318038153705912,0.00013792492332953543,-0.0012841343755688461,-0.0044646656217394165,0.00420934051951205,-0.014712292671675287,-0.006687341700154392,-0.008438575718643704,0.008225204561984834,-0.006798191063454695,-0.009244997807578259,-0.010474757010710656,0.010986980537335933,-0.0038634349343997787,-0.01026613612570293,-0.011433521970636185,-0.01258370226610761,-0.008910912622911216
2024-09-22 00:00:00+00:00,0.00016187145046564488,0.00014961334783847313,-7.358769884246996e-05,6.551835687806928e-05,0.00010209164747032595,0.00010427642907195889,-0.00014575788644233256,0.001970997793916851,-0.001304580956350443,0.006856497542083284,0.0062806677199498395,0.005158138776229393,0.0042107829502935346,0.005741075177555732,0.005216218753349988,0.006102296710936761,0.0037037017305112663,0.003378692379067294,0.0017838884661265375,0.004164364203888438,-0.003917931893484439,0.00010333741174917144,0.0030596021332474077,0.008373107883218989,-0.0046982240395175845,0.002025551400770542,0.0035679669350050514,0.009475986915879808,-0.005643991420329453,0.0041268261113769356,-0.0011664775439098607,0.008386341522643947,0.0006689744218106863,0.0004897431375665562,0.005414052873968345,0.0005469188100146738
2024-09-23 00:00:00+00:00,-5.0797803368696215e-05,4.2932290579722476e-05,9.680424391289577e-05,0.00010367154610735341,6.953638265239093e-05,6.814476222660737e-05,0.010969289948948191,0.007064404022411486,0.0012549362486247162,-0.00031008559512557543,0.0019890870982870457,0.002569408634226056,0.0020494799254460183,0.005325396827548623,0.012325939063127622,0.01316253176794735,0.013145858009576683,0.013553139102144618,0.0041742485262421525,0.005534434492559859,-0.007668880634941422,-0.0016685457113106983,-0.005164019661313857,-0.0008718346824958534,0.003471408675995047,0.006441426032297137,-0.015432307346728957,-0.006871819146645475,0.014565180375894826,0.010674904151149578,-0.004057564271547798,-0.0005901062398248058,0.0038377129942852584,0.010484215248961037,0.0004548600449398865,0.006292100270447021
2024-09-24 00:00:00+00:00,0.00018457779904479388,0.00018765477876292458,0.00010814952724591542,0.00011582086961037241,0.00014400378641399314,0.00014594390122479872,0.0021210646658951227,0.003952265822375622,-0.0073375175060735875,-0.0035377367894872114,-0.00351997114621172,0.002750521995046551,0.0026077089433629297,0.002742791502315045,0.00502041784424212,0.005982639295084802,0.005183425684391674,0.006125006637458519,0.003790946515734417,0.0029910897472633646,-0.0064500340042867865,-0.0021194020512054212,0.0030731220375088686,0.001800143506960783,-0.004671967964474444,-0.003743076807054435,0.00554427114256284,0.002216868383283277,-0.006602140974435566,0.0015592723778252715,0.0028154871831160833,0.000785547684187371,-0.004030650729902163,-0.0018378590710894649,-0.0018830581841039473,-0.001956759059984936
2024-09-25 00:00:00+00:00,-0.00012555804478797672,-0.0001276507508143343,7.307902225761609e-05,7.826211727746113e-05,-2.349677261204164e-05,-2.855180386795997e-05,-0.004697937160036192,0.007227905425476688,0.0068817695002818535,-0.013870582967832723,-0.012460028741253737,-0.01433120927724807,-0.003592017896613564,-0.0009085852779592285,0.0004956352153133725,-0.015571927611573888,-0.01510433292728608,-0.01623454600333507,0.0004814048588246411,-0.00638127322538895,-0.0035376714266993625,-0.00819456939161356,0.0072266609792335235,0.00832174405874797,-0.008174377248769016,-0.019679668522221583,0.009094958265184694,0.004318824705370483,-0.010166671329417398,-0.018356431830913178,0.0005603253608681413,-0.00031742101160847636,-0.0017800574484335696,-0.009944827998599082,-0.005391426365958463,0.007201299813767825
2024-09-26 00:00:00+00:00,0.0001330660367677705,0.00013528416344144034,8.27637189766417e-05,-1.1483327425176881e-05,0.00010624952182558545,0.00010752601961172559,-0.009214084748223716,-0.00896249302700769,-0.00629912501017682,-0.0035561890839752586,-0.005278404942498094,-0.00855794814553168,-0.010846364032905398,-0.0073188928191557645,-0.00359017817632179,-0.0094536447897835,-0.009646561200932213,-0.008664808589275874,-0.004225800014594605,-0.006336369749604609,0.0012967077228289714,-0.0005709051188392822,0.0008665294075773655,-0.0026686752649566214,-0.0023158664980249544,-0.004071182023038689,0.003508399558338704,0.00032254317305513425,-0.005596750729323197,-0.006687659711016369,0.0035784605859467966,-0.0001945755710603958,-0.005031904239322316,-0.007678596754899236,-0.011308677972430736,-0.008519996021793319
2024-09-27 00:00:00+00:00,0.0001439023231379899,0.00014630075938160125,0.00012297215459322608,0.00011972078311428547,0.0001318981497642202,0.00013242611876118637,-0.009026791738815043,-0.006574445622439473,0.006223423447098586,-0.004444173713712196,-0.0035854707415661213,-0.00037300258236772077,0.0028073222110718277,0.001905260142477161,0.006304871510130372,0.002028875199927116,0.0030212343441931022,0.0007145077731982585,0.0063001159092868075,0.005537040608805555,-0.008282326738266566,-0.00432270429702053,8.843959297810677e-05,-0.0012781033144000364,-0.0013485723659921733,0.0014806896566572636,0.00010122604925344447,0.0014640733743189749,-0.0010537406988019304,-0.003356040296095708,-0.002891258986551404,-0.00700024240557251,0.0016409923523785785,0.0021092598559850906,0.0005517038364788451,0.0009472492451985115
2024-09-28 00:00:00+00:00,-3.9160867872034544e-05,-3.9813470995464506e-05,8.992391049478243e-05,8.754661589893686e-05,2.6762294974336243e-05,2.347574651362372e-05,0.004570232008867858,0.002351885257177999,0.003275619139804009,-0.0026989324232661316,-0.00265042637703361,-0.002858230948814211,0.00025820843458213005,-0.0014636037567358207,-0.001332463428827646,0.0027236900149036902,0.004547614277370382,0.003530136838616693,0.0015906461632368973,0.0057501639341606126,-0.0044598973293890065,-0.0002868027919685767,0.007653898793475777,0.004768130695394168,-0.009584757039720837,-0.005596211768886805,0.0025446103983142176,-0.0008497216639813399,-0.004422795520555689,-0.005465392280658787,0.006979773329299999,0.008464136942222034,-0.007925919500791245,0.0008822961162902043,0.01033334823753762,0.006246751397644967
2024-09-29 00:00:00+00:00,0.00017167565106102067,0.00017453668384548315,0.0001628035827272445,0.00015849996431382962,0.00016552907688183183,0.0001657489148496616,-0.003385110045504569,-0.005630944730979914,-0.0056215517483452215,-1.5539730954805542e-05,0.00035517519654848506,0.004138585993438637,0.0032569657654200057,0.005422631427984381,0.0066835825697249,-0.013597022026872074,-0.01405124116118206,-0.012598687180294221,0.012258542740070544,0.004677551172365124,-0.015437469773781687,-0.010280393159783241,0.0022232491311386937,0.006478060064359248,-0.00311727974780196,-0.004547308424860064,0.006140472617421455,0.0003782172933814998,-0.00534286858163846,-0.0032944896207564023,0.0019151691716945418,-0.002356235361301695,-0.003292278237227886,-0.005350597102653842,0.005055172465196378,0.006379455621702279
2024-09-30 00:00:00+00:00,5.802674390942286e-05,5.899361046690643e-05,0.00011649289592452483,0.00011341396170472251,8.71628506202704e-05,8.56715654180551e-05,0.000539559633012443,0.004333565958837937,0.006496823632947901,0.007132522446248846,0.006668017848256991,0.005159085249258455,0.0046461286180914385,0.004704261829231449,0.004146683616268909,0.002508218943005014,0.0020407074317934093,0.0011519551171093045,-0.0073687804853102,-0.002227869438036989,0.0039075717591416925,0.006654420895569002,-0.008743825976593289,-0.002526480222112659,0.007317335215924592,0.0027670068932188485,0.001584192734828349,0.0036565811508255663,-0.002771689405302702,-0.005025594144227319,-0.006214779398299175,-0.0027215161375601093,0.00456008821040399,0.0022243392930942907,0.0001570003381508034,-0.003067744633208358
2024-10-01 00:00:00+00:00,2.053618085096076e-05,2.087834334107974e-05,3.4423454963627975e-05,3.351373825055681e-05,2.739246371197268e-05,2.703800132808354e-05,0.005271866975835593,0.00885624026819154,0.004642210516495604,0.005422676505129509,0.0047757542682063114,0.0037840554166523876,0.006715853402949223,0.007328935526136338,0.0060818752811397925,0.002717636413251734,0.0016026928710022315,0.001696805129008272,-0.002192991970925817,0.005223779541062568,0.00019170953487313014,-0.002323941247865724,-0.011907163814220634,-0.0020675729883611327,0.010491001673862188,0.0008709439299918742,0.0009038327276553737,0.004856077333690756,-0.0020092348792432047,-0.010457353069992514,0.006010357766918828,0.004994350125028024,-0.007183735599548768,-0.006805611456926042,0.003379449974175941,0.0025095392279341766
2024-10-02 00:00:00+00:00,0.00020797823562701545,0.00021144338164491572,0.0001752974005835295,0.00017066493034167962,0.00018939386256722202,0.00019021884165626446,-0.0053906222714391605,0.006441690883283835,-0.0033753079157647914,-0.0023498725604174098,0.006573667517839832,0.001316547267510959,0.0016363574723661234,0.0022499354330307586,0.0028373772252905383,-0.001785699735854629,0.0011615557670152654,0.0021795097114092332,0.002271818773112777,0.004544793354798404,-0.005016220113942094,-0.0014584500098875353,-0.003914577416524234,-0.003887666297224368,0.004424216965493999,0.002155627759045542,-0.005511724013293362,-0.0010133632088872302,0.00510546678036139,0.004586854440566723,-0.0026792868868289466,0.003061983960894965,0.00016096475576676816,0.0046257009498955615,-0.00030539418081942937,0.0007136327497330175
2024-10-03 00:00:00+00:00,8.897215548797632e-05,9.045421602604797e-05,0.00012317127969030395,0.00011991686791201772,0.0001054896846415243,0.00010461540226880395,0.010507595948626491,0.0042319802899626335,0.00962794677121237,0.005910078913109462,0.009861338472376247,-0.0008975200842136211,0.011652566174433332,0.014383772211269186,0.0022872364395793987,0.012590312517606117,0.012100081117898176,0.013401140906097675,0.00023431703333653964,0.007734884869331937,-0.0028547026079071003,-0.0017115301086780832,0.00973880865572574,0.006909269887030334,-0.010826488766452758,0.0005683642160609903,0.002046019116724196,0.006416102479544161,-0.0026970918618273165,-0.006725983135416613,0.007342384464995355,0.006821983438713097,-0.008465624930011129,-0.007818504995660946,-0.0049051185008389675,0.007590659711654624
2024-10-04 00:00:00+00:00,6.846841324392727e-05,6.960882795992163e-05,5.761927531233724e-05,-3.5850704092954544e-05,6.230457748390705e-05,6.257846983404036e-05,0.003581478252593584,0.002926813981614762,0.0031563778839176493,0.004121709043242605,0.0035958814376975123,0.0016534577159477148,0.0001479117474820768,0.004706022763092621,0.0038471815854588254,0.0013814391011277571,0.002134996401164546,0.0018403073611730214,-0.005671363695702647,-0.004722733828645631,0.0033665156746904845,0.0022015442957796783,0.004852920026948704,0.002258579169161612,-0.006499550386878772,-0.004617389094231594,0.003428845783935097,0.002867499363186976,-0.004715767901946499,-0.005136679086256479,0.012047077258780847,0.013473353257125398,-0.012424725425863259,-0.00636893565912644,-0.0016862494668411498,0.0008509274465500205
2024-10-05 00:00:00+00:00,5.1680037637780174e-05,5.254076407212871e-05,7.673441751454568e-05,8.317129993229422e-05,6.391007721329167e-05,6.327005745454528e-05,0.0067862209334079715,0.004207460069485913,0.005270315269861436,0.006758938761768141,0.005555852152951735,0.005862359109961801,0.005322500420627652,0.00692158178996527,0.00661041193070222,0.006006709519681186,0.005147982219087632,0.004210958362466322,0.006467682063756364,0.0015543964205715355,-0.007520954729478002,-0.00484078356117057,0.010354999510400864,0.010225264788894073,-0.01267814503447029,-0.0015653475147017204,0.009392212122071975,0.00834263995842699,-0.010974775238588808,-0.001184923162095397,-0.008414464102047825,-0.003873064835045792,0.006033542311180806,0.010151347104019326,-0.0018009110758454572,0.0008223183129565381
2024-10-06 00:00:00+00:00,3.7722836667031245e-05,3.8351074151732334e-05,0.00014608896962431395,0.0001583426537759003,9.239640953029316e-05,8.963481905488457e-05,-0.0027649380973997495,-0.002339927268882769,-0.0007060967801809648,-0.001681967551270036,-0.003550853880875615,-0.0008237376496856852,-0.0006774217962903784,-0.0023079084870064603,-0.006521587438968135,-0.004019546774731264,-0.004019109039955837,-0.00199624072562532,-0.005664297975491284,-0.0027490824196260144,0.0020144038929517105,0.0027909468260320924,0.0024451010205197576,-0.0008531103301803178,-0.004102446664603465,-0.004004221473805747,-0.00059300210316926,-0.007831758221385265,-0.0008383528374931171,-0.004581063942238894,0.0016878224816323506,-0.004473919137878757,-0.002619598962358638,-0.0046472601536694524,-0.001766687129201694,0.0021909597188694008
2024-10-07 00:00:00+00:00,2.6289689031955277e-05,2.672750167209692e-05,6.0144783453397466e-05,6.51888227287678e-05,4.323286870300258e-05,4.236958835357463e-05,0.0020940307262922175,0.0024813242530363766,0.003404929048754113,0.001836694137667072,0.0013276523569265564,0.001369739778925183,-0.0007434377423943817,0.0008283235426227442,0.002618640155759522,0.003036717120261656,0.0029059962563151576,0.002050812435776983,0.002891577786639399,0.00021869732853119217,-0.004819758677762076,-0.001540725910613161,0.0029793322993787452,0.0036715774557645187,-0.005289082334773543,0.0014033128048571708,-0.0029987305086299765,-0.0014016524472870717,0.0012185590817472836,0.004019339120489462,-0.00746353396037025,0.001580996010067226,0.00663356619236577,0.005062365731517859,-0.005240355455357393,-0.00430458425629987
2024-10-08 00:00:00+00:00,1.9250951422966622e-05,1.957153659981614e-05,2.795569362357142e-05,3.0300043654785114e-05,2.3488111315916882e-05,2.326569912391996e-05,0.0034964998368101075,0.0021966047029844393,0.0043070323470078,0.00576381868604825,0.006691398800520831,0.004947843523143591,0.005206679706155848,0.004796908215912943,0.0039416189195506934,0.00501113547563703,0.005035335740313673,0.004886762421177471,-0.011170595598257504,-0.005287055593645507,0.008164423271594723,0.006124561146049423,0.0015203824567107116,-0.0017704243898444272,-0.003172261816472899,0.0003098890390476061,-0.0022817929751554056,-0.0014896539146660448,0.000750179940200324,0.006065009615827233,-0.004198526491092203,-0.0017030003979540131,0.0027236707885922584,0.0053963295398669064,-0.003915665276997826,-0.0018591319522542893
2024-10-09 00:00:00+00:00,8.662300846995485e-05,8.806550907092259e-05,0.00015151299341020774,0.00016421840982228098,0.00011875263331040387,0.0001170966861694378,0.003645544709632187,0.010765295953446774,0.007782893152368908,0.008869651704785708,0.009058942301455097,0.0035576363316816018,0.004627462214218614,0.005130655141145413,0.004852630877195896,0.006887351285189025,0.007102793772834071,0.0067872080239366195,-0.007198226924906348,0.006987778937869615,0.004966355361780028,0.001842646845239937,0.0013396296280785425,0.00118047689827816,-0.0025908222043787843,0.007200186009407528,-0.0012329850034549228,0.0010390534967472664,0.0006575422475834092,0.0078014763954403765,-0.0028063891484293446,0.004766757606952332,0.0020047442684807404,0.003707444977878449,0.010735214733258891,0.007737717546452805
2024-10-10 00:00:00+00:00,8.230550732735153e-05,8.367598950198563e-05,6.26987154932479e-05,6.79555748148708e-05,7.156108595141042e-05,7.205755176076245e-05,-0.0037409104644505753,-0.007564396396912421,-0.0068409458770704035,-0.003054505118001205,-0.003372223769145144,-0.003101176378182191,-0.0015011630007156773,-0.002927940927638706,-0.004366073184876695,-0.004896810887442982,-0.005344612401370852,-0.0052265017241883704,0.002849874648761963,-0.0015505476228855342,-0.004643086877314184,-0.0036287961759808862,-0.0024159850944426298,-0.0044666101164513305,0.0012475916528926767,0.0011456918526717708,-0.0013706626579104153,-0.0009899932358083952,-4.38110843302697e-05,0.00023146246086502842,-0.0012875379380254959,0.002666277809643125,0.0004757437828331046,-0.0027035755071030954,-0.011369942779877018,-0.002385310476412217
2024-10-11 00:00:00+00:00,9.276528810819862e-05,9.430980852775939e-05,0.00021349469066600513,0.00023139354686674274,0.0001531981516240677,0.00015011966511258024,-0.009378309962334574,-0.014423375282051176,-0.011690249894779514,-0.010613818283241927,-0.01151281409835947,-0.002042242988201326,-0.0014269212921916852,-0.0033236447125275514,-0.0015868701521957185,-0.0009391158940891264,-0.002199714481830206,-0.002324972609692777,-0.010276086366554305,-0.01349819668213792,0.0073984513706664146,0.008856926510828034,-0.00938806704940065,-0.013365432643081099,0.008401697224460491,0.007969998305593862,-0.00799249871108565,-0.009629167343047418,0.007587176731765899,0.007929643688045607,-0.0074825740368842375,-0.009320993331463301,0.006514044836148036,0.009014533865273622,0.010157687937667026,0.007752589203600113
2024-10-12 00:00:00+00:00,-2.548066748597755e-06,-2.590487465092828e-06,5.292802113276984e-05,5.736434634595611e-05,2.5654371724526115e-05,2.424139906342937e-05,-0.002836435152042349,5.5258763106857955e-05,0.011498672531109255,0.004786010893818249,0.00360195429576482,0.0034242254589635923,0.0024839384035861833,0.0029008185226777616,0.004190225530429359,0.003497644671115907,0.0032326495904799746,0.0038712821923942986,0.005664060798374004,0.008590651173589592,-0.008695089847767123,-0.0009991533003077535,0.013094215943554754,0.012702106508004851,-0.01364107876571885,-0.005252723831946526,0.004091309551609523,0.008289781060082602,-0.005084753215546911,-0.0010991901895470724,-0.0009052299879206416,0.006057750683438723,-0.00037066191765278145,-0.0018452854370859528,-0.0008132959860845945,0.0004775712860143333
2024-10-13 00:00:00+00:00,2.8004041789264633e-05,2.8470259795243535e-05,0.00017536195751755024,0.0001900596173229907,0.00010258659597939257,9.883214987338462e-05,-0.0010507531054944064,0.0010229412891991085,0.003238937022543187,-0.0035894841978354464,0.0022602670592819507,0.0020862569745641046,0.012347672288404388,0.012210098097494848,0.013201243336722124,0.01104892949177061,0.010639726608585809,0.010937331726156962,0.0048831987024022805,0.0012536383726822198,-0.008434684665100778,-0.006725267735945728,0.004435518100234459,0.003829145017620661,-0.006355995664056202,-0.002843409944019215,-0.003294090278066708,0.0021053701100497424,0.0024663906145923065,0.001885016839111353,-0.0027144664891911585,0.002145467943025725,0.001206593837988823,-0.0009962390622715311,0.004510440012912786,-0.0010109057199176874
2024-10-14 00:00:00+00:00,5.512326963641456e-05,5.604094892697198e-05,2.183620797824304e-05,2.366602428782727e-05,3.768776274637453e-05,3.853366038897299e-05,-0.0007572112601813563,0.0017918310238460577,0.0020395213861978956,0.0003725324329661994,0.0017897773240478365,0.004453948489737902,0.004672444077330695,0.006595710155677503,0.006124548729660173,0.0036675084316490913,0.0036840242285884894,0.0040796644110063784,-0.004671673639463747,-0.005530927708060407,0.002355041339348496,0.0061280896855926414,-0.0036954187316653453,-0.0002638109208226158,0.001599659310051793,-0.0026327299659534287,-4.293063515092843e-05,-0.0020835204520200934,-0.00046456598738298105,-0.0022503814202685657,-0.0012190969347728453,-0.000974653779917789,-0.00012985740712656568,-0.00352924127298071,-0.012104535701770391,-0.0003553230801836005
2024-10-15 00:00:00+00:00,6.65847992431523e-05,6.769322527810928e-05,0.00011071351258373774,0.00011999079172220206,8.83654688030866e-05,8.723904858620735e-05,0.01797695928864118,0.014878972051590722,8.258256026127953e-06,0.00776636137656439,0.002610265960885094,0.0006873425934357247,0.0018371459929236167,0.002705318057412587,0.0008926175357444333,-4.94590969652986e-05,-0.0012318172403978922,-1.608822285037448e-05,0.006292364636904191,0.007639972234812831,-0.008913365820183983,-0.021798065634415553,0.01837756172301952,0.013952359260063218,-0.020076655048013703,-0.022646228325257978,0.011423247490587762,0.002220722515862139,-0.011521057288708891,-0.012647701758570884,0.016297607838934303,0.009246667100600181,-0.018647245458654926,-0.01891095609126714,-0.01180180350029969,0.011035050923502654
2024-10-16 00:00:00+00:00,0.00023519785360814893,0.00023911288798394992,0.00014170077861996866,3.8900995467550104e-05,0.00018545755685872578,0.00018783064243721448,-0.016527118982072486,-0.005979411258602463,-0.0048652969288058845,-0.0027810453942435087,0.0012678377705521715,0.0013716422897811498,-0.011766460150866243,-0.012963280793905296,-0.009510400725265211,-0.015477934003025329,-0.015592398647939154,-0.010933079021015035,0.004379682229471715,0.002674919736367576,-0.006607260373434842,-0.013399499083474042,0.011582053784583213,0.005262979672238544,-0.013953647235627198,-0.01099762781494884,0.020283637245748,0.007312423238996502,-0.020495568530499053,-0.01662730923682154,0.013078857645841602,0.005626669828276087,-0.014245113611997207,-0.015023368569789697,0.006809624642506895,0.0022619764826239397
2024-10-17 00:00:00+00:00,0.00013486135182017023,0.00013710567761626713,0.00012087413160211113,0.00011863080145935179,0.00012646929020743158,0.00012682073229774993,0.0004594567506726044,0.0027885516276155986,0.004671062728040187,0.013796109904772313,0.013346193974348886,0.012458152179575244,0.008285987294126107,0.005340735943925257,0.008467788771048923,0.004801378985801463,0.005877979653958532,0.004721671430432339,-0.0005571307339271581,7.434200224332166e-05,-0.0014178920933504147,0.00011732524470553507,-0.005742110600348016,-0.0050596859213141165,0.00433096722124704,0.003183936632028317,0.0015993681746093724,7.97372806147223e-05,-0.0028909279998137194,3.4458365374634425e-05,-0.0012435753048916087,-0.00018732196763837639,-8.699199772166377e-05,0.0003910409519585212,0.006481344089411145,0.003547656115526543
2024-10-18 00:00:00+00:00,9.870579307236227e-05,0.00010034820274795742,0.0001663044637163491,0.00016321834794963408,0.0001321014402191345,0.00013037604626831012,-0.004180675628525865,-0.003202081038930382,0.0011028714242824478,-0.0013138035888053956,-0.0044091286885737935,0.007359963934314262,0.0024561756427623482,0.004057335534830786,-0.002159520067843035,-0.0034830433369207325,-0.00450488258999826,-0.004497948236726557,-0.004895198298683345,-0.006574496440340805,0.0022275770744843992,0.0014003026554094689,-0.009433868476364293,-0.01100320728209292,0.008856134025189144,0.011217723325177342,-0.013109694726932464,-0.006712568743533653,0.011320363584411242,0.0038657712748466633,-0.0081020693058107,-0.005177778295683111,0.007431848446170619,0.0016222355482411466,0.0015257747195773774,-0.008955713132617893
2024-10-19 00:00:00+00:00,0.00016115148877093866,0.00016383269114972343,0.00020848656030625357,0.000204618301771875,0.0001836591552677458,0.00018244766765196374,-0.0015696121701381793,-0.001879225922021277,-0.001160551691106071,-0.0034141399095307667,-0.0019160596732933355,-0.0030636475658937234,-0.006064868423682257,-0.00603488307182809,-0.006093662081657625,-0.004290275279805855,-0.004145961811503396,-0.004384968879097784,0.005780865728844953,0.0028212797886850716,-0.0077636265889611256,-0.009538543080449546,0.0047230455300766305,-0.003360440226221062,-0.005274818701432538,-0.0068043277242516575,0.008597739865747078,0.0004906881524828766,-0.007988496637742593,-0.008518782134533054,0.009829708570176399,0.0016692969383509393,-0.010547935540977549,-0.009274441172769543,0.005535007076978182,-0.0011608121870732013
2024-10-20 00:00:00+00:00,0.00016721785489126617,0.0001699995323809489,9.187233349350343e-05,9.016808342554583e-05,0.00012734782466905514,0.00012926101390653422,-0.003391239586969075,-0.0017805128399241976,-0.003024710033774136,-0.0025737660343404523,-0.002211707265040719,-0.0067112203598955755,-0.0018584376139014758,-0.002295517329345964,-0.0020534844775960126,-0.0048234529093201806,-0.004922813010616034,-0.006684825370531389,-0.0028799412550364334,-0.00454614832261957,-0.000642890689523834,-0.002289465073380237,-0.0032874448006968704,-0.0065615443313417066,0.002418416307017779,0.0013140436205867356,-0.0020393684491989417,-0.002746820935312866,0.001044556410267461,0.0014627691059088122,0.0030635264202456547,-0.00046850896462025116,-0.003691256723296288,-0.0022745966363413306,-0.005454647470182206,-0.0011084864970124508
2024-10-21 00:00:00+00:00,9.079544124634964e-05,9.230557129114025e-05,-3.513575752567277e-08,-3.448404095607316e-08,4.3789896230439496e-05,4.610026304940895e-05,0.0018404116591324016,0.0003832012779165783,-0.0004520680053664572,-0.0030885636645694436,-0.003500290096243308,-0.003910075718917105,-0.009588891795434873,-0.012949652952442325,-0.008520381145932898,-0.0053286403606628285,-0.0052550533089289475,-0.004211314066960403,0.0017191402468705874,-8.216648691450334e-05,-0.004111382304431421,-0.009860492816199384,0.0014524415741949959,-2.537167805960472e-06,-0.00427292409371216,-0.008062119236342258,0.005435862578161199,-0.0004486756171702133,-0.006551016205931681,-0.010885251457707357,0.0066990462666567385,-0.0029936223692408337,-0.007808967327371574,-0.010091287897909362,0.005957080344705767,0.004576739772788718
2024-10-22 00:00:00+00:00,0.00013668091811047667,1.6725458387600867e-05,0.0001877049288800947,0.00018422327891176593,0.00016129501370554244,0.00015999044223824477,0.001983656155494451,0.0021760264712087363,0.0014900489202460676,-0.0003545542626550713,0.0026999585901272827,0.0010426014657254346,-0.0028503443285029517,0.0051610387212706055,0.005052776258327452,0.005191513805488768,0.003881896389611006,0.004042694391360735,-0.009914258680695509,-0.007829257959038216,0.007135214960010572,0.008082100722086594,0.004910391929834557,0.005694459094349291,-0.0065167005929158694,-0.004187673198395303,0.00522937246663413,0.010650057955668979,-0.005327226859818124,-0.005030925418124332,-0.0013676058009679526,0.005653552220519664,0.0009065815373403563,0.0016127469485864854,0.008167365249486247,0.006494275157311158
2024-10-23 00:00:00+00:00,0.00024388149156084893,0.00022349710461799788,0.00033367272178663754,0.00032748472422317043,0.00028716658284744234,0.0002848706934244216,-0.0017695953107071949,-0.0021351289465160184,-0.0016322653733060744,-0.0023094493541025995,-0.0021645787360744517,-0.0012791286054413264,-0.00502651832937695,-0.006384926619123377,0.0009889865624377325,0.0018995317738337292,0.0019286827752393876,0.0017611474507350788,-0.007864357654142617,-0.00861412275534379,0.005864432041011058,0.004035211637183567,-0.007924787147066459,-0.008366670820329158,0.006776625076388321,0.0032458010179432506,0.00021773566999172544,0.0012936562474892277,-0.001470155755104896,-0.0043546062582694445,-0.0018543338064582748,-0.004724303859705903,0.001573018439373186,0.002815802934916567,-0.009336837919800556,-0.006134408374711908
2024-10-24 00:00:00+00:00,0.00017199614632046334,0.00015762337632052592,9.633996245650422e-05,9.455391209201025e-05,0.00013192398274042283,0.0001338449290013699,0.005411286208242716,0.004132384480790563,0.0018554570573952045,0.004153357622822318,0.005901291359573291,0.003634693268716127,0.0033277838468874776,0.0027936019134586765,0.00027275677434901446,0.002451991312963697,0.002303759277024975,0.006351451774095018,0.0011768234672013822,0.0010536535698699723,-0.002824099765176946,-0.004155426877202051,0.0068928995442658625,0.007767847153555163,-0.00837192626515404,-0.007093124320513122,0.0045529067140750445,0.005167174459990154,-0.006917912339312382,-0.008244741982734838,-0.004189190483681493,-2.4510567431246244e-05,0.004193635155136155,0.002902881129458912,0.006686410824291,0.004822788121991106
2024-10-25 00:00:00+00:00,0.0001846333987605142,0.00016920703477940613,8.54460980799221e-05,8.38621592644806e-05,0.00013248925174158543,0.00013500913488950772,0.0010807349586743342,0.002831680058950292,0.0043473621503300475,0.0024772741877887583,0.005150674026150437,0.006237701295403131,-0.0001676500504276257,0.0010924574009496535,0.0014633623615476488,0.003516525307195595,0.006048824867832314,0.005831514459817555,-0.005790693719173512,-0.003052701514264178,0.0033005271813466575,0.0028495060389479576,-0.0012872984042330282,0.0003981389373934885,0.00033905535094480577,0.004849920329687452,0.0006304881169301169,0.004132644978581235,-0.0017337544701769847,0.0021057248143645513,-0.014611829231914952,-0.012364895898460793,0.014277603463833444,0.009784976587340566,0.0006359568298204277,0.008012318677535157
2024-10-26 00:00:00+00:00,0.00021945450847904446,0.00020112189686138926,0.00016387090123060055,0.0001608334340852391,0.00018912942620530337,0.00019053739724994578,-0.004931770735787655,-0.004126358047319867,0.0024518817137781923,-0.0005347502748280775,-0.00122232804171718,0.0011188781526059177,-0.002400599034411921,-0.0007871562303425339,5.095100821495002e-05,0.007485211224163679,0.007160350750915256,-0.0005769317275620134,-0.0047499631081644456,-0.0031537701049820788,0.0029366146373503987,0.00036788377624819013,-0.004240775177725586,-0.004946477817940553,-0.0016042064891110819,0.00012282698789944924,-0.001638074225534858,-0.0006282964789171563,-0.0005857791004321156,-0.0010216781067489134,-0.004524951871530458,-0.005997623068377811,0.004853339921113919,0.0024803943818820784,-0.0003340627023160625,0.002486729363253337
2024-10-27 00:00:00+00:00,2.9191046496901407e-05,2.675299902410444e-05,0.00013195756798745073,0.0001295120311655129,8.111144466083076e-05,7.849272880267044e-05,0.0031774547066696357,0.0032992839019125864,-0.003660974609083101,0.003661953775362381,0.0016359792619762281,-0.002387593760512452,0.005173438539467501,0.005692721577515991,0.0028106306995980823,0.004021246621221941,0.00216988111860017,0.0003980560928655841,0.0007964817371821642,-0.0008887375310404622,-0.003035372414986859,-0.004956354695293874,0.0033030875298956097,0.0064524986289526964,-0.004233564663956746,-0.0017218924262317747,0.007134141992007237,0.00443131294797916,-0.007915197342434177,-0.005041475693565722,0.007357050591999537,0.00544719593889087,-0.00817564524029557,-0.004127713068788674,-0.0012909729478955967,0.0025165282789660903
2024-10-28 00:00:00+00:00,0.00021947986335879577,0.00020114931083758947,0.0001684906307948264,0.00016536844015835328,0.00019148813777669638,0.00019277908306292169,0.003008132810427,0.007509999821601943,0.006582351687023591,0.00651211226009063,0.006851957281899024,0.005965953253032952,0.004145903155919228,0.003567430007471284,0.003017248198132094,0.0031188420047594256,0.002421409762974891,0.00022973979423057678,0.0006995449232414241,0.0011701951029026159,-0.0028833652149674593,-0.0011510078459985307,0.0018635479918163167,0.006572128282543055,-0.0024499884127030525,-0.0034525597470798086,0.00765845251605457,0.007372794594848964,-0.008697779858307886,-0.007107345104544693,0.0011633961933539272,0.0019713456628973614,-0.0020843145569399146,-0.0007019412307394113,0.0028829714215383717,0.003853724425878724
2024-10-29 00:00:00+00:00,0.00010463072489663716,9.589391754594168e-05,0.00022836571646633885,0.00022413471911075789,0.00016648486435344445,0.00016332933180751574,-0.0006081498552122921,0.002590379515631236,0.000533618267380298,-0.00043831893304902003,0.001870885821395163,0.001505090233152151,0.0022448740603153716,0.0025611020812272844,0.0031851922023629076,0.0036823535804337837,0.003833836560569903,0.0032858467279059944,0.0021156063452951734,0.0037408898921309497,-0.004932133304181852,-0.0017821731076087532,-0.000438342357572008,0.003538769834184441,-0.0013521178898032726,0.0015518500323516982,-0.006647227738950212,-0.0023940292652648854,0.005182216165575015,0.0038380270154663165,-0.004958829871769099,-0.003728391534742026,0.004561090361570708,0.00538928604982547,-0.002262766862241361,-0.0012968991867943203
2024-10-30 00:00:00+00:00,-0.0001250988059868785,-2.735571917100721e-05,-0.00013568532297736358,-0.0001331720052686336,-8.332675887401386e-05,-8.062978145884081e-05,-0.009887701557550033,-0.011349852751219247,-0.007254757600774875,-0.011116652632630952,-0.00932184835077754,-0.009703315676727553,-0.007622159912892612,-0.007155156041936062,-0.006037649854978566,-0.005447602253619399,-0.004914936804630066,-0.0067681935122918535,-0.0004013956540148689,-0.008282123170330946,-0.0030378920514014807,-0.009267625271957014,0.0005254415761646314,0.0041535282146532015,-0.00202041746274062,-0.004499732146546975,-0.00011807194673618682,-0.0008193756669692132,-0.0007936125611913702,-0.004520255275144769,-0.0035359340060181488,-0.004776660225333296,0.0023597645977146975,-0.0023134025077385933,-0.007296236492815522,-0.006630027854973686
2024-10-31 00:00:00+00:00,0.00014656529415879582,0.00014808058796922374,0.0002173806915644061,0.00021335358312390973,0.0001883806313609515,0.00018695326202866624,-0.005734086317940257,-0.00549339311957231,-0.004550749242349328,-0.010044703446005165,-0.01045323525177344,-0.012061414976595963,-0.012000040394369749,-0.012185160818391494,-0.011965321789435102,-0.011843938376570606,-0.011778242461164656,-0.011388808047401278,0.005591132527518861,-0.005402619504892736,-0.008363617711439009,-0.016079178090303348,0.009725629911570444,-0.00505210224711361,-0.012004456406284003,-0.017700144348675173,0.01127472847619515,-0.001426631667708067,-0.012903516309303531,-0.01365223924019121,0.002909261360581672,-0.0033259212127246807,-0.003571596954795697,-0.00978854459739309,-0.011323384649913781,0.0036085257760645195
2024-11-01 00:00:00+00:00,-3.074608215369867e-05,-3.1063909442075044e-05,0.00022733410022057754,0.0002231234972276397,9.912438350001551e-05,9.24715643209062e-05,0.00425744468040512,-0.00042088727614875143,0.009246437944875341,0.007669761961330623,0.0050138700873574304,0.006264985532521861,0.0035687702604345617,0.001469031904333784,0.003431337854857386,0.0014300363340273847,0.0009219812806804395,0.003427641209890142,0.011894392342620907,0.009561428338026756,-0.014942788005355756,-0.00982384500226019,0.004944477192119878,0.0005509008000379456,-0.007268123665025272,-0.001997574436001792,0.002724840607893242,0.009672066757473896,-0.003909926092758531,-0.00499683040373633,0.005112574370845335,0.013869907367790812,-0.006659745328687405,-0.004113831028623172,-0.008549327191009759,-0.004106023263601211
2024-11-02 00:00:00+00:00,0.000366689554442301,0.00037048020219465627,8.363435198122104e-05,8.208565120670919e-05,0.00023750636962160954,0.000245658101716284,-0.0053825963625460105,-0.006633849301870831,-0.0040966603398910895,-0.007506353814239697,-0.007111088894515172,-0.002305945041787494,-0.003096649648920091,-0.0037205667388465757,-0.003342538881676016,-0.0036502662565476296,-0.0038373080041078644,-0.0030183988149802277,-0.009701405612334457,-0.009658602207520572,0.00606484393805129,0.00586948783678376,-0.0036040046474528076,-0.007690542096747466,0.002410960575822685,-0.005330010491597759,0.0019909296545008726,8.536999304609161e-05,-0.0029927735838788383,-0.003969073643485421,0.0009181005857137325,-0.004156384818720604,-0.0016131227654699876,-0.0005415363279200891,0.0052090148485459675,0.0014735201313937907
2024-11-03 00:00:00+00:00,0.00020287762912785112,0.00020497409686703882,0.0002807580529329279,0.00027555953683244816,0.00025052307690476283,0.00024906009968050924,-0.002087895524143679,-0.0016092411347818913,-0.0035534638400186447,-0.0017996826748303274,-0.001354697421569906,-0.0004931358386190965,-0.0017846153067653248,-0.0017928827385353951,-0.0027208232900659546,-0.0018453719760987974,-0.0018702792774487609,-0.0015425904075487828,0.003661844433261452,0.002372839666539228,-0.006590785354689044,-0.0044567350621754764,0.004540702212913361,0.0006524976838946372,-0.006263972950075858,-0.006225052002421294,0.00633452455518424,0.00531180334146919,-0.00879403218894137,-0.004900806094588872,-0.005268051820998987,-0.0027900922903166814,0.004751008069538543,0.0031243104649592013,0.0042580128943316975,-0.002579724875461209
2024-11-04 00:00:00+00:00,0.00018480813245447258,0.00018671748485332706,0.00010556173912323885,0.00010360769641981626,0.00015191712701745352,0.00015441003245686424,0.009320603141436345,0.010737573363447828,0.006508478146305174,0.009327529950212021,0.009284720485801756,0.0040193784375193164,0.008081169809945221,0.006656738449748456,0.006307845607144591,0.00861836829673357,0.008600086974676513,0.00928869975357105,-0.004430325065452045,0.00303584812110258,0.000484998075883869,0.007195934717550978,-0.012857578506114242,0.0022063156198990352,0.009571060299587986,0.010424241725018879,-0.007149628580643164,0.0026118267698953535,0.00583122654388446,0.01139992907250087,0.008753024084305672,0.009415983875126877,-0.009608304117284527,0.00047520188659877505,0.001281818073447294,0.0067997734716112035
2024-11-05 00:00:00+00:00,0.00016157604191180397,0.00016324505942977297,0.00022271884520219665,0.00021859654622868874,0.00019907036423427726,0.00019792752627778576,-0.002669976879414171,-0.0019057420942775183,-0.0026832189509811144,-0.0021660740914236642,-0.0017714590689174026,-0.004145767618546459,-0.0006550868518478969,-0.002245637486212315,-0.003071166374292389,-0.003233440820175293,-0.0036847645155930753,-0.002785314767474012,-0.0002361613865579093,-0.008118253510438378,-0.0013110720580905566,-0.0016138755520167525,-0.005877387273003243,-0.006006359765272418,0.005080309711225084,0.0011268475036021464,0.0028311418649697995,-0.003681594649910136,-0.0039024304821586586,-0.005261494254549248,0.007084843863573775,0.0012887816489415282,-0.008740768061778925,-0.0034355226960557372,0.00499897557060236,0.005821941260270025
2024-11-06 00:00:00+00:00,0.00017197052596440443,0.00017374662451130618,0.0002049949632059178,0.00020120154446412464,0.0001955953788570497,0.00019519537253209762,0.0024120632491171357,0.0037736098822138686,0.004423702514966488,0.0033850952855163374,0.0033409887466890886,0.002539480545506567,0.0012881438545602197,0.0021618133782739246,0.0033421798316346507,0.0011381799484759814,0.006922062540012375,0.007411335461117385,0.008330780588996944,0.006920912410288027,-0.010441027767520095,-0.004420890283559409,-0.0031493122487532554,0.001978281024374695,0.00165057174610439,-0.003131137327309741,0.0036849761652990587,0.0059243685056773465,-0.004301204713193729,-0.003935611536412087,0.006562527549100583,0.011087562542739793,-0.005807721378785935,-0.009783944138647027,-0.0036149297710328376,-0.0019571719320633507
2024-11-07 00:00:00+00:00,-3.205068046685522e-05,-3.238163996044374e-05,-0.00019647774884512526,-0.00019284267199581873,-0.0001168498857847533,-0.00011274374346337268,-0.03291145493260372,-0.035052115763863134,-0.03164488092517248,-0.032284146174141326,-0.034685080398630275,-0.022588335277417437,-0.028737864829884496,-0.026199252242669613,-0.02814907888955609,-0.031031605400201334,-0.02831264550009116,-0.011583476038070084,-0.02469462453636828,-0.02539697095387905,0.020747510821099935,0.013374857824982378,0.008129351217853964,0.0002261929376607963,-0.009563650916767252,-0.00834172268298572,0.0051106148919644045,-0.002703436682954252,-0.006158655154133497,-0.00798013792300678,0.010036503780782136,-0.0148871907341116,-0.006178117001724659,-0.014525585809553543,-0.015362311281070462,-0.02698650225582966
2024-11-08 00:00:00+00:00,0.00020756933699517255,0.00020971279436388102,0.00025647304380838065,0.00025172706594922545,0.0002406757466375531,0.00011971731093995963,0.008607762277007991,0.0016596102784562916,0.009874920452507263,0.003961578440002667,0.0043701589819018505,0.009550048953438361,0.007195706245336941,0.006877202149244699,0.008917358115354768,0.004934392064556148,0.008525146548739482,0.015528040854646985,0.013565690568545508,0.0031846136905229194,-0.01575851872802503,-0.01243608772621807,-0.015591172990757296,0.016925357692656018,0.012647716566132727,-0.014417192669648027,-0.005549864245246616,0.007695473631170735,0.003604870722251574,-0.0026337509628362454,-0.004432552733914408,0.007353594267127894,0.002543634762999014,-0.0009547110692467164,0.01600146645092737,0.014643564939503806
2024-11-09 00:00:00+00:00,0.00037115101041629295,0.00037498288451898176,1.2765654928248438e-05,3.348268103509078e-05,0.00027620520917936986,0.0002473464961241234,-0.003728496207251464,-0.005742376669819915,-0.0038797533522828553,0.0047641710203965015,0.004492191052033023,0.0006227182029359124,-0.0015125798360178244,-0.0015298556432928878,-0.0008769764286733484,-0.000907607787282716,-0.00037676813689002664,-0.001845040616167859,0.0033970107241432235,-0.005484366371324878,-0.006201126921911548,-0.01242700826910692,0.003996153322108897,0.0012083571817973482,-0.006250087526882275,-0.017553292872586668,0.02109573513134344,-0.0007441208249615583,-0.023092056864520538,-0.025565627449744555,0.011370385119057191,0.000930036029601844,-0.013660019881070018,-0.015877272749720395,-0.007738802086120211,0.003982681356214046
2024-11-10 00:00:00+00:00,-1.6193607673908872e-05,-0.00011638682266823519,8.080846601110636e-05,8.080686721045893e-05,3.7578342309441126e-05,3.635536234436465e-05,-0.0009173302089976465,-0.0007640785953387796,0.004403937318494311,0.011193367787187158,0.00945885605198149,0.006360191213032218,0.01312203420680702,0.01205172467250093,0.011747307347810043,0.011165351552956171,0.011400560096322954,0.01229383824343544,-0.01054116089944368,-0.01621330484260497,0.007813746047270032,0.006802725307033075,0.002962237943252788,-0.002125414050576091,-0.005307505080468955,-0.009680328822453177,0.00375668219134373,-0.007304668358792288,-0.005638997736625906,-0.005415094821388022,0.006616342408570786,-0.0043650562111715585,-0.008428656169511384,-0.006218815429699598,-0.0028389867466472873,0.0015838470535838312
2024-11-11 00:00:00+00:00,0.00013447662407695127,0.00012330163455476217,0.00015985477802260561,0.00015985161554121774,4.558833494905379e-05,0.00014931494890557673,0.0019761190365958914,-0.004257051953631241,-0.002582055645764747,0.005601694282738601,0.0054884193463407005,0.0016767288348393805,-0.005049023987403367,-0.004203355294736366,-0.0035331129952981266,0.0007079583405400491,0.0021849801422442194,0.002506114451015229,-0.04966309085878784,-0.0475877335862096,0.04702571874693806,0.031799649869975966,-0.03206830995578347,-0.03171431100746691,0.03045784730218548,0.045142084180567865,0.009541295331667143,0.008799024428755908,-0.014805008404971676,-0.0043081503894082385,0.019981206894671866,0.007472631502280613,-0.024103272678496546,-0.02183143817570332,-0.02591384675871755,0.02163730433923572
2024-11-12 00:00:00+00:00,-2.3424172645114538e-05,0.00012436426652229216,5.303317588989387e-05,5.303212687768344e-05,-2.172591396432111e-05,9.184110725679595e-05,0.0011735468701827845,0.005222665909206725,0.004673165843639637,0.007503432995514592,0.010905016103939902,0.013078688734707855,-0.001962380235951522,-0.00398361226891486,-0.0019982632380591836,-0.002472752229746744,-0.003298695051954015,-0.0031055773436505785,-0.02357910590880119,-0.022692192377374965,0.024227065243800583,0.027136023514217733,-0.0109149231755713,-0.012339921817477673,0.007810616897594214,0.026549692103588374,-0.0026650756956348998,0.0030930587851212277,0.002120562697877304,0.00891118027072535,0.007592527212308964,0.011161443297616813,-0.008761725246326457,-0.009092755799111285,-0.0006064456421029929,-0.00710101568733712
2024-11-13 00:00:00+00:00,0.0006970392433471861,0.000638160953834177,0.0006194929137548488,0.0006195150981043174,0.000851353578373848,0.0007334314224221039,0.007901218439128499,-0.002307977189737409,-0.022233079045846926,-0.008143693806764385,-0.01164744325309408,-0.01199934168320771,-0.014333069080493477,-0.017975963637106074,-0.020502559850845148,-0.022705334502199803,-0.02080432688291034,-0.02364448484032744,-0.005309951145001546,-0.004759963195539729,0.0039125153821297776,0.0057063241033592504,0.023829090720188573,0.00020228362659713284,-0.02612598129122723,0.0017917423299658175,0.005520378848354213,-0.00027942932642543994,-0.003705626208791668,-0.0018679166139893288,0.011951984774102531,0.010312689307700795,-0.014279598079779077,0.01208179398182363,-0.020452296320733088,-0.03194863882237897
2024-11-14 00:00:00+00:00,0.00012714145191683457,0.00012714866251384294,0.00034171576031605255,0.00034171575293751033,0.00025310072697570796,0.00024585552889377915,-0.012205237218863463,-0.006672106975826986,-0.0012215257135153035,-0.009337962651000509,-0.005888422392940185,-0.006319801890763976,-0.004937799288494249,-0.007865793762397932,-0.008157894911443475,-0.004847302453047098,-0.0043798109149792985,-0.005236521823324569,0.0015878878978654587,-0.008477788455921176,-0.004557982221144452,-0.007041926151808209,-0.008378912352487,-0.011714052626702776,0.0072832133782898545,0.000321802290452311,-0.012782314621935575,-0.009921593169610277,0.011504442578733842,0.004626781186676254,-0.008503375270770497,-0.011885574542776167,0.0074210147434112805,0.007567289234801322,-0.00715724402075979,-0.0009961920515952905
2024-11-15 00:00:00+00:00,4.323229976144205e-05,4.3234751291088e-05,8.098237382148099e-05,8.098237207332382e-05,6.721500337292241e-05,6.599586061750706e-05,-0.01572515166199384,-0.032322878749256545,-0.031866528333990174,-0.03252105436419628,-0.03678830413125089,-0.038930469654969824,-0.038500675794470474,-0.04080213861903903,-0.0447260200034012,-0.0341714092895703,-0.03354975462512455,-0.034883762870654866,0.010729239965707071,-0.006284494464165902,-0.013086694878694627,-0.03180875352130297,-0.015252612119490694,-0.032882222450241194,0.013749130806898213,0.0013663523484506168,-0.01406906801171981,-0.024847130616828528,0.0125519386853159,-0.01058143724300864,-0.015705195428277863,-0.02650629402645388,0.01395245276250523,0.0038588493365849796,0.04274428469258362,0.029287276232249138
2024-11-16 00:00:00+00:00,0.00023624665910526588,0.00023626005512422665,0.00026214757098230734,0.0002621475653246108,0.00027073448686687485,0.0002704474005152946,-0.016111948176144697,-0.030952908919585798,-0.015658455568640317,-0.032023997276959926,-0.014263042659535707,-0.020495131853647708,-0.008124468246197059,-0.004319347569855525,-0.010983779751492673,-0.012000081570856302,-0.013407159549454262,-0.018919397888281453,-0.019559556800066935,-0.031002844207109193,0.017261682287122326,0.006184269123678421,-0.03171427574650809,-0.030398560969872812,0.031393724323032446,0.030676502155787322,-0.03999546354049899,-0.0433940415226316,0.04305713385547283,0.027142649763032267,-0.03163405584781842,-0.03542757283755282,0.02821607287676242,0.03478642703484858,-0.0018751182834487734,0.0352453522301861
2024-11-17 00:00:00+00:00,0.00012736594671935997,0.00012737316711186608,0.00013312466176018667,0.00013312465888826175,0.00014156362752215657,2.3790128316436565e-05,-0.010980597146711735,-0.015687716214783043,-0.03593304203780334,-0.033074354152723084,-0.03767760863670577,-0.04468600644456622,-0.019312393750835266,-0.02566259711290797,-0.038377055636874435,-0.0227786829458001,-0.02575613162251178,-0.047669330897830986,-0.06518393794625621,-0.049275038020360484,0.06708660383072074,0.023746578332905832,-0.062369005898363805,-0.06200792883734796,0.05586917022013593,0.0271377377177886,-0.04733536759634227,-0.048229542446258766,0.04576213829544562,0.022160530743081663,-0.04210120833646991,-0.04354259433800234,0.042794697956095806,0.01540498683051994,-0.03576596829146772,-0.04790325282665442
2024-11-18 00:00:00+00:00,0.0002177621844692279,0.0002177745278642007,0.0001887025096891648,0.00018870250561753288,0.00022120657637514363,0.00020095018876276072,0.006671282137476364,0.0039345763486540175,0.00879267072936285,0.014783015441081737,0.014156730473205092,0.012799486135905536,0.006239602860927285,0.005070919178825184,0.0015492672870183188,0.009693341079278994,0.008390838270038614,-0.0022471062465955205,0.016372261458021287,0.025895836152937557,-0.015232272599364216,-0.023237232661950213,0.010652643056828337,0.011843193445194355,-0.01709823512883324,-0.016745635844844675,0.019495812182714012,0.014366148812440915,-0.022701346622503227,-0.018709399259047688,0.02258376033120002,0.013680573070804947,-0.022552983582910024,-0.02140896602998188,0.01130849694746372,-0.011199666019479082
2024-11-19 00:00:00+00:00,0.00041186887277855355,0.00041189221362336603,0.00034981830275371273,0.0003498182952077489,0.00041458224729051807,0.0003765281084389116,0.02343436398101484,0.009823628243790461,-0.015558913088329018,0.01048322709966043,0.0030534989708721483,-0.01598171976737628,-0.005104452388020708,-0.008271165573884853,-0.00020282049404163338,0.0064976058389205615,0.00949086111949593,-0.007628393904949626,0.007538349079400097,0.00168367097919786,-0.011668603930480193,-0.01998390812069628,-0.022175374639960888,-0.010536548077467955,0.01976969782420923,0.010117009538739064,-0.009978112829329588,-0.015236859581814755,0.009597930139778388,0.01480853517024694,-0.011392341692643249,-0.013172268382696029,0.010866559068555937,0.008909232948606238,0.013517157105178423,0.01799621050118483
2024-11-20 00:00:00+00:00,0.0004025596341528104,0.00040258243804491833,0.00036869355250512825,0.00036869354455526526,0.0004195349372413393,0.0003814117386877758,-0.0016907020959537888,-0.002626948348280922,-0.0014093852699762488,-0.00494262077844787,-0.0009065192017406742,0.003545379573171914,-0.0013106887705484072,-0.001451082461903619,-0.0028118916654278348,-0.0013115965678528463,-0.00038274784396685746,-0.0036006888969669637,0.01957908603108982,0.00672194606601173,-0.02283786540515298,-0.014353459494382048,0.0008829187007872719,-0.0068335560228544034,-0.003186545163101684,-0.004926091406826094,-0.003338139590341238,-0.011615179923547658,0.003953134834502103,0.00047440955966626674,-0.005722930172163299,-0.007011297849844,0.0050379972948024765,0.000639367465999463,0.004279215402888115,-0.0015770097142446815
2024-11-21 00:00:00+00:00,0.0002906823761523736,0.00029069883588017653,0.0003194338636620664,0.00031943385677624114,0.0003314082075305258,0.00030201697960352547,-0.013104468532249558,-0.008974097558669625,-0.009400293474742138,-0.004115829117929182,-0.00430614770708071,-0.003651966696929132,-0.007150680619071759,-0.006252600584426893,-0.0071380509311232965,-0.009579701864690815,-0.005015413706463967,-0.009390688573631678,-0.01915808138070796,-0.014860311302910323,0.016407144626699566,0.008948797815998555,-0.009397917632367747,-0.016751486074379485,0.008346262215843225,0.003940332234303456,-0.021443844782885524,-0.025146509729451982,0.020859114446362348,0.011828358170380193,-0.026527883016187137,-0.027969726430828068,0.02591384406200503,0.01532143406227715,0.011011082237597725,8.873015931487593e-05
2024-11-22 00:00:00+00:00,-0.00010671452071386867,-0.00010672056160820897,5.856276919113945e-05,5.856276792925996e-05,-2.7549871788101754e-05,-2.2954919923656725e-05,0.0003018993459626973,-0.013150417417503224,-0.009042842908232096,-0.008152836433674482,-0.009982771639340249,-0.00723595993387427,-0.01692364358376408,-0.012630738052883728,-0.008728767687371075,-0.008739275781818878,-0.004447832587520351,-0.005101539010964884,0.0005080904754439786,-0.006911320531034271,-0.0023059306286354886,-0.011963071554068838,0.005015211532592545,-0.0008398462238637938,-0.005968179345488656,-0.009725425897649354,-0.0027750888679947128,-0.012636449383530257,0.00047285160602617005,0.008855472881113435,-0.004097562800986165,-0.010327131489480834,0.003795264567092671,0.006346251466138986,0.0015647322967056176,0.013717181576049509
2024-11-23 00:00:00+00:00,0.0002795238223660679,0.0002795396473358469,0.00041314131825442857,0.00041314130935221627,0.00024364047844582792,0.0003434176458683158,-0.024904331554187586,-0.003552565303269306,-0.003561124883879496,-0.03030628774756261,-0.00027233265783455085,-0.005459985160238712,-0.0031853812188596953,-0.002841478487610849,-0.009889450392167931,-0.013481053281539701,-0.018222413033174623,-0.015377542882428985,0.022724993676155325,0.01632377460945067,-0.02735676905668638,-0.004540879854065927,-0.042207085397467425,-0.03883124688632711,0.045382121973827294,0.027365979367224957,-0.05466046133719393,-0.05177786453451083,0.06001099375992047,0.0333587045718331,-0.053286733246366125,-0.05137454543302633,0.050633001977101966,0.060358528144944135,0.03557072000935002,0.008895560376105394
2024-11-24 00:00:00+00:00,-7.034122273164023e-05,-7.04003250190377e-05,0.00046790166852006543,0.0004679016584419049,0.00026523400986322443,0.0002498391664527144,0.05241870599387122,0.03573338014881777,0.05649837435379412,0.03585710125070629,0.050357796870140525,0.05985374607618077,0.07925222761474848,0.07974126036526297,0.0743701520662523,0.0623914828515757,0.06468361495094088,0.06832241949633988,0.0008719778993160343,0.0026316118912623754,-0.006460664071417099,0.030919869087877583,-0.04052526249642174,-0.04640521545320908,0.03942692393368774,0.03680157934124817,-0.06985210750125259,-0.058053068312632905,0.07313838456666999,0.05286060528522807,-0.07648492146695984,-0.05783873852583443,0.06962003960292451,0.06166007430415532,0.004318079509272987,-0.0039080927612219485
2024-11-25 00:00:00+00:00,0.0002613670188944539,0.0002613670344324692,0.00043697822208765835,0.0004369782126802946,0.0003654573103699654,0.00035995023415535954,-0.007640492150210454,-0.006128445941962268,0.007892858630972999,0.0013414524376316184,-0.0028069804099497553,0.007338485408687534,0.027698245704956603,0.016758140189439663,0.011015675844589179,0.01309646366976569,0.015497115918812199,0.00771440738929563,-0.006540624932134587,0.008165706325950817,0.0035906589329977034,0.007381617097844906,0.018335075714805527,0.0008112680434755326,-0.020389635231711445,-0.010189156478102701,-0.009141700809261244,0.0024474115865029678,0.008961203871802992,-0.003918698965147294,0.0045066130576594254,0.008746383065320273,-0.006417693937037283,-0.012770226049308664,0.0025017976983847667,0.01510186689448556
2024-11-26 00:00:00+00:00,0.0003085966749041269,0.00030859669324545536,0.00031588600068244155,0.00031588599388499006,0.0003243655339402185,0.00032491966256609217,-0.015904627814033456,-0.009693313453912333,-0.004030635338919897,-0.010559271017988037,-0.001719435318250473,-0.0035391926286878483,-0.01476804447963409,-0.001389403953988455,-0.009973700700089405,0.006302924867015891,0.0031997719253979984,0.0014593625981627056,0.025687081914185894,0.0035048610750962883,-0.02643618164683037,-0.015324564122774942,0.03195866557620275,0.01870532375066203,-0.03249387438054907,-0.01620380275690303,0.02931101625236665,0.01336686561491196,-0.0299741383681299,-0.009002328220214406,0.03135387136245171,0.01920701225350796,-0.03167568525699749,-0.02041768634929675,-0.004350241936889598,-0.008917264073931452
2024-11-27 00:00:00+00:00,0.000358152891791752,0.00035815291307139674,0.0002543383677231503,0.0002543383622517492,0.0003163243594237475,0.000320927399686477,-0.0035356189261180893,0.00014250268789717246,0.0023140490521382784,-0.0009637026156507078,0.00018554466638276423,0.00031663009731408565,-0.012279603314404142,-0.013733899568622143,-0.009456165917056114,-0.011054729303203947,-0.013040954731219023,-0.012049521500782312,-0.010387828517588016,-0.015929370044534652,0.007519656492982252,0.0072718551387536134,0.011362603532693694,0.0030196176236636507,-0.01417992517264366,-0.008878842967161016,0.0020405178635012344,0.005529044521599635,-0.0029953810411924575,-0.004420979417849136,0.0009807705992610494,0.0021953554259572794,-0.0026289787557928213,-0.0009185894555939766,-0.010127388185353414,-0.021845365377517356
2024-11-28 00:00:00+00:00,0.00024883933308772477,0.0002488393478672357,0.00024825484648860474,0.00024825484114976426,0.0002580878579665491,0.00025876215602815833,-0.005240652231735976,-0.03136578451628247,-0.02954001818020724,-0.03313561958679978,-0.022216391806571756,-0.018067824610869088,0.003790832792058163,0.0022660103757221606,-0.017941538798162182,-0.006029695640630939,0.013487821054641858,0.01005685651563959,0.02764087115177305,0.002724333239648047,-0.03113616282244791,-0.012171198254718574,-0.015551820480759981,-0.026878513066600163,0.011257882144291464,-0.011039594170144329,0.036087197912686886,0.012545716019454423,-0.03683781971873801,-0.03152946789479638,0.04013375931217111,0.011986081542661342,-0.04406533851707828,-0.03272848402976458,-0.00043411671549531405,0.018284911275004978
2024-11-29 00:00:00+00:00,0.00018405358023709795,0.00018405359116591136,0.00017037642666606345,0.00017037642300232747,0.0001838000522089711,0.0001847658505338412,0.007545811781332512,0.022239850918021498,0.017647393035754355,0.015331169725738114,0.021759705580184807,0.011570338676579972,0.010590492050403633,0.01068819923243236,0.016002504627252723,0.006466270977328659,0.001320500395291191,-0.003017633918851792,0.008498447221268357,0.0182820775413699,-0.011774416243504393,0.010061358060266867,0.026539776223900136,0.031035956804551512,-0.027530440301301473,0.0034911267330328677,-0.014264049066964102,7.171790176951909e-05,0.012677013088055578,0.020200079757750622,-0.02579603758327853,-0.0050641858260402906,0.027017250773757162,0.023182007640766944,-0.007128820171491634,-0.01011572960480367
2024-11-30 00:00:00+00:00,0.00018580923625921564,0.00018580924729016957,0.0002992752741342031,0.0002992752677006827,0.00025370379876421545,0.000250189391983735,-0.008251765290485213,-0.023157051721979904,-0.02217318430112447,-0.014058182909711503,0.003365979039696043,0.0013862373908615222,0.0032040638752133255,0.003974124365519582,0.00502315906260864,-0.015103063329699351,-0.016191143040296008,-0.01854130672858545,-0.03263609787436861,-0.03901042930427523,0.02940087792286339,0.019514627381777894,0.0019289846978038927,0.021135105504840546,-0.004501935113408462,-0.005552405898710977,-0.014473966611121103,-0.006983052191962824,0.013828099034580488,-0.0003149798226137479,-0.03129058244517513,-0.03472245902581639,0.030246399023007742,0.026157138195864738,-0.0026701806250662985,-0.0029113844730409566
2024-12-01 00:00:00+00:00,0.00015895492785800158,0.00015895493729334298,0.00029062054667350345,0.00029062054042805485,0.0002355651490211219,0.00023133821449916603,-0.026296298289095188,-0.03217422761743527,-0.03676992821944469,-0.02710019156514465,-0.03303205304984158,-0.006966312091901128,-0.012661015335968417,-0.00928767402147379,-0.009502508575837454,-0.012495882596810781,-0.013309389499921553,-0.017076867669209794,0.0011527076783497403,-0.023720787281818922,-0.00022366491544245637,-0.022365268547094974,-0.012051687460317817,-0.03379396356541697,0.011259512298001928,-0.015458434955027411,-0.0074370432980119805,-0.014831605399145076,0.00573226645352487,-0.024208283819099008,0.017165961631225857,-0.00353052104047058,-0.015078276500393173,-0.024059649219981827,-0.010150432731125925,-0.004734336973250097
2024-12-02 00:00:00+00:00,0.00020755549826190212,0.00020755551058027066,0.00014159360369769836,0.0001415936006559093,0.00018019885136966174,0.00018307027907904505,0.020285209414206307,0.014601635823077608,-0.030839583387261338,-0.010133032421262622,-0.02653466418519257,-0.005469601119257539,-0.007134967998241981,-0.005541007527522401,-0.008249432795675249,-0.004010191279862463,-0.012656454870839218,-0.03793929473627555,0.01683535835551564,-0.007920398955017838,-0.017163434662300525,-0.006618139211049812,-0.04027017997407656,-0.02633021237350819,0.04230540185285592,0.013606135944787212,0.0051152779419192385,-0.00016706290611001595,-0.00817619672459724,-0.008800933449982451,-0.030373204266683662,-0.021067625176889315,0.02763502059975398,0.013742710328648267,0.03499915680766197,0.04537362123855826
2024-12-03 00:00:00+00:00,0.00039811494176134055,0.0003981149653833338,0.0004307042612148315,0.00043070428254177173,0.0005078967790763667,0.0005027168725151299,-0.016845689453103718,-0.022160398133632797,-0.03840391515452635,-0.04395272033967468,-0.06210143675445223,-0.05413137675429669,-0.03395253480268756,-0.03961002363577737,-0.029735046488500005,-0.04648977076959093,-0.05023238532645802,-0.06276099943441504,0.03411893262192778,-0.0623036491704172,-0.03685696572319541,-0.03976628415226413,-0.015621262392235491,-0.0469009035890634,0.016220610112738454,-0.04272187601110544,-0.01558507223667771,-0.04185266655452646,0.014073321356829593,-0.04204303408483978,0.03073688475220826,-0.006571915800365313,-0.027990267468520846,-0.05401505776051074,0.005737772728451329,-6.432745307483057e-05
2024-12-04 00:00:00+00:00,0.00023873421985531884,0.00023873423401488125,0.0003988523381501796,0.0003988523381415199,0.0003551978584406257,0.0003487566095625727,-0.030516581919462937,0.00427778804428347,-0.030933261870583095,-0.00098462170618685,-0.013922316923765887,-0.011898649438660924,-0.013219718617042298,-0.022324471618239028,-0.02921162031605129,-0.01370808798688461,-0.00268917646257949,-0.013826930212015975,0.010009990576007821,-0.012464204057659134,-0.013151836575707287,-0.014383461604352554,0.012671804777965923,0.004483723913978999,-0.01487472033107018,-0.025417956062304348,0.00944441931443607,0.007969957935847871,-0.012062325285805753,-0.023119909143899275,0.039625346828674024,0.002925943071510062,-0.040910805182468035,-0.02174319225471144,0.002908027705530669,0.010046724913096217
2024-12-05 00:00:00+00:00,0.00028329427470485946,0.00028329429150364405,0.00022111519350276332,0.0002211151934976563,0.00027280134377538623,0.00027495074167771527,-0.034592199518654776,-0.028644872705387292,-0.024119488535879197,-0.02089007314681579,-0.0258792248549623,-0.014841618317445238,-0.01562179875224301,-0.01619296899871403,-0.018021942371462818,-0.018772107941020022,-0.006375443290545846,0.0005470717925879498,-0.0001919512635218945,-0.027321838300518042,-0.00337310532751367,-0.026223019316120366,0.024240008839724103,-0.0031680817378345605,-0.02550500396268085,-0.031361675429921965,0.026951428231474894,0.013961462243373024,-0.030086730549886087,-0.026072099141641103,0.032049986943903486,0.024347272713489465,-0.034761151021658,-0.02593984908610847,-0.005506711801074093,-0.02196637429409054
2024-12-06 00:00:00+00:00,0.0007987846271866328,0.0007987846745394211,0.0006087186372281117,0.0006087186372150111,0.0005980180552898062,0.000767123757918986,0.021467277950052877,0.010982903165677849,0.005990975037453383,0.00955264736016348,0.012989670815809928,0.00731483092014007,0.004480193080323547,0.005224847351605,0.004620279277025574,0.009302594878752846,0.0067927049889937585,0.003932606302750052,-0.0016644519767423649,0.003210199894625898,-0.0005914028806888183,-0.0014074429076968986,0.0061459867826747505,0.00861743775108037,-0.00796191352204112,-0.004836815242022174,0.0019232386483625241,0.003689172673204233,-0.004006193043269879,0.000271836708412021,-0.004538543991147281,0.007649930477449773,0.00306635265151467,0.0012045148394048688,-0.019787415850128665,0.008721057198507465
2024-12-07 00:00:00+00:00,0.000255221082574586,0.00025522109769182677,0.0003347445791277437,0.00033474457911997213,0.00029170815442158826,0.0003223241778342878,-0.009882704314871593,-0.010934288540086823,-0.012458867818239905,-0.016439604708258893,-0.018879448788427955,-0.015688224722842592,-0.015600042584667295,-0.018091585398800958,-0.0010173063574973051,-0.013903249768363768,-0.016753050376260736,-0.013998293802910622,0.003376498324129784,-0.004181824688244129,-0.0064682544755683136,-0.01728841861806263,-0.00686835023748944,-0.007549559166187159,0.006979895339335407,-0.016594496386207358,0.0033903252280929053,-0.006226279302620652,-0.0020433607039138657,-0.014875145565242498,0.010409686308404442,-0.0049444272060756855,-0.012283655053314524,-0.021127055327640698,-0.016237919060519967,-0.01551191121551343
2024-12-08 00:00:00+00:00,0.0001908181061036629,0.0001908181174037349,0.00027359675107052617,0.000273596751064753,0.00022948220056551172,0.0002538259696367451,0.012136195831536689,0.000886649758476743,0.016620902647164426,0.002465271144683756,0.006291318034321369,0.017465355819613615,0.018272057946122855,0.017549568755031553,0.01725056979664852,0.010664866518663052,0.009945613774247075,0.010001775789115985,-0.008203975114190132,0.007932802152037732,0.00455943529924574,0.016506304530318427,0.004113088508860496,0.010194384207549367,-0.006675133588223914,0.008643589256726703,-0.0013456072031992061,0.008074679962795539,0.0019765510912568285,0.009638293475515924,-0.009226046479933858,-0.0001564893442231874,0.007674845882607251,0.01421017296814786,-0.005944502811496943,-0.007214068332992429
2024-12-09 00:00:00+00:00,0.00021000008280580573,0.00021000009523897134,0.000394578310515703,0.00039457831050682124,0.00029817758762096247,0.0003308147576441822,0.0018380368551469406,-0.002248266254196718,-0.007960812567225584,0.0046720140056542014,-0.003822409401302518,-0.008657125549752953,-0.007144729443472886,-0.00934292431074002,-0.010023034473464532,-0.010606422125660653,-0.010112209526258797,-0.010574742780801727,-0.0006191979821972282,0.00419106503552813,-0.0021210577905931283,-8.208004739118646e-05,-0.01635863314217778,-0.00711110491180178,0.014073535628554623,0.002838103794156055,-0.010340628594712187,-0.0113405018890822,0.010338046151859626,-0.0005789174749053494,0.004386794844670749,0.0043337139844408235,-0.005458153802389676,-0.006547942872262902,0.0007760770057834154,0.005131852792171321
2024-12-10 00:00:00+00:00,0.0003000839979756531,0.0003000840157387774,0.0005236215814468093,0.0005236215814350409,0.00040646840630853553,0.00045057536484294225,0.0077114665502109325,0.0034278234408255948,0.008235235934500595,0.018563762901381287,0.016549942866475265,0.022322896393054847,0.008272840894036904,0.02499378626943316,0.025095375620574067,0.03309604871609628,0.02409988376918082,0.031754846863089714,0.006084262721994804,0.014281622389116233,-0.00916624060529081,0.008594023985916133,-0.03038685431185184,-0.005093120465067935,0.027441141937339486,0.028396228097360643,0.020874109484326553,0.015266599426928984,-0.0209193103853893,0.00923150935894479,0.002861995015031926,0.010382436282022844,0.0010955550371398726,0.0015611329257465556,0.0005503680023453139,0.011003091089293315
2024-12-11 00:00:00+00:00,0.00046562724835408353,0.00046562727590848674,0.00019834702403254134,0.00019834702402810045,0.00033091417203756635,0.0003608941235553331,-0.022312905919290027,-0.007477350869992794,-0.0077831949486765195,-0.008944484824550791,-0.01136783836727906,-0.015280194996362462,-0.005448429731104376,-0.008953798768865151,0.002842601622825569,-1.6087758247351758e-05,-0.0031385424203687062,0.011407596088107486,-0.0035274920616409355,-0.0028016480737484972,0.0008412591354400867,-0.013507718549109815,-0.013537302845404109,-0.011870234592216922,0.012791092889543387,-0.00913004656527816,0.027992802335195854,-0.005503217041251562,-0.029923464043953407,-0.015125727707351433,-0.022007652802213507,-0.022361805592915562,0.020706586290371476,-0.0035802848282705524,0.016793962715730526,0.014714689013043847
2024-12-12 00:00:00+00:00,0.0002465554353732191,0.0002465554499568867,0.00036036627096258655,0.00036036627095459295,0.00029986750189903155,0.0003317095610504417,-0.0030836396643969533,0.012109348894367988,0.014023871399512222,0.011402757894428461,0.0045524047688696445,0.005404711497705161,-0.0005478643252641024,-0.003662081467553424,-0.005051045660084852,-0.011977158973508373,-0.010002060428058401,-0.014282251643650379,0.020029539845536792,0.020386777302527248,-0.022665922705686015,-0.004028567927458759,0.016608457440540736,0.01827973157639673,-0.01736816642175454,-0.0011542388202385734,0.0037874045185863903,0.0040529672738218725,-0.005895385448848489,0.011831307068377317,0.021329131208366103,0.020853375634162896,-0.022710066914008675,0.008785394869829766,0.015593695897227366,0.0005433981631224327
2024-12-13 00:00:00+00:00,0.000214388715311431,0.0002143887279895118,0.00011764161273597473,0.00011764161273353224,0.00016521465851671024,0.0001806541730122735,-0.02506640644353053,-0.016314427855010694,-0.00477843140849743,0.005160773167741217,-0.0015549474962347487,-0.012330902458935977,-0.027887293505107325,-0.031347898509287764,-0.03303326977248344,-0.033494248815237326,-0.029007442190460253,-0.03282715078313925,-0.006001249504253292,-0.007797558825160977,0.0022135097017919048,-0.005898357624014916,-0.00817461323022306,-0.011167091531539497,0.005083629965006331,0.01866674035932747,-0.010660421113233842,-0.018113878413865914,0.011158948358643617,0.016515331016556445,-0.014919862581158072,-0.0176249067797426,0.013831518839800827,0.028421171573961068,-0.02228117331601509,-0.012632540176524487
2024-12-14 00:00:00+00:00,0.0002883137599218877,0.0002883137769673638,0.00017458285755944658,0.00017458285755589387,0.00023018067345503823,0.0002519643229623725,-0.01920442641578024,-0.0064158428249815325,-0.008619458013995551,-0.0031490564601421855,-0.004438106706099787,0.011951647340991078,0.008340408959369938,0.010573483459084931,0.012547441264906478,-0.002214249233651988,-0.002227451382783907,0.0033853252779729726,0.011902793457857053,0.015414310081037774,-0.014064283931333965,-0.015846226085748816,0.015969816179086882,0.00912467576760534,-0.01821380843217424,-0.004401574026663746,0.008355199599777041,0.015021094308339533,-0.009067486041452133,-0.005158839934537585,0.005262519829738688,0.011328185492547993,-0.005078942544735621,-0.004266006170853487,0.01313928853858437,0.01364865598910514
2024-12-15 00:00:00+00:00,8.637485429030534e-05,8.637485939555489e-05,0.00022300013545772934,0.00022300013545240027,0.00015227627339231553,0.00016947169820613617,0.004852283565466298,-0.007650160808267192,-0.006556570505965698,0.011907397918336393,0.0023819873619448373,0.0026930017847317522,0.0024684057219519495,0.005683430320890803,0.0042541586207403,0.0214552638757719,0.013070953587419165,0.011272891826994647,-0.015606638837174946,-0.013621359956213497,0.012046661938418968,0.010766577485153084,0.003170846056180787,0.0032278018134246356,-0.004686879808078137,0.0024161255794494796,-0.013983285596896877,-0.006642898924685503,0.012963972953685676,0.010496027444318878,-0.008196667337686314,-0.00898468725567636,0.006244184939062647,0.011993795662091022,0.004005941718741912,-0.0016699992514235262
2024-12-16 00:00:00+00:00,-3.258806277917081e-05,-3.2588064704741626e-05,-2.237091814238923e-06,-2.2370918136838114e-06,-1.7477042423608147e-05,-1.884448938338501e-05,-0.0038074482920671393,-0.005564588632867684,-0.006568206628687179,-0.0031968249782645675,-0.0005531816232614561,-0.0055391397499663375,0.006940955678745864,0.003715825345101953,0.005050208751320895,0.00399000941315153,0.003668546342449064,-0.0030907432955432634,0.0045517577912272955,0.002112209944501897,-0.006197092369605972,-0.010772130238282829,0.00914003434137145,0.007504972238271623,-0.011025365468715687,-0.00807138858467027,0.007923529878856694,0.004712393498541134,-0.008469704187406224,-0.011290739399815175,0.010544226114892252,0.007504703021795844,-0.010874107644831765,-0.012071848143861863,0.0009260148372067789,0.006334010942727897
2024-12-17 00:00:00+00:00,0.00030518358199471685,0.00030518360003162215,0.00027973715120865883,0.0002797371512024416,0.00028999129352902386,0.0003189743097056219,0.003714092875423791,0.013390116937921137,0.00144734260674384,0.016295784521022982,0.018116265884813743,-0.0034899503133458687,0.014013747529931342,0.009050732616667112,0.007101305377605449,0.006389699013850558,0.006521854536993388,0.0017568729012300555,0.0035407541365639617,0.006039825252984077,-0.006769642095063366,0.0028997744229015687,-0.012784806637524793,-0.008201087663434081,0.01049312812819303,0.009250355063799232,-0.007038170705887303,0.005707432365907206,0.006270820377119346,0.01571293576077637,-0.002860503258171887,-0.005773772745890526,0.003485697398955212,0.007643319036716001,-3.926846780477611e-05,0.011079827121308394
2024-12-18 00:00:00+00:00,0.00028023276545385833,0.00028023278201083635,0.0002455445858484673,0.00024554458584291616,0.00026075671953984525,0.00028665412020822956,-0.011168467624444567,-0.00875093835887042,-0.0071912540811382986,0.004226596978054609,0.0045468619425319545,0.0060109913260728565,0.0013611192044578058,2.3224351223483097e-05,0.0016881627986677916,0.0016985883585018957,0.0019387416383938039,0.004234341154299548,0.010861414444951478,0.02224654559274475,-0.013571421491734847,-0.010689046146439396,0.015381609707556976,0.02108111195472162,-0.017036624956162316,-0.007377606198506581,0.003927871089722146,0.00513315348721588,-0.005628978871010437,-0.0012355991547363665,0.0011768121935296083,0.0060340584940927755,-0.0020853463898972135,0.0013569079056861,-0.0014640512136276929,-0.001338402819352602
2024-12-19 00:00:00+00:00,-3.1877765144239234e-05,-3.1877767027288506e-05,2.4533491439271415e-05,2.453349143860528e-05,-4.052897220829799e-06,-3.720026740650084e-06,0.011671157738658566,0.0008069740993983388,-0.004217365800596395,0.0010045799339764017,0.0010336524224463517,-0.003356473896293566,0.005715146733759502,0.006048447925277589,0.003843387640289464,-0.010456460484864483,-0.006635073699063798,-0.005787863922232961,0.006977752790040093,0.010672315389618658,-0.013295765480538013,-0.010590910529934439,0.010371510349608037,-0.0040351468884243236,-0.012595212242244913,-0.007833040623236864,0.0031474060184828456,0.009903265840102593,-0.0045095479112895465,0.0005130221424605175,0.005666578660413757,0.011826148990295104,-0.006652715623335248,-0.012701723507734242,-0.0055594457659881025,-0.00532534611515223
2024-12-20 00:00:00+00:00,0.0001748817095303945,0.0001748817198607977,-2.519293403668854e-05,-2.5192934035578318e-05,7.563103046726027e-05,8.063970512228735e-05,0.014797704878057205,0.007553608625788799,0.008951654869295833,0.01193269196449176,0.005801412569194753,0.010742928883954672,0.010600721460416906,0.015044802957566272,0.010395926422122503,0.00022276559229439385,-0.0015928344743668665,-0.0009753897957427426,-0.016887984839442205,-0.005863755335196341,0.014153899945955839,0.019440517472141705,-0.019378930636199665,-0.007872621156526094,0.01759090106908423,0.01671179596154282,-0.015149388071101777,0.006023520854274045,0.015226315006487301,0.016123656348820514,-0.003276310821100248,0.010895341930502456,0.003071858952616191,0.0053867361515309575,-0.00835902839825542,-0.00231397342720685
2024-12-21 00:00:00+00:00,0.0002147244142955973,0.00021472442697700878,0.0002549845305590548,0.00025498453055328163,0.00023242640714715712,0.000256438325065389,-0.002282744840372053,-0.006971110293847005,-0.008656053636662886,-0.008929228868158612,-0.007598590337709044,-0.007757930907496324,-0.009552104209425982,-0.00694262068383622,-0.007144422504244741,-0.008141037770532988,-0.004045445791358682,-0.003974102380601252,0.00419941180689376,0.0017926751280470388,-0.00616965621157084,-0.008537101898456023,-0.009475596139357778,-0.0031407030830225002,0.008826311126780562,-0.0007351891737426008,-0.001800498082046298,-0.004243184025592539,0.0005459743791329519,-0.004624139721682519,0.007464361328816782,-0.00045108020847317576,-0.007521451479510111,-0.01449961876050021,-0.008601590181723573,-0.0037966562651550184
2024-12-22 00:00:00+00:00,5.0496500618057993e-05,5.049650359967295e-05,0.00013639080406102622,0.00013639080405769555,9.196322279048097e-05,0.00010238224011427377,-0.0143755632032182,-0.004487085886612174,-0.006057725444320483,-0.0076931092229148845,-0.0027309726749600305,-0.0059372318964145965,-0.0055205360129834125,-0.0018742891334578848,-0.004321982706312344,-0.0035142972995064747,0.0041823313822975106,0.001639605860761506,0.0013783126853421646,-0.0025182983939431303,-0.004719914585305407,0.001734895055559571,0.008689289692233926,-0.004737129342574864,-0.009051744929511663,0.0003231723526087027,0.0009680709183255143,-0.0011216303098814384,-0.0029083796887484636,-0.0017653481524221304,0.0008933017934913412,-0.003777625294965281,-0.0011589312579581845,-0.005604327860517233,-0.0019368874741176878,-0.0002564711114517726
2024-12-23 00:00:00+00:00,0.00015555545055256914,0.00015555545973700013,5.468375334061193e-05,5.468375333972375e-05,0.00010490692438414051,0.00011417448389638984,0.00845847750428752,0.00638385890461568,-0.008141447950389291,0.0020507957758046924,0.0013656268802693106,-0.007878268990511361,-0.00265770215747152,-0.003223254141989873,-0.007510692458066459,-0.011142677204392104,-0.016016851869743998,-0.017314157511657546,0.0025060863738266548,0.004816034163793725,-0.0054727701566231746,-0.005576622931377839,0.004477355151787155,0.0005575699650774979,-0.00647461488061829,-0.010013678821666039,0.0035639623783967345,0.0023883948605203376,-0.005258391762267056,-0.008665715537320429,-0.014072733303734153,-0.015561657396611861,0.014212482549164518,0.018045271387540085,-0.001571358827043956,-0.0016745007326695038
2024-12-24 00:00:00+00:00,7.543260023035181e-05,7.54326046836784e-05,0.0001169643293619238,0.00011696432934260592,0.00014054237841287787,0.0001565085399546362,0.016740924792692846,0.03826677567838588,0.030128265433519763,0.021948937394858703,0.016382738125920504,0.013292748066568993,0.01331911089481963,0.0098391051572162,0.008871810407616199,0.014020552203973136,0.005185422030598241,0.002919234520973424,-0.015507504309072107,-0.022765155293407613,0.014450002192320177,0.01853477721834551,-0.014442184846774841,0.00786934618329238,0.012773813922043464,0.019756985736101296,0.011106827212695736,0.007085950576827038,-0.01103508472191539,0.011993772471590392,-0.03028267112080274,-0.002586079977204836,0.029997337665773616,0.028506889687966108,-0.02125306622414247,0.009588246028831682
2024-12-25 00:00:00+00:00,0.00022811774911302152,0.00022811776257869454,-9.53725760854951e-06,-9.537257608660532e-06,0.00011062589529409195,0.00011868381648150184,0.010955561078762388,0.009335946801988682,-0.0053269836577625185,-0.005803356092583867,-0.003330393486759897,0.007563269668548145,0.011447007377554996,0.010901922828502997,0.007612091072324967,0.009996663298249109,0.010167044549783233,0.006925189638643081,0.0050021783912368445,0.01594939382573224,-0.007634630088194871,-0.006758703176340086,0.008617082116299413,0.009757452874420869,-0.010837914390385284,-0.006853431498417328,0.002897700378873047,0.007121035166556711,-0.004961779153456525,-0.0023636372586501864,0.007158462281146916,0.01826815299753881,-0.007331409018137891,-0.008093780841500697,0.005380528336777823,0.002372420132641384
2024-12-26 00:00:00+00:00,0.0002151484323460462,0.00021514844504344488,0.0001077481009275072,0.00010774810092795128,0.0001541897688805971,0.0001681650301166293,0.0017609899749859714,0.0009222557468593351,0.0018302602056738948,-0.002460506040552035,-0.0033029156889690103,-0.0031613477572091098,-0.0015345769604007131,-0.001208015239947291,0.00017941559826817333,-0.0019067679130410076,-0.001782017199744912,-0.002690924419086138,0.0016513921071048543,0.00883101577003198,-0.004238413354835435,-0.001270911310605749,-0.004182413033867682,0.0003093920941348305,0.0026975888766385125,-0.0009328821784699848,0.012173120347248823,0.0097992222677723,-0.012631357183272685,-0.007187003472171272,0.0047304331731363725,0.005513896431299736,-0.005329011168051401,-0.0036714192015633307,0.0025345337894695508,-0.0007424202436959737
2024-12-27 00:00:00+00:00,7.942567119423316e-05,7.942567588070659e-05,0.0002312963344113239,0.00023129633441110187,0.00013868336418121352,0.00015429889592577517,0.00021649164870507498,0.0019589844352241315,-0.0011640225174061047,0.0008404656637508445,0.0050355147493912344,0.0038278396445974305,0.005715936225753282,0.00362751902156222,0.0012916867631844742,-0.00029756608686259955,9.303697252227572e-05,0.0010433194166432624,-0.0020110332410930853,0.0024612949221753944,-1.564527327568843e-05,0.0012225250911965801,0.0010555441871975546,0.003618552239077477,-0.001909807403704833,-0.003777794825236769,0.0021303099157221617,0.002101611359822675,-0.004723527109183556,-0.004209287686645413,0.006453275816217241,0.004988015907765986,-0.0054868956142084535,-0.006216104350373786,-0.0034014861932053497,0.0030418675385612826
2024-12-28 00:00:00+00:00,0.00013995707080094455,0.00013995707905833932,4.77820520745631e-05,4.778205207434105e-05,9.077921374256448e-05,9.864919831259478e-05,0.009026981239925735,0.01979551643422406,0.007721816435544371,0.013935814161855964,0.012847868268199614,0.0029926622402693948,0.0019665052738990774,0.0022546669430338895,-0.0034098749251858518,0.0021168965081430624,-0.0009602316910866104,-0.0019356556243552703,-0.014375564386116202,-0.005163074191364081,0.011703139914912786,0.02042828154738463,0.0007094438473400633,0.00405374176860418,-0.0023076221110261974,-0.0024855978527758005,0.008928722369995645,0.007064978810851219,-0.010127582293537718,-0.00383788427011722,0.013869277137868563,0.021361349821314768,-0.014220491846299477,-0.01197697252070451,0.004845947030430731,0.006655364065858427
2024-12-29 00:00:00+00:00,0.00010308997219343752,0.00010308997827412902,0.00014122452486198256,0.00014122452486198256,0.00011213458053926928,0.00012371937730781823,-0.0038184563264813676,-0.0003701573572293393,0.001074163891473745,-0.006528296640126108,-0.006865466727664082,0.011415795791763106,0.016620575048073016,0.01565163395665392,0.012391680418982531,0.013890555033333474,0.013453094160837509,0.011569719938938405,0.01791090725190414,0.029785455605678912,-0.019271298469109355,-0.017308060139373138,0.011320559722040713,0.01144142767454115,-0.013660286025675927,-0.011211179526358972,-0.016499463276433146,-0.007066185183553508,0.01597344586035443,0.017596163368078566,-0.004835364670859654,4.8880446068322314e-05,0.004254221626032617,-0.00043779033116686517,-0.013316179799413685,-0.011861556454778266
2024-12-30 00:00:00+00:00,8.209311122042706e-05,8.209311606255376e-05,5.689414575771323e-05,5.689414575726914e-05,6.557328468947965e-05,7.176428045929661e-05,0.0012909477060623065,-0.00047738725085666456,0.000277223895427392,0.0023867404145982984,3.418635994023589e-05,0.0021383991151888715,-0.0044605473321844835,-0.007470499604454117,-0.007053932887717385,-0.006196962581888288,-0.006844963272501503,-0.0062187351599176655,0.006536123084205148,-0.00033264763507556694,-0.009600140251494138,-0.01167942845938641,0.004631593000684164,0.002085540591725943,-0.0062141514152941335,-0.00988959675624368,0.007296080070046562,-0.0023647042541253827,-0.00840991509123512,-0.009601335794028998,0.008615095231583325,0.004321974288608699,-0.00961424058010485,-0.009610472480469645,-0.0030023319145173755,-0.0016737519678605706
2024-12-31 00:00:00+00:00,0.00010652731407390092,0.00010652732035687507,0.00026416697377240617,0.00026416697377240617,0.00016635285042077008,0.0001847755965640463,0.003974543022930321,-0.00035083961345017123,-0.0007875000962994649,0.0022614090877131066,0.003567928043699986,0.0026561200607824187,0.0039442679318355545,0.002368239929135374,0.002673707407550241,0.0013338919103711433,-0.00297705539460702,-0.002758820404327178,-0.005889573925582203,-0.0044161215870510695,0.002379280050184951,0.005602905255647439,-0.0017697119966614272,0.0026762661580193026,0.001588899701541191,0.003266337421782728,0.0024296560655525656,0.005760106981341329,-0.002781898875101718,-0.0038077253889422513,0.00619149024917709,0.009141954775340633,-0.0067149783285797016,-0.0033257880668785544,0.005387640629865187,0.006874580238061867
2025-01-01 00:00:00+00:00,0.00011378535655715005,0.00011378536326733801,6.604089273842817e-05,6.604089273820613e-05,8.541585239707494e-05,9.329505909638769e-05,0.002171610592496487,0.006534959155586995,0.004203227217806749,0.00623062781037409,0.00977909567542734,0.005541037167351215,0.005090645869221255,0.0030423821237228754,-0.0032601167402213083,-0.0013098310689838577,-0.004672554712770394,-0.007487655061228726,-0.007112879723472854,-0.009971117639333227,0.004709770044764472,0.009223260227958274,0.006205146281025531,0.0029933052751616174,-0.008011232511556332,0.0034183490225185853,0.0033714108602380666,-0.0014581703858295159,-0.004787121234676728,-0.0034543303778150625,0.008507263929562026,0.004010012954627662,-0.009969110911512202,-0.0028487205428415763,-0.008424724701282416,0.0006205920573205681
2025-01-02 00:00:00+00:00,6.006554097326422e-05,6.006554451531976e-05,0.000129772798946437,0.000129772798946437,8.56139157019431e-05,9.495275934523484e-05,-0.0064233180359801745,-0.0056771650305548205,-0.009767341204605873,-0.002002860352271596,-0.004562120654162949,-0.007957575395322825,-0.0037612370777644344,-0.009178625816805397,-0.011727573924492196,0.026648615985580326,0.02125324629876202,0.023259576431337026,-0.020048032500324164,-0.01542112116400196,0.01745911411543255,-0.0030895904919447936,0.01148228661163686,-0.019782476048921693,-0.014239926538973213,-0.020892884243168597,0.02886957493458775,0.013630616046482746,-0.03055134468877241,-0.026510441164555365,0.02878390348845561,0.00202557316896379,-0.02913793335127135,-0.02961406279160017,-0.0065553426415255744,-0.009407574816804765
2025-01-03 00:00:00+00:00,0.00017714729259288298,0.00017714730303808324,0.00012944972206963,0.00012944972206963,0.0001443535692486897,0.00015807152072810915,-0.008337000541327688,-0.010515184563295699,-0.002669728692716533,-0.0028245139026633614,-0.001033532985974972,0.0013640964540861944,-0.0035809412322147516,0.00015356162855573174,0.0034509622554379504,-0.0005374407799253467,-0.0010115718059540146,0.0020476456407700905,-0.0014485336790190928,0.0012531887975704148,-0.0010307619264957602,-0.00728462232739413,0.008265964377374369,0.0037122812460672616,-0.01034755290205025,-0.009611169762150373,0.002251340297851012,-0.0007848486776024233,-0.004869601435281035,-0.0014255409424202004,0.011899510463104779,0.008617142445216608,-0.012197040093090195,-0.012653520308746669,0.0015575473542257523,0.010936151733449195
2025-01-04 00:00:00+00:00,0.00016878313433199565,0.00016878314428203645,0.000201036154230394,0.00020103615422994991,0.0001707153318575294,0.0001880233878919224,-0.000807355246725594,-0.00025895306198520096,0.0021722830610653165,-0.012173487779023273,-0.012149754730109041,0.000900678629264684,-0.012749042916003872,-0.009147087308492452,0.0010344015596879252,-0.0011442434616713015,-0.002047842703931657,-0.002379588020576917,-0.011004860419584594,-0.015485533226929804,0.007951333810016337,0.002703934538195174,0.0042792781725013995,0.004725008417938215,-0.006252297122120387,-0.0033337989968024173,0.0038437325289049085,0.005460776021080527,-0.006546146051474411,-0.0005776473137386606,0.015619547554299729,0.006890096745373109,-0.014955035517326798,-0.008591753323738072,-0.012734468318515879,-0.020497016647927357
2025-01-05 00:00:00+00:00,0.00019734055768938497,0.0001973405693211916,1.3382491313551625e-05,1.3382491313551625e-05,0.00015723235770459532,0.0001720514414775831,-9.391452997387084e-05,0.0007641903498207814,-0.005021550666766794,-0.004672677143325199,-0.0037276283968541435,-0.0069095328979892345,-0.007466204951199873,-0.0049142256584719934,-0.008682492593778846,0.00040156999172813457,-0.002798640118140905,-0.001651756900454271,0.004559702903185192,-0.0015486533529841529,-0.007034685803235963,-0.011075173037704222,0.0020752379657231756,-0.001824361755968451,-0.004075503513248924,-0.006371621234792846,0.00419714384102865,-0.002458230529898131,-0.005679509759887069,-0.007296160233608129,0.004149402496594012,0.003155507001768143,-0.004727582137598496,-0.010453706065576163,0.006023245140027944,0.004553926108735062
2025-01-06 00:00:00+00:00,1.964472599635947e-05,1.9644727153877994e-05,0.00017061268573903554,0.0001706126857388135,9.037833449121457e-05,0.00010140042053441434,-0.0021160234078464457,0.0028977634488176474,-0.00785034783441163,-0.0073715748912747125,-0.008185407514289311,-0.0010811056541308872,-0.005279463356972713,-0.005513502107335366,-0.005095929132117316,-0.006462894854256662,-0.006407016755067274,-0.00706659600218873,0.001382064834732466,0.003838703669495125,-0.004547159573665693,-0.0040920023717471166,0.00028394084936778086,-0.0004201415484325066,-0.0025525028579354014,0.0013123217815509403,-0.012070255257819684,-0.011005122950898172,0.010798060386727037,0.0018212276039912823,0.009155054379977656,0.0038706818765597006,-0.009944058321919691,-0.00790687021047587,-0.0058830562622944615,-0.0040793502281002425
2025-01-07 00:00:00+00:00,0.0003118031787556763,0.00031180319712986737,0.0002476531083346334,0.0002476531083346334,0.0002736518088626294,0.0003002814931323261,0.010396451366583737,0.010111674626572142,0.005646169168717519,0.011968195813653493,0.011650999938664253,0.0018379732217306266,0.0045232037769999955,0.004763558022620629,-0.00012936538865004898,0.003747508217687656,0.003393015664954424,0.003376029515372192,-0.006688647103381351,-0.0007026842521166143,0.0040436384859201535,0.006154022433034534,-0.003938151957070812,-0.0005049262683881617,0.0019638742895511374,0.005426910115089445,-0.0023991500528365295,-0.00022036329122143705,0.0016833305762538053,0.010171265330890078,0.006008845694310816,0.011347632196757163,-0.00677123048093875,-0.005042390290005527,0.009969795017072292,0.009987082954546311
2025-01-08 00:00:00+00:00,3.088737566425692e-05,3.0887377483690415e-05,0.00017467297081363853,0.00017467297081408262,9.795193429962268e-05,0.00010963718874656969,-0.0010577367084426692,-0.0038989362652045445,-0.0038473408562530453,0.006010859286408765,0.008523674566722095,0.005322133078791591,0.011272093456772492,0.013346278084760854,0.015046614877875397,0.007506728115474592,0.009853817966682499,0.0062950921150737305,0.004037493193237429,0.009881953551477363,-0.004667411714792902,-0.0034180055740538062,0.008504802553059854,0.010462868277085313,-0.011838134714931559,-0.009067057160794034,-0.007827612116348193,-0.011938131110267092,0.006270140026346516,0.005566404645501066,-0.013847902480478513,-0.004868094221735619,0.012016670726039624,0.011951767686761539,-0.012331519482927766,-0.0030549215836738197
2025-01-09 00:00:00+00:00,0.00020505914606849807,0.0002050591581483907,0.00011923725604989777,0.00011923725604967572,0.0001593797217722681,0.0001742561436774981,-0.0011399065473927106,-0.01402771956379556,-0.007966657722209725,0.006391317575783928,0.000643850872263263,-5.404129332409191e-05,0.009369210692298902,0.0014745295312135198,0.00705799458020806,0.01210747653927946,0.007917669805904026,0.006981565056345618,-0.011850931585722702,-0.0038803577023179825,0.008572445398014272,0.009432077772422165,-0.00689796187328362,-0.006994162562911299,0.005756808312611161,0.008150841950814947,-0.008312113661026355,-0.008295493050463731,0.007017709791811821,0.010551244323463438,-0.014254780093239106,-0.008066464847897192,0.01324616835803849,0.011402980289939357,0.005937127736960868,0.014934295308116186
2025-01-10 00:00:00+00:00,6.127197233118942e-05,6.127197594008038e-05,-6.32186330473683e-06,-6.321863304847852e-06,2.782877686580143e-05,2.9745526055169336e-05,-0.003299687941708096,-0.0031220193653617168,-0.002177808430742667,-0.0013072348839743286,-0.0061566645147259624,-0.004643933373049913,-0.0070932535308689815,-0.0031641853544146503,-0.008745387134155957,-0.003949802009557524,-0.004458237436058443,-0.010897707162247028,0.0027865600671694857,-0.007420925563231595,-0.005196602949093965,-0.005071854465458769,0.0009463987477800195,-0.0028410841706932866,-0.0022704419308511303,-0.008082063618064184,-0.00015772549551806847,-0.0032978466041524435,-0.0006281446650012734,-0.0066174493129516065,0.0018525735147980615,-0.007125793842958195,-0.0036794397577161186,-0.003628568670612675,-0.011030522468631676,-0.008088945801908776
2025-01-11 00:00:00+00:00,8.013379492122219e-05,8.013379964011413e-05,9.98813491401851e-05,9.988134913996305e-05,0.00012680989320146274,0.00014086130195822832,0.009564558110571664,-0.004297525558882853,-0.005154323830200647,0.00334606785084568,0.0019068799433115124,6.052652566612693e-05,0.00279039270198278,0.00473657637712499,0.0034569462891942404,-0.003604452539794356,-0.004500098855154233,-0.0049866291268371166,0.0023008184598640735,0.0014673537634299905,-0.0057470948268297795,-0.0005724983728213617,-0.0010788141060181777,-0.004746153887564275,-0.0009733813545320658,0.0011063297518303372,0.002414849289408494,0.0025491246629907316,-0.0033087816848004215,-0.005079699377693814,-0.001567172843972342,-0.0011358303710904405,0.001247755936369943,-0.0005023436693156746,-0.0021896672389363214,-0.0011400350762397204
2025-01-12 00:00:00+00:00,-9.501762994190699e-06,-9.501763553521059e-06,4.3117229603817364e-05,4.311722960359532e-05,1.3407772793794237e-05,1.5373363942750018e-05,-0.014979237354201147,-0.021865574750839833,-0.013643945506167432,-0.01670515166912434,-0.0075562649827288775,-0.007257704475433946,-0.008479682573792502,-0.008260806755799321,-0.0008395220422672267,0.0008499895675764257,0.0011305422930996123,0.001816180355983965,-0.0023273750215263567,-0.01247346779572911,-0.0008178128677489571,-0.005940789777563071,-0.002411563323499122,-0.009044624281948743,0.002013791390301556,0.0029808848231158702,-0.004971673583540892,-0.012097239353635492,0.003950419908684166,0.003475147156223324,-0.017928952845884694,-0.0206495106356287,0.01754845094363211,0.01389297713999249,-0.010193488928254335,-0.01414061571994285
2025-01-13 00:00:00+00:00,0.00010998030241959889,0.00010998030889641797,0.0002389299210845408,0.00023892992108476285,0.0001560820020134468,0.00017307123562626536,0.0006547043295628274,-0.004320608031130879,-0.0016263397444198358,-0.005398978847819258,-0.003982109650744858,-0.005381655126600382,-0.002598136694620834,-0.0034345264961092026,-0.006748990296647994,-0.007340502397354398,-0.007009492019605323,-0.009333182627153325,0.0027526237623198835,0.0034422815616903524,-0.005489839260796048,-0.009929142022664483,0.005148832256703928,-0.0003095412631796135,-0.007021989947260443,-0.008402081688816176,0.008478973682807478,0.004596213549480144,-0.008994687020513092,-0.007493114170972093,0.011256814156726636,0.004942692191883591,-0.012429826895893448,-0.009994361975376953,0.005528408714145172,0.006460734828621861
2025-01-14 00:00:00+00:00,0.00011217012906628021,0.00011217013567144107,5.471093045339437e-05,5.4710930453172324e-05,7.94807986115309e-05,8.663059748625912e-05,-0.006713328515292161,-0.012367838957383248,-0.010710658358661362,-0.011241143893836236,-0.011657761349284868,-0.011905072522451321,-0.01025395763313075,-0.009169898847823932,-0.007655963168200608,0.003170991931422673,0.003269367875949891,0.003495357778596775,0.001916019664375046,-0.0017347752702984165,-0.0054210313128538745,-0.00404349750441102,-0.010380570969533487,-0.008803911238754458,0.008585896221366518,0.007444850987611051,-0.007351350165428094,-0.004206024105458006,0.006338542446295392,0.0010887609740872772,-0.011933516254234555,-0.009538416015536733,0.010732891301231895,0.007893559872027778,-0.015945718919277763,0.004857672845018035
2025-01-15 00:00:00+00:00,9.385458004640412e-05,9.38545855724282e-05,0.00013741647572262927,0.00013741647572262927,0.00010515855582027278,0.0001160743938006803,-0.007592550055489755,-0.004937143121924503,-0.0075864675256615,-0.006508616020280966,-0.004555983889490078,-0.005655848654067874,-0.0049533860258658136,-0.0013539617653505198,-0.0023387106373503608,-0.010177042617252385,-0.008259490634091149,-0.007965450036808708,0.001658668849979561,-0.0008704736467577412,-0.0043775166317655545,-0.015607649407439195,-0.0026224190715630202,-0.005291755748781268,0.0014086948411624611,-0.006800288918950903,-0.0042589782007870225,-0.005331698628329384,0.003035955545253932,-0.007403340021450711,-0.004005536160290868,-0.005071151358021497,0.003303503815605291,-0.006633729060897764,-0.0018920402403371783,-0.0018096963912698216
2025-01-16 00:00:00+00:00,3.246666262834985e-05,3.2466664539931855e-05,0.00012060251477263861,0.00012060251477263861,6.719901828455832e-05,7.490845648772115e-05,-0.0013417946302944905,-0.008142863477991757,0.005315099825903946,-0.00012255478827982724,-0.004028542029261062,0.005147954649783459,-0.0031874028101465113,-0.0020217948511711548,-0.014042744605970658,-0.00902605601747375,-0.012378753421536048,-0.00570515656977344,-0.004342900981988307,-0.00953932244769995,0.002211674099715122,0.004994270745161122,0.004506339253599334,0.005720569795054864,-0.007717644656961675,0.0074026336498802525,-0.008038202782653436,0.004515607403210664,0.006727461788101241,0.013178322086111915,-0.003655314349929384,0.0034861202430056526,0.0037531018041423447,0.013958951932444341,-0.009819066751299954,-0.012638660606656527
2025-01-17 00:00:00+00:00,0.00014687750103714592,0.00014687750968378488,3.062982190926711e-05,3.062982190926711e-05,8.677446329619087e-05,9.392593938795102e-05,-0.0059615593581684445,-0.006802428675786176,-0.008401328388554341,-0.007027010108239362,-5.816749115383768e-05,-0.0008172677074210766,0.006609394214126096,0.008407728996269404,0.011610138385634627,0.002848399985243999,0.004344553084761893,-0.0005644241256244076,-0.006328012213001721,-0.005327057552644621,0.003765171024864067,0.011349179524436037,-0.009517564269567402,-0.011363949398700113,0.008756295993517904,0.013275143248836274,-0.005568104225421089,-0.0076810889471146115,0.004075178590863926,0.012043100334931722,-0.009959068730731047,0.0018866568587616594,0.009153771926015297,0.007221005108341005,-0.012378230634697118,-0.0028644123587386883
2025-01-18 00:00:00+00:00,2.5265850811528878e-05,2.5265852298339553e-05,0.00018237937358156486,0.00018237937358134282,8.963747257806354e-05,0.00010040153843360322,-0.009440934254947964,-0.006495266565640145,0.0052055302999047814,-0.0054620192343297624,-0.008970066243784713,-0.013543968919304428,-0.002456499349402619,-0.004789526704918279,-0.0066395908856059505,-0.007930439359795538,-0.007439508285401963,-0.005520983054666084,0.004867575161548787,-0.0011931538948610765,-0.007617285189822853,-0.007344282351011366,-0.002885107675309029,-0.010476542584495818,0.001168144492162737,-0.0066578902856261335,-0.007472992814482882,-0.012095797175467382,0.006161185728582597,-0.011298412391067547,0.01992149207275018,0.008448667886808536,-0.02009291834693283,-0.020816430336192515,-0.007564786853299754,-0.004876424809946545
2025-01-19 00:00:00+00:00,0.0001417559569465432,0.00014175596528986922,0.00011313708742499706,0.00011313708742521911,0.00011900639618356301,0.00013040580620060638,0.01662615224512498,0.020622870071689503,0.007677936644830519,0.020962531864377132,0.015378874952871602,0.007286844988369401,0.005626112775668046,0.005989520325681896,0.007450202540637552,0.007738376989602447,0.008237025726959946,0.00019108281120816528,0.025383668423142325,0.031424762646497184,-0.02829991987136682,-0.01833773584247289,-0.0002742667442257041,0.015372498472028928,-0.0007810467057198789,-0.000915248519951728,0.006912939547602637,0.007313272341295862,-0.008065049211676167,0.011604655879285941,-0.015349723006966798,0.009625739320733961,0.013430401268024195,0.015194827494347418,0.00266396900363719,-0.0053945205899078585
2025-01-20 00:00:00+00:00,9.675778510964683e-05,9.675779080420277e-05,0.0001592120309983347,0.0001592120309983347,0.00011581856842290961,0.00012801146278551556,-0.01940663497506756,-0.011413686238115228,-0.010993282802885473,-0.0031280043479782194,-0.007809704231086623,0.0009638322360441265,-0.010452175138610409,-0.008603911236645945,-0.004795372447750079,-0.015311734234334073,-0.01604457786293423,-0.013619002572156869,-0.000924937850898977,-0.0037118028219543797,-0.0014134156326368608,-0.006784678315802317,-0.003305861990236858,-0.013586062052710512,0.0025868352642985926,0.00560545497030529,-0.02176394792871561,-0.016437298380055476,0.0213915129658222,0.0017941337189248951,0.009142287098098612,-0.00560599073939716,-0.009193735182063012,-0.009577508638488053,-0.012618509858023597,0.013162297552650637
2025-01-21 00:00:00+00:00,0.00011879214060606103,0.00011879214759669132,0.00011470809001346005,0.0001147080900136821,0.00010812451779762533,0.00011874587662918934,0.006445569019356112,0.005264936988740976,0.006571957250021798,0.009527541464522615,0.0059677402398279344,0.008476863235765686,-0.010464731227001756,-0.0033596181272607106,-0.0032084467660701277,-0.007095258797708115,-0.007588668294219558,-0.009181772701407631,-0.010659128921814198,-0.01129950708550631,0.0080682032701338,0.00884703607354731,-0.009985465844918662,-0.009125421939016665,0.008249873533413554,0.010372049818742513,-0.012762867312214321,-0.0006026321044243499,0.01184533710400859,0.01565633941041744,0.007148693140092144,0.011242712125626442,-0.006950190276385659,-0.0024350172079243837,-0.010090258211694736,-0.010518211654293008
2025-01-22 00:00:00+00:00,0.00023744045835849548,0.00023744047232931997,0.00016229870204131913,0.00016229870204154118,0.00018786281413651906,0.00020548577543388902,-0.0027807123520079413,-0.001463013797338042,0.005027948019584727,0.006857541935644029,0.007566650523615159,0.010447694966781329,0.0013383254787113774,0.0020290246719973926,-0.0009235247370326105,-0.006840591959668574,-0.00755210150913177,-0.008674359825879274,-0.005246203585858478,-0.006733376247542,0.0025628475558181485,0.0024526566878686484,-0.005472040015301549,-0.015811048945473916,0.0038491721737778928,0.0122750766122528,-0.019576723595110312,-0.010835384003484938,0.01779705033491208,0.020139627898266843,0.00202005700001906,0.005309641419106281,-0.0028400551847153066,0.0061897580280749764,0.0027739982882115655,-0.0001770409371921744
2025-01-23 00:00:00+00:00,0.00021686154811928482,0.00021686156087596942,0.00011783474662374616,0.00011783474662352411,0.0001587606644024575,0.0001732175461237606,0.006884732118928705,0.007192871954081248,0.002692965885649601,0.0034952344244976175,0.004517400691544049,0.003997270827067467,0.009785157956372581,0.016978382209136944,0.01687677511965502,0.01644313299567468,0.013778987118444164,0.013347572328257673,-0.005850749776160402,0.009758066844175906,0.0022057235261709884,0.0030969989778559803,0.0019352257439184672,0.012045804112823522,-0.003459927254587325,0.003436418871722857,0.002017614059966366,0.0073958743268598415,-0.0013213950073872605,0.004569149032554343,-0.00013620027279259705,-0.0030728226908663947,-0.0003212848321828554,0.0046262032389075,0.008905056085476426,0.011037021814993997
2025-01-24 00:00:00+00:00,0.00012172329001636228,0.00012172329717508035,0.00011041815093348895,0.0001104181509332669,0.00010779296981122677,0.00011828831571603082,0.0007500878895001506,-0.006684639422877892,-0.012377447293048238,-0.008389127462827273,-0.011780022853629113,-0.01586823887966493,-0.008250589005473041,-0.007709241052009763,-0.004946284234672804,-0.008291129071530068,-0.003359616605898341,-0.005722590720765752,0.010289258454729389,-0.00013421460418394648,-0.013008608040223413,-0.013522334017471493,0.0031500179701891007,-0.0049602081031073775,-0.004235543365002092,-0.013662779243827528,0.004664900804480565,-0.0036184670157886067,-0.005117589964320324,-0.009869915634666437,-0.002332068420065614,-0.004484981486791884,0.0005851540863399673,-0.007260269077740356,-0.0036911776104773253,-0.003444749310714812
2025-01-25 00:00:00+00:00,0.0002013130514670891,0.00020131306330495313,0.00031669139375756217,0.0003166913937577842,0.00023483661039991333,0.00025940479357755564,-0.004781575603666988,-0.006884287965837843,-0.0026827787131428193,0.0015315004387028708,-0.0017481270794682535,-0.004216564284798219,0.0034134157594609693,0.003929378831540209,0.0026784699576414273,0.00019274621693687877,0.002958816739005332,0.003586300407331766,-0.007240222157863907,-0.006760348555005624,0.003818285007802791,-0.001253619721313326,0.00018851040720169188,-0.001805724767997674,-0.000489886812773288,-0.0040157269550010755,-0.0006456654277158247,-6.877515939440748e-05,-0.00035882175326740207,-0.001764496993626019,-0.0032050781236678816,-0.0033070337799654403,0.0022604937136796455,0.002101084516966445,-0.004992369719848844,-0.001652123688446805
2025-01-26 00:00:00+00:00,4.076203724601157e-05,4.0762039642538994e-05,2.9933341529675417e-05,2.9933341529453372e-05,3.3126703495423016e-05,3.6261272121862476e-05,0.0038866611819614594,0.003585951910777485,0.0009179623696327077,0.004071380681772707,0.0005135730113954295,-0.0031755024624000594,0.0020891293737077543,-0.0018684125439566435,-0.002841470843937044,0.0032025588428628016,-0.0003867757976606656,-0.002746153849664368,0.0026469376980187143,0.0012919998237665986,-0.005226627512578075,0.0028748100583768643,0.004260268520416499,-0.0007206467009508444,-0.006801457074070427,0.0001402038998812305,0.011592713776407804,0.008283817353040401,-0.011987534561020974,-0.004862369507531161,-0.0012474845041211546,0.003349594185306337,0.0007548654624147666,-0.0011833946364091519,0.008978286497295818,0.009515822623998416
2025-01-27 00:00:00+00:00,0.0002196934012665963,0.0002196934141824869,0.00026370086215621313,0.0002637008621564352,0.00022173131428981918,0.00024413086172270226,-0.005686156737491066,-0.00017335615058577947,-0.0012900387351526543,-0.0058509352272717585,-0.0015740054397828107,-0.003966813050827356,-0.004537764255769017,-0.004544169729571279,-0.008078411199873514,-0.008863671423322228,-0.011555123025806635,-0.010353521211667216,0.007277762799286824,0.0018932856414277666,-0.010364585126048542,-0.013025648839783077,0.006314928153775989,0.0011177263383601588,-0.00910106356400131,-0.013194343008923637,0.0026707367195137888,-0.0025105505730010913,-0.004101519787539032,-0.0030072279687353154,0.004071458545160889,-0.003228187566221785,-0.004506637481448861,-0.005006314090723163,-0.0063762792572160665,-0.008616179332574636
2025-01-28 00:00:00+00:00,7.767005603809274e-05,7.767006060288573e-05,-2.0959082725924283e-05,-2.0959082726590417e-05,3.021546657744345e-05,3.199235579343096e-05,0.006169631934043407,0.005391507631362202,0.010564526117138096,0.01048651544790391,0.013106528700774112,0.01443917437671649,0.009996803474075167,0.014800083645322815,0.015646843551917033,0.016561311485749464,0.017505541048981055,0.014604238529208002,0.009479317558250822,0.013991506095085482,-0.012293937711203018,0.007860122426131433,0.0113699752700267,0.011825088344863843,-0.013344084569109738,0.006845493675933456,0.0035306270411563645,0.010588310320462924,-0.004367052033182661,0.012123489134596266,-0.01372811637253779,0.0020071225432234385,0.013033364247029278,0.018603845279891562,0.006713423165313426,0.0008482205383708585
2025-01-29 00:00:00+00:00,9.19742643668009e-05,9.19742697724768e-05,0.00014621500433320556,0.00014621500433320556,0.00010793985995838362,0.00011924097457249871,-0.007027661992592638,-0.002946716247360315,-0.001503777956297081,-0.0053624660406722535,-0.006017108485241618,-0.003937086840523629,0.00022260530326700945,0.000614849433357767,0.002518202481940568,0.0023254288642180487,0.0013805376130675562,0.0032053495371580087,-0.013788737511798765,-0.015409431682161578,0.009818514266332734,0.007155732188910413,-0.010518944140006314,-0.006674697213194358,0.009177794452578825,0.006284616812920918,-0.011707018928928448,-0.010377725704194263,0.01098974359090521,0.002953542193596892,-0.008450200106969064,-0.010511570185378294,0.007089443543206064,0.0037325329010964303,0.0030292296327725232,0.010648953495129065
2025-01-30 00:00:00+00:00,3.81593048874862e-05,3.8159307129914666e-05,2.2851842343296624e-05,2.285184234351867e-05,2.8831196999590247e-05,3.1486404882041796e-05,-0.002345709178826816,0.003802041589026972,-0.008118567597682036,-0.006478044280773587,-0.0051604123545545555,-0.002903074172251774,-0.005392961217349557,-0.0031802600894150768,-0.004020933320521558,-0.008129168418788746,-0.007352104352465583,-0.008233869275542371,-0.0009444054553249259,-0.004849200192658554,-0.0008676517389587524,-0.0076431433886676725,0.0015842310963665174,0.0017635830110873663,-0.003676501061815607,-0.005219005285698186,0.003695823233296869,-0.0026338063926991673,-0.005231904753007721,-0.008123358333859354,-0.0035496373889982724,-0.005498971134948127,0.0030479651145312037,-0.0009290058365142295,0.0007143175612098762,0.004038201824682064
2025-01-31 00:00:00+00:00,0.00016388837572933745,0.00016388838536030015,0.00015680743278534415,0.0001568074327855662,0.00014857573107529554,0.000163133200641985,-0.0009888876906837263,0.003246093088049795,0.0032655524164346694,0.008734791103184758,0.013678703571091466,1.9634788554823146e-05,-0.0033110079066559495,-0.004545170276930577,-0.0021271969042573335,-0.010670524247397117,-0.009210032645307842,-0.008737172741717814,-0.008642393856492903,-0.0031683349143357686,0.005569586770701962,0.011200902621899766,0.011106707399141547,0.012648540473363168,-0.01217889440194131,-0.005547558048305201,0.010291168207976265,0.007871449080190551,-0.011683995943723824,-0.0016489615517809586,0.011481395616662171,0.013231246297334964,-0.012523793557414176,0.0021342034210827254,0.010311227227608022,-0.009736649656275742
2025-02-01 00:00:00+00:00,0.00016518079821969955,0.0001651808079250472,0.00013152338656619023,0.00013152338656619023,0.00013856006449919356,0.00015180434390615893,-0.003343575413121358,0.0021701352339307256,-0.001767904461481673,-0.0025628954585840136,0.001192623216695221,-0.0015902614887982613,0.002062235508528687,-0.0002847309460862757,-0.0017718111836068084,-0.007952518792951335,-0.008611583384657395,-0.007484769331355112,-0.005803534182435843,-0.007140628867204124,0.003283058725791266,0.0036188592530659314,0.012007895189720008,0.008233000076669272,-0.01498947425481556,-0.015802105247899156,0.01976286883893219,0.014475153245663508,-0.02168006339269679,-0.01976212075879591,0.00029051256632994793,0.005779073222518916,-0.0006149355927341782,-0.010142367819233167,0.005120767121144176,0.007728474408121189
2025-02-02 00:00:00+00:00,-1.344585746743121e-06,-1.344585826013045e-06,7.622287135178318e-05,7.622287135200523e-05,3.148228022142874e-05,3.552930428063483e-05,-0.007991774056604783,-0.0027662391668554775,-0.00488231078408452,0.007264954282339309,0.002018591996565622,-0.0007505605213831146,-0.005944226155002785,-0.005056556731188877,-0.008138759780155103,-0.0020487911971364126,0.0020041706311633156,0.00858237067714529,0.012313584420148072,0.014569207967511488,-0.014617428256086917,-0.012039650049151751,0.01262339946780755,0.012785829740291632,-0.015782320009144923,-0.012717143898586913,0.00815045105134904,0.007607662490385136,-0.008820402878241818,-0.004341925148076742,-1.3963762883317798e-05,0.0012002392148082741,-0.001192819455775429,0.002391388214001866,-0.0011087290626139445,0.010689377875643169
2025-02-03 00:00:00+00:00,8.169417489534148e-05,8.169417969461357e-05,0.00012266580179187692,0.00012266580179165487,9.283907531565383e-05,0.00010248536886647841,-0.008259125405633228,-0.010469194384025826,-0.0056610501653016065,-0.004924989996079487,-0.010425526443081257,-0.005157720933597676,-0.008863338193277004,-0.0046643469287189765,-0.008788751931764094,-0.0058898443900914366,-0.012012076892262247,0.0060565980636657635,-0.011837663928027542,-0.013268493051351249,0.00872415430755491,0.006461273804828416,-0.004476681663076576,-0.00532886140621236,0.001158963918071576,0.005770274871200964,-0.02372817995483134,-0.020813567885827333,0.026540491122730714,0.009267208689826667,-0.02267381653240097,-0.017280575736628112,0.021903728335975314,0.018122191029126045,-0.008818491680391949,0.003574245113746821
2025-02-04 00:00:00+00:00,7.904460821128723e-05,7.904461285446196e-05,-0.0004233815266294627,-0.0004233815266297958,-0.00022554836755772634,-9.201874321629333e-05,-0.013591088882087599,-0.01256074621676162,-0.00867968952160647,-0.015397186398091733,-0.010057944129097107,-0.0008500343637779517,0.010135945934826918,0.006544844611193312,0.006215659098393722,0.016348361150504198,0.018383160277321675,0.02053335401794132,0.008421145271398922,-0.0019654595677325304,-0.01043885939355449,-0.009313953355344795,0.005968804073144485,-0.0029712783614972427,-0.00866725765015064,-0.006568299188141169,0.00719758589864905,-0.011272321259230833,-0.005624365073424897,-0.01087298472648146,-0.013653124142292472,-0.02481698728946713,0.01327487663596627,0.010433757549777267,-0.013384923174283414,-0.018961358999514455
2025-02-05 00:00:00+00:00,0.00014315441548840013,0.00014315442389678523,-8.952973518172591e-05,-8.952973518172591e-05,2.725246249069002e-05,4.015841642357465e-05,-0.006962971370388704,0.0007568815968161946,-0.00953677757893856,-0.003712255085138505,-0.0014368149651859952,-0.011873984557374428,-0.012120047725155292,-0.013768693269278875,-0.009650365639407799,-0.0117579335449024,-0.009751789930000476,-0.006962160161779307,-0.00572632616193669,-0.0036728082424867248,0.003053000978355147,0.0035814279590677955,-0.001369663436730062,-0.0022946209664115313,-0.00041346798179797695,-0.005420241618582455,-0.005234455450738196,-0.0032927052602397255,0.003137210026237902,0.007352786435789849,-0.005574704695687438,-0.009601318379799162,0.0064162456291079195,-0.002211363418528345,-0.00982395285270865,0.004981854406512776
2025-02-06 00:00:00+00:00,7.241267443403032e-05,7.241267868685064e-05,6.195194310576468e-05,6.195194310554264e-05,6.740084263046064e-05,6.486598364863205e-05,-0.012110987120712013,-4.7864005397024734e-05,-0.00011372739245574248,0.0002112322756357976,0.0012756607569215372,-0.007454135593260136,-0.0014933675070785135,0.0015383778760109657,-0.0030777028455443167,-0.0027973766434883363,-0.002072383428802227,-0.014754067884285127,0.0016564740655453658,0.002087125179649929,-0.004286157237591293,-0.007232170031494567,0.007760958900763892,0.001584391898978632,-0.008555335391659313,-0.007821978785740646,0.0009232994761116942,-0.005954633293394629,-0.002467147062015229,-0.0030727367800422734,0.010317471614942786,0.0022076282711966932,-0.010857526262256001,-0.003024050859617544,0.0036224149033576847,-0.0009008045666587527
2025-02-07 00:00:00+00:00,-3.343187854765173e-05,-3.34318805108591e-05,-6.934690699123003e-06,-6.9346906990119805e-06,-2.0286458762508452e-05,-2.0947337462495774e-05,0.007593926184715105,0.0029416916770919066,0.002094623128595652,0.00020273061516973279,0.001552920595746743,0.0017340344698275612,0.00018588436124034047,-0.0020922930885587387,-0.0015033837950381157,0.003287552447447162,0.004561026825281367,0.003365610952296594,-0.009126369218221964,-0.0033254858031260826,0.006476146332645483,0.005248552643276172,-0.005331355604218713,0.008090127660964175,0.004011731849554723,-0.0041587277373870135,-0.004832026418919444,-0.0006840861717679614,0.0041396072457275945,-0.00022034310963658932,-0.00980278514860522,-0.005790699244969111,0.009190778558451962,0.006119594865805933,0.011605726916718906,0.007616149252824833
2025-02-08 00:00:00+00:00,0.0001043194571206385,0.00010431946324662711,1.3564572130198016e-05,1.3564572129975971e-05,5.9264202879827366e-05,-4.508106715994664e-05,0.0006952952679626367,-0.005074937463955154,0.002056686418958842,-0.002331375657257384,-0.0008513993389299701,0.0038542011998279335,0.002883459166928226,0.0020412381276591063,0.0006636705591644976,0.003421165844643026,0.0024729117409971746,0.00035580056507278357,-0.007432048117105516,-0.005336075102022608,0.00477296208715039,0.0042695614150991545,0.009084804389540402,0.0030183100293561527,-0.010563654491529628,-0.007094433476704909,0.00785530145193647,0.008174708871578007,-0.008873064043057655,-0.005625993659782114,0.005934651696223758,0.007406860629251888,-0.006568352414716427,-0.004356362848910722,0.0012478876364723224,0.0010215007588705305
2025-02-09 00:00:00+00:00,-7.216774472884602e-05,-7.216774896623424e-05,7.819190014157762e-05,-0.000968590167924388,2.7771614528049327e-06,-0.0005476777700051949,-0.0028445118927351576,0.002928180385802115,-0.003968737835102987,-0.0010760854792357666,0.0017777514257317772,-0.004444293762586149,-0.007646199696055289,-0.0076396601392823005,0.0018554186225065994,0.0050697209885433026,0.005277214339640679,0.0068621266985797735,-0.00876481452252198,-0.012049207017058583,0.006698689208687991,0.01003308158051519,-0.007231150933479702,-0.01113614351040515,0.005268755683632831,0.002035751114785045,0.011327927811658256,0.013873663718232399,-0.013022325793555,-0.006955494296950304,0.00692188130597815,0.013099915509535043,-0.006857550221938236,-0.008050164138465155,-0.0012650028258470725,0.003619832940702894
2025-02-10 00:00:00+00:00,0.0001011027737143344,0.000101102779651141,-1.0120453013739983e-05,0.0,4.5804029356055764e-05,5.466993394565023e-05,-0.019081134559217672,-0.014360367875621227,-0.011625610002449105,-0.015270813379165804,-0.010128494108073927,-0.01058980169839352,-0.012501444024025088,-0.012764296044722845,-0.013181433092949724,-0.011657190365662595,-0.0048593932710405685,-0.00739424404875233,-0.008689293525941721,-0.013860763816933241,0.007288449229641891,-9.714918211189971e-05,0.001599457240518909,-0.013047064797413577,-0.0036144450775552617,-0.007499513026761329,0.004420963191341665,-0.014360607661053404,-0.0049190462688906145,-0.00451840103815393,-0.0017360626737807916,-0.009728467471915692,0.0015082263894634629,-0.0050545056664828,-0.008442453807895434,-0.008808044130449444
2025-02-11 00:00:00+00:00,0.00016404114913126655,0.0001640411587635615,7.167310609768052e-05,0.0,0.0001183599749647879,8.870711307218393e-05,-0.016081339064393685,-0.016381292370556078,-0.0033155033012247648,-0.011781114105006929,-0.007914328000447002,-0.009969095720492538,-0.0074797323028844565,-0.008363184983714467,-0.005298587618250528,-0.007842941872167275,-0.007928072024752209,-0.008083744294769435,-0.009634013139982467,-0.013814196097137632,0.007515757633596687,-0.004270887330506068,-0.00447757178619812,-0.0038243327667237814,0.002799842776988193,-0.009873807040466587,-0.013242151874583441,-0.01725932407197439,0.012650492110684253,0.009681284597278461,-0.014809001699583435,-0.015601920694173543,0.012817767749504272,0.008553551209175225,-0.020178617745850502,-0.012008997912476116
2025-02-12 00:00:00+00:00,5.133892900577308e-06,5.133893202113882e-06,0.00010672372425934995,-0.0008421817785886354,5.593053743635501e-05,-0.00041831207512743607,0.018378663130236506,0.021819816827482352,0.011843818215635293,0.019623813078398555,0.020734798405029897,0.010293302237015745,0.014846469457878708,0.019274209838847645,0.01449591357322233,0.025160982685252797,0.022272419710342772,0.009693760336063617,0.0045950780432055804,0.02015581921679943,-0.006732557797096694,0.01530640130279326,0.008786420932526573,0.016502165060064966,-0.009596772336766257,0.008019766473154055,0.00652255309642058,0.017343859578783594,-0.007440394035112652,0.005952444973713833,0.009645658989872574,0.020136412481860155,-0.00966170472638661,0.005646475060003153,0.0016151872773526588,0.002163267756680076
2025-02-13 00:00:00+00:00,0.00013079503317592334,0.00013079504085444782,2.4419204125214478e-05,2.550340228824055e-05,7.8011412332879e-05,8.3510412393073e-05,0.0010191546261142381,0.007779265394101786,0.003932776305439756,0.002358433812845284,0.001789147086240117,-0.0010121141041141701,0.001830689705830446,0.004553402795584471,0.0016803351640339859,0.004293930474114083,0.004540647872524062,0.0011841591096919402,-0.0020787563552561172,-0.001461216976685109,-0.0018769442912061063,0.003739370230450456,-0.0025644549100900527,0.009117107473557873,0.0012375860004139039,-0.0030845175120491897,-0.00427896181665488,-0.0011379903059712815,0.0035401773645657997,-5.9796056002814346e-05,-0.004046405892250249,0.0049851891993923925,0.00195796259127734,-0.001879149420211057,0.0033462503090839757,0.0022339475530466224
2025-02-14 00:00:00+00:00,1.2586428874250544e-05,1.2586429612548855e-05,9.236707611881556e-05,9.64680148638486e-05,5.2503677230530954e-05,5.502045576100123e-05,-0.015068258601587448,-0.00787738195500376,-0.02011821626793331,-0.014280737219950601,-0.011804172264915369,-0.009856958909364666,-0.010277875090933586,-0.00864664436312168,-0.012404351891738719,-0.011411896233291974,-0.01374187433732943,-0.010350745328694066,0.004399816583139593,0.006977632197034733,-0.0073478708272458615,-0.02112474936635489,-0.0025859985132731245,0.0025332978654704075,0.0009671316284445286,-0.003640362115690743,-0.0009040646078741776,-0.0014139245096602693,9.539672005454136e-05,-0.0008470374469520259,0.005329659485099558,-0.007017352013299227,-0.006625653808881138,-0.007797818533811562,-0.013278520228544366,-0.020992261411842517
2025-02-15 00:00:00+00:00,0.00010013511510265083,0.00010013512098061561,7.188869545249332e-05,7.50801215732011e-05,8.631576735451674e-05,9.16997893145588e-05,-0.020528901844291902,-0.019644166604051883,0.0006634517933139517,-0.007749641565042875,-0.007486826061269269,0.0030896867802647776,-0.006244298820448857,-0.007256482206275505,-0.007657146156076489,-0.0058314492924291805,-0.00525266510338851,-0.0011684567456103911,-0.01010731125051667,-0.008810286855598592,0.007288333422803994,-0.0005427573592237112,-0.002960583068051914,-0.005193496122138597,0.0014142087878510345,-0.0016509750059021666,0.005904891288480263,-0.0014815890177103386,-0.006571560119245534,-0.016366351839783855,0.012754979545429812,0.0006260738999226412,-0.014326550141371963,-0.015743909969114456,0.000946546072099208,0.014112774254992466
2025-02-16 00:00:00+00:00,-6.72688882157324e-05,-6.726889216390752e-05,5.8364991044834724e-05,6.09558514277353e-05,-4.669357516862149e-06,-5.931231609634935e-06,-0.0004428809041547854,-0.0052555456111349486,-0.006201631241720129,-0.0022569009295050346,-0.003147500848590057,-0.00325802390706309,0.00039471803259227833,-0.000469595094117925,-0.00043263126931647466,-0.0024457632708223542,-0.0019906059204501947,-0.0009595204150764092,0.01150347378102956,0.00349497280918043,-0.013554981422649326,0.0006535826353621932,0.0004318034831989337,-0.004961785656999118,-0.0016656221957936923,-0.0011606080298506294,-0.010074498545424304,-0.005904149532226066,0.009473431504037011,0.014836334101377524,-0.018124825227519015,-0.0070658575425569525,0.018998102332707933,0.018253954703593145,0.009456714910775599,-0.009728985367752463
2025-02-17 00:00:00+00:00,0.0001466602922259863,0.0001466603008344336,8.124950614440962e-05,8.485600538343796e-05,0.00011440111056915114,0.00012175517726098484,0.004702117970887043,0.006178871458771162,0.010415744050569442,0.010169726469551499,0.009831615774730906,0.01103950562478695,0.007665100191955432,0.009662969116976727,0.01164276503421724,0.010340445407252652,0.01040675623769216,0.011191532459826847,0.0031182376700678027,0.012245162426372858,-0.005639217961472709,-0.0026170936393083988,0.009045455800701596,0.008123567798892228,-0.010578337439495988,-0.00542747459825621,0.0046633631456174385,0.011437500743876727,-0.005834323257875251,-0.003346814458295211,0.0015663913393844098,0.011221534042205272,-0.002217129170079324,-0.00087155583567744,-0.007600685746154245,-0.002093162995005393
2025-02-18 00:00:00+00:00,1.4701291185970078e-05,1.4701292048835413e-05,3.822584045276578e-05,3.9922463283659226e-05,2.650513545465749e-05,2.7906262813903737e-05,-0.0029337317754937198,-0.007678381721477057,0.0023807962365636204,0.00022505818426732382,-0.0019907902303353264,-0.0037620706855492347,-0.005447656113102828,-0.004354179649935674,-0.0074242694166393175,0.00048452841251211964,0.002258759083045181,-0.00392734019008445,-0.0024500103334391676,-0.007489594207445993,-0.0001490779751895932,-0.007120696018503181,0.009688636010420693,-0.0007403664776024499,-0.011758969521933005,-0.014585904798906313,0.008682325986324457,-0.008149903101489109,-0.00946170851033823,-0.012563536669051856,0.011221981418836569,-0.003946496355175966,-0.011891567233009104,-0.012759554515352822,-0.01121549255275589,0.010187800613152609
2025-02-19 00:00:00+00:00,0.00019328787867300967,0.00019328789001682445,0.0001089385745707272,0.0001137735315559496,0.00015170195276414944,0.00016143378831667832,-0.009033462440994455,0.001914367650101445,-0.0011772108099442624,-0.02149830587520085,-0.018149684082460427,-0.01772134060384767,-0.008382412377371695,-0.008812886106508877,-0.009740059807577528,-0.011635577422371313,-0.009486634996162424,-0.008784296980374418,0.014411035114179294,0.002461557962798011,-0.017399147416866212,-0.018009804067824264,-0.00027791438033397675,-0.010932841669638482,-0.0017174161465268734,-0.008412056862690642,0.0036280082374022804,-0.006868836273789314,-0.004617962639277717,-0.022370013978293413,-0.013586390611247556,-0.01691913341506046,0.014934629347999051,0.013780662737205907,0.013477938299494507,0.017099705423105904
2025-02-20 00:00:00+00:00,7.55550038757935e-05,7.555500830913608e-05,5.082266690581427e-05,5.3078042978604856e-05,6.341861364345114e-05,6.740401530258566e-05,-0.0014472781206824603,-0.012595294887724928,0.009031492183384504,0.0012948283453695364,-0.002660163372920077,0.006382120941127223,-0.003396133131180701,-0.0021772011710964323,-0.003532192355503616,0.0061153251501611106,0.005506807422283488,0.0037388881317725886,2.536499277461246e-05,-0.0007516477456659398,-0.003984625336401648,-0.010403005598548565,0.008151230139338939,0.009630762236816137,-0.009721587981142532,-0.009322445173364668,0.00039043575036501466,-0.0038532748200906797,-0.002341462488758217,0.003380076859722969,0.006403440318105469,0.001987150744291455,-0.00699206592290591,-0.004641562854043935,-0.0024616352274048348,-0.0009748587694132782
2025-02-21 00:00:00+00:00,8.07650907541646e-05,8.07650954932626e-05,2.744912102947694e-05,2.8667176058316812e-05,5.435638141104704e-05,5.80232581977036e-05,0.012839634424422153,0.010248298843834824,-0.0034076051536654495,0.012341612937299518,0.013697861265447253,0.012770589608992022,0.010795765427126014,0.012272124700182685,0.011191834888031549,0.006469135443022633,0.011268366662793072,0.0036063449275871573,0.005334044224596601,0.008380878339097508,-0.007326253172859842,0.004041220169747506,0.00366257960382832,0.003731495459954104,-0.00599491501019489,0.005681262748354676,0.010418063563862212,0.013786683920233855,-0.012308865664912738,-0.006758494571638907,0.0053325748884820445,0.008606974254433686,-0.007026263953586742,-6.869121440145065e-05,-0.005843539005108478,-0.007027270673647612
2025-02-22 00:00:00+00:00,6.774442797063962e-05,6.774443194479396e-05,0.0002379139830506194,0.0002484711158587949,0.00015300800166273554,0.00016082473938960895,-0.002193318055671245,-0.005940960823862529,-0.0003689433253137864,-0.0006369465961663101,-0.0008359080714489542,-0.00302433049398787,0.0038681428681246466,0.0026288918119026228,0.002684294700843859,0.002380335352950791,0.0018182904960037938,0.0006979552128347777,-0.010231815840496483,-0.008624706148729677,0.007567785125947912,0.005221030147415373,-0.010174046977459383,-0.006359069485331603,0.008077746669665098,0.007141158956850857,0.005608013116262134,-0.0002473504944320304,-0.00693145683535612,0.0019393187292156,0.0044517291712995455,-0.001977975864055348,-0.004428601714155378,0.0033979734771991676,0.005128444404711718,0.013303132298327913
2025-02-23 00:00:00+00:00,3.0762403608664e-05,3.0762405413664595e-05,-0.00010352507101563102,-0.00010811772427676836,-3.627545181295044e-05,-3.739359866039571e-05,0.002385705886603695,-0.0010379716504201886,0.010002204833717832,0.0026116929743524864,0.003664940702191588,0.009776680749464361,0.007824934180512777,0.009100762621480518,0.0073452502414574905,0.009045382183541673,0.00932129086679323,0.006047523672738198,-0.0007116092047925182,0.0042071331758462005,-0.0016542922060247545,-0.005053972426346642,-0.0030590901212432797,0.00498267662067664,0.0011314508674631352,0.0016034199318342157,0.012087663025179385,0.012713605110439286,-0.014074120079038965,-0.007663077234109084,0.00940128224787129,0.013073910293809776,-0.011502546363254429,-0.006470855293998934,-0.004005966469817768,-0.0003204793626024882
2025-02-24 00:00:00+00:00,-3.2661582131887634e-05,-3.266158404779951e-05,4.3179252513292354e-05,4.5095008530227076e-05,5.150622245153613e-06,4.865376165952284e-06,-0.0014528635712950377,-0.0023188589961592454,0.000424794101284931,0.003354108343433193,0.004383538194570935,-0.007829720226347203,-0.00830535236387997,-0.007794225027801693,-0.00854834906491353,-0.00531656962446303,-0.003187658333258403,-0.008352589239400743,0.00642167528671389,0.005778326835392811,-0.0091655521923667,-0.0018298742262972123,0.009310564426175283,0.008805010921082435,-0.011125256598176092,-0.005946754552606959,0.008926319794753779,0.0023349811900126305,-0.010886706838689197,-0.005895720570031737,-0.007168435836625298,-0.0063282580498371654,0.007681081023543035,0.007154566187644429,0.008067553400668448,0.010307107071939825
2025-02-25 00:00:00+00:00,8.233724242190377e-05,8.23372472522621e-05,2.0683456129155786e-05,2.160108824322826e-05,5.1764498254947e-05,5.534103771487331e-05,0.0037687689852579087,0.0027819825804884513,-0.004056388605874095,0.0015705551324132205,0.006654440028307063,0.006343826210881698,0.002333745083322958,0.0016050360952946097,-0.001113769447130819,0.005498818717085019,0.0041791753505828755,0.004414895908403826,0.0004512740828055417,-0.007887279389296675,-0.0036913540908307674,0.0008900193868888184,-0.005340113185062445,-0.0043846862346564874,0.0025823494994792195,0.005033949061800769,-0.0010454815188739586,-0.005890637472863003,0.0006616848575602408,0.0031094331880836545,0.004139480353954728,0.00129880493322454,-0.002522650561646911,-0.0034886742667035175,0.002595608583644049,0.0022783182823689074
2025-02-26 00:00:00+00:00,5.962931960112883e-05,5.962932309899749e-05,-9.132661089761296e-05,1.805967052859181e-05,3.864534533470909e-05,4.1286449835586936e-05,0.01134938069282887,0.012182282795887067,-0.0019552367943560522,0.00181982626578292,0.00487858714784295,-0.009552031026140662,-0.0021541954128329044,-0.0017014680769572577,0.0014657525973549301,0.0026635100863612315,0.0024323795602505527,-0.004271850176490233,-0.013205188688045433,-0.006559592790427171,0.011080134932763386,0.011524270919496482,-0.00035616924880021994,0.010926193284196861,-0.001471891251171864,0.004901766112944905,0.0006892598927008553,0.011222319100529177,-0.0010895427550670078,0.006875460854915971,-0.009943233850468025,0.001078277093915725,0.007838897827317393,0.0023503890475475853,0.00026316338907150794,0.003885387185535105
2025-02-27 00:00:00+00:00,8.73713065119297e-06,8.73718172034188e-06,4.876521507601872e-05,4.504055135701179e-05,7.721258066273329e-05,8.235552157698223e-05,0.013635435150378683,0.019123358061176265,0.0036972395008800785,0.021533781843531052,0.02101723145913237,-0.0021794368633549777,0.010621738802627068,-0.002121220730806561,-0.0034462843044997804,0.004756562769586914,0.004994693680329121,-0.000732187792262029,-0.014117255045273835,0.0027354796756011712,0.011919128330727391,0.01607362755993247,-0.012863676583310557,-0.008469752657486063,0.010715394507226472,0.012337114692013262,-0.006841591803255609,0.007304960509073144,0.0052831283605399015,0.0019958084292346356,-0.0168404949966241,0.0052104264168315595,0.0171935621447612,0.028019933760531357,-0.0032781419738933115,-0.005589861407334751
2025-02-28 00:00:00+00:00,8.171892363573185e-05,8.171892363151301e-05,9.539614087228365e-05,-2.6250260086735366e-05,7.842430981108706e-05,8.301517378228596e-05,-0.0043197842969060485,-0.00033367162820041596,7.577852185081113e-05,0.004910965123664512,0.002601521375847904,0.0018573551063103544,-0.0017988546118293813,-0.0016988014403975793,-0.0013135808275195338,-0.0015345105095896372,-0.00153057017009528,-0.001677454053125138,-0.013578580241647598,-0.0036305879517530837,0.011243642946366483,0.00260043899680773,-0.010371814928293643,-0.006004554763439529,0.009297471326668694,0.00481366986154419,-0.010017264080839583,-0.00984994296509778,0.008400739878397179,0.006756126166008514,-0.008969185783081812,-0.004945070754236447,0.008652741436569356,0.009031374898516242,-0.00574545869700871,-0.005737493229271418
2025-03-01 00:00:00+00:00,9.750934773600228e-05,9.750934773133935e-05,1.8400014885289195e-05,1.9670066453869595e-05,5.1393399962851305e-05,5.500989611539886e-05,0.0020161082490295357,0.0078667989997534,0.014719752698391542,0.015428392638714206,0.014868301841166165,0.014193818271555747,0.014512352183209787,0.013320464839095658,0.012582684727310056,0.011422546383161647,0.012088554331887824,0.011364702048125785,-0.008278846260758477,0.0023048168309234285,0.006273568843864652,0.0081354384598189,0.0024668030410530672,0.004895803207384031,-0.003135241024913915,0.012849646017949246,-0.00937323626112685,0.0020172402088831642,0.009012248451246041,0.014663957249233306,-0.008635992573896467,0.008411233661592021,0.007210505890523411,0.015403808368599003,0.006826113159203784,-0.007197141263151852
2025-03-02 00:00:00+00:00,-1.9965023645429625e-06,-1.9965023645429625e-06,-0.00015117613386839146,-3.497446965727846e-05,-0.0001282691767698907,-1.6052585661507912e-05,0.008229554386813609,0.009945733820508673,0.010957797884248555,0.0076813949592184905,0.009345951297719646,-0.0016494874912983404,0.011152951043707393,0.008435027342402757,0.0034384357143606437,0.008345690518607674,0.005716448423772835,0.00712135804037306,-0.000886799398278959,0.009322570295362986,-0.0009933645809335756,-0.001071424592734349,0.019697169930637415,0.023248368157322563,-0.020641647036642174,0.0007982920899221035,0.017235192970481483,0.02441563224722043,-0.017688527177993296,-0.0045879719937891306,0.005676293781124109,0.018215610564001006,-0.006885048101906488,0.003455506451293111,0.02229837722150818,0.009204192953641277
2025-03-03 00:00:00+00:00,-0.00010749971298407157,-0.00010749971297918659,0.00010026096708903864,9.502508745806715e-05,2.42683810558475e-06,-1.0259963033165675e-05,-0.04162315657980853,-0.01993924125259794,-0.021459388243018518,-0.05161121300584015,-0.03585188400812889,-0.03250907098023681,-0.04369821624971859,-0.047731872528639974,-0.04555588613310113,0.008843641786133505,0.019219982936123037,0.015813805353835697,-0.09692612432428682,-0.06579845647909,0.09536178779222437,0.02956458353727287,-0.05993848530088963,-0.05192572179777255,0.05838974832634647,0.017862846813757605,0.02559156906291804,-0.014378577348782673,-0.029545964330421892,-0.08591965694706005,0.023863174412205757,-0.05220680304895242,-0.029992976657834403,-0.02693758238440702,0.10635335835209103,0.09250644898068616
2025-03-04 00:00:00+00:00,-9.057882938845463e-05,-9.057882938368067e-05,-0.0001458801747634686,-4.17498254142723e-05,-6.221276262274866e-05,-6.123603151608759e-05,0.01529455991835671,0.0007250587660065921,0.005973545035784289,0.014903725345629004,0.0091694096284749,0.018912790472858543,0.025054219157781166,0.02490371733809571,0.0276939207268474,0.023091750883362128,0.006222055838891238,0.0008381266300172552,0.02858203280223992,0.018788205486561793,-0.03008855303154534,-0.016802195246711338,0.019657025120887628,0.015301012815892134,-0.02614640434101212,-0.009394214524955924,-0.0036909711949839608,0.008585323246307563,-0.0004304748893656507,0.00603423082591048,-0.003302669170994199,0.01157244262146051,-6.0140408072562046e-05,0.0007752866988215423,-0.013219554441301185,-0.010425906815912822
2025-03-05 00:00:00+00:00,7.185324345315713e-05,7.185324344938238e-05,-9.187499220320028e-05,5.245557309296878e-05,5.9552320547329174e-05,-5.3425214612823346e-05,-0.021709159062760164,-0.00033355892385744657,-0.008643606319056585,-0.010883471220383023,-0.01024235686778785,0.0008195835330484513,-0.01058793416818038,-0.006116589676420148,0.0017744697940933474,-0.01135933951546908,-0.011713230860559642,-0.007318755868179427,2.1929294321543225e-05,0.01740032559394966,-0.00206972208222278,-0.0022858035667268073,-0.03037597290144789,-0.0207945677536836,0.03010736315946505,0.018801283818815184,0.005933759378076164,-0.008663931847350148,-0.007004461929582262,0.011599572495599286,0.012370756466270727,0.011031217859950981,-0.013303646600569596,-0.0016708976323176472,0.014869444728939918,0.010835809416456232
2025-03-06 00:00:00+00:00,7.85477742015761e-05,7.85477741975793e-05,8.233870322160719e-05,7.482753096055283e-05,7.432532376716594e-05,7.86399073589017e-05,-0.006340477710820025,-0.0018969505991321967,0.0008744940829412684,-0.00044586803811386133,-0.0009964290858364144,-0.00035395968574269965,-0.0034604496307899524,-0.007393490046075035,-0.004958690245241093,-0.0037560924427521014,-0.0030326090307836173,-0.009585787354927766,0.0034593311989177256,0.00020992592848023683,-0.006093358369120727,-0.0035810058727697713,0.005440026771460049,0.0009281603506194891,-0.005359409307087892,-0.0072297664505223125,0.009365102166077444,0.002221634075147527,-0.012591993313011973,-0.007917287808772877,0.023040828224783372,0.0074535982836339,-0.0260922942724664,-0.012215810981040076,0.007804034724224529,-0.008292718643533092
2025-03-07 00:00:00+00:00,8.833399820562526e-05,8.833399820162846e-05,-5.6040893729680796e-05,-5.092906545212106e-05,1.2322395260611074e-05,1.4123768877549736e-05,-0.00948231493420959,0.009711974568647808,-0.0025626734574368815,-0.007308245673339653,-0.004734061034129544,-0.010205919708348943,-0.004197781984235482,-0.001468200729616842,0.002153811622530588,0.00952659289732316,0.010223854814249922,0.01368086877428687,4.629175068360247e-05,-0.00804307323904907,-0.003008465370991975,0.0007973713432138929,0.008664979895110836,-0.004007444819849271,-0.010456171748888687,-0.003951228046057853,-0.0032869024090120824,0.000790824836494286,0.0021234939547589704,0.0011160878297016286,-0.002245418142704847,-0.004416246520281164,0.00044138869127663405,-0.00019173142367090446,-0.007261873045284362,-0.004876556065671389
2025-03-08 00:00:00+00:00,5.113263543532476e-05,5.113263543310431e-05,5.981193755411063e-05,5.435585172741675e-05,5.136205652500614e-05,5.4297960571991766e-05,-0.019281762889865717,-0.01503933221306164,0.002127935814545845,-0.01277320619986455,-0.016454705064462227,0.012479359829311809,-0.011798868538263285,-0.010792121162666812,0.012125558715218476,-0.009770635896814595,-0.007863169585366148,-0.002464233955062012,0.0033672911131561456,-0.0008646309878498348,-0.006112091920340568,-0.01836131480671077,0.0191349868586983,0.0037209861392522026,-0.021248498722213904,-0.018360292026519343,0.02455924295450207,0.010073192145558352,-0.026162932417078566,-0.02621336427874199,-0.0011827340511229023,0.003548642423703896,-0.0007317810100405664,-0.013225902975193993,0.0029137393665079614,-0.004646337470882389
2025-03-09 00:00:00+00:00,-6.357190577466199e-05,-6.357190577166438e-05,5.665283611500094e-05,5.148520657205502e-05,-1.046655181302647e-06,-2.0083262368686405e-06,-0.0034366898091694464,-0.005525744057424009,-0.006097198638097878,-0.002574361194126573,-0.00571994454000635,-0.003962603243633733,-0.005329554490208888,-0.0061450982125988984,-0.002360442207445801,-0.012813107254840861,-0.00861880875848664,-0.007320970369388169,-0.006087836015303827,-0.0020641695190568576,0.0028059385220182698,-0.0035643920331049905,0.007816544960238536,0.0043973539198436384,-0.009960870896814966,-0.017639882297280418,0.011416281641507986,0.00664936932735638,-0.01214515583165332,-0.014244541665264232,-0.00033506746517453223,-0.0070823429255862935,0.0007418154340694816,-0.0002949634483321306,0.006771219744024171,0.00733847052979697
2025-03-10 00:00:00+00:00,0.00011500135684539003,0.00011500135683983892,8.078793044341559e-05,7.341918014480697e-05,8.975610584527338e-05,9.52562447531502e-05,0.021639113585014025,0.016803288710681263,0.025542907893724598,0.024882148919345592,0.024781601648250717,0.02190505527951192,0.018310445408417753,0.017277252484455996,0.01802727107837243,0.01745292732526771,0.016057020198606775,0.01868068094099673,0.0246327213072155,0.025681607795767336,-0.026872509583762305,-0.004622850762578068,0.02050772438660875,0.023537275959954584,-0.022262586209738977,-0.004866934127518263,-0.01371930852732306,-0.006621285507342978,0.013347140588810813,0.023364776814359667,-0.0006709345272180034,0.011988744201091528,0.0007130309520977374,0.0034824198821670205,-0.0033594781000775287,-0.011953153736426914
2025-03-11 00:00:00+00:00,-4.359219955962779e-05,-4.359219955774041e-05,-0.00010652091992158219,-0.00024278888090134565,-7.041134919993919e-05,-7.40532838618968e-05,-0.0066704053676105435,0.004282942987792193,0.014386577765358899,0.014438895174035071,0.022471631411506543,0.000399491309242217,0.015980539988311726,0.001289108303297981,0.005095948467872757,0.009687969709066158,0.008359979332958734,0.0052767743709476456,-0.01891611387355563,-0.007369824382983725,0.015598382631447416,0.014517720171679294,-0.00272165689977788,0.011635828151491223,-0.00012541690107403802,0.01550020443862854,-0.017386023391285366,0.0022832738210205594,0.017765309281025266,0.017703437174397152,-0.0029882012572711725,0.005055029806282807,0.002523616563956166,0.009080719741673127,0.0029879281306384176,-0.010830846154931573
2025-03-12 00:00:00+00:00,-1.4856072988456148e-06,-1.4856073444757811e-06,-2.770770490367891e-05,1.0891231557508263e-05,-2.0776345238671112e-06,0.00010445719557194977,0.0073640171508095875,-0.0003920512281960775,0.0027323998676853645,0.002246537130938364,0.0031373158824596903,0.003166998525626852,0.002626764339679344,-0.002965278989687792,-0.0014930411289129086,0.00878901131758214,0.002976932587763992,0.004346611684096002,0.009242796390078523,0.010837164147422973,-0.011533508504104395,-0.010980843515921768,0.015300490106169296,0.019042643727712028,-0.01804545636575483,-0.0032491202514326467,0.007998109363571038,0.014094148894974623,-0.007928029610210996,-0.007035398979345686,0.009770694225250898,0.007755926219234821,-0.010018283916317428,-0.002385330567678201,0.010428811448862652,-0.0019055412484143552
2025-03-13 00:00:00+00:00,6.99108411885696e-05,6.99108411885696e-05,4.50102587077339e-05,4.5008660513490284e-05,5.337337497035577e-05,4.858245261285532e-05,-0.004099364647803139,-0.0011457035443945829,0.008106438355918621,0.003980845332833605,0.005079759759330615,0.002700143623725282,1.0021977058682907e-05,0.004331056333285677,0.0009867590866616816,0.008871461821307491,0.006658779057526987,0.005634794724702408,-0.017934176881427955,-0.01932589253796002,0.01527643569410908,0.010056076231643729,0.014554014448831865,0.007139360848079868,-0.015817172796906975,-0.004484205004859576,-0.005501569229781733,-0.0014909803376833564,0.0038576324986590027,0.0053325351225934625,0.007558282347511991,0.0022024172248453766,-0.007693262805386736,0.005834312661932239,0.00020756210701389222,0.002315793129707533
2025-03-14 00:00:00+00:00,-3.0165228048772974e-06,-3.0165228049883197e-06,3.402395187812601e-08,3.402274395547522e-08,-1.494344558872207e-06,-1.2531081829969537e-06,0.008047040133059236,0.010371979157991262,0.024143347170952456,0.014444856110426674,0.013694542055263437,0.02244695818758946,0.02465195965043132,0.02499303716587753,0.02218093910375729,0.0199344454653565,0.02108110421533027,0.023324682278910158,0.0021200325631087757,0.006862065866866107,-0.004454111738687483,0.014837426847076118,-0.002123831127475384,0.009382345859537677,0.00025668204858941834,0.014027660569331024,-0.003370896348109942,0.00905599307258953,0.0015002076071326531,0.013549132901181427,0.004999327599770398,0.013816922918017394,-0.005881381773720662,0.012264282237333779,-0.0067208133658392955,-0.01432931675823046
2025-03-15 00:00:00+00:00,8.12688226794478e-05,8.126882267966984e-05,9.030412238608676e-05,9.030091607153956e-05,7.758710174909922e-05,7.268150674843987e-05,-0.01995110881389739,-0.013914141988257689,-0.014294189050065742,-0.007221895837092651,-0.007811863029055677,-0.006888389010290208,-0.006451113461537261,-0.00683522173009965,-0.007313524737258881,-0.00795510853003667,-0.0067688021473435445,-0.007820892521793077,0.00547131256812583,-0.00583706739799128,-0.007965069801551428,-0.0091929900519645,0.0034598739378832732,0.00507237749102285,-0.004849890292539127,-0.012846230400167968,0.004331319418147794,0.002776096083720425,-0.005463065959303126,-0.007663743552233315,0.008933403343670987,-0.0016041687325384357,-0.0105940142695361,-0.007761657059198068,0.00414057878826779,0.002180316134448912
2025-03-16 00:00:00+00:00,-6.281225796067602e-05,-6.281225796078704e-05,3.5749447495625475e-05,3.574817830021004e-05,-1.6777398351042194e-05,-1.1142068348624079e-05,-0.002946517935449311,-0.011448988688933182,-0.006348796449970662,-0.007957496437575484,-0.004927654403295567,-0.007363635168928573,-0.008001332589428478,-0.008531615094600875,-0.008645367010714833,-0.002785583747185183,-0.004025942665749738,-0.004688732720897537,-0.005105187479355844,-0.005422501723294504,0.001980326820157252,-0.014350974970193553,-0.007783778127406271,-0.015968689827042137,0.006156002611065636,0.0015555664713136075,0.001847951027357908,-0.004402753604600074,-0.0035166265775810057,-0.008530332470110258,0.0043936985987176325,-0.007785389508086382,-0.00507123153618283,-0.006641715632976997,-0.003979751768592998,0.002794436024895708
2025-03-17 00:00:00+00:00,1.9093150986693175e-05,1.9093150986693175e-05,1.852607814578633e-05,1.852542044677996e-05,1.7127589708509916e-05,1.5928161647638106e-05,-0.008525385753425874,-0.008063738380568508,0.005363317863925188,-0.007527803488194373,0.0005816269805101193,0.0005839234970814733,-0.0018900441720471894,0.001505420758658893,0.0018671012371447304,-0.0024916836562347555,-0.0025326421201546934,0.0011061057143977315,-0.0054421832323006125,-0.003493124049440244,0.0033331498286990335,-0.007434614770240544,-0.0012342135820571087,-0.0019450912431473455,0.000674576328369314,-0.007152492546833145,-0.003332170836414905,-0.004955708225727773,0.0029611569841161423,-0.000950038603098724,-0.006070037605982237,-0.004234895040066022,0.005674094679257946,0.00027158316260433857,-0.000830941612733338,-0.002692867018573075
2025-03-18 00:00:00+00:00,0.00014474056239333066,0.00014474056239333066,4.7145359388434116e-05,4.714368569969096e-05,9.166077069422407e-05,8.093832761857378e-05,-0.00563182871646184,-0.007117269995708053,-0.012395394395892989,-0.0028783473177896868,-0.007415196745541031,-0.006597717575880679,-0.005982992013244481,-0.0038022837907374374,-0.004857204272459725,-0.00333277979931057,-0.002851063832369105,-0.004958561878890322,0.009784333470772344,0.009249891413991573,-0.01280872731967897,-0.013454501897288251,-0.002563824405041437,-0.006986665334948294,0.001091624360295862,0.00448134079663709,0.004303023012491192,0.0010127396283801104,-0.005456228490388404,-0.0032515378666306827,0.005964193833563725,0.005682083546717287,-0.006133208374539345,-0.006297854233319855,0.003699577748613736,-0.006659154781977317
2025-03-19 00:00:00+00:00,4.217703366582448e-05,4.217703366560244e-05,5.266633346190375e-05,5.26644638638718e-05,4.2640460847342965e-05,4.019630146734343e-05,0.0023708511536542076,-0.005678591520021037,0.015893023987971322,0.009316715586625834,0.010526217715496777,0.012081000190433455,0.0012822691657348173,0.005309700911758197,0.005222651477119644,0.005653548904210881,0.005277515745316874,0.004957539001411604,-0.0027371834487137647,0.0027692703936219587,-0.0011930648897365836,0.0017361457850393336,-0.0013375533393857886,0.0017927601752429911,0.0002469851959165936,0.014304993156175838,0.0011218110946458193,-0.00227091224268261,-0.0023441641080148568,0.02310384444056801,0.011098149708752114,0.019483649501568,-0.011650685445641074,0.0025933584586750325,0.0013371778506188203,0.002838513808106624
2025-03-20 00:00:00+00:00,-1.1589112725918227e-05,-1.1589112725807205e-05,5.380403600563355e-05,5.3802126120272575e-05,1.6222767832640983e-05,1.808751769716288e-05,0.0005169226034198449,0.005152288558600393,-0.01096370184232287,-0.009134676456201918,-0.0070926148550258805,-0.01286864295658452,-0.006118066267337019,-0.012286319632817344,-0.012335960697655635,-0.005441062155558396,-0.004062477948493126,-0.006842656355403265,0.01640356923684405,-0.004211764437160204,-0.019136123306153108,-0.018583787105618255,0.02393541930113119,0.0016541619222787407,-0.025384055876278233,-0.02281163367144512,0.025038534612062513,0.0013866785011056315,-0.026536246498034544,-0.01382814134841559,0.012685279812027828,-0.008315995286309663,-0.014311399742478526,-0.004406168042036307,0.005758112313268171,-0.010672286174154832
2025-03-21 00:00:00+00:00,-4.743795212525104e-05,-4.743795212547308e-05,-2.158560079890126e-05,-2.1549391223341097e-05,6.991803155309562e-05,6.692993873413933e-05,-0.003550919160595356,0.001325773441546163,0.00033160945746124604,0.004864409138475079,0.0047508505567541714,0.005753749809875419,0.006605284856864513,0.003424135521387539,0.0030778646660150066,5.668210470233248e-05,-0.0005346935847859724,0.0006803746466486071,0.0050082275879239635,0.00353612046458629,-0.008157772440582689,-0.0030033692595063943,7.993425432450962e-05,-2.5611965510430323e-05,-0.0014507517425259575,7.948785622735599e-05,-0.0021232600892433506,0.00241339465266166,0.0010493644086191356,0.006166302121663136,0.0003266265455321715,0.005194717621403333,-0.0002136142359038251,0.002912162650883232,-0.001968545006425848,0.002527421322363166
2025-03-22 00:00:00+00:00,4.454648492724367e-05,4.454648492724367e-05,4.121305882787141e-06,4.121305727133873e-06,2.654718707950643e-05,2.2694083755991912e-05,0.001963732681532715,0.003249446419502089,-0.004935572074195704,0.0018555703729155049,-0.0011898084217188964,0.007910105762031217,0.005417434734953153,0.005919324704685147,0.006115816240601424,0.010715764305323505,0.010440491018363973,0.010624671059277668,0.0004292309235205405,0.0006295413872337008,-0.004155630340210381,-0.005494158531555993,0.007613437856911709,0.007048059460597056,-0.008483488213662849,-0.000902368113072427,0.0018627849828114496,0.0050229839904740725,-0.0032527262773340837,-0.0018867240779675276,0.0034632122441284885,0.0019860574102499307,-0.004442558343006997,0.0023936214209361317,0.0024696211261447942,-0.007007252228516947
2025-03-23 00:00:00+00:00,1.0167325105170377e-05,1.0167325105170377e-05,5.661989214922336e-05,5.6619890010489726e-05,3.1586000112104884e-05,3.179686090981626e-05,-0.0014217831555056737,-0.0024858137077389264,-0.008396934128462208,-0.007645802075232466,-0.006899453523221966,-0.00413441777997281,-0.0019568455526112194,-0.0034741106931293064,-0.004478627100546029,-0.005055677515903745,-0.004517045761953442,-0.004194008500274626,0.0031317847269118904,-0.0011822189779366887,-0.006138875195945803,-0.009089232208626563,0.0029346753049919183,-0.0017570168080651705,-0.0048939551551209215,-0.007140120606544564,-0.0029573993634364193,-0.004640803730296739,0.0014622753009043699,-0.0021899951199251255,0.007458748790037939,-0.0016239245284074277,-0.00848136237616992,-0.009628672166952512,-0.00256098330938892,-2.8100833409205883e-05
2025-03-24 00:00:00+00:00,4.49467577612328e-05,4.494675776145485e-05,-1.25700530063666e-05,-1.2570052531191145e-05,1.9116141210417936e-05,1.490093656131286e-05,-0.0008446206811563162,-0.0056047526960473215,-0.004420120210016254,0.0003902653788880883,0.001398938077845635,0.0010269614188158638,-0.003640961495298467,-0.004846615623886885,-0.00540278260081406,-0.004733630678395162,-0.0019379750451564703,-0.0031646882600741,0.005828280815619813,0.00488081956686548,-0.008970511730444941,-0.010856950134096266,0.004834383674148457,0.00026258368072529237,-0.007449733555919935,-0.010210786426071095,0.0042146887847391845,0.001262309261964134,-0.005240120902347822,-0.007833135682375647,0.0015407871907200388,0.0010268610679162737,-0.0023641526125652845,-0.0004557778999326745,0.004958456351472407,-0.008094509457369892
2025-03-25 00:00:00+00:00,-1.2154966401722866e-05,-1.2154966401611844e-05,5.1608423889959454e-05,5.160842194018578e-05,1.6932034735406276e-05,1.901606343412965e-05,-0.009267797306950931,-0.011662704578246252,-0.010170211700419096,-0.0009841197929566503,-0.002301521022074593,0.006062948208489516,-0.005195923129619473,-0.004523376920954281,-0.004551278767242706,-0.008157652814943739,-0.00895897806040935,-0.0053964100723673525,-0.0025975511404506824,-0.00044456891188138226,-0.00012939742276452115,-0.006766744922651613,-0.006634478184199044,-0.006223474062177603,0.004770672473366266,0.0005995973661498954,-0.008864806200139075,-0.004027127430385913,0.008061876898876053,0.00212088191327231,0.005306989562543274,0.010442616693861817,-0.006175620268586424,-0.005319614265107742,-0.0008142677782725372,-0.004764402548194102
2025-03-26 00:00:00+00:00,-9.71348953242579e-05,-9.713489532459096e-05,5.448982845690509e-05,5.4489826398773644e-05,-2.8784280864724288e-05,-1.9139753512975588e-05,-0.005796713012804711,-0.007243918886482792,-0.004039906634805135,-0.006660596933409257,-0.0038070928316498165,0.011736501666916421,0.0021125397336352325,0.0015804182049992122,0.003317506526990366,-0.0002640948118811659,0.0009078278812286733,0.005468480281016319,-0.00959429151516289,-0.007561458240481489,0.0068949456581290924,0.006996844283609471,-0.006031014668501089,-0.0039955487553363644,0.004059146482592979,0.003961969594457493,-0.006523297299402264,-0.005445369825968327,0.0049130104735102265,0.0029932847380844674,-0.0020801446437618276,-0.0031181501590380467,0.0009837893812358889,-0.0013986837901018845,-0.0057595233273523005,-0.003913074824072327
2025-03-27 00:00:00+00:00,8.024510060722356e-05,8.024510060722356e-05,-1.0206092522890842e-05,-1.0206092137421408e-05,3.973489029629462e-05,3.244917667721836e-05,0.01047524596804128,0.01400832739300295,0.014448281952175845,0.013764242739014776,0.015253995754255456,0.01415369337560679,0.015965586918061714,0.01045680962921236,0.010824683539142121,0.0036523002893267265,0.0016023265504871986,0.0017831659114291298,0.0029316573365707477,0.009195016768101416,-0.005407706062932394,0.015469587485302805,0.010632492274466498,0.010699726481767646,-0.011573829720318174,0.0057364865140978605,0.0007363441590519937,0.02296466307053069,-0.0022788108050914024,-0.0009496313706636172,-0.014635057123355555,-0.001970888032779783,0.013652423948157244,0.016737682458006775,0.0002464245681825794,-0.012454788416258133
2025-03-28 00:00:00+00:00,4.9221528120035885e-05,4.9221528120035885e-05,9.45118564608105e-05,9.451185289099939e-05,7.05771622588891e-05,6.808154245807607e-05,0.005373680800301317,0.008493447778019192,0.008505699763551533,0.006299858033880001,0.007934153280128031,0.008859828378836365,0.00278499649561903,0.004363885558409164,0.0018152455789799404,-0.0016959074921870654,-0.002143632560041353,0.0009441448465561386,-0.0002447930342487359,0.005073738874671552,-0.002405556669649034,0.00597550972443428,0.006762434478539525,0.006066731415285798,-0.008761722388784476,0.004560435497753534,-0.006663505186011998,-0.0016620805531882832,0.0049429681945409865,0.011159458299967007,-0.005890846593598287,0.0044984049119305425,0.0051599648722855385,0.00606851291722843,-0.00731835832742056,-0.004617437380816214
2025-03-29 00:00:00+00:00,7.978651033613282e-05,7.978651033613282e-05,-1.703844898071072e-05,-1.703844833711443e-05,3.6349399034074636e-05,2.897055872752574e-05,-0.005389681235684396,-0.003935322334659319,-0.011263429001655001,-0.006866664868650174,-0.002109497235160629,-0.0048509522561818175,-0.003042184814011528,-0.00026354930619443273,0.005399456118435619,0.015480194128643099,0.014398421992357857,0.01579363793613031,0.0035027963785563276,-0.006387556485242585,-0.0037274678830369057,-0.0047191194139361015,0.007389030019748333,0.009493997146182265,-0.007414150498529115,-0.011152225644354252,0.017166587460476723,0.011162928281544193,-0.017443310205971896,-0.009487747315846229,0.016082393715752152,0.011944175377245125,-0.015705565383965836,-0.00948041611158812,0.0035268682252069805,-0.0053707092922323785
2025-03-30 00:00:00+00:00,5.457771328609695e-05,5.457771328609695e-05,9.528746643727715e-06,9.528746283571365e-06,3.4578565315968035e-05,2.9945965660749252e-05,-0.010682696279113446,0.0016026189855151696,0.0028263962404966314,0.0019042428509263853,0.0029972921014760345,0.003538929756493392,0.007311166663696245,0.00863505349091942,0.007655315438403587,0.0038798722751820502,0.007575499327520552,0.007251219700628697,-0.00762142901120022,-0.0027186278482236315,0.005376327951593263,0.005104818555963231,-0.0023633493492881685,-0.001985880852032773,0.00014740652947042854,0.0057031330751067255,-0.0006262436828931017,-0.0024546839616995664,-0.0011883913593421225,0.003147306993905641,0.001664972917458929,0.001193047548685655,-0.002664227237846095,0.0016826250793637865,-0.0029402752237308594,-0.002888521907023711
2025-03-31 00:00:00+00:00,-2.932345306794204e-06,-2.9323453070162486e-06,-0.00012272070428887005,-0.00012272074059904714,-7.374491835077102e-06,-7.361300048969177e-06,-0.004101228356859443,-0.00227326579138476,-0.004048872183020635,-0.004979085277318829,-0.0029955034100737077,-0.007532326164637282,-0.009363922113551415,-0.009485101894881165,-0.0024419143035034896,-0.001944170835079695,-0.0002657467673963243,-0.0003440606786073719,-0.0012692944321776034,-0.004964205196032023,-0.0006698252869539179,0.0005566452772265418,-0.002450052807547287,-0.005533000335897209,0.0015361261567992113,-0.005195630738974111,0.009143496069886847,0.005398413083004705,-0.010232449135567756,-0.008903621712159637,0.003301736872160621,0.003617860432765241,-0.0040903918385502,-0.004036363264954601,0.008583080187310577,0.004646207039646022
2025-04-01 00:00:00+00:00,3.101577274033929e-05,3.101577274056133e-05,4.4619380254351526e-05,4.461938025590584e-05,3.554390068738478e-05,3.359031783412014e-05,-0.0005941939980017574,0.011052008260652668,0.0060749240609454525,-0.0034358071142537305,0.004816224063872276,0.002777513074153193,0.007434940146673119,0.007695195422830814,0.012718246518643506,0.007964427853571987,0.009680371775025787,0.007196306667787811,0.011537403584100048,0.006908397227912699,-0.014286532963821208,-0.010097332882123444,0.00733791424296526,0.007469081545217637,-0.008862932454245742,-0.013393542299212302,-0.011362879277582172,-0.013855625595060372,0.01007796169999775,0.007743225744797355,-0.007278189745882568,-0.01413041770379031,0.006610409694067121,0.0036606784289370253,0.0015714635510308828,-0.005194834463480236
2025-04-02 00:00:00+00:00,4.944346308644043e-05,4.9443463086218387e-05,3.19937387811553e-05,3.1993738781821435e-05,4.054462001779058e-05,3.674179870927219e-05,-0.0012424644428472575,-0.0014567917576480127,-0.0017446965853163965,-0.00018339729551175576,0.0025341240424547884,0.001636137840197227,0.004165884916302431,0.004689662600606104,0.0022089609735174154,0.0059355852685372135,0.003748483815585235,-0.0011735554134967296,0.0031257697027102793,-0.0015198372370864854,-0.006126375088940206,-0.0035038188340376086,0.011013044937862038,0.0035355264082621574,-0.01275553031731469,-0.010079219913406545,0.004346320860753705,0.0021938426994554394,-0.004969712829708373,-0.002996567952117335,-0.005625344925976994,-0.005079580341508794,0.006848748824074713,0.002707710546733022,0.007340338147979075,0.004508570314269544
2025-04-03 00:00:00+00:00,1.0825790487167808e-05,1.0825790487167808e-05,0.00010912918900451984,0.00010912918900807256,5.093522368593284e-05,5.1899838778846075e-05,0.026551121904701436,0.027994329875388635,0.005196193934180249,0.01955398079952464,0.016764512672224674,-0.004913916427295439,0.01923473163112077,0.015013976780417382,-0.006278900670165677,0.024547161625783298,0.023062529435984525,-0.0027572627075003187,-0.015372044831851284,-0.02630534045103128,0.012736013310674421,0.016074824969602775,-0.02831644582220172,-0.02616078311732073,0.028083673548215504,0.018488291220735142,-0.03510538947388864,-0.027419272975617415,0.03389673158047102,0.022682273969644617,-0.020210310489950256,0.001436288301736477,0.019302002115802575,0.01916946487537019,-0.03167531884988406,-0.027116859694568785
2025-04-04 00:00:00+00:00,7.724439640011127e-05,7.724439640033332e-05,-3.3743073014402825e-05,-3.3743073015402025e-05,2.8858608105419847e-05,2.1444458438324432e-05,-0.002033651182047125,0.005558629506246637,-0.0008096730154086851,0.006503915005492189,0.007925107123586628,0.003812533403483531,0.007338346165246978,0.007353227243111382,0.00353436782340788,0.009902170754324091,0.010353580311004196,0.0035123605178799533,-0.015601637709092508,-0.009449469313768444,0.012159216469027179,0.009746133125645873,-0.015502293753465013,-0.011158764635501583,0.013845668476826,0.011406592427334328,-0.005699614379536033,-0.008232011727624888,0.004884626777245105,0.007025544370584225,-0.011610972452289703,-0.0022951577535632595,0.011587138742742642,0.009169221710015663,0.0016242321354678069,0.0014260319509520336
2025-04-05 00:00:00+00:00,8.653026410465614e-05,8.653026410421205e-05,6.279110967466472e-05,6.279110967644108e-05,7.375722357516601e-05,6.722215498111694e-05,-0.007471458413798482,-0.004155705313958813,-0.004534385648186645,-0.0038151712006040395,-0.0030684868995640713,-0.0016276129470310652,-0.0067510645544714976,-0.006674267381952204,-0.006340387500355149,-0.011381882839451185,-0.011754798233765795,-0.013208709223151094,0.014845424245526262,0.005134488214628696,-0.01683005038848695,-0.01407358959399485,0.01625322864793577,0.016951548001177486,-0.017103807774584312,-0.0020837186570393795,0.01134021525317741,0.015312663424075001,-0.011349433987512425,-0.003886889461564902,0.01824068201401463,0.006432392995750602,-0.020827581168391784,-0.01224575190445576,0.003984238659251904,0.007098826522297097
2025-04-06 00:00:00+00:00,5.897661357634476e-05,5.8976613576566805e-05,2.9239419041982018e-05,2.9239419042870196e-05,4.468788280775904e-05,3.999532752385626e-05,0.00034004271220600124,-0.0019210962570518353,0.0013572326580990612,-0.003945508732818959,-0.0012331226046033983,-0.0005818864653945877,0.000428759588964045,0.0011412417723972723,0.001472633015431546,-0.0022782991350522863,0.0023075669459842185,0.002768068598886231,-0.00033664354195461765,-0.00029432160573672483,-0.003232438865511944,-0.0028749561149937763,0.004564165884772153,0.007524760767925631,-0.006139692050481593,-0.001393733024581345,0.0038236169796119768,0.006528964475936316,-0.0041948941542362395,0.00040644892472130323,0.00881860149837177,0.0048921927819940425,-0.009904525854058432,-0.00034986824807126116,0.0018295311907181588,0.0003675187344061026
2025-04-07 00:00:00+00:00,9.203040808292151e-05,9.203040808269947e-05,-2.5806920636473052e-05,-2.5806920637583275e-05,4.0316203258061734e-05,3.173620974772362e-05,-0.001984982423154369,-0.002190206021798091,0.03748839803955306,0.03067704112473013,0.034411704117170316,0.02261996111416309,0.019637384025387616,0.017863518134358713,0.017458534025804218,0.018650706488168245,0.017891284112682593,0.02016313702221706,-0.004927092545771616,0.01935560309327622,0.0026054906541452816,0.00837514025265107,0.009551445077951692,0.028016024221300784,-0.008490290885479923,0.015381345308336458,-0.0161054403388593,0.018938093080797413,0.015556602947167208,0.025370993905291295,-0.0053886464800990685,0.0017845170033927715,0.004455252941792276,0.020458504774079955,-0.0019391230509155921,0.0074667143314974815
2025-04-08 00:00:00+00:00,-2.594802982813782e-05,-2.5948029827915775e-05,-0.00022145020327135612,-0.0002214502032439336,-0.00020009852169633469,-0.00018283206756575243,0.0030204646929317125,0.0045797193115117985,0.005954671708509052,0.000961079036181145,0.009091604955803634,0.007966816303385693,0.008503684779515908,0.005252990634503796,0.00429099194893845,0.0008020187363966258,0.004951959583282983,0.006542063830187406,0.009799308105563176,0.010002942986803598,-0.012339837412125632,0.00040576470290365485,0.009050386612088124,0.019990773742155854,-0.011288965621417568,-0.004256977813028362,-0.010684473342551404,0.003894895983023172,0.00876787722704675,0.013274897273800157,-0.01988771228226216,-0.015776361596420152,0.019202711281925522,0.016598627790279874,-0.0093862591348024,-0.011542319294787773
2025-04-09 00:00:00+00:00,8.063141793890338e-05,8.063141793868134e-05,1.757491220089058e-05,1.757491220089058e-05,5.343094341814236e-05,4.63097017535663e-05,0.020204897978336023,0.015495222383664409,0.018599673723681986,0.017929259992410573,0.01473535581139207,0.009316678468034967,-0.0034298150070614097,-0.0037572005849243473,-0.0027880597730571832,-0.0019191617960444551,-0.0017020243364357368,-0.006623433378015076,-0.0005243817067982492,0.004571183284444613,-0.0023554413607287383,0.00022739291917761584,-0.005569952913906384,0.004386372360051238,0.0039291328032782236,0.014965876901032571,0.003969399929545148,0.012379605618330736,-0.005225337556527654,0.0020497921832904886,-0.002444632867819152,0.008022137369798621,0.0017224998291702764,-0.0017517860948792485,-0.0027574815796924668,0.014922348084051018
2025-04-10 00:00:00+00:00,-2.4373577995007167e-05,-2.4373577994896145e-05,5.4903294508079625e-05,5.4903294507635536e-05,6.865119035515121e-05,6.207914126199476e-05,0.00643409843996956,0.002551259540223061,0.011931104219053967,0.0023656234054405534,0.012770393787356449,-0.0003057853399688337,-0.004319463192270501,-0.007813736884966671,-0.01288593456225573,-0.010332563856551902,-0.007118696652797962,-0.0012493497827263944,0.002472644001654478,0.013284161540095152,-0.0043342522738969436,-0.006410896987071091,0.01280478079133096,0.020940381030990718,-0.012955899149924455,-0.004585827399577136,0.00988128350984363,0.023754197411367528,-0.010116499357679665,-0.010967131281067966,0.015589548367760164,0.023658896777015936,-0.014353258585868556,-0.017477599530642984,-0.0174144064765146,-0.014869933390816104
2025-04-11 00:00:00+00:00,0.00017479396580544204,0.0001747939658056641,-3.071602451487632e-05,-3.0716024514765294e-05,7.067636680924139e-05,5.6954366411066104e-05,0.01914056346469617,0.0191682937533475,0.013096678347307877,0.01513987144848894,0.02672560154938486,0.028789894018756756,0.012284010170226622,0.01302970227996858,0.009165303909647315,0.005692983614513647,0.0043079262662673035,0.001809470995249196,-0.014175082691172514,0.00872500983179858,0.012043991046952751,0.021711749154941895,-0.025599670742827096,-0.005993997646048799,0.02312877457936069,0.026499902128700237,-0.03822258780930543,-0.029700545286676427,0.037107966472577525,0.0428872492617236,-0.02713529544112836,-0.007336933723735561,0.025269294969428868,0.011360169138924014,0.0004482501744123013,0.007444026976455076
2025-04-12 00:00:00+00:00,5.247105592243173e-06,5.247105591799084e-06,4.489524346951157e-05,4.489524346951157e-05,2.5025618538343508e-05,2.4614018775848123e-05,-0.016108813717120918,-0.014939609048695623,0.002077024007318906,-0.0022081660432931027,0.004036562549964984,0.00940280240420055,-4.542893164616313e-05,0.004050646240293387,-0.002314461857193084,-0.0060619570501677655,-0.004646450387163936,-0.0023221145404532795,-0.0033725952919988478,-0.007861508806545014,0.0012117871077339526,0.0073258641660933765,-0.01599539380664039,-0.0144276432170517,0.015866837165376513,0.009265644532434614,-0.005153837586631016,-0.005534825298483481,0.004087478485393703,0.006612675793481015,0.0019630104835461903,-0.0034615802503477067,-0.0010365036881788692,-0.0023218821738473228,-0.0019277432731762412,-0.01039294805289348
2025-04-13 00:00:00+00:00,4.631205518701442e-05,4.631205518723647e-05,-4.23911540581301e-05,-0.0009212177794906129,1.6050532927192052e-06,-0.00044136438492003993,0.027581299418299787,0.02144760404466295,0.002656702032383329,0.023482668104030546,0.008327680138005444,0.00022596085454051895,0.007559399408250123,-0.0055206098818597615,0.007628575135220084,0.014594168589164624,0.017488899810448988,0.017928304214267055,0.0027596884773066765,0.00942561420581911,-0.0054348461464949205,-0.0008926065035643749,0.0053642136429417064,0.019844438959945476,-0.009015475649681859,-0.002113627678135832,0.009435705981598153,0.01706484939623576,-0.012566499162526723,-0.011995775622670402,0.00282335090080732,-0.0036563717395766693,0.0006759054050431423,0.01271901855539559,-0.0209117254952218,-0.02269572399301456
2025-04-14 00:00:00+00:00,5.015441837241674e-05,5.015441837263879e-05,0.00016720806689130008,0.0,0.0001774095367079731,7.889675758465664e-05,-0.0175018501594284,-0.020071561056508536,-0.01640013032482901,-0.015828537969002188,-0.012416563496341015,-0.009710735439980023,0.004429054916775588,0.009404451720364415,0.006194508109130581,-0.007628651284208865,-0.007321423763201218,-0.008023250656438718,0.009324937475122752,-0.010498452970186367,-0.012466129400198978,-0.017887688336173047,-0.018070094471713705,-0.020065421155507024,0.015277235267436629,-0.010489848245720745,-0.015051917062805065,-0.016354503692618927,0.015752424436482837,-0.007239385213090088,0.0054335253108031,-0.0048755445528554375,-0.006017281871529612,-0.008094531503302416,0.005575426868125177,-0.012620709350340875
2025-04-15 00:00:00+00:00,-1.290231599182512e-05,-1.2902315991603075e-05,4.9532055595546964e-05,-0.0008704860264914238,1.766529980073983e-05,-0.00044118660053360514,0.007282581777996899,7.506886553887426e-05,-0.005277346983148523,-0.0037823069915294827,-0.005245896033877373,-0.002524762101714151,-0.005327878257982643,-0.0034811319279561825,-0.003864509735747812,-0.0027094183475475653,-0.002570688324333048,-0.002708577248980437,0.0034925299265105014,-0.005363258762961065,-0.00625889798753132,-0.004656930697678474,0.007847685490126377,0.007567094925971407,-0.008802125686161122,-0.007491442205740162,0.010718337098446717,0.01345101039000518,-0.012089812881844075,-0.006932628938009833,0.00663663743357068,0.005308656401448841,-0.0077897279966980815,-0.006504361647107659,-0.011416908933402192,-0.012739221806553291
2025-04-16 00:00:00+00:00,4.0926312117273156e-05,4.092631211705111e-05,3.604896267050961e-05,3.521029771325068e-05,4.052370895357704e-05,3.652985134050546e-05,-0.0036765388132189436,-0.010948825046889321,-0.00046586196851983175,-8.425051497107372e-05,-0.0007316812275116602,0.0017760365492875962,0.001486780891948536,-0.00026702910153009185,0.0004772762348870252,0.0003752134888450609,0.0009499964686023876,-0.00041933487234291356,0.010994356528879257,0.0034000455618465875,-0.014415577792392664,-0.016873531675449138,0.006463300564309105,0.004610398972517471,-0.00784623009492369,-0.00941060154957174,-0.0037078354526576263,-0.0032728259002109406,0.0025048015929485246,0.007323252696140425,-0.0003512312079386737,-0.005966515585948184,0.0017789960416196848,0.004831781795634482,-0.01321625733033649,-0.01004188473648937
2025-04-17 00:00:00+00:00,7.899893051299678e-05,7.899893051277473e-05,-6.536196077722156e-05,-6.384139397219712e-05,1.0763619301856764e-05,4.64107381170642e-06,-0.015075737597653127,-0.010754767053660963,-0.011066230108433883,0.001291736089326978,-0.004867932360957172,-0.005936426855563726,-0.0038180595642741677,-0.005942867210281921,-0.007207448679994344,0.002507683512567027,0.002569813793373399,0.0024988237489285137,-0.007990865708882633,-0.005975975062003425,0.004582796245710119,0.006252022668853607,0.0035940303420294306,-0.005475166037417045,-0.005928154004551489,-0.007017376595343183,-0.00776404625784044,-0.007576719543546551,0.006479005143723793,0.00826764231889432,-0.009987507105718607,-0.0051536690917406425,0.011443034809315966,0.010159155290509148,-0.011498363667126421,-0.006536123055362886
2025-04-18 00:00:00+00:00,1.145001511226873e-05,1.1450015112046685e-05,6.840407745345445e-05,6.681263789065639e-05,4.048796198818927e-05,3.8685281926742476e-05,-0.01032509868233289,-0.01137481138887686,0.007622065962687996,0.005060847899701404,0.004936308701243286,0.016998216471126648,0.008653086061503501,0.007428340450262194,0.013656484599825047,0.0014242920296514416,0.0026309226188787616,0.003419346188412664,-0.00039168867363981175,0.008582728735294642,-0.0018011802488409057,0.0010079586679290209,0.008295466799519424,0.01738943698031581,-0.010424535666008095,-0.004049663385336522,0.00614409419367834,0.011954727439611457,-0.005862093112222189,-0.0026258372741257974,0.0021805957320943925,0.01288180674112227,-0.002047750015138239,-0.001815596050610102,0.006387584089296405,-0.00772725732813162
2025-04-19 00:00:00+00:00,0.00018512541952731,0.00018512541952753203,-3.751624688852484e-05,-3.664347946019664e-05,8.304153363702937e-05,6.733430243022198e-05,-0.008750125174780576,-0.009375716518640886,0.0005295444303694552,-0.006882788193650624,-0.005530244033018383,-0.005193523878993966,-0.004769043442304444,-0.004738793981379552,-0.0012774416922423093,-0.00477871222014814,-0.0037766493487120245,-0.003515349186957284,0.002139147975655842,-0.002898728530972061,-0.0043640759110173954,-0.0055389423161137374,0.0010330814950316736,0.0007886230414244633,-0.0025032327323809556,-0.00468502421093886,0.008392110172394274,0.003824216441497441,-0.009760540849707566,-0.009958082621353337,0.007415808868212137,0.003756338282427052,-0.007801971069504088,-0.0041131345842178035,0.010365359684008979,-0.0005199495163418222
2025-04-20 00:00:00+00:00,-0.00011916644984943936,-0.00011916644984955038,0.00014940307592126167,0.00014592727736872924,9.139704096217116e-06,1.7780199640382577e-05,-0.011238111526272299,-0.012056325557656677,-0.014196068213285118,-0.009486262190253725,-0.009726578699894572,-0.007517756834271694,-0.004917311803094182,-0.003848213684620516,-0.003626876230268361,-0.003848080991949998,-0.004000308586281531,-0.003394880049083393,-0.0026341993016091303,-0.006822828500041012,-0.00024032665537954134,0.0011373401009868722,-0.004973329388696102,-0.00625250170622893,0.004465671390247783,0.004768977642763961,-0.006662428395711739,-0.007853372769068834,0.004841576937635539,-0.007609734917715327,0.0076375977336995415,0.002711433218788306,-0.009463253053274334,-0.00919621153723782,-0.004722505373707331,0.0018116124656915034
2025-04-21 00:00:00+00:00,6.943964268901759e-05,6.943964268901759e-05,5.4301853711358206e-06,5.30387286756806e-06,4.089604716561723e-05,3.477556497299972e-05,-0.0018384997042160123,5.8403398842221677e-05,-0.008495494720614949,-0.004066023954737541,-0.0039814928658339355,-0.010256874945096972,-0.00665900996211366,-0.005081431227068056,-0.004487819594320874,-0.005862593322136678,-0.005958984139404433,-0.006192747680139554,-0.004140795069126124,-0.007064340760213894,0.0009882339508784366,-0.0023427058343139517,-0.00774231266125458,-0.006475636878584767,0.0065134899933139145,0.0032263949635389366,-0.002879752759107679,-0.004443736136814147,0.00011888139136106979,-0.002516713621728117,-0.001092323558964603,-0.011923574255378377,0.0001382453012404028,-0.0014636889803367747,0.0036308042499386683,0.0009466930515693583
2025-04-22 00:00:00+00:00,0.00013297563487402186,0.00013297563487379982,0.00012323595557006684,0.00012036935738257704,0.00013471946917054112,0.00012167369191917743,0.012485802180470573,0.011079208763699055,0.005310221857282471,0.00343821708645331,0.0036371143187865496,0.00023474011022450725,0.0029174855081466333,0.0024499902576440302,-0.0004238545263314242,0.001544024072528627,0.0021873777786420856,-0.001241878090062709,0.0018270175880796824,0.009366011974289101,-0.0044662018250088975,-0.004704294504865314,0.008535946954878026,0.008063885365639178,-0.009276345402319253,-0.008869998553865277,0.010072379092914918,0.00953774193964163,-0.011582164391025662,-0.014721135813715147,-0.0016377360116632822,0.010029137252986597,0.001373039743708837,0.00036721265280470483,0.0037823254551874186,0.013993678004036614
2025-04-23 00:00:00+00:00,-0.00011975559329302499,-0.00011975559329280294,-4.578683927558558e-06,-4.472191732940445e-06,-6.813846907294252e-05,-5.764014325049249e-05,-0.00659043397890724,-0.00038702521988875915,0.0017396636054922698,0.006683069459531676,0.004108731276450728,0.0029747322245812224,0.006881384968606907,0.005567881238664585,-0.0003715155475283449,0.004843395984479804,0.004135950478816763,0.007062745753031674,-0.007030332481485768,-0.003613440180091132,0.003952770026107499,0.011914434643637728,0.005659391342537123,0.004540428714863598,-0.007199085979209374,-0.00742475757104033,-0.0044277242027338515,-0.002798037938991027,0.002887398834428012,0.0027993212286805402,-0.008471616266140347,-0.010311255738809422,0.01016937775811444,0.002130918659505765,0.01489848770083313,-0.0034737256674172157
2025-04-24 00:00:00+00:00,0.00013939149171893206,0.00013939149171826593,2.890548032352669e-05,0.00015242153562988747,0.0001546501383382637,0.00014066026316550406,0.0066398243953829095,-0.004972119653393614,-0.00790753459536031,-0.004361823965279177,-0.006052487588838917,-0.02570212457335197,-0.018721318225645822,-0.01994257424348378,-0.02357845423229865,-0.02120945037979627,-0.02045605053086319,-0.02265717503838316,0.0055855409569143255,0.0013357551891313157,-0.00751703144543403,-0.022253036571361573,0.006785024334582834,-0.0037573397679240284,-0.008947239728405831,-0.014277579604784596,0.006000039415705372,-0.005070560390475376,-0.007471673786127009,-0.003911882482056872,0.020158918667257497,0.005305232247764247,-0.021395422262235675,-0.0254495542826354,0.00015118665725366576,0.00409521584912409
2025-04-25 00:00:00+00:00,-5.127105635271967e-05,-5.1271056352608646e-05,0.00013206477624172486,2.8837328221120728e-05,-5.254492744266592e-05,4.8028927930987564e-05,-0.01826810733696016,-0.015548582616313422,-0.0077515986430933825,0.0022501523404991897,-0.0012703682960907292,-0.004314619682990517,-0.004925609133216047,-0.004491833431144898,-0.0013409857727348928,-0.0011628019590184113,-0.0007342105313863367,-0.0009582248441390995,-0.009125282692722503,-0.003497112972291605,0.005928388029639242,0.006201904227657096,0.0034053770314734777,0.0033191526981877217,-0.004682040878740801,-0.011276840183234604,-0.005051274227109492,-0.0014611068114557257,0.0030197103667155556,0.002459057244669882,0.0014335067615713903,0.00687845429723688,-0.0019204475076567418,-0.000512660168418333,0.006590178945733438,0.002489654343386327
2025-04-26 00:00:00+00:00,-6.638133943404068e-05,-6.638133943359659e-05,3.6096083638303966e-05,3.532501954461864e-05,-1.0326212684597103e-05,-1.1094583965420846e-05,-0.0009717240834627994,8.613450491568031e-05,-0.00140606949973765,0.006801843067461899,-0.0010481774346725592,-0.0035246480551524018,-0.00289457091774048,-0.002641123404904522,-0.0043184734648095136,0.0020646432975892637,0.0019363512211987288,0.001962331142780105,0.002439558381735818,-0.0006245287521512433,-0.0043109723577855474,0.0012143482997977184,0.0056315212911790535,0.005621353218823177,-0.0072424799290852215,-0.0048262602904646235,0.0016458771438523367,-0.003931206563503209,-0.0024003627976533215,-0.0005084850410933539,-0.0009124395846976663,-0.0017250183214162496,0.0008025165747016505,0.0021159117909359537,0.0038431452315721426,-0.0011648872766067964
2025-04-27 00:00:00+00:00,-9.08000892416716e-05,-9.080008924156058e-05,2.902557132000716e-05,2.8405565407618738e-05,2.7057681607711714e-05,2.6782579284789776e-05,-0.0035642810485387866,-0.004122868605479946,0.009603015671608484,9.745070038724712e-05,-0.0007258241304707314,0.0027131088956651173,-0.004308197748595921,-0.00746875556267057,0.000695071426713767,-0.0015158244553954425,-0.0007679444590085183,-0.011378981148937983,0.004767486864432069,0.00899684618718033,-0.00785665778737532,0.0003146111876479729,0.0006569062517514102,0.0006825373694498982,-0.002285566547538642,-0.003150372516897759,-0.0014584455054753587,-0.0047227014206396856,0.0006304103392651417,0.0028660041791206403,0.006669821294099654,0.006348363675456659,-0.007260773695269895,-0.0010340046429918592,-0.013246183048668536,-0.005224160242964571
2025-04-28 00:00:00+00:00,-3.563623329427834e-06,-3.563623329760901e-06,5.236471425362765e-07,5.124620015006798e-07,-1.5195119607014362e-06,-1.5439377500925389e-06,0.0031029300620017963,0.00153208764439694,0.008328382889380093,0.004828030868704092,0.0018295995205939164,-0.0027953196321715,0.00824729173917671,0.009750158845374113,0.011264372745713791,0.0027137219150232816,-5.438061489226875e-06,0.0026360368174001003,0.007182250573799287,0.011048350004088547,-0.010000448718587962,-0.005249798222861868,0.019019539644798744,0.01187143537366242,-0.021206299210362878,-0.009464059259647772,0.008672892702705992,0.013329426793721622,-0.009885161289772904,-0.01456615013831486,0.005974363324946275,0.009686333280944925,-0.007021266802620829,-0.009082436293692542,-0.003909360485106483,0.006486043127050367
2025-04-29 00:00:00+00:00,-8.468507595638108e-05,-8.468507595682517e-05,-0.0001395219388139468,-0.0001365417416430148,-0.00012067412509353392,-0.000119260759670059,-0.00023824398514460388,-0.004653856501456666,-0.0046222374477439265,0.0030700149543632094,0.002073075428594251,0.005240245350409456,0.008305386359674705,0.00634581074745677,0.005904687219101312,-0.0008233869252401993,-0.0011907104482858921,0.0008856501324616683,0.01164202851960372,0.005510860680589369,-0.01488939945382639,-0.005310987694203018,0.009425985446556373,0.005762854144097718,-0.011955155620006375,0.0005445339331420218,0.007646149119610701,0.005494577547676016,-0.00869300947120466,-0.003707998886640196,0.0018254288304155875,0.006502234035927534,-0.002298033199000127,0.0005123870025518507,-0.004359187970759293,-0.00810056548873328
2025-04-30 00:00:00+00:00,5.9492724438392486e-05,-0.0008959310983752689,0.0001477794423947465,0.00014462243337720615,0.00011246691054833668,-0.00037941420596809827,0.0050109035304686245,-0.0016215300884844241,0.005446277284728351,0.002678410074993254,0.00011156281460356077,-0.0004691682958307686,0.002719899633626399,0.0024203175429697854,0.0007083868924289138,0.002797497637760271,0.0006289445531442173,0.001347941822394949,0.018539373799547842,0.01291791154463584,-0.02180612474537369,-0.011583537102448083,0.004262821416075369,0.009395636845002553,-0.006216982535068971,-0.0022145471145407214,0.0017422155715787202,0.0008046025014825098,-0.0026326521352535437,-0.0028460296318316702,-0.0031798319353785187,0.0027002401120466146,0.0026105413383905596,0.0009419835779005403,-0.008012538314680184,-0.00995349309423943
2025-05-01 00:00:00+00:00,-3.8973037750134054e-05,0.0,-9.232562641681152e-05,-9.035356127018446e-05,-7.118194782740339e-05,-5.019087545610201e-05,-0.0074666126529178145,-0.009705485193294061,0.013776690281487536,-0.0029313361470690857,0.005314542430002733,0.004969649986247715,0.004303563330335214,0.00420340369864447,-0.00019408300864531824,0.01780172698413729,0.019067670915508872,0.01629949054745672,-0.010267247714662364,-0.004575238412824478,0.006556445080922124,0.006795882896082572,0.01086708993801544,0.009134437414475505,-0.013608966779433795,-0.013294081411123537,0.011372143432297088,0.015280258475507846,-0.01291336078750216,-0.010193415251572802,-0.010000729518099494,-0.008574835031191053,0.009717056211322683,0.01080284608702864,0.006356979298809851,-0.010869964714723013
2025-05-02 00:00:00+00:00,3.057179963894541e-05,0.0,2.6824252052026765e-05,2.625123722777012e-05,3.046262502692798e-05,1.4581823226889057e-05,-0.0009157741560102961,-0.0007793052377250698,-0.0006089407459218821,-0.006860873037011883,-0.006787502982814608,-0.007050629983844758,-0.010788869429788295,-0.010673805450238882,-0.013394923152894589,-0.018003586005734262,-0.017113443276531082,-0.018263207814880777,0.011388901031689658,-0.007883133858044955,-0.013619910249992206,-0.020082068496436345,0.010743774763140257,-0.008109871022596638,-0.013850540794713262,-0.01853599131268424,0.005033291546207241,-0.007616537602177509,-0.009008011751208134,-0.017868848468961862,0.001518609214392841,-0.010441717445635601,-0.0021113011749872568,-0.012523277681982137,0.010425636777931846,-0.0005966230114682336
2025-05-03 00:00:00+00:00,-0.00017929194725108122,0.0,9.758092472944568e-06,9.549647336681844e-06,-8.568095219874117e-05,5.304622143986748e-06,0.002429629480825257,-0.0022216590397703406,-0.016054214349647156,0.0014049036470831222,0.0012123101891856614,0.00305579896837882,0.006900018581483813,0.005049847985505895,0.009807437748767356,0.013661993936304961,0.016205925740396365,0.01664272054043514,0.00835500780625087,0.008762977642928327,-0.011585862909925915,-0.015612093207406197,-0.003312695711700009,0.00010182348519682805,0.0017168253869646044,0.005762118376856806,-0.013545414810396283,-0.004775137755783976,0.012315873332877647,0.007089594601130456,-0.015105734551459582,-0.01070361294489608,0.014182631881957342,0.0026584697780251965,-0.00980932368392362,-0.013257657596367323
2025-05-04 00:00:00+00:00,-4.243891904787134e-06,0.0,5.1338376738430114e-05,-0.001076341927508273,2.6414511479444513e-05,-0.0005978871531937546,-0.006202065654654754,-0.006687034785642254,0.007600398901787875,-0.003464671598671476,-0.0052609118001274435,-0.003538863477141163,-0.0040368555222858316,-0.0032138802215835316,-0.0032902754195849315,0.0010998381340632246,-0.0003074144840902182,-0.004993061066237203,-0.005793908657791724,-0.0018504364257043715,0.0031619531159363667,-0.005613665259922129,-0.0004258964378934804,-0.001496228720356596,-0.000906006402648929,-0.012398221115855756,-0.005307943606527532,-0.007887569175500597,0.004344257531155193,-0.00452980672926484,0.0008030675606138793,-0.0007202790722365959,-0.0019202571708252236,-0.0051860251147757275,-0.01372607830567163,-0.005290764037575557
2025-05-05 00:00:00+00:00,-6.8893309522755075e-06,0.0,9.97469455743527e-06,0.0,2.050749492221726e-06,0.0,-0.005301766718625811,-0.003935049492364007,-0.0003170568677225427,-0.0008502991102878887,2.792102530535523e-05,-0.000615521323296786,-0.0006888574856573904,-0.00042654299828948083,0.0002556361780206018,0.00207196811939947,0.0010466926960939205,0.0007329080602962446,0.00700097354845175,0.006722334283031817,-0.00940893934167375,-0.007723231949391507,0.006626927803837557,0.0054970053296437005,-0.008986228949477093,-0.007216913482481657,0.005401083649349214,0.0028843435575469645,-0.005845490668838549,-0.003197073933393746,0.00070574631931275,0.00027061317005250274,-0.002848640829758553,-0.0011466220485659706,0.0007601424254608524,-0.0026575369624772804
2025-05-06 00:00:00+00:00,-3.805542091728231e-05,0.0,-1.3273952586545512e-05,-0.0010121360320084483,-2.6723586245669395e-05,-0.0005060680160043907,-0.01060901719821894,-0.005930670706886132,-0.0019172886334835049,-0.004277040251251196,-0.0005239881516805323,0.0055166767661181115,-0.004261485833342404,-0.000698532417843678,0.0014529557836038265,-0.002597568444654086,0.00041399123516860925,0.001734905031385292,-0.0001273029581106977,-0.003606656732592084,-0.002599254796759709,-0.0009293303208143255,-0.013873803642490468,-0.008157739581611145,0.012711420670967533,0.010512301990410977,-0.010942870363663593,-0.007969272626973445,0.009773578490657409,0.007491863134464705,-0.005519420871663461,-0.008751038819709733,0.005174277158651375,0.0075120425416908,-0.0012348870589170557,-0.00011920666287623671
2025-05-07 00:00:00+00:00,2.226355898593546e-05,0.0,-7.762245744502572e-06,-7.494892066417513e-06,6.992006803097084e-06,-3.7455486103787905e-06,0.0034130418245428285,-0.00010213583637552759,0.00746843642927586,0.00868267322659455,0.012947041044691021,-0.0023572233211406335,0.015006066941614549,0.014945722068351985,0.00858164148282814,0.0097579157173735,0.0021871071604913084,0.001078640178986623,0.011082910692987946,0.020244075752332114,-0.014218020523421693,-0.005915488074002884,0.019312218400039383,0.011704577460484256,-0.020352540743494685,0.0019977116902054615,0.009094626758058277,0.017480137066803625,-0.009903137350397717,0.0029418939605845296,0.00412338049747718,0.013652150754079884,-0.004893081227371532,0.005011843087939338,-0.004887769039285228,7.370105358317502e-05
2025-05-08 00:00:00+00:00,5.525627577318559e-05,0.0,0.00012498831791929454,0.00012068333479375859,9.763696201536831e-05,6.031088881952584e-05,-0.011325874546447956,-0.017721007757436347,-0.014100098240784398,-0.018588217901460147,-0.01820930183782754,-0.017274948031631765,-0.018606811723210326,-0.013528957390697594,-0.015372548265617736,-0.008802158072587996,-0.010178654791628383,-0.009140286237338535,0.010291740149129813,0.0017629716290050723,-0.013324333933865451,-0.015943556945148818,0.015405873967786254,0.0016481401280774577,-0.01821288980536273,-0.01607094552503774,-0.0004928209583519028,-0.010083056044603689,-0.0008352265916049539,0.00042876042110218116,-0.0178978340232423,-0.014509082289456798,0.017632835150314108,0.0006927363800204311,-0.0011882141888445164,-0.015221529088290886
2025-05-09 00:00:00+00:00,6.416861562885678e-05,0.0,0.00013475879005242497,0.0001301178418207094,0.00010760369530782299,6.502966172106106e-05,-0.008223430219918781,-0.006286995787237459,-0.013023527036749472,-0.01316523237490519,-0.009652125041138437,-0.007285225836892062,-0.015972023363562626,-0.0066134022771396905,0.0019217174228043366,-0.011928135164113618,-0.009869389173231546,-0.010494273224782358,0.015282368812601366,0.009376217868117376,-0.01696824397004737,-0.0233555963546338,0.019496381835811816,0.013924288711848254,-0.02098262193246081,-0.03265645490822877,0.010330380630777514,-0.006066791244454861,-0.011926092585911485,-0.017970097518682504,0.01312184230719926,0.0011818841079842546,-0.013906015857944154,-0.01635837498766257,0.0025275576513983378,-0.007144468569666218
2025-05-10 00:00:00+00:00,0.00011217516033568131,0.0,-0.00011649403403357628,-7.49175124628021e-05,-6.957218255965181e-05,-3.723076441686235e-05,-0.008274183444855532,-0.009605142989270954,0.0053640125426122065,-0.014074242013371818,-0.004724533813654674,0.0026346400352403876,-0.0035225966924649077,-0.004735600209350266,0.005983000815172668,0.0013990110517276833,-0.0007831216784857098,-0.00014510611648799188,-0.006528060923417622,-0.003845284085696732,0.004276853184166152,0.0029625718063457374,-0.0038304775020781,-0.013906728555491576,0.002570629607616004,0.0054173595463460344,-0.0005581052838924405,-0.007804273385287885,-0.0005834102972799293,-0.002832592365750841,0.0012587992575634477,-0.011745769755944546,-0.0026420069298105364,0.002894707728853252,0.015294644490371878,0.012893197987475569
2025-05-11 00:00:00+00:00,8.368622075871635e-05,-0.0009436741903180446,0.00029594035518498707,0.00029592819548618365,0.0001904846976086283,-0.0003238748744560649,-0.007518930005196767,-0.007123392092257097,0.0009463433525536136,-0.005785098865758287,-0.008587381014208528,-0.007176195561511278,-0.0070450479149590794,-0.010546028355256198,-0.010726333216058093,-0.01090102924154901,-0.014233029728260349,-0.014247682094890024,0.0011544150648379325,-0.004610141134483436,-0.00374072283536675,0.001973681332529953,-0.022203917443188392,-0.01979314911107366,0.020108702568446102,0.018004962484449605,-0.007382143396127305,-0.008513218361373198,0.007667454381234506,-0.0016084897094311712,-0.007818133385861792,-0.007327060780690786,0.007017160204753736,-0.002137405620631916,-0.016427859937085842,-0.020401038071080513
2025-05-12 00:00:00+00:00,0.00012751596096949314,0.00021359529891018525,-0.00011071255914985034,-0.00011066681477556184,0.000140281538690612,0.00012948155735892364,-0.0009106516590258185,0.00022107699944839965,-0.0007398851454862854,-0.004756595677111286,-0.0026610211888494772,0.0019487638569388732,-0.007089498836713837,-0.007892300547036157,-0.0074383238505018046,-0.005517617912113693,-0.003986029848620842,-0.0038370402702532225,-0.004470192474403167,-0.0025915960551025075,0.0028492952404921557,-0.002780624286848443,-0.0033063608101324693,-0.0042037876765298465,0.0021582875309444916,-0.004592480354901229,0.0017031080624538841,-0.0028337249229767325,-0.0035925156354276178,-0.001400690240059621,0.00045219420969733193,-0.005392899952116448,-0.0015628679658502564,-0.00020651502434410052,-0.008303593583913749,-0.007473706261119539
2025-05-13 00:00:00+00:00,0.0001271471708961247,0.0001291718380143081,0.00015191914023504616,0.00015191913338408192,0.00015885892074951613,0.00015236706001031664,0.007896358735082876,0.011143138186431978,-0.008150994484182106,0.006437459741602369,0.006416518194399368,-0.018287769371511886,-0.008250577949155069,-0.00016116654412368092,-0.0028827156775342866,0.0018062080304106498,0.002219080248055505,0.004161017438366166,0.013455251149338654,0.018813032786910044,-0.015259172142262134,-0.010636700560967216,0.004957956585719625,0.005490669838160267,-0.005198166345545818,-0.001010771996276083,0.006385164309670399,0.006348722102163196,-0.006705751492449563,-0.00827209838622911,0.009991993999782789,0.014757112264903727,-0.00899469560170707,-0.010799131488976599,0.0032014079026383424,0.0132220330376851
2025-05-14 00:00:00+00:00,-1.04940642871032e-05,-1.0661148168278345e-05,0.00011404766098022101,0.00011404765583811205,6.0022325334641025e-05,6.059710458439227e-05,0.005662576167098532,0.006369815591900974,0.008148276594774462,0.005998698337625008,0.007867805182267595,0.004684219844347082,-0.002456772808788088,-0.007451735323523279,-0.005057170403356737,-0.006055389682251389,-0.005766831921017457,-0.007057821322770774,0.00323690596934334,-0.005125456272411566,-0.006659268890794046,-0.0058683384137414585,-0.008215164909407102,-0.004258072473886432,0.006989529853404619,0.0038083692209853748,-0.003041601567950414,-0.002890536656889542,0.0021430230038432807,0.003277342260168181,-0.004645407808857804,-0.009482233834963827,0.005276953251798222,0.007730352330199031,-0.01622025114701342,-0.013817827004436234
2025-05-15 00:00:00+00:00,0.0002020023554241135,0.00020521862095956855,7.830173432066267e-05,7.830173078993141e-05,5.143378646832453e-05,4.0756958629595275e-05,0.010818308947233568,0.011293206532612343,0.010960707408748327,0.010646468283160182,0.010220043549637792,0.01034004605220562,-0.009241210442895165,-0.007590552380399629,0.0044825005968989196,0.0034518961919198787,0.007127405029558664,0.009719549511560954,-0.0073162142122552565,-0.00014538436795208387,0.004196444711062508,0.0022764010350890818,-0.01803885582320941,-0.01345114608905884,0.016323000392548304,0.015136379855525295,0.011227981091673334,0.007592757132173444,-0.011101334285787967,-0.015167455304165078,0.006456669964560513,-0.00042477433785148566,-0.007730009281198269,-0.008582016461213593,0.00629015352005613,0.014352105067506393
2025-05-16 00:00:00+00:00,5.439857124733827e-05,5.526452328918907e-05,0.00010065150454852123,0.00010065150001103973,7.791463223250084e-05,7.511773400681321e-05,0.004988756826648455,0.00845244225734132,0.009387477662685217,0.01063260205484906,0.009932525661987102,0.009890404543003273,0.01064131870017393,0.010836500324556964,0.01162767644285001,0.0041045244914592605,0.0020704210429729475,0.00634908861129535,0.0011734342915352691,0.0062106676549538165,-0.002936717498128738,0.009813062423702501,0.0017132026613546625,0.0044484389469861,-0.0020628536897986383,0.004988570525113589,0.004478517389965075,0.0050119643557755555,-0.005403547384885021,-0.0005235214042391689,-0.010385682900318827,-0.006343056709991135,0.00949152403943021,0.014738613816832835,0.01273379075885317,0.011050010920154563
2025-05-17 00:00:00+00:00,8.55902715048984e-05,8.695267814262664e-05,0.00019476321054345824,0.0001947632017640366,0.0001397682370951614,0.0001353681280400476,0.0021115396884876514,0.00012720882824290847,-0.0023509113871406084,-0.0063003623095646555,-0.005928121899883121,-0.008203040894785962,-0.011270113513169422,-0.011677193570703626,-0.013709252225623025,-0.00472515305491239,-0.004038432745847587,-0.004928658697579191,-0.006188224580281232,-0.013069781130782498,0.003452758167290959,0.0035260251660163,0.004128282971656683,0.003288628298177665,-0.005577174065375501,-0.004459627005204636,0.0038219959475673804,0.005780820276681586,-0.004615518549982656,-0.008714500364243372,-0.015521734039300128,-0.015462983910549233,0.015217001904864969,0.006461801364169295,-0.004391218560348853,-0.010345043118825448
2025-05-18 00:00:00+00:00,3.095218124093968e-05,3.1444828243465395e-05,-5.4273378513824966e-05,-5.427337606755955e-05,-8.30899764525661e-06,-9.900428577513942e-06,-0.00403043600145192,0.0003504798574160972,0.0010219634793771082,0.0015121237218558292,0.0023416769695259188,0.0037653916948736654,-0.0012972725483239023,0.004028784374348948,0.005953823465262076,0.004086264660779104,0.0007631793353319871,0.002264954963013599,-0.00027799704082298593,0.003771916513331419,-0.002212889243977556,-0.0005417077421012717,-0.004455946019592871,-0.0013921859410421789,0.002525539892049844,0.0016569030728383893,-0.00202229238815943,-0.003180301892129922,0.0007643204948353244,0.000807187672330123,0.003175660446895767,0.0033086389711045605,-0.003178195964913977,0.00031599456226660827,-0.0005747636333155448,0.001353504457075383
2025-05-19 00:00:00+00:00,0.00010851527304200914,0.0001102423901926386,-3.8597532581285954e-05,-3.8597530841566474e-05,4.245732837637739e-05,3.687839234811641e-05,0.00010009338743177665,-0.0021590233911864543,0.001903821557005747,0.0005078894283341295,0.0028617281904395053,0.003829302520692801,-0.0025319255938353047,-0.00010151405518654677,0.006864013848893791,0.0007331850565690523,0.004241205020456107,0.002235404127290286,0.006337182695447918,0.005947936799029163,-0.008304232613778662,-0.005966851790752736,0.0023378424091775596,0.0009052591212510563,-0.002010094157208653,-0.0024817965412202714,0.005312258416348303,0.006226030403115201,-0.006352074532969598,-0.005274747343669062,0.0031066872898473097,0.0054819154732665965,-0.0031407109069666594,-0.0019415068943353653,0.005922029984361643,0.0019416605360846884
2025-05-20 00:00:00+00:00,6.0975989416123255e-05,6.194636958056776e-05,0.0002073951130145968,0.00020739510366629688,0.00013196177805308018,0.00012882853384765802,-0.004359220545052445,-0.0025370059739620032,-0.0016941745036522793,-0.0036491064105158566,-0.001966324596627489,-0.0018881318084663645,-0.0009005136855900764,-0.008862881300457093,-0.009298196696717498,-0.006049970733413845,-0.013614438675260465,-0.013750696571077414,-0.002825430258007744,-0.012466115501477248,-0.0004976182877546309,0.0005545195888250198,0.0014877250384379703,-0.0024159408766902812,-0.0012045850763059418,0.0025530053683007203,-0.01666454108358406,-0.020027122123941976,0.01646130127473855,0.01892901973547967,-0.009145066864935214,-0.013057449999006487,0.009015488116757009,0.011378733772285932,-0.0163070629572587,-0.010789531292817345
2025-05-21 00:00:00+00:00,0.0001240576677381533,0.00012603181599413205,2.6288993275391803e-05,2.6288992091227925e-05,8.176845640206487e-05,7.539149242452581e-05,0.0028216578256994307,-0.01020931080456755,-0.0013037093137869826,-0.005349648201944501,-0.0017257185488720461,0.0002448174393285818,-0.006669548087064658,-0.007267269046587033,-0.004380472687533499,0.0030645146572128024,0.0019602332575241466,0.006329390593235562,0.0027915786841521406,-0.0010368864092492602,-0.005488475013211369,0.0003350821926948466,0.004984929532727778,0.00027670308417881984,-0.0074546425356673,-0.0014133745600792835,0.0028746742837910677,0.0023490065956990325,-0.003991025421932859,0.0029010574582613025,0.001781897089994322,-0.0020944675049812123,-0.0020391100322518785,0.0027872983661469952,-0.012887530181629803,-0.008365451039346383
2025-05-22 00:00:00+00:00,4.0840350703730266e-05,4.149016742638345e-05,-1.6912369584787257e-05,-1.691236882261915e-05,1.4854405887554378e-05,1.2754843458973042e-05,0.008296008180673997,0.003917224809936837,-0.007857510749037622,0.008390880369751885,0.011251589042492238,-0.0059225244438582125,0.0009066855014394637,0.002865000016057051,0.004010591613685666,-0.0008222990182623624,-0.0029670279879506767,0.010552998398458246,0.012708977813279843,0.008882859167584467,-0.016383372685849662,-0.0109673741158961,-0.003560109870067274,-0.0004764121521741993,0.0011804894700633284,0.006579737938429808,0.002251799446945757,0.0020334858552188972,-0.0038236690981356958,0.0016565156807333281,0.018720401098324846,0.012552480484507189,-0.019489127043031185,-0.014863657755333493,-0.005303998703780288,-0.00462769533482732
2025-05-23 00:00:00+00:00,0.00015243848414492334,0.00015486385426943805,0.00022903547197583585,0.00022903546165498057,0.0001933134480944787,0.00018548042030697154,0.0022016171789323025,-0.00015638386168237428,0.002194242369238708,0.014719695942522426,0.01575837827213933,0.015718041489036105,0.010304344099472562,0.012686521809140094,0.011643202662963814,0.004761046067613517,0.006663928090964832,0.008705076834384151,-0.014772628245565467,-0.0035112864799859977,0.012407660133653353,0.012899912088998988,0.0014984385873351158,0.004991785358362089,-0.0024540866903290937,0.014374208746136707,-0.011857612794675787,0.0012185102380253277,0.010348951016450947,0.00974987512739478,0.00871759720282439,0.015241358582730014,-0.009177258878908745,-0.0025752255351662034,-0.007849696783631899,-0.007721611322188626
2025-05-24 00:00:00+00:00,0.00016395917801359516,0.00016656744403187318,9.805351358660452e-05,9.805350916924915e-05,0.0001379452537157988,0.0001295196725059622,0.00992355630943198,0.012194934305002736,0.009364594227829315,0.007180386641146841,0.00912362657727761,-0.0039713570064928705,0.0012084425618572592,0.0009034215317551553,-0.009804836710315623,-2.905852063772585e-05,-0.0022441735143068353,-0.007113336756165767,0.004505316052947794,0.003659813243440002,-0.005831436026303649,-0.002740365255506916,0.00931163256946399,0.009144023056414152,-0.011773322328822,-0.00782687021939954,-0.006318763830073126,-0.004748961867439672,0.005664964856077148,0.00990463818902576,-0.011663543162853451,-0.003444823488218951,0.011858155588632346,0.013403622553415317,-0.01353645755643118,-0.00459960605998655
2025-05-25 00:00:00+00:00,0.00019234617637731155,0.00019540551377139614,6.664877832296412e-05,6.664877532069902e-05,0.00013899890881963195,0.00012911459265096958,-0.001955728677669355,0.001171696416940371,-0.0004532024473654639,0.003808660082097459,-0.0012432669439775834,-0.004525965686858147,0.00043311733767392724,-0.0028038848683903383,-0.005445990976256754,0.0029380620893393328,-0.00017773283297617404,-0.003863250366194393,-0.005836158360292942,-0.0032292352716720707,0.0025343304064333605,0.0035740181124443993,0.004296766038405675,0.0052825471504298616,-0.0054351679095158145,-0.0027213788276196915,0.0005244810006930223,0.002213772456344465,-0.0007350254212283858,-0.0016473115242835457,-0.009484023764155358,-0.00535570127701368,0.008792871617152365,0.005463362730446564,0.001759147826041696,0.0009593666207317053
2025-05-26 00:00:00+00:00,1.2886472332329646e-05,1.3091396418696277e-05,7.192937357558549e-05,7.192937033506652e-05,4.114525359866228e-05,4.0484798624840224e-05,-0.005845242754647373,-0.0018210563704871285,-0.0011951011545004997,-0.001974274168444645,0.0017961427293056165,0.0019511206967044448,-0.002018791203616477,-0.001294414725841575,-0.0005191832025698284,0.002269335616826851,0.0021068115373290563,0.003689050342376765,-0.007000942472298433,-0.0038020866333494663,0.0040164839486400705,-0.00017976795459240247,-0.0027560233795662636,-0.0017133659439838578,0.0015575305162471853,0.004277573359811049,-0.0013083171210362954,-0.002211242096847532,0.0009132862914473794,-7.031513924937727e-05,-0.004039831380992065,-0.002221378863971224,0.004163998298685856,0.002245696405196451,-0.0009785620047604304,0.0031549917538296057
2025-05-27 00:00:00+00:00,0.00014301545532879878,0.00014528969509952638,0.00010239244249743429,0.00010239243788556784,0.00012828273304132942,0.00012093561306292244,-0.010552560890835783,-0.013728008537667091,-0.00939063135539897,-0.009398169633681897,-0.007711365769833445,-0.009178603840307553,-0.010223119743478892,-0.007268031045021717,-0.007923168315502105,-0.008234252695847433,-0.008080237672382862,-0.0062213635892975905,0.003632196042180791,-0.008307120805635004,-0.005986069649397852,-0.008396093990926223,-0.013527124271691338,-0.009219761824890482,0.01141555179747944,-0.003134941353951981,-0.0020738617557936045,-0.009364400060607792,0.001685288338849844,-0.007888756110454809,-0.010443981176680106,-0.01278686169653842,0.010212409414756873,-0.006832806968513294,-0.005270927049635388,0.0018272910917327412
2025-05-28 00:00:00+00:00,7.277020682150415e-05,7.392723461707718e-05,9.685414781013257e-05,9.685414344828835e-05,8.639082711692225e-05,8.265410828589559e-05,0.0044163887526342815,0.006573690158723,0.004413106752260809,0.007224348698163352,0.006115395835435633,0.0032738718376976728,0.002355214913000836,0.005351798397739582,0.0008924971743138332,0.005313076133304451,0.005456809976271515,0.002366422655663669,-0.0022711583041878924,0.004136697290853197,-6.42080076157514e-05,0.002554324363611249,0.003181783746635247,0.004374816226983214,-0.004157376871543383,-0.0033945863806801313,0.005746087934642041,0.010142159028261322,-0.006442038894774904,-0.0012594926505753445,-0.0018954448965244897,0.004290695718587534,0.0017367244240280577,0.011166311175041077,-0.0018499930420701194,0.011751040408440439
2025-05-29 00:00:00+00:00,0.0001015531671320069,0.0001031677173219947,0.00020101863902688422,0.00020101862997501385,0.00015163515956939655,0.00014642298142497623,0.0068017568489744384,0.004079377798004602,0.006951086189360689,-0.005552466315228655,-0.002621964083360462,-0.003200534336185723,-0.003986856758784296,-0.004043950885257219,-0.003958327104123471,-0.003548401320953243,-0.0018484631551082265,-0.0026063582755591064,0.00969568888827066,0.0092917004130606,-0.011861745299502457,-0.010455638895128572,0.006292448094887826,-0.0016628727064585958,-0.007729169875341002,-0.004160266777950117,-0.007591643769131795,-0.008839965794549265,0.006873059843881757,-0.005201867384713288,-0.010266268315817562,-0.008694985722721427,0.00934792572004195,0.0012366652186202032,-0.005395497854660536,-0.011721717223221906
2025-05-30 00:00:00+00:00,2.8359797906052364e-05,2.881063164239528e-05,0.00011176227796916294,0.0001117622729371881,6.859463621355921e-05,6.714121898343528e-05,-0.0014694722483954425,0.004761313266245182,-0.004462968235110387,-0.007787279225611066,-0.00784796175063951,-0.008290111568184044,-0.0054532074793191,-0.005479235199151167,-0.008056812053247264,-0.006097408112775926,-0.011457959907001158,-0.006024692210136351,0.003706932720187517,0.001621281588886303,-0.007009901639420391,-0.009495824056324209,-0.003670912453033748,-0.005081122100916935,0.0017183858868869972,-0.0022769458846083612,0.0009577630710357887,-0.0022660710355917324,-0.0032521289926592534,-0.01642001200773968,-0.0010172557460824683,-0.002443944282258137,-0.002877481954508654,-0.008862355883781925,-0.007433491733273345,0.0010457491956543663
2025-05-31 00:00:00+00:00,3.060197760307304e-05,3.1088441098559016e-05,0.00022279208257347527,0.00022279207254372047,0.00012224438768826396,0.00012067970299178832,0.0003097685611539447,0.008211717422104137,0.0004234435246168733,0.0045326776638752175,0.011596388297724802,-0.005734202178340642,-0.004487535053978031,0.00038868907090261473,-0.0010482857474570784,-0.004961935573748688,-0.0034207260164536013,-0.007101451416962612,0.0020354632234846903,0.01476335013285146,-0.004788917463139475,0.0021119956630815118,0.010744959879948501,0.014043786240248268,-0.011210150282949916,0.0033687786051628255,-0.01687816821259447,-0.004122135378584857,0.014419326860078296,0.02065225957537864,-0.0152581469484524,-0.003269382438011781,0.01224548338217013,0.019869318976738493,-0.008924787307946547,-0.00591052168271422
2025-06-01 00:00:00+00:00,0.00011390590685023128,0.00011571655267506031,-5.641169551395819e-05,-5.6411692975322225e-05,3.705649415719492e-05,3.1202943307606645e-05,-0.0005653584852673976,0.004937366251714259,0.00506492931054181,0.00774408879636157,0.006764805155323961,0.005658306188273121,0.007015058950926134,0.008369519637313694,0.008322330017884072,0.00590885024591703,0.009490107498821176,0.009828182122865847,0.004256788787998511,0.011350345457457944,-0.007393501940604508,-0.0047055020680892845,0.007204620405361295,0.009756689145977493,-0.009889807798427297,-0.003064845993405174,0.009380539008154942,0.01178279562405149,-0.010297393885795314,-0.0026797326105592045,0.011526331152011293,0.01121140984390534,-0.013238384780007384,-0.004387855806477936,0.003994119157913367,-0.002730240182798549
2025-06-02 00:00:00+00:00,8.800940508102428e-05,8.940823880720927e-05,0.00010871919570454303,0.00010871919081090198,0.00010051032985880504,9.599308768848402e-05,0.001625717234462476,0.0023482298427113246,-0.003894231151420846,-0.005738407583344762,-0.004028661955434498,-0.008079380285518245,-0.006657564340640798,-0.006548465461102881,-0.007010379637054642,-0.010063590220655616,-0.010917287925847563,-0.01135434472062613,0.008020745333158885,0.003563543498948274,-0.01111961810016926,-0.01286792603204856,0.005417321760459393,0.0029961404183362905,-0.006286006154824886,-0.0065176463674878615,0.0024449941617776805,-0.00028194055516783667,-0.0026271911818548377,-0.0058956656085175085,0.0017677954978629895,-0.004572104475585204,-0.002966596717251746,-0.005431055340935131,-0.009280906936103728,-0.0074972245306704766
2025-06-03 00:00:00+00:00,-8.532839655961411e-07,-8.668449673621126e-07,1.1421178787607289e-05,1.1421178274018118e-05,4.912625538811e-06,4.956911460851643e-06,-0.009289016700688602,-0.008322848657408621,-0.002523778285704492,-0.011246429972235017,-0.0030276534277572376,-0.004109863956676785,-0.003330774213520238,-0.0057400584864838455,-0.0034025358077267587,-0.005947560222114623,-0.005503151093434133,-0.00048537360753309056,0.0009543761953241248,-0.004395706983305825,-0.0037249928575806557,-0.0037400978467625468,-0.003665109232573349,-0.004577913033697478,0.0029682533021053725,-0.005943605935512464,-0.0013139044520164012,-0.004957207731298374,-0.00014235211011115467,-0.004775633305712845,-0.002554339848512388,-0.007155634966389934,0.0022980173558249106,-0.0004731830320957586,0.0016874630106498145,0.003910759818145149
2025-06-04 00:00:00+00:00,6.840402687635638e-05,6.949115373888759e-05,0.00013212886595970197,0.0001321288600131254,0.00010059623418712249,9.70875577801511e-05,0.003934955434271581,0.005144572230671107,0.006143940423982697,-0.0071976667565190056,-0.00453581460116359,-0.006739042752552882,-0.005459751034417537,-0.003625080540482939,-0.002792005047936197,-0.006087367605830951,-0.005653240773517698,-0.006122204478119397,-0.004427523069612804,-0.00779205062382371,0.001423317524741785,-0.0008301742654495126,0.005394139861270686,-0.0006398764799139256,-0.008980888280628263,-0.009878787457507476,-0.007075308691681936,-0.006488765371770899,0.006356044488323942,9.406463813133037e-05,-0.006475900767105802,-0.004985383891096373,0.005305401071534099,0.0011163600479131564,0.000722920036288599,-0.00047531534513167717
2025-06-05 00:00:00+00:00,5.781174212615703e-05,5.873046480342481e-05,6.713423781312677e-05,6.713423479220992e-05,6.400282171448168e-05,6.103600586615521e-05,-0.004021082802701081,0.002803653319361832,-0.0010910664968640793,-0.0007095930086357116,-0.00292513087198909,-0.00046765446220853324,-0.005738619095417508,-0.00544604415189609,-0.0006783403999343074,0.0015769696286960233,0.0014711218071863374,0.0016055635767371346,0.0006308376512018654,-0.0046839047658022714,-0.0031641104978775703,0.0029855626190247175,-0.007274981446591999,-0.00394001116234155,0.005709457558656039,0.003249153896881074,-0.009979633162165213,-0.003721338717036171,0.008372461158450806,0.006031107858343043,-0.008366425516197928,-0.0002626753042207497,0.007914197548708035,0.009684175296638564,0.00028398483992031487,0.007701007521442316
2025-06-06 00:00:00+00:00,-1.0749565528822558e-06,-1.0920383588519655e-06,8.224134861567478e-05,8.22413449150794e-05,3.821056516506438e-05,3.826928847261435e-05,-0.005088121368218235,-0.0002516988275563792,0.001543276651460035,-0.005461948509274173,0.000584865564100534,0.007393990131928652,0.0006175484083434934,0.0018906450204800862,0.0017633901273481634,0.0005001796350065923,0.001033251600110141,0.001096367455900582,0.0016476198448172052,-0.00028778108230476107,-0.004192138465133444,0.005133295393818793,-0.001008854967310846,0.0005675794867501249,0.00018922418749256487,-0.005143136364441969,-0.00017963514321095442,-0.004536536866051821,-0.0009671464995612,-0.0013294190358850155,0.00015522838241377457,0.000492764002549384,-0.0013567637315639036,-0.006087629363844882,-0.008317222009752823,-0.002920508802142119
2025-06-07 00:00:00+00:00,-5.2284136718872e-05,-5.311496886151179e-05,-1.029120849294074e-05,-1.0291208030199783e-05,-3.408599096932363e-05,-3.140097682374776e-05,0.0017116795216693959,0.005265607414305151,0.004809584383517418,0.004421013676061847,0.0031090291329574082,0.00119051080599486,0.002482753385048442,0.0019156097128973926,0.001646634377114209,0.0010377553203320122,0.0008592612401532307,0.0013867935017604083,0.006121436793504076,0.008520933749999404,-0.008984953276350849,-0.004146073757100632,0.0021216346769683536,0.00496916994335761,-0.0032576758212434775,-0.0013449554481304027,0.0061725412923376854,0.010204140612945167,-0.006806174215197358,-0.000583057489104255,0.0058294202214346225,0.006239254977817854,-0.005421128184505242,0.0019699893802429536,0.007703167880780626,-0.0009031379077878432
2025-06-08 00:00:00+00:00,-7.679109715885701e-06,-7.801142715702092e-06,0.00020948879338988924,0.0002094887839643178,9.457628374587301e-05,9.497937300939618e-05,0.005887666802464331,0.0037903619800407906,-0.0008432560277861212,0.0016886371518269883,0.0001248227599472962,0.00023716471802126549,0.004632686953182086,0.0019375838633048925,0.004932922151482,0.0030570696074634363,0.0026588128159430457,0.0033291916177622394,0.006085044306328058,0.007698671833948234,-0.009713459440072736,-0.005213703381855339,0.005206226200327624,0.005643767646882125,-0.007245264871447277,-0.0035185229104136573,0.006796426679703815,0.004301224035157647,-0.007904557006503055,0.002350753956690932,-0.003277118018483516,-0.003817626578304867,0.0026855635001896694,0.0035753530754285556,-0.0021662329662525126,0.0018831638162879472
2025-06-09 00:00:00+00:00,6.0558087169759744e-05,6.152045689677976e-05,0.00013972419539620695,0.00013972418911056828,9.980157905387088e-05,9.66971879985401e-05,-0.0021102988903218822,0.0012388871583681738,0.008862353993417393,0.0015500597698838714,0.0018420749250436241,0.004868595424160738,0.0015396529300595319,0.001457038671455857,0.0014076693746032376,0.004447406721636904,0.0040218571873378295,0.008541081721335386,0.0020956482596758974,0.003069723623449816,-0.005554128677875747,-0.0012272547258538324,-0.00016581373154733736,-0.0027342139738115723,-0.002107909199072,-0.0019177407592101403,0.0022863731243774055,0.009123844348693844,-0.003778791683003657,-0.0004895904935913187,0.006481568849924013,0.009251029474797168,-0.00728553425982148,-0.003200229384236919,0.001002824970622429,-0.004539011674922433
2025-06-10 00:00:00+00:00,-3.7890470195089954e-05,-3.849257637067449e-05,1.0598439019737782e-06,1.0598438542341881e-06,-2.0678776499138962e-05,-1.8732886602146337e-05,-0.008080444485284333,-0.002808750737533172,-0.005655958562722274,-0.010466533316010662,-0.014525481593902878,-0.01358157441658736,-0.007859816398942954,-0.004458342711826324,-0.01049890176207069,-0.014492957414814711,-0.014502765424176722,-0.0136557024407431,0.009751452497504198,-0.003687540607262285,-0.012811678792178927,-0.014471372221329548,0.00916512930294755,-0.0018607111376980345,-0.010777245869894259,-0.010954277618113739,-0.00467965893840161,-0.012004405656040218,0.004942298858543248,0.005833829461125761,-0.012642295032570083,-0.020278979032636535,0.012906513299548061,0.007660003071240817,-0.0010121868882396745,-0.0027847425128009196
2025-06-11 00:00:00+00:00,0.0001599004921821745,0.0001624415210859098,9.653020105138133e-05,9.653019670974317e-05,0.00013494147489523378,0.00012673388311390532,-0.02341315404792743,-0.020243447398950676,-0.01605279727292852,-0.016959740279647306,-0.02081093542682899,-0.021011395874264593,-0.005643525363187685,-0.0035702284053972244,-0.006846808988460573,-0.0015570875064533363,-0.0017384351635535422,-0.0029043369555046272,-0.010175083448719313,-0.026015513424765935,0.007344321482696925,-0.009007675129621306,-0.02974320342464043,-0.020309894365598158,0.026223489855519366,-0.003405392639672322,0.003268733474615315,-0.025780771344700026,-0.0021696841223950436,-0.012053746720000369,-0.029133891271284296,-0.022218463166215896,0.029025258594923775,0.008157175222896829,-0.020501081821144185,-0.01493041858808497
2025-06-12 00:00:00+00:00,0.0001087463267961386,0.00011047416813103617,0.0002573049333542965,0.00025730492178221986,0.00018223770926240057,0.0001766651370398442,-0.0006995898210471196,-0.001052045158244086,-0.007367984624492507,-0.005106203116634345,-0.0046293940481727525,-0.006319843765743238,-0.0051392858626302385,-5.420406886569307e-05,-0.004866187111217224,0.00032061193042332015,-0.001540292485645689,-0.0030906033674220623,0.007215081277522906,-0.002279673675427918,-0.009665513289475625,-0.007644634491730029,0.007364856722016366,-0.00290817250144082,-0.00908670908183351,-0.009041751790682007,0.0027283720751223317,0.0026895696616366926,-0.004001328877966781,-0.006224734388707409,0.0034168038693205283,0.0002292630187259448,-0.0042592477452353394,-0.005453751564670872,0.013018386260782888,0.00018492839044648157
2025-06-13 00:00:00+00:00,0.00011696988528009378,0.00011882818324515654,8.086699709530798e-05,8.086699345932757e-05,0.00010355023096653149,9.754830379593571e-05,0.005650310730800134,0.005593139748082621,0.007277802045851711,0.007830893290204921,0.006390649225087586,0.0054552688581965825,0.005724391111316951,0.005234872149242342,0.00259964642493693,0.003303248613146126,0.0033221754315377883,0.002680931292591948,-0.004167028498032965,0.004193620726009373,0.001054150739576487,0.006654399755149143,-0.0007046108219324054,0.006660388663308536,-0.0018532987420722957,0.004844114539968913,-0.002880455049004249,0.0039522026062976945,0.0032811780736918816,0.0059370816229293855,-0.010032404083524127,0.001458392408078213,0.0070043741149108385,0.00958284234568807,-0.0012891163431818509,-0.0029959419261998965
2025-06-14 00:00:00+00:00,-8.211883866260372e-05,-8.34233038176091e-05,-9.013688631709371e-06,-9.013688226366945e-06,-5.0153160634502925e-05,-4.5937416198293946e-05,-0.0023905685392620057,-0.0015571656280416457,0.01145328334148732,0.000967271789344748,0.005694106370472296,0.0018264304030870537,-0.0036900431794097965,0.0013252001396897306,-0.0030718556493765092,-0.002225078180468465,-0.0021890516035574237,0.0020971404807965666,-0.010486669894577028,0.010502642731085698,0.008132897094502933,0.006610795638562372,-0.014635403317591056,0.009413899128537073,0.011572492688085134,0.012716934094823662,-0.009633606298894981,0.006537887660380326,0.009093473767812332,0.013487938963229418,-0.016649615707939214,-0.0016096349401273358,0.01546664085591698,0.017405995675461527,0.0067833349872741255,0.00014991869498381938
2025-06-15 00:00:00+00:00,8.094541363723451e-05,8.223134610707561e-05,2.4597599436848583e-05,2.459759833106645e-05,5.685263221022474e-05,5.269784123407284e-05,0.0008146102687156542,-0.00045331801746484324,-0.006777867813405392,-0.0018681507819807708,-0.0021040337314373048,0.0038862924456597447,0.0016713796651863788,0.0018035261195392671,0.0033123997052224574,0.002836971678512157,0.0023859789548910104,0.000716732808209608,0.004163142024749433,-0.0013434884449878837,-0.007834180265926749,-0.007298068074348518,0.007419051352620221,0.0008810015213913669,-0.007842840926509553,-0.010238236107340093,0.00912034980272769,-0.0006835381743125479,-0.01068777649707997,-0.012924014190698774,0.006819747141525667,-0.0020208958183715042,-0.007776666144322486,-0.008911795856592408,0.0027946488924488477,0.0033072671709080126
2025-06-16 00:00:00+00:00,7.055145204093449e-05,7.16721695606104e-05,0.00013757506694922483,0.0001375750607643944,0.0001043747946558593,0.0001007595395445815,-0.0014458657601451597,0.00041342211440276166,0.0025365800328052135,0.010694306694900568,0.010798903783642233,0.010229022093265705,0.01023750272645163,0.011267588346342894,0.010974646822730971,0.010872003763921834,0.010611706789726671,0.011219862876999054,-0.00521416483297521,0.002498819948702602,0.0018267867545580518,0.005841273853553597,-0.00046277379161940857,0.005177513672416367,-0.0002765733712773999,0.0014627387403740588,-0.0014171429114547829,0.011083009346298134,0.00022246879815202014,0.0018587692537996858,-0.00483878045294639,0.009744352733131567,0.003910601795148461,0.00574907189214513,-0.004875428054413766,-0.006022830437959037
2025-06-17 00:00:00+00:00,-2.146070034070302e-05,-2.1801581477687293e-05,1.55190027499863e-05,1.5519002052100106e-05,-4.668463138846057e-06,-3.565878354261365e-06,0.002844594149970847,-0.003822474808615417,-0.002409256798675985,-0.006502346473969189,-0.0011923596733658393,0.002034194074747697,-0.00361586119901558,-0.0009428870032111014,-0.0005733169212026601,-0.0012997123390822152,-0.001645715642200285,-0.002755835771627191,0.0004621117568068822,-0.0037365951383317997,-0.0024299363525956963,-0.0022485586194199714,-0.005810168339504984,-0.0021190670681044965,0.0036267046622278087,-0.0005364966438623497,-0.000708776472352346,-0.0017749786693559422,0.00033416641816019776,0.0008263421373966295,-0.0011385450039793632,-0.001453556097719244,0.001773561172973226,-0.0005647031868619701,0.006382659296921167,-0.0007003436517629691
2025-06-18 00:00:00+00:00,2.5679881698215112e-05,2.60877890809752e-05,8.683068165749042e-05,8.68306777546124e-05,5.5342782707912264e-05,5.4028952020779286e-05,-0.008080957299436808,-0.0056175265900991755,-0.0015246460130824424,-0.004092418024989497,-0.005894898719382979,-0.004044114496566276,-0.0032689260796604502,-0.0027150642347693044,-0.0023191089637922824,-0.0001981529683282579,-0.0013089582713688985,-0.00011901157568583454,0.000676016628234466,-0.0028307858787086637,-0.003508225704178858,-0.003206177329201254,0.002972354700707447,0.0026787547240569864,-0.00380273695173039,-0.005772659359913557,-0.00646523231354279,-0.005315316450942298,0.00532482180345073,0.0056478020124919315,-0.010425067770082674,-0.008282166424509296,0.009267540941734875,0.0038477742666569448,0.0051373112169190716,9.57684772178169e-05
2025-06-19 00:00:00+00:00,0.00010790553726169883,0.00010961949831500561,0.00017762205107696438,0.0001776220430933506,0.00014415917084598107,0.00013862908922224193,-0.0065697065962063705,-0.00832430805949358,-0.00886659090013131,-0.006170412191762287,-0.003771097463883266,-0.0031099251205971568,-0.0019732551372224627,-0.0013381644884924437,-0.0011177578051219106,-0.0034854875581845635,-0.003652214239042828,-0.003678333320325078,0.0007745744222149575,-0.003903329657269028,-0.0037062077635231505,0.00023014676997035188,-0.008272269550297029,-0.007947844489680778,0.007071638896281707,0.007896522612364398,-0.0008991800535561589,-0.003762935771784992,-0.00024903823845556783,-0.0026058669981467997,-0.0015715377877600911,-0.002898762277681044,0.0009559277335442484,0.003312150682461157,-0.0003178492646351838,0.005540290625233313
2025-06-20 00:00:00+00:00,2.085378280392014e-05,2.1184985954159075e-05,-1.8094939210455685e-05,-1.8094938397328342e-05,3.111557155488498e-06,2.0400950613286284e-06,-0.01141193528379525,-0.008992114596508616,-0.0070026991072261735,-0.011141078087711476,-0.008355709264819211,-0.009632660492141287,-0.006290139804164929,-0.001902556324574478,0.008248326228397662,0.010155470210206463,0.010352238846243589,0.010084053300712492,0.005550519717720137,-0.010561570662535713,-0.008300659377938446,-0.005828800511504473,-0.01130436637569876,-0.011983295774085523,0.009723276986676632,-0.005748902324052563,-0.012449556585940824,-0.010214950347867569,0.011242966047724012,0.013086217565386082,-0.014216534146886506,-0.011403640400981963,0.013740251803426418,-0.004086998882323667,0.009097317276279604,-0.002730869387708279
2025-06-21 00:00:00+00:00,7.312036648743359e-05,7.428165136902365e-05,5.3462002217452564e-05,5.3461999815151984e-05,6.610357867864458e-05,6.23531573347158e-05,-0.00309363911492766,0.0058736858965713346,0.0024041526129037205,-0.0004307886932246596,0.005966697568195345,0.005106362634568651,0.0022460770830117216,0.0046437272752681835,-0.0006187881471387824,-0.0017733707743248228,-0.00021522290368125585,-1.9929220079872856e-05,0.0038501272873794345,0.009197650578373517,-0.006222541121500891,-0.003175088499372536,0.0027039817055645177,0.008373844810203757,-0.0033622673703150863,-0.006921420951760293,0.0017088013160260207,0.0050324842121423075,-0.0019599524252448264,-0.0036326842957886685,0.005131403086903852,0.006401083486433201,-0.006520425724003798,-0.005646136784064892,-0.006185411739753732,-0.004018545088886105
2025-06-22 00:00:00+00:00,4.695807544807806e-06,4.770380000351793e-06,1.7553115958524046e-05,1.755311516982161e-05,1.0910967285227002e-05,1.067094293105697e-05,-0.011044848456351453,-0.006395281708240552,-0.005139192365769318,-0.0026394665619803304,-0.0007011027271972559,0.0009142820396736973,-0.001648306296887725,0.005996748030356436,0.0016691832476876112,0.005103115604344177,0.006973900529653632,0.006780845171548977,-0.003572478536574386,-0.001211632317137279,0.00010428722700295268,-0.002727110991047721,-0.0030870042640089856,0.00079020112633299,0.0026984992118062046,0.004713336068655538,0.00037785014158542296,0.001057722760378077,-0.0015899561984973332,0.002969954933436769,0.004775103793642099,0.004547809527837066,-0.006158880105717968,-0.007152583460035444,-0.010183708765365784,-0.0019862760534214985
2025-06-23 00:00:00+00:00,0.00015384143292784813,0.00015628452254712322,-7.327064532325345e-06,-7.327102542475927e-06,0.0001232810689606456,0.00011538895946627825,-0.004212279934419971,0.003521767784410601,-0.00321580375686914,-0.007205996496933653,0.002392602258336929,-0.004880537179660083,-0.0019203222799273334,-0.0014293824457827231,-0.004103695129008211,-0.0041833431015991795,-0.0036352975944842214,-0.00542456952847703,0.003245453009645738,0.0007483943612964783,-0.005571075860812735,-0.003848631331300978,-0.004439328069047899,-1.5384457539235896e-05,0.0027290629870631022,0.000976911909699174,-0.001734220269542508,-0.004690042555059226,0.0010278648328638784,0.006068117564566933,-0.001872393460242594,-0.0032329620858577712,0.0006547607713343062,0.005787680834359543,-0.0014370656248119396,-0.0077132423674664
2025-06-24 00:00:00+00:00,-6.123188580020589e-05,-6.220413109148115e-05,-1.905289284231948e-05,-1.9052892843207658e-05,-4.230484099732035e-05,-3.916301177064874e-05,-0.017442867577214693,-0.003490871699220466,0.007089115946915969,-0.016498793804019862,-0.01764882844830029,0.011380278778373665,-0.0002688589079364867,0.0068134455576960296,0.014850457385161553,-0.004605191863348512,-0.0027001704627428458,-0.0009992998504753103,0.0013982835707178065,-0.004946166892346282,-0.004523066336347359,-0.012967949940074663,-0.012158881338136696,-0.008215469282739418,0.01065619155273878,-0.009616274612496034,0.014309640567430781,0.006694258903190642,-0.013259348308043428,-0.015379151069907504,-0.0016985559765124725,0.0029299550187071866,-0.0008182521730566439,-0.01429896483403481,0.01099589273259105,-0.003231085378991194
2025-06-25 00:00:00+00:00,1.6913249808903075e-05,1.718181658905138e-05,-7.861986999835313e-05,-7.861987000146176e-05,-2.390362707083149e-05,-2.477599972239286e-05,-0.0030567104206894458,-0.00666766550179565,-0.008566704404042946,-0.0074993634529225695,-0.005702505663934487,-0.005127245926410229,-0.004918526892937813,-0.004029485961448032,-0.0031639612320568666,-0.00431793652658774,-0.004809015374761416,-0.0036187797304002567,-0.010013711497971811,-0.008674866630005607,0.006623821975808797,-0.003079186246852217,-0.003980155695683996,7.507856101773847e-05,0.0031547872310553338,-0.008298377549077696,0.010366314499315354,-0.0053407826228366595,-0.01080348835075029,-0.007191510128088607,-0.0042578590609783085,-0.008928846673545876,0.004062113426292591,-0.00618235310956905,0.006379868987959281,0.003089727423886579
2025-06-26 00:00:00+00:00,7.876956735408669e-05,8.002033381693252e-05,9.475702374150963e-05,9.475702374528439e-05,8.422423161702497e-05,8.018615476945712e-05,0.0105856197610803,0.005317314336823475,0.0009678218688293772,0.0006551722739629451,0.0009911275602856318,0.0016254922091365476,3.946195253101692e-05,0.007238669439283862,0.004578425399692998,-0.0007672231723638845,-0.00010813667071307709,0.00041420823166071763,-0.0025981310564919813,-0.001295270642033719,0.00041265298769666003,0.01712269147067169,0.0012378502023562277,-0.0016263385599446512,-0.002245047308833459,0.014380475877258991,-0.0035104955080844658,0.0069238577276820035,0.0027392244538178012,0.0031721106948428,-0.02029840687847395,-0.002153881655152401,0.02212581918363843,0.017875917897446136,0.001247920701897387,-0.012539946929099655
2025-06-27 00:00:00+00:00,-0.00010125347660350226,-0.00010286113199253766,8.317949486924547e-05,8.317949487279819e-05,-2.130087372809175e-05,-1.6099119200863043e-05,0.008877593763119362,0.009165603415510315,-0.002057328908948275,0.002866901163750768,0.00308826091319081,0.002955479265913441,0.00403321585461569,0.0015619332810890008,0.001580827841364485,0.001183152400347831,0.0019123486504273313,-0.00046524077369292094,-0.007682411182393878,-0.0007086047142289553,0.005191999362595512,0.006880313374048264,2.9156722670231616e-05,-0.00020940677003966623,-0.0011170367135797665,0.004293111505889957,-0.003957711307592038,-0.0003809859051043807,0.003932387385928271,0.006773784022787277,-0.002011898922698707,0.00165763189059831,0.0021142426189986185,0.006695081075596576,0.005117218425425785,0.008038054550095985
2025-06-28 00:00:00+00:00,3.850787318726567e-05,3.911934610112411e-05,1.7837944129350802e-05,1.7837944130016936e-05,2.9088582914615913e-05,2.711308723268857e-05,0.0029298693786705687,-0.0028307504196856126,-0.002698142154029304,0.0017632816919370686,0.0026796783344322783,0.0020558820601688232,9.937483232613786e-05,3.5495686549147365e-05,-0.0011436465558121167,0.004648230743931281,0.004270074645874367,0.0031953804050948165,-0.0006199933346990871,0.005487566866106519,-0.0007571399391328448,0.0021223329485242637,0.0016393126626923493,0.00224286929709816,-0.003236217099337635,0.0005742276362286081,-0.004436613564762437,0.0007735897714034046,0.0036101807750297255,0.006170085867226893,-0.005383192480773569,0.0002932044339896134,0.004505213419401688,0.0033210666924603505,-0.004365950190431178,4.767075358791395e-05
2025-06-29 00:00:00+00:00,0.00015047637157428184,0.00015286571739991928,-3.477897868697788e-06,-3.4778978692528995e-06,8.261853730329172e-05,7.489506764901677e-05,-0.0010880389094061194,-0.002439477048869043,-0.002369634392495712,-0.007645564859797727,-0.009454843681518277,-0.00964182119164958,-0.007486181579064777,-0.006871999867647416,-0.005015344988698267,-0.005120321344504353,-0.0057442255585808955,-0.005975289252708849,0.006194218414921959,-0.008286170929180159,-0.009049458796492993,-0.01017154718778468,0.0068253025928284305,-0.007930726127270527,-0.008328555090832301,-0.010231867744985523,0.005685699617744788,-0.008069007410374085,-0.006150074735801092,-0.010128362628778698,0.005859646253435935,-0.00792687688663185,-0.0062902099235662146,-0.00603894416023909,-0.004337468419826296,-0.0020779411227285216
2025-06-30 00:00:00+00:00,4.266747491610268e-05,4.3344868782879686e-05,7.90167369308925e-05,7.901673693400113e-05,5.7369581438537764e-05,5.518425222028611e-05,0.0012432294745632344,0.010577851108496183,-0.0035089541469079943,0.009489885494542882,0.008385127780909052,-0.001424376337600175,-0.0016799158249896085,-0.0010143275924370254,0.0013776785331227615,0.004277598458808818,0.0027596135734087035,0.00435575586410164,0.004086752349811151,0.004454871134826677,-0.007351484625182314,0.00028256719546093656,-0.005934331862469611,0.0068963036175693215,0.004019164974087941,0.009312138337000064,-0.0009136618867721102,0.005836759331678598,-0.0010323545743488038,0.005009005066461736,-0.002294238099463164,0.0031542670048487764,0.00102041991014179,0.0028709107465083594,-0.0058508715475397155,0.004774176422488674
2025-07-01 00:00:00+00:00,0.00010351234146477317,0.00010515564438429159,0.0001676156224814651,0.00016761562248812645,0.00012896428986342023,0.00012366157942822475,0.0036342263892856774,0.0019417146088034354,0.0036148291853346226,-0.0053517069787446525,-0.0038036412386149854,-0.002828906550728094,0.0036312220103533743,0.0024747725474718596,0.001493643700170022,3.2193446524830804e-05,0.0004305333671688061,0.000384770157269676,0.004695158576879521,0.005748784675974283,-0.007891155690122442,-0.0030812547097081033,0.004013018999600826,0.001823340567688403,-0.005617151459489378,-0.005738423805530579,-0.006554560018486755,-0.0041214598879038,0.005172092806434714,-0.004351988072231472,-0.00532101147553965,-0.0019399684469313394,0.003778509875275393,0.001355403207470296,0.0048291629338588216,0.004964348260820817
2025-07-02 00:00:00+00:00,-3.9395042840006944e-05,-4.002039032202642e-05,5.016014421754811e-05,5.0160144219324465e-05,-7.347553953040986e-07,1.2900366308521427e-06,-0.0015138290098996032,0.0014299946640412564,0.0027345819185538023,0.0029477736365275398,-0.0009213364323138462,-0.003099068706148622,0.005673575792258134,0.005860196806809048,0.0033669295596354676,0.0050819973522093775,0.00603685884800198,0.005029966307982026,-0.008515459677151727,0.0009096771935144243,0.005527830821651536,0.0009926010512768535,-0.00011837295614813836,0.004789488939919595,-0.0015137447290004546,0.0016183232525026625,-0.002243793762404356,0.005548210326905112,0.0007565110848137824,0.003458067499820139,-0.0006285760426233411,-0.0005478905444142868,-0.002407841900416652,-0.0024657687980643717,-0.0010220703577188406,0.0015034037314640702
2025-07-03 00:00:00+00:00,9.446953119196522e-05,9.596917793719406e-05,4.284051763869812e-05,4.2840517640474474e-05,7.09712584345823e-05,6.612582938769762e-05,0.010242100326619763,0.00886235719430073,0.003135564640626587,0.007475040129571342,0.001416800738183177,0.004026677465161388,0.002763734429763298,0.0013072360196710875,0.0008957439941843504,0.0013127430279218366,-0.0028334928762275835,-0.0050121934790029465,-0.0007887571840529128,0.005877316032094848,-0.0011738851386964289,-0.0009700179972013112,0.0055321658757134795,0.008116329830910596,-0.007698711198177111,5.978814068052785e-06,0.007950052158071763,0.006316674689079704,-0.008397695431462737,0.0024159760463866586,0.00840489538499467,0.002543049609005532,-0.008060440800364499,-0.008651528114811513,-0.004683028570650394,-0.0004507947589601491
2025-07-04 00:00:00+00:00,2.4748627126758294e-05,2.5141458933397587e-05,-3.7714891492401925e-05,-3.771489153614471e-05,5.4796386478761505e-05,5.3532383210486145e-05,0.0010315332555212997,-0.0025196895409308473,-0.0038974698671777608,-0.0057237007653186955,-0.004305040955305595,-0.006330619468066789,-0.003099103666356351,-0.0036221593127873097,-0.003253819775541733,-0.007072086848255776,-0.0076990048762682894,-0.007952482309020237,-0.004674338788068222,-0.004121167173951057,0.001806446825062924,-0.0022610405268539413,0.0017999262751173806,-0.0010451318236185392,-0.0030092857595027667,-0.004168519322556019,0.005810573895761673,-0.001190890775375597,-0.006891065380137507,-0.0023957046661337023,0.0017975717234888222,0.0011044541872184954,-0.0034583432537145242,-0.0036727180383957503,0.004147566335173991,-0.002092063336074701
2025-07-05 00:00:00+00:00,8.498400626377745e-05,8.633291266080256e-05,6.998196761021092e-05,6.998196761021092e-05,8.078087337182183e-05,7.642486885250932e-05,0.0023875257003527217,0.0007651402191370948,0.0022671759666721414,0.0027498525785678574,-0.0005780153019921963,0.0006849162917657026,-0.004220514389114527,-0.004432901628379393,-0.005452983314946924,-0.0006731605102527904,-0.0012847808395897165,-0.002389224622957764,-0.003187879540767047,-0.0007663112342454204,0.0003363167805883194,0.0064822733689773315,0.0005920259262013339,0.0014221255812718603,-0.0025197598891905093,0.003430589495287739,0.0036160940390077556,-0.0015640807273682444,-0.0054004060707886214,-0.002632462690750015,-0.010941567270561836,-0.0060712100601142405,0.0106687521507014,0.010639893780954868,0.005502941246938287,-0.0020238469491221656
2025-07-06 00:00:00+00:00,2.622245187344774e-05,2.66386311187361e-05,6.546670606488725e-05,6.546670606488725e-05,4.579433935392174e-05,4.4453543900147e-05,-0.0018547700457811622,-0.0009346919976843671,-0.001574720599253454,0.0004402220679540214,-0.002302094612257277,-0.002892817941101411,-0.0015033055240706306,-0.0018994664450957544,0.0004850610603808203,-0.0077056585649385445,-0.006812108531094263,-0.0028348682460803687,-0.004480037665053005,-0.0016645575993438078,0.0017765254513901763,-0.0015545211663100522,-0.0019027109472212755,-0.004596697965848495,0.0007419555282599521,0.0024920882443615344,0.0016700620796290533,0.004294986350768637,-0.0029451614759224976,-0.0014897211567583835,-0.001835699849749961,-0.0016715801072207936,0.0015481362203275673,0.0008168512575073006,0.0011152963680622907,0.007766616510512581
2025-07-07 00:00:00+00:00,8.982856791273086e-05,9.125420842592824e-05,0.00013034439997472447,0.00013034439997472447,0.00011220044049253808,0.00010760077940763502,-0.0049966845304092455,-0.006576268670472674,-0.008011082701708139,-0.0029011668417284753,-0.004367423544125781,-0.0051012283512563705,3.152946883622221e-05,-0.0002871841119806984,-0.0003849498026161635,-0.0022298447184212478,-0.003344589942789966,-0.0032116556437706834,-0.0010108371112159675,-0.002291915184872706,-0.0012606128466874367,-0.00044416323596374596,-0.003728418791416055,-0.004211692447381732,0.0018438583496673822,-0.0033689936000511622,-0.004508937535090074,-0.002888734048296482,0.0029080793050473286,0.002631079560202476,0.0009435712190750678,-0.0038678173188410048,-0.0016255506276160459,-0.0027388641764150012,-0.002619066300381223,-0.0008352508531497271
2025-07-08 00:00:00+00:00,5.021105341018739e-05,5.1007864291019445e-05,2.0264265930380887e-05,2.0264265930380887e-05,3.7698358366311524e-05,3.5123674480441736e-05,0.0009422736762809691,-0.00032518330882191915,0.004510414366601712,0.005509325928347852,0.005174026712384094,0.00539345295767335,0.003227131178399123,0.0012090730162070962,0.0014967137128705232,-0.00035781052255023926,-0.0003787282772276246,0.005766713856653949,0.000750750174896675,0.0026603573345467257,-0.0031267698654888765,-0.0035664239642598794,0.003173535458309118,0.004559901656567611,-0.00474291191197751,-0.0019776135286377894,0.003535141777160522,0.0037254148747016824,-0.0038827553281112204,-0.0019900893186383106,-0.0012599510679340842,0.0018453289419435581,0.00040779166975379866,-0.00028330923303687694,-0.003984745153686853,-0.004552676202590811
2025-07-09 00:00:00+00:00,1.4135890400446272e-05,1.4360204690255784e-05,0.00013693600835718023,0.00013693600835718023,7.303615910059236e-05,7.232138569768232e-05,-0.008767993829497445,-0.007001642252143059,-0.00529779926104923,-0.006455195112745282,-0.008209188293116787,-0.007786150484190513,-0.007396611394133168,-0.009015549778724541,-0.0059523206312965815,-0.005773406882343068,-0.005589269466379609,-0.006749506261052973,0.0022857754867608993,-0.001323344904248569,-0.005348647218214597,-0.00724189304263434,-0.0007608576698088232,-0.003800224482343073,-0.00037280923713634007,-0.00490350803971884,-0.0038463852235176565,-0.0053400057436052695,0.003409233328446337,0.0003456668679227004,-0.00461586578811235,-0.008378728883464137,0.004741794404843569,-0.0027244678411462164,0.0008614634494645834,-0.0007272685656543043
2025-07-10 00:00:00+00:00,1.8404790204096244e-05,1.8696841008081222e-05,7.590188267525555e-05,7.59018826754776e-05,4.639122709537702e-05,4.5452839079196394e-05,-0.001697545483495988,-0.0031399546368705566,-0.0074139445434381335,-0.00404173729732582,-0.0006632739438042767,-0.0013798810587599686,0.0004662746070702717,0.0025922973076912825,0.002401862482463768,0.005174816752128164,0.0008715400117846883,0.0032362794343727685,0.007157296092026533,0.0029510290830803143,-0.009806426745669672,-0.011906156059145467,0.007013116321248569,-0.004469978080941073,-0.008657038369316306,-0.008941175957056902,0.0032116521892744387,-0.0052836950876121724,-0.003536498617583428,-0.0073100883430562424,0.010302702866695101,-0.001252489320446859,-0.011019603515904475,-0.013578593911845571,-0.007659785799582486,-2.406361083051589e-05
2025-07-11 00:00:00+00:00,9.45174103943458e-05,9.601720307239603e-05,1.7790984414789435e-05,1.7790984414789435e-05,6.127795551980064e-05,5.643042818070931e-05,-0.006239489659330522,-0.005372301874733476,-0.002468690244180838,-0.0021338786740721094,-0.0010053379184244982,0.0009694837472744577,0.00226735647335663,0.0003546347800857941,0.004787833617282633,0.0031601917658121703,0.0027114098554876787,0.0020292867498841183,-0.009795661432561609,-0.006045852854344003,0.006914389894780326,-0.0003802394075037574,-0.0004945200054048415,-0.008836977686440428,-0.0009244490934747773,0.004951616393588765,0.0023690431154612668,0.0029678606527936413,-0.0031560635495567757,-0.006114492833511731,0.008620763747601234,0.0029956249349234465,-0.0075627795952479815,-0.010522048071321066,-0.011317094118746818,-0.005394645912559448
2025-07-12 00:00:00+00:00,4.7522765583618565e-05,3.203140504726143e-05,0.00010270396337475063,0.00010270396337452858,9.74196208090028e-05,0.00020870625659985542,-0.007183006730064001,-0.0029495114439278547,0.017628427453126427,0.01001440473796178,0.010385337146418872,0.010992592225760767,0.004125837886089112,0.004130573925273939,0.008780012940281523,0.006055523962183784,0.005255034474280773,0.006010714512085569,-0.01764717130359994,-0.007751139564159182,0.015148419252487777,0.016756437507587485,-0.019119089367413244,-0.0053875049811498155,0.01719277959826604,0.015469295417633422,-0.010514990843387029,-0.0007544594024233575,0.00889044174169773,0.015536772717937408,-0.002628188417489574,0.007659165991036776,0.002406892231922919,0.006454076657681496,-7.009009832414925e-05,-0.00471543447727607
2025-07-13 00:00:00+00:00,0.00016504954279161765,0.00016505228607743838,0.00011364171005712187,0.00011364171005689983,0.00014418054374054634,0.00015403349173093162,-0.005307282185066264,-0.005498419051096826,-0.006474578918656215,-0.004308533016100569,-0.006550689255776843,-0.006850801938900752,-0.006819353168714515,-0.00651641671132186,-0.006402718165909649,-0.0017920148997174756,-0.002298502874441666,-0.002553554188740592,0.004424127507298037,0.0005738758167237457,-0.006343332940789481,-0.00754934757347514,-0.0008226515897296061,-0.006624603023934639,-0.0004221133408988109,-0.004601564256531465,-0.0028491260709514465,-0.0045645504671183446,0.0012033738817396333,-0.0023380887126676075,-0.006103033744196851,-0.01030188184967984,0.005217003378298335,0.0002254703825550486,-0.002001053143408482,-0.00758140773941085
2025-07-14 00:00:00+00:00,0.00022053095176666204,0.00022053461660265228,0.00010647908148997409,0.00010647908148975205,0.0001680323863062494,0.00018119450495923672,0.007051927655550294,0.0077501340546135555,-0.0024728058074713344,0.018234247564139716,0.017120492806986354,-0.0051247025013768654,0.02374697148488103,0.02410745185143348,0.0001412214761356001,0.02452408137839379,0.023554714877831007,0.0017577509870241315,-0.019839325653281503,-0.021065374984635454,0.018017450309776306,0.015746893050147648,-0.03165507649369059,-0.02769008477871182,0.029940474153866914,0.027799627918312142,-0.030052449642018142,-0.027598066033143964,0.028842843061298584,0.022950433618959654,-0.025394309742931553,-0.023040073375908854,0.02411001587562045,0.019955646875315702,0.01813132603751888,0.014181220505505632
2025-07-15 00:00:00+00:00,5.4314587172754614e-05,5.431548958623189e-05,8.172178003595931e-05,8.172178003618136e-05,7.149623920876813e-05,7.473852581529883e-05,-0.01111291264353087,-0.007845445629733105,-0.0011000790286768147,-0.0067362319763762946,-0.004496415400772502,0.0007528988664655678,-0.003369040404278989,0.004238266479259067,-0.004738063579757479,-0.005911150551289213,-0.006253018940499899,-0.0035669087804319766,-0.005041967079323362,-0.005489601024231572,0.0014921445635742714,0.005619118212399021,-0.004064880646360125,-0.003205779912396345,0.003360744568998042,-0.004573621629529012,-0.004826262432469197,-0.0019167660683301335,0.004017551960210808,-0.004827752004228469,0.00463594420518465,0.005167868247464513,-0.0056169050885547245,-0.007265703896076281,0.013144498502511537,0.010970744928829879
2025-07-16 00:00:00+00:00,0.00012928572495196633,0.00012928787286292653,-2.632360833854097e-05,-2.6323608338207904e-05,5.0357400662282004e-05,5.807074002284196e-05,0.011519803678537333,-0.002699653920378964,0.0014860679768522456,-0.0032424639855513915,-0.007232061357770547,-0.0027797060260031925,0.0014609979258353167,0.0013006148411773832,0.0008844916545587278,0.0013549556470584534,0.002833915049168967,0.004484727443778702,-0.0026619995914356487,-0.004037338385078804,-0.00012444191677107863,-0.0032864741696736477,0.0069478725616607395,0.0022291082040446497,-0.0076778919513545985,-0.011274038389269658,0.007178024216674128,0.0042069263659541,-0.007968643858856761,-0.011196637657781894,0.016937667591914618,0.010309237469786403,-0.019007268051522863,-0.017883221739521615,-0.01644014530086313,-0.008620883292584813
2025-07-17 00:00:00+00:00,0.0002414223599933596,0.00024142637038737647,0.0002565080701606437,0.00025650807016086574,0.00025987932630000543,0.00027428688569841597,0.01044227645795992,0.027541838175877853,0.025959715322224186,0.02960757001146952,0.024497050800982745,0.0072676906754074455,0.024701714857901624,0.02593517701463699,0.04257759380666437,0.023389573653668227,0.029047838456500497,0.028304593109893306,-0.02137100713458573,-0.00425450257964799,0.019479457776454767,0.039005891001638204,-0.024172414090688044,-0.010673370843957586,0.02368328653322549,0.027928956857135256,-0.04238546391794151,0.004082665041178712,0.04418576675035113,0.0399552630421145,-0.036026724008152544,0.005488187811949263,0.03400908887870169,0.029453547323206708,-0.004697620411987624,-0.022004644407207175
2025-07-18 00:00:00+00:00,-1.3163153644080161e-05,-1.3163372251545624e-05,-6.473458388356335e-05,-6.473458388378539e-05,-8.184272607636434e-05,-8.263316180134872e-05,-0.014932151249933856,-0.01427384973233381,-0.007227985174687257,-0.010807239685867054,-0.003199731557968488,-0.005966083576014136,-0.004274494558613284,-0.0031134163170644102,0.01450248619821215,0.0003764434307951259,-0.0004151265560173867,0.0065238248137964305,-0.022172420782504143,-0.034604621872915575,0.022914665265719947,0.018817086143286588,-0.020689335384518004,-0.019957410926621177,0.01802048714892357,0.014445114514748392,-0.039372265819389574,-0.03375076647889497,0.04090003374698403,0.03441681351945247,-0.03648173293850021,-0.024964586819331225,0.03585831579361898,0.02854226051426645,-0.010175281465601205,-0.010899198316731806
2025-07-19 00:00:00+00:00,0.0002713876843221108,0.0002713921914572204,0.00020907754263643774,0.00020907754263643774,0.00024024027890856559,0.0002564312487738363,0.013176255850538832,0.01246217404681449,0.012289996884474297,0.01995579704134931,0.029014188521947926,0.03388466372099508,-0.005443665178011092,-0.0044005474782146115,-0.004784428275876773,-0.01908751950112797,-0.01847458148106229,-0.01653068776862754,0.03386899860240433,0.03793021199433988,-0.034564217639832195,-0.025734795552364242,0.027510472606506076,0.031134778979946987,-0.028526940300415804,-0.014704447885499516,0.027107803802056463,0.027031669792689117,-0.026035843326595698,-0.01952579781389696,0.02378057136650935,0.02535277463430341,-0.026424143401431843,-0.021691792875130345,-0.019171268001944353,-0.03304064219606584
2025-07-20 00:00:00+00:00,0.0001415912899449534,0.0001415936408175611,0.0001763873153368678,0.00017638731533708985,0.00015899157097098993,0.0001674364192247868,0.007562620554919519,0.0025790108101262366,-0.014599884560174914,-0.0007166009282462138,-0.013098257784572187,-0.0017433528646733087,-0.001868863288643774,-0.0033969057677897263,-0.0031241894120229707,-0.005860196169581222,0.0010711331870194574,0.0012037322251097216,-0.010495407873909235,-0.006395201305437581,0.006896670179732611,0.004738098569128768,0.0021152038718204036,-0.005831044371127803,-0.002364744445501832,-0.0029141254115682136,0.0016277708711955885,0.0017228815971712663,-0.0019013113299437556,-0.0008052036169289289,0.0010721420934725057,0.0019064587675665656,-0.00034508054575543845,-0.0055796724509276086,0.006814045516681633,0.02342840064250562
2025-07-21 00:00:00+00:00,0.0002535559281853228,0.0002535601374362706,0.0002147742984111023,0.0002147742984106582,0.00023417219640942122,0.000249293383702609,-0.0011767259759110082,0.002288371459451044,-0.0009776094561706472,0.00960048309513395,0.007307226900278074,0.006840211584640876,-0.0004437404388049071,0.0013498970032335134,0.002006622274103753,0.0025443314422737284,0.00015400918722052737,-0.0031477949377002323,-0.008689686652581852,-0.0021151177279797873,0.005465833308333945,0.01282390494976271,-0.014941906157440066,-0.0017679986486337507,0.014398896061898148,0.021587614023818924,0.008774106122465986,0.007211516227093595,-0.006113177595584163,0.010255299861064548,0.010654121403560035,0.010337795520946269,-0.009263931846081541,0.005513665398733547,-0.004013125397125394,0.008832032893424602
2025-07-22 00:00:00+00:00,0.00015829971095082662,0.0001583023381985793,8.968003377662903e-05,8.968003377685108e-05,0.00018983352864698766,0.00019927002477082567,0.004758194133110738,-0.000868073578787043,-0.0026009116963933154,-0.0024532317134554615,-0.004903469299466168,-0.007982184938301384,-0.01299601445282772,-0.011150826849507411,-0.011870002616007569,-0.012645098310206548,-0.012607102329122877,-0.011927992803647203,-0.00417849281176319,-0.004850160693824379,0.0013896895110712126,-0.008255602760164238,0.0035961945384794802,0.0014297695196794358,-0.0052750952338930235,-0.006233074442835385,-0.0035702070541636655,-0.008107131603786843,0.002265163366540701,-0.011018180392277976,-0.004295945981175886,-0.010983561021942534,0.0056979175848523855,0.0022221268744913036,0.01436044760455557,0.005042008878159754
2025-07-23 00:00:00+00:00,-0.00023210730186618012,-0.00023211115346488675,-8.80370842537559e-06,-8.80370842537559e-06,-0.00012094488169556161,-0.00013478585672344057,-0.001450843473786212,-0.010399600442109636,0.0013608841917827075,-0.005249508258749036,-0.005705464264204263,0.00012465141478790187,0.006984459515222863,0.004844773059892393,0.008834865886997223,0.005927782531191639,0.006033119834844003,0.005086372717225229,-0.004473297426705658,0.005168654122609917,0.00156226021626793,-0.001333229896062993,-0.012385752131462535,-0.001567276124287309,0.010998674173242406,0.010927772296408955,-0.012016713072030782,-0.006257872812877485,0.011660153138046914,0.011338016966771614,-0.007121639953252545,-0.007560077403291565,0.006682865884721556,0.009821964190941612,0.006222190555296603,0.000514517301122952
2025-07-24 00:00:00+00:00,0.0005072503838137177,0.0005072588031032055,0.00022607663268092715,0.0002260766326807051,0.00037898388164792074,0.00040922868864123885,0.0007811754368698409,0.0016630767578584837,0.0014926488290083473,-0.009587986658115888,-0.006637803425479483,-0.007885056465534723,-0.008091627221977205,-0.0032834349705882504,0.012897088992388062,0.015994646821830605,0.01610160894033208,0.01891979944267308,-0.009508152529411729,-0.0010191277907470875,0.007192281251857668,0.001959256679853194,-0.004854007692339235,-0.0016778119478698672,0.004989625813649479,-0.007808303318423415,0.001168961883339259,0.0018308130858881722,-0.0031999640695478115,-0.009331991396314576,0.005419512007496241,0.009711147779924767,-0.0074700445487975164,-0.011238472768506758,-0.004427022977238959,-0.003246042039583563
2025-07-25 00:00:00+00:00,0.00017077347296412526,0.00017077630600748073,0.0001390922563753172,0.0001390922563753172,0.00016251388723098614,0.00017269107558326446,0.0009455137027754024,-0.002337095363016295,-0.003154336099748245,-0.007808197189459021,-0.0066882769688511035,-0.007046457674326656,-0.00573569855135847,-0.005828683364897724,-0.009082595933453952,0.008674358594838338,0.008434887295647231,0.008400667756327529,-0.012166472982164334,-0.011558747848709472,0.01032645264336396,0.012927436325746333,-0.00960664957280477,-0.006963249871699051,0.007000173401619403,0.0073067713279268975,0.0005196301160148575,-0.0025130233083472397,-0.0016866797987004079,0.0003708617449347251,-0.0056680522856518145,-0.005476810736694815,0.005694322383029027,0.006675104855913494,0.003414612519710536,0.004062039850937005
2025-07-26 00:00:00+00:00,8.282154655403495e-05,8.282292028582994e-05,0.00015454714028662053,0.00015454714028617644,0.0001271005775707046,0.00013203178725285092,0.02344394372171843,0.015681582657409043,0.010886307641847504,0.023976043109244838,0.01469734292761915,0.0009373523576949871,0.008514859773496752,0.007091434798234264,0.006744380460974364,0.018147912669497446,0.017882904482557693,0.015706281355016394,-0.014606422338410141,0.0036145857188827346,0.012492900814509378,0.01428810157381255,-0.004463088310349694,0.00498398547435186,0.004651386835344606,0.012631772417484699,0.006505671875477237,0.012304747310135866,-0.007178343570588441,0.0021777125296553734,0.004999880904897003,0.0068958185920768855,-0.0049110229262163685,0.015119293558424785,0.0007951185069057232,0.0019853853873910143
2025-07-27 00:00:00+00:00,0.00015154446820142553,0.00015154698160824154,0.0001888668319065534,0.0001888668319065534,0.00018049314624923873,0.00018951878802009325,0.006843718773245078,0.0038269006297997343,0.007652286347923143,0.0034836106944557965,0.004007902562235488,-0.0016107521598124341,-0.0017121121348585566,-0.002214180649904973,-0.0011835465762374264,0.007914038271965573,0.00760533986713674,0.006392930315414658,-0.00592355439515535,-0.004544475072560505,0.002683919776322208,0.00942202545822557,-0.005953025215259089,-0.00211511411272558,0.006013724994569092,0.006317444024348529,-0.00553599215693612,-0.000477092177629701,0.004247503016844734,0.0017458592825034813,-0.005969389560184557,-0.0019487582196601183,0.005029691989007823,0.005718188684650238,-0.005863607216761935,-0.0007001636219827745
2025-07-28 00:00:00+00:00,-1.3038832641809606e-05,-1.303904886151841e-05,8.311438967800733e-05,8.311438967756324e-05,3.9562915858715186e-05,3.8781530432574485e-05,-0.0013282468909747713,-0.0032079382478804597,-0.0073798066519364935,0.019338258500784633,0.008302263624960116,0.00921371603785226,0.022622284779956203,0.024425452636548606,0.024722841396313644,0.0013493263524957388,0.0022534731889294335,0.0005616644362711476,-8.754396977006529e-05,0.014896610920316578,-0.0014644671764856287,-0.000351973608382683,-0.0022071283755873417,0.010681368673330693,0.0014378836979034304,0.0017747253825883824,-0.0015235782428998368,0.011118922938852194,0.0012495633319324906,0.005898839013868118,0.007074828079815854,0.022374798939948537,-0.008999707286349135,-0.0060058771519925225,0.008953619292211279,0.013063787744592492
2025-07-29 00:00:00+00:00,0.0002773638124757838,0.0002773684119934394,0.00044269423996201596,0.00044269423996201596,0.00038414124839847297,0.0004006513617851315,0.0006382421999417964,9.023880917524707e-05,0.004715032673368258,0.0010472429504071457,-0.00016441183938231685,0.0017782168535982468,-0.0017241028678794956,-0.005810227994863304,-0.010078574525460904,-0.0024779294442923705,-0.0027786891197350005,0.0004936304831979488,-0.003807243663199733,-0.002431809133014884,0.0021349036403623955,-0.00042949372052247803,-0.0014598281760589416,-0.007998248745542003,-0.0003895805319830137,-0.001289350250942789,-0.011434933901758981,-0.01585581055261065,0.010945227907946942,0.005633453885242057,-0.004241173999574688,-0.005559811521524738,0.00517084794215128,0.0032270398309452997,-0.012090742880184524,-0.01203755873511303
2025-07-30 00:00:00+00:00,0.0002944295540139308,0.00029443443517873646,1.1719695237832894e-05,1.1719695238054939e-05,0.00015369543886545323,0.00017123951619146816,-0.007766284998951822,-0.0023048361539876883,-0.006931242178393693,0.0005554988970397634,0.0004941994019058704,-0.007025419276175948,-0.003563060644986682,-0.005029601112437776,-0.007583034805161426,-0.003124094614339934,-0.00434408962397792,-0.0061487970016197435,-0.00311952541553262,0.0011759129938553325,0.0008798311126643199,0.0008333938914861783,0.004791120949243277,0.003538583036528653,-0.006063541549609863,-0.001148084804645455,0.005857290642802715,0.0006315240162197977,-0.005983582819693911,-0.0019504081542198737,-0.004180937081269986,-0.004335456575338292,0.003899095118982565,0.002112121550896795,0.0004953270601308901,0.007468712781771858
2025-07-31 00:00:00+00:00,0.00019776384516623224,0.0001977671228052813,-6.147833968483951e-05,-6.147833968495053e-05,6.47986126318667e-05,7.65871053578504e-05,-0.00949196377722139,-0.018992371226330462,-0.018429682810427894,-0.013507048041790592,-0.01612040579239138,-0.015605216798937671,-0.0132905994925957,-0.0139276685387284,-0.011278045292278605,-0.009994267595712425,-0.003860783013897029,-0.0032034730640091436,0.006329600652264844,-0.007199639883332942,-0.009436155194017859,-0.007986431307558495,0.0019184567035488431,0.0006786466791186552,-0.00268162875242961,-0.006879638903490304,-0.016011247357855973,-0.01656241541183867,0.014910941020189084,-0.00488134006737706,-0.0069263927087723776,-0.019657134573005663,0.0074846107263781825,0.0008364310865396352,-0.008215106204108036,-0.010896278236450563
2025-08-01 00:00:00+00:00,8.469461163529424e-05,8.469601504379476e-05,9.235240522054156e-05,9.23524052207636e-05,9.35497922285311e-05,9.858970694076596e-05,0.00995720818449386,0.008121826227601048,0.014530581526599473,0.00924597414042072,0.00936074913279894,0.012957074948227287,0.007911491931561931,0.009033156014136567,0.009019909695170192,0.0021533763962946484,0.0019289965316986457,-0.0013966044818164436,0.0097483220732546,0.011154707036726386,-0.012151298186408477,-0.009996517383419445,0.009940434927013131,0.011224150990180704,-0.012679488465654587,-0.003650129406787217,0.00629980494454041,0.009261093309889556,-0.006327185443879224,0.0001563826428518933,-0.0013228593833451985,0.006826068897961335,-0.0001423165965028783,0.0033117772758941566,0.005986085776734651,0.0028493882694518025
2025-08-02 00:00:00+00:00,5.569248249237546e-07,5.569340526534461e-07,5.307455370040515e-05,5.307455369996106e-05,2.9700637722562817e-05,2.9729682798906865e-05,-0.0023214654038393734,0.0007471157331528921,0.001775399068060679,0.000899672347449032,3.2885226316725635e-05,0.0030040514274320973,-8.774918970222423e-05,-0.00010547271291660998,-0.004320257058523236,-0.001835391568112743,-0.004403390423316389,-0.0112743169425914,-0.009875308249552517,-0.013277589675522616,0.006571458648811923,0.005269064980312654,-0.008113495793143688,-0.0012799597810262409,0.007025942250048489,0.004297772350585927,0.009574715189176963,0.0038254949208733624,-0.012545443153131663,-0.009932548689815524,0.008193645341683764,0.004663923537971959,-0.008495987702668462,-0.004747236499621721,-0.0018598296514326096,0.0012680504737907494
2025-08-03 00:00:00+00:00,-1.3837899986102187e-05,-1.383812926347705e-05,3.290204279826625e-05,3.2902042798488296e-05,1.1320096454214834e-05,1.0493014795720512e-05,-0.0010965834460358037,-0.0081486274764756,-0.007821128251613296,-0.0037511122743458802,-0.0072537568535495645,-0.0069356931309989545,-0.008278642507206113,-0.0072478004179752364,-0.008332258010967153,-0.007150879613404548,-0.006868317929550449,-0.007915513258072937,-0.0037502355898229034,-0.007753404891255755,0.0014598604467692677,-0.0027907962711307688,-0.005238182165511973,-0.003923903475763324,0.0026839025885452283,-0.004405232865174358,0.006366644377724384,-0.001058076283312781,-0.008221758807909652,-0.006664886796645675,0.00586710923650724,-0.0069278874887281905,-0.006881389150023232,-0.005603830379301344,0.004166407861719401,0.0029062780538466892
2025-08-04 00:00:00+00:00,0.0001674840827485813,0.00016748685779899297,8.123643522117696e-05,8.1236435221399e-05,0.00012878528798987432,0.0001387581541945071,0.0007448863660122207,-0.00896590846355727,0.006974348234701555,-0.0004900992165348672,-0.0007123966392914571,-0.0025991530639570826,0.0017649655940494835,-0.0021775150161507106,0.003416092125743342,-0.000728045963728996,0.00035373412696171336,0.0026356446133397604,0.010094661400666727,0.003886608844636541,-0.01123329344107904,-0.008180707234919926,0.008200920178784266,0.009371364395814874,-0.010106564848528121,-0.003640748787837267,0.0024970795649603694,-0.004932570319866825,-0.0037132795844322386,-0.002540990265924248,0.0009059993973306035,-0.0035556905123690363,-0.0024611043792648335,0.0045428059167331725,-0.0023598691974954233,0.0017843928879759385
2025-08-05 00:00:00+00:00,6.135368752913095e-05,6.135470393031639e-05,2.220449878409525e-06,2.2204498781874804e-06,3.1911659774674916e-05,3.556689741546215e-05,-0.0024002111380267976,-0.012350310723950875,0.01197277234494254,-0.004997418444777746,-0.0031424125794825564,0.0041369353822040544,-0.0032154428503657906,-0.007079220158219157,0.0018278014701527123,-0.004791176932391394,-0.007513342293950509,-0.0005341003425262114,0.0006210060192930467,0.004382699082121189,-0.004129273639066233,-0.008973570066307723,0.008451102487879059,0.0017827796746994196,-0.009777082725123232,-0.006465300431825027,0.003725438706948081,-0.00833634042171938,-0.006199184272102309,-4.3809872227851265e-05,-0.011918266285154133,-0.0182300323208463,0.011350903168569682,0.007904071392069278,-0.013258846719933937,-0.010128825038190015
2025-08-06 00:00:00+00:00,0.0001220263686474432,0.00012202839004449295,6.509280026856246e-05,6.509280026856246e-05,9.710608553215039e-05,0.0001043707805221672,-0.003589498205878394,-0.007684928350031761,-0.008110575147952104,-0.005514050208076382,-0.005342853286525062,-0.005588987473456153,-0.0012047071964067513,-0.0024299845867993275,-0.0037995906542953595,-0.0022394017303587477,-0.0029758342121696257,-0.0024292617810394157,-0.002659932717395286,-0.0008379575273644857,-0.0001340416111677012,-0.0012948853197863874,-0.002255565857445241,-0.0036879663074749214,0.00025986794405508107,1.3108396182293092e-05,-0.00015611658822922703,-0.007385584523746602,-0.0006078634536562655,6.0511464818890914e-06,-0.0010964767350524207,-0.0021720200320488603,0.001433656328293731,0.0004784343277581815,-0.0031860395843021916,-0.001749081560863286
2025-08-07 00:00:00+00:00,7.258438897328467e-05,7.258559120515429e-05,0.00013807207642879682,0.00013807207642879682,0.00011283478654888768,0.00011714681381591596,-0.0038775145075768958,-0.0012510373449149403,0.0014488811435826587,0.0012767325313858269,0.0032688436805512477,0.0032217028700252115,0.00017813933867150133,0.0005101511591001362,-0.0018987222076752852,0.002529983693714044,0.002888417444859792,-0.0004768401709093206,0.004142328433910603,0.006368160493459563,-0.006413499791698141,-0.006508213789164108,0.0013719550441946282,0.003060625513841897,-0.0025721994611832555,-0.004273189708123071,0.0007893038428228305,0.002533756209567972,-0.0021447901395055258,-0.0015770578109525202,-0.0009992638117557462,0.00189893142721842,-0.00021847882282310938,-0.002892579171046794,0.004898223283601233,0.0030476131504044712
2025-08-08 00:00:00+00:00,8.483527895264409e-05,8.483668399672517e-05,6.775132374192694e-05,6.775132374192694e-05,7.998044074897237e-05,8.502803206056342e-05,0.017151069353321002,0.02195507987199985,0.012322853174863813,0.01899492233514355,0.014005810161904941,0.015603259252610968,0.013392047882698987,0.007981886033685326,0.015858570592022447,0.016195036796780693,0.01999850379160506,0.010101129552779087,0.00431416926463557,0.009478137289801847,-0.007351664332698515,0.0032793050762127685,0.011248191205851299,0.01558484813290728,-0.012850988847905143,0.0010761108078187753,-0.004771925815501343,0.007745514480018922,0.002722936983306834,0.00656405065400234,0.009925264192560013,0.012190688988868326,-0.011453085183092293,0.0005175060782036667,-0.0011228209358071783,0.011582412461331515
2025-08-09 00:00:00+00:00,6.898027297408404e-05,6.898141533029367e-05,-3.2276093300032116e-05,-3.227609330014314e-05,1.660368699218928e-05,2.0715836521079112e-05,-0.008675997493182375,-0.0052183594421025825,-0.004433317659967129,-0.0018999805588528762,0.0008386061273157885,0.00036690103707792687,0.0016117777239834652,-0.0015128984874243079,-0.0021440784003655677,0.0015593947286571819,0.0008571334271667563,-6.67507770921727e-05,-0.007009752813514569,-0.006497300119579941,0.004086822560029901,0.007813550706068817,-0.005498923062807304,-0.007396097222878484,0.0015506831385316833,0.00671884857398819,-0.002175679175946965,0.0022906029669014227,0.0004858753864434018,0.002007516223929695,-0.0049333997568623555,-0.009804329871785145,0.0039834550050199535,0.004167908098062112,-0.011622283265447342,-0.002047616694668797
2025-08-10 00:00:00+00:00,9.3518186478736e-05,9.351973509108547e-05,0.00030771453298839013,0.0003077145329881681,0.00021733433134607516,0.00022287549724819833,-0.014458445757059235,-0.02205243254965039,-0.010851047028553107,0.0022650084703692563,0.0053148812306968996,0.01474337371781953,0.012579988694389366,0.012958227606183037,0.007419000821343946,0.0110547623963555,0.011649014664416368,0.010907039110702232,-0.01761836325041144,-0.013912994561863123,0.015393874225595683,0.02402256735440922,-0.017864113977265728,-0.015958917885159463,0.017333024123969087,0.010853261257821822,0.0011909445356703685,-0.005184216074546444,-0.002590956214100548,0.0045722996854977715,-0.00140978774483691,-0.004328531142460568,-3.889555813729739e-05,-0.0014312604788512262,0.0010220153636864016,0.0028054164104336365
2025-08-11 00:00:00+00:00,0.00014823625495852255,0.00014823870944380424,3.6291351062978094e-05,3.6291351062978094e-05,3.395334046607523e-05,4.2891789020949034e-05,0.00551901044953218,0.0036785958977372246,0.0085557173029005,0.0029233169327127495,0.0034516859762316887,-0.007684580533799501,-0.002000788501595352,-0.0012721263371006097,-0.0012352748424457882,-0.005612297636398034,-0.005309754408069134,-0.005873409841087418,0.004151230165563513,0.009193897642326698,-0.0064617338491168574,-0.0012822837423019928,0.008132672807866337,0.009293165028965378,-0.009415802101295778,-0.0012894018028904997,-0.0010539197798803412,0.0007251680974067476,0.000305104175326365,0.007421867187093145,-0.009425672738851198,-0.0034503697674085343,0.009271504701727995,0.006808491753115042,0.008287981789160126,0.004628729550087973
2025-08-12 00:00:00+00:00,0.00017783919118019575,0.0001778421353928472,0.00012607194167801872,0.00012607194167779667,0.00015197449536419327,0.00016256658160762605,0.0033989918390879836,0.007532998359394805,0.006210897467972876,0.008541724495857661,0.011400553785654743,0.008924524927760968,0.0022983075273339537,0.0036807716847671035,0.001908559203449789,-0.0019369440055462261,-0.0017454309386574218,-0.001211684721947548,-0.016880927412206703,-0.005254640095127772,0.013645503739509124,0.011072822589334619,0.0035682475442386785,0.007158418940411915,-0.005435795280875455,0.007252852874839011,-0.0061374879859283915,0.00019654255778100982,0.0038481892073751744,0.004958211312882543,-0.0073897577503465595,-0.0019515572038518725,0.007405581591318322,0.01255119581299069,0.0022083697782686595,0.005756280214720411
2025-08-13 00:00:00+00:00,0.00016062286889884092,0.00016062552761431093,7.392092818148122e-05,7.39209281819253e-05,0.00011728944302724642,0.00012685511634535906,0.0011855911450353585,-0.007544079306266882,-0.0005224480962586764,-0.0016407020369745284,-0.002811673426797001,-0.0070051391705467925,-0.009768470260397177,-0.012852112987039144,-0.006975014270573898,-0.007853929701621465,-0.0052484982064967545,-0.006472537827931224,0.002294530417716212,0.003852090326730062,-0.0036951674579619453,-0.010762595461536462,0.0008188879950934425,-0.0017935958432543364,-0.0027385468958278647,-0.001449589189459144,-0.0035028417888162133,0.0023618173644253115,0.0033925926403366446,0.00417149616466439,-0.017635988807804814,-0.009959055689890417,0.015533770761471555,-0.0011845331532399639,-0.006948943386744677,-0.006508411929433078
2025-08-14 00:00:00+00:00,-0.0001476245253162478,-0.00014762696848369394,0.00013262232886557257,0.00013262232886557257,-7.522520436564761e-06,-1.63158126020857e-05,-0.0024728861934082413,-0.002983818648180203,-0.005405131074850633,-0.001611929894813513,3.253026756988575e-05,-0.005456830485749853,-0.0014597819520473232,-0.0061009597739941634,-0.005325653785722251,-0.004425721232656055,-0.0028751870123080447,-0.008768678126289786,0.0016966579697759165,0.004924919289216678,-0.005750568667271416,-0.004140968469782291,0.0030407087232704466,0.0018823896851927202,-0.00433449786834339,-0.009696456734440084,0.00038539474133947316,0.0035127576663880333,-0.000509698329770325,-0.005551417898484234,0.0028448197685231325,0.003980371776675318,-0.0036999228070245804,-0.003332985216938922,-0.002438830980468154,0.002122794031107933
2025-08-15 00:00:00+00:00,0.00041629059641712374,0.000416297486991013,0.00023433464928013237,0.00023433464927968828,0.0003253494492840847,0.0003501380735491111,-0.005141981750248048,-0.004746010422896019,-0.0038720004710494083,0.022325950730005317,0.023328317340531424,0.023486686326357864,0.018579699118675297,0.011554705798546117,0.0075971082504515675,0.013851858703205044,0.018042720310917915,0.015795153157284636,0.000648264768737361,0.006725904185304277,-0.00311106005073547,0.009984843272476507,-0.012735938829940396,0.0009661286611810649,0.011133645208159626,0.01659362997542324,-0.011870780047732121,0.004017110927010181,0.009807017694609454,0.018625424757179765,-0.0009229474388969816,0.010806488850624296,-0.0025679435524632588,0.008474200065546222,0.0010060552694710623,0.0022142661985631307
2025-08-16 00:00:00+00:00,0.00014766644337749213,0.00014766888658224175,0.00020221122226593558,0.00020221122226571353,0.00017495563266844982,0.00018374395826903367,0.0032475669561453646,-0.0032828071495764055,-0.00014403369005577815,0.0038223507919306066,0.010205850554567908,0.008968924173192061,0.006979856344200064,0.006835616865727978,0.010778022965512779,0.00506884505003069,0.0047045337687434685,0.0035525413123882466,-0.01164399634672253,-0.0044737764907473165,0.00946114211218374,0.009554438159167455,0.0018511275733625876,-0.0018144260309709281,-0.0033907079162589504,0.00460856432272605,0.005658502775990115,0.0010838739733429748,-0.006809877580582158,0.00368531623455981,0.0006635064920419431,0.00451749841090332,-0.001775423134037779,0.004611926279402656,-0.009955310224397329,0.007374187657529285
2025-08-17 00:00:00+00:00,7.698338180306408e-05,7.698465533767518e-05,1.772411184086664e-05,1.772411184086664e-05,4.736110297254292e-05,5.1943938054854755e-05,-0.003320492379007778,-0.005174710059466681,0.0027771829206229004,-0.0024863071594652952,0.001741451468716848,-0.0012891308019743475,-0.0037623686061645234,-0.004337297626645142,-0.0078542728813773,-0.003582762143996221,-0.003306536126541193,-0.0007872558313316569,-0.0007335608738021637,-0.004060100944778711,-0.0017627243939853932,-0.0014933783620287855,0.003707441167261516,0.0004407546473665924,-0.005449907737019255,-0.007287373222106375,0.001978361075638535,0.004105873070285426,-0.0028883664679453247,-0.0074420778889223715,0.0046821856670391515,0.004318233026375129,-0.004984657853816188,-0.008099458849977759,-0.0005068779390304812,-0.001615350523607062
2025-08-18 00:00:00+00:00,4.8693354826045976e-05,4.8694160297291234e-05,1.641375510108567e-05,1.641375510108567e-05,3.255879202335166e-05,3.545731186949119e-05,0.0021946647664068397,0.0008003337998276905,-0.003002034272768017,-0.009695322020179531,-0.005833877415428623,-0.00799640369413035,-0.00857480328207716,-0.004081313639546225,-0.004450587119029459,-0.0064655503415843585,-0.006856482449873136,-0.007573913601664484,-0.0091725768989801,-0.0078611859739659,0.006465547256975235,0.005345299292953021,-0.0133596227669871,-0.016037143450740365,0.011815809021525903,0.006236965101476422,-0.006885662913704849,-0.015405832209727799,0.00481863358425616,0.0066993298517599165,-0.019045079681240695,-0.015790325417978868,0.01778362621751617,0.012968122529803283,-0.01430908450135393,-0.007925829306986043
2025-08-19 00:00:00+00:00,2.5809013919131374e-05,2.580944082342107e-05,9.286551262466247e-05,9.286551262510656e-05,5.9339966635096886e-05,6.0873857818055654e-05,0.007452842638344004,0.004904314956907241,-0.0025433265281374906,0.002271067791241199,0.0031394168238325637,0.001587231948362966,0.0014240240506464552,0.002332796910572865,0.0004444730467616509,0.003606683685665857,0.002752650864717765,-0.002934568919241265,-0.001592708216229588,0.007279979395600877,-0.0007872853477313146,0.008382824784229914,-0.0028237631609575597,0.0037461146543418256,0.0017457053536606981,0.0044501491204766985,0.0034925701553019106,0.00769740542892583,-0.003499159955504094,0.0005263230362928528,0.0006936544437892156,0.00645740549021756,-0.0015215632721765626,0.007109185554278641,-0.00492834115568519,-0.004470332407987332
2025-08-20 00:00:00+00:00,9.179587566610081e-05,9.179739401443676e-05,0.00018883813623538082,0.00018883813623493673,0.00014032860081969467,0.00014578785173990916,-0.003198293807151975,-0.003090251778420927,0.00525401766892486,0.002374781296886619,0.0009037400476583635,0.00747853394248188,0.005646143298227546,0.0002728625333543455,0.004219440077715353,0.007229816757553298,0.006718679245615533,0.004878105372185804,-0.000371531635816047,-0.0013867444926403127,-0.0021706276097673838,6.750703090308008e-05,-0.003664222306466236,-0.0007599975345379262,0.002716726615865417,0.002034125448059809,0.008212663139560705,0.007047721479746194,-0.00829236952115342,-0.0054586825177596054,0.007257408407774113,0.0058862788187583615,-0.009489162604159218,-0.00569462449324698,0.0024160122571250664,0.008860355611693294
2025-08-21 00:00:00+00:00,4.444323418839602e-05,4.44439692330878e-05,7.868886176098933e-05,7.868886176121137e-05,6.157230984316087e-05,6.421531356970434e-05,-0.00045666070049099616,0.0037028475250793225,0.0023730353733557585,-0.008943340169699998,-0.006875239512301623,-0.006162462534589075,-0.0071745666312496015,-0.005505781491646156,-0.004737299996208089,-0.009118690661951034,-0.007449473347224123,-0.01110536143941665,-0.003259187617871917,-0.0007953427123955636,0.00019805819002693958,-0.003217287533583635,-0.012268393966318736,-0.009378219176548352,0.01093406954952103,0.007252560407503994,-0.010869126829808229,-0.005728254747942141,0.010420840756449223,0.0011850210131143513,-0.01297070700161207,-0.009493348592722883,0.013655554826125238,0.010624676983870485,0.012500268451006269,0.005049813047259155
2025-08-22 00:00:00+00:00,5.365050099404023e-05,5.365138827850835e-05,6.773760817413432e-05,6.773760817369023e-05,6.070068430852338e-05,6.389188123145928e-05,0.0058035815647945466,0.0036306587960566183,-0.004571070685466916,0.0008745127144409448,0.0009224683848838566,-0.002437764772419193,-0.0013279692484788885,-0.0007136251549414441,0.001901499317594535,0.0018300425725137348,-0.00019506300822913492,0.0032504888830975354,0.000976750480615296,0.0014089089832880486,-0.003379252971710045,-0.004006304365554159,-0.001064580198650078,0.00207972402904133,-0.00027883253289051613,-0.0013433805078721939,0.006352750341173996,0.003922075314773066,-0.007308876587413304,-0.004832354605401545,0.006974810991474456,-0.00040865534739586984,-0.00748542750864023,-0.007572171050009069,0.0026139651083809667,0.006707143968619711
2025-08-23 00:00:00+00:00,0.00013134866157638037,0.0001313508337339453,0.0001330481785570825,0.0001330481785570825,0.00013221311280919856,0.00014002647628408305,0.008386284831364943,0.007568687573945354,-0.006421528133908283,-0.003523632069038718,-0.0016265680012842454,-0.00552841844529306,-0.001239431559490023,-0.012546214095354946,-0.004196036162309791,0.0015198144537107439,-0.005814977769383223,-0.00903246485766629,-0.0078107843694317225,-0.017029728901025387,0.005166579509565894,-0.0038694954920537317,-0.01623822833458244,-0.016179075238323293,0.014812325792460834,0.0018366863110825804,1.4662631632189616e-05,-0.008594446577584347,-0.0019104343937729196,-0.008167525813484455,-0.021012545835271013,-0.007612907810126024,0.021297217994908024,0.0018810629532248768,0.023310895514932373,0.019324757502320766
2025-08-24 00:00:00+00:00,0.00024409042062512043,0.0002440944567012604,-3.0902906049679046e-05,-3.0902906049679046e-05,0.00017209491035030666,0.00018661843988909688,-0.001841355375947873,-6.90449495834855e-05,-0.0040865827803772126,-0.0021475714079806085,-0.0011606484541177853,-0.0047929213221109546,0.011466534682006646,0.012687783873321257,0.012817590628255715,0.005169582696135766,0.0022890140283302607,0.0025776598540110385,-0.005984870611099091,-0.007676383445737067,0.0037658297636249394,0.0013564593258026392,-0.007363931234256271,-0.011045806820941362,0.005212610391422956,0.001022944737063547,-0.004723246811095816,-0.004565428339051381,0.0031094888444682667,0.0005155024997285373,0.002397435156826111,-0.007705812533195466,-0.0031442282424989365,-0.00027964413029757385,-0.007596089471352818,-0.004616037011422991
2025-08-25 00:00:00+00:00,8.904692869937669e-05,8.90484007458614e-05,0.00019353245599518232,0.0001935324559956264,0.000152298179175947,0.0001575876964885481,0.003974938709467635,0.0031319423606075425,-0.002096296505245121,-0.005074073805037993,-0.003802501408599057,0.0027232879204708293,-0.0032398103460108407,-0.0026056328265149364,-0.003058261584106825,-0.004242078010029071,-0.004425216069177673,-0.001987270818888498,0.0026120275286425354,0.0013756622433023225,-0.005413249083689897,-0.001953155508894744,0.0041698595109074255,-0.00021991159060807952,-0.005150581855367209,-0.00463649009446776,-0.002642457472404547,-0.003984511958898929,0.0026586377683863738,-0.003473786622865127,-0.000103228940164235,-0.0005990382354065238,0.00020578516085301146,-0.002047652980114223,-0.005522244298812984,-0.001056886937840229
2025-08-26 00:00:00+00:00,0.0001117267453250026,0.00011172859213015585,3.713109351854982e-05,3.7131093518327773e-05,7.654742673524062e-05,8.319381867516462e-05,-0.008151322634022518,-0.005765850727651234,0.011368115997605122,0.0014868597718746823,0.005524364056582076,0.010503974492887203,0.01161758440424654,0.011280562165377095,0.01000551659700366,0.006045273506733784,0.006975155480725803,0.010761099944332386,-0.0034111877528338885,0.0025604172658379998,-0.00010595974462135338,0.003066331487017404,0.0037843459669371082,0.0022777455755003118,-0.006581168697783579,0.0001480124563042473,0.013755723730419112,0.005854072172057023,-0.014165880835570799,-0.009931395407617227,0.010412066799548425,0.004741452530890866,-0.009854372538485423,0.00031608031727858865,0.004767556524519767,0.006047400305397854
2025-08-27 00:00:00+00:00,9.727761959865688e-05,9.727922738500538e-05,2.7719809942094997e-05,2.7719809941872953e-05,6.408226121124017e-05,6.98690933684798e-05,-0.00998641462757588,-0.0023523304528946243,-0.003922548859735753,-0.007240355817411337,-0.0038412955108594327,-0.006148950474113679,-0.0010048204590726861,0.0010542573683252066,0.0008481580399697375,0.005832102428180663,0.0029220540287280272,0.003240291669966977,-0.0031534577081863135,-0.0022199443538799546,0.0009451553881090202,0.0006211514299305776,-0.0032287792842701224,-0.003340597467482831,0.0005838263491677598,-0.0023846830877660707,-0.004570726733605146,-0.005116169441467422,0.0031298121094640585,0.0007996384939230605,-0.006812420963328791,-0.005260764248291916,0.005283101071237084,-0.0004687068392225102,0.004506615357838584,0.003641081525491918
2025-08-28 00:00:00+00:00,0.000128108608772326,0.00012811072592144868,2.812291107101572e-05,2.812291107101572e-05,7.972630775299194e-05,8.734743992233618e-05,1.4799796962394751e-05,-0.000932289453313695,0.0003656813049754959,-0.001719705782125991,0.000331602900520922,0.003304364213577493,-0.0081417378649703,-0.004411454496035638,-0.006730140200235879,-0.004500588880130163,-0.004205022471957087,-0.004177746892433443,0.007929379236102818,0.005327992473175502,-0.0101799832104994,-0.004280593695646817,0.005363918147913482,0.0017356717907541785,-0.005935986881604793,-0.004486104957514003,0.00045359764122920865,0.001195428100148055,-0.001730103480355405,-0.006635714069303189,0.006864837002107604,0.0030718641128295587,-0.0061647257015085,-0.005843445725598917,-0.0023740965600957953,-0.001893622737720868
2025-08-29 00:00:00+00:00,7.184283615502274e-05,7.184402329252215e-05,5.689528488850293e-05,5.689528488872497e-05,6.760895548474366e-05,7.188000843783016e-05,-0.0015495324106482578,-0.002744025971387676,4.633722308744481e-06,0.0016055966449806114,0.003909476833911185,-0.003771347165125505,0.006743928401319765,0.005954525452205317,0.009115812355236619,-0.0031916822069326667,-0.0025582914426932613,-0.0026859610678287016,-0.0019483247227802813,-0.0015268097192575603,-0.0015943284620794085,-0.001699162418979272,-0.0033362578824954747,-0.005003714295226724,0.002539914284581002,0.0015501882175190662,0.0029197109033072266,0.005717089214331894,-0.004074052903024872,-0.0016523898199111153,-0.005307286386056598,-0.003040869344028474,0.00585893149421568,0.004912106751782552,0.005014466386194183,0.0033221709444983816
2025-08-30 00:00:00+00:00,2.9555381608759035e-06,2.9555869947017754e-06,-1.1012735381621397e-05,-1.1012735382065486e-05,-4.653572617474566e-06,-4.476974818534707e-06,0.0026491192543520725,0.006173304201735785,0.008906896767409744,0.005406690140881132,0.001699831742843383,-0.002133585893049572,-0.00011603035524743177,0.00040776491121019554,0.0012989558316491845,0.00717586489928812,0.0051480462670849825,0.004023713621244873,0.0007174211681704179,0.008501329120736312,-0.0026921051085304626,-0.0008806721837070208,0.005702850045027796,0.014595561444056049,-0.007683262924047862,-0.0023746279416658744,-0.006555288553777516,8.554072804312085e-05,0.005753422550453413,0.006677295006830564,-0.005783857714502627,-0.0006806790994349221,0.0054226863534558856,0.0024831222967749422,-0.0075488155635600185,-0.002858690352356197
2025-08-31 00:00:00+00:00,0.00012640419489362564,0.00012640628345161886,2.473325454843689e-05,2.4733254548658934e-05,7.6989370655145e-05,8.450872509402352e-05,-0.004372988571973435,-0.007413577209949729,-0.0072697419804688135,-0.0073377746259938315,-0.007066429846930622,-0.007222716417934816,-0.00421656055672448,-0.007461419907707212,-0.0076567739889993325,-0.008223693805329946,-0.008485393136150488,-0.006932201381504299,0.0029145655208844268,0.002498692158664717,-0.005471318174887774,-0.0065172087708474935,-0.003700389664973769,-0.005123420610521401,0.0017652788637128047,-0.0038375280540353662,0.006688658662764135,0.00587894565849556,-0.008551055815440245,-0.00718616347220935,0.003174166884734042,0.00013871536508669458,-0.0030850545265898033,-0.005758051526655317,-0.0018041584125648713,-0.0023714089232222957
2025-09-01 00:00:00+00:00,3.0460629374395864e-06,3.0461132605186236e-06,6.77849787433793e-05,6.778497874360134e-05,3.9262856896371545e-05,3.9439218877168614e-05,0.003806044659832697,0.0032508644312612134,0.004477223410507936,0.004115913099576263,0.003816421767815825,0.0038139239432677385,0.00606851115449869,0.006102066102325665,0.0048958911363976565,0.004972376662747413,0.0037658755957736822,0.0015175426223033028,-0.0007859272502036552,0.0012056066858727732,-0.0019063209323814112,0.004434888155432137,-0.0007605513594577396,0.003038378403874109,-0.00040436066496341017,0.005799945467492629,-0.003455462484038385,-0.0013252723048644555,0.002931744147512738,0.0034048656485063944,-0.003921544322656567,-0.002025789153175861,0.002952553844975725,0.006166972506260304,0.0016322438038798293,0.0020777241619589493
2025-09-02 00:00:00+00:00,0.00015259287469548966,0.0001525953956391657,-8.161488864677491e-05,-8.161488864666389e-05,3.087663689971265e-05,3.996122853977546e-05,-0.004163189311199855,-0.0004599520638843835,-0.0004520262246038298,-0.0044517840095193995,-0.0022652409735587353,-0.0029728882797945833,-0.0034930100811609854,-0.0007051294347754089,-0.0012279525125089563,-0.0036012008786937555,-0.0031384514256947993,-0.004627652932554516,0.007605457473422339,-0.0009486728873355776,-0.011184286090741291,-0.008109693243591343,0.005272264134257965,0.0038956794312678955,-0.007071239249814676,-0.008914073798181321,0.005060919080552395,-0.0015217890368300901,-0.005525735227744022,-0.005584263358084929,0.010351237872341157,0.004283623854575369,-0.011170002322537398,-0.007920585035883332,0.002594091162865908,0.0035172218266730226
2025-09-03 00:00:00+00:00,8.673952164062193e-05,8.674095442118279e-05,-5.577857398186836e-07,-5.577857397076613e-07,9.312716659937159e-05,9.82811510121806e-05,-0.00947361404636149,-0.006744580960661439,-0.006921611259892324,-0.007833827804693105,-0.009500440555564205,-0.00894411879792778,-0.010696137058169186,-0.01302988388889581,-0.010624358288724323,-0.011478339687739147,-0.013136163446772486,-0.009166544439084268,-0.011028170007846172,-0.009669825762072981,0.0071564598402520385,-0.00922028580857559,-0.006906108884214168,-0.008300042962037346,0.004282857065581069,0.0007086171501673455,-0.005486502175862773,-0.00871202994472653,0.004145184050569073,-0.003539378010785965,-0.0040532300896383155,-0.012156244009259964,0.003251027128675865,-0.003078633249259388,-0.00570302406782397,-0.001215971461369647
2025-09-04 00:00:00+00:00,1.827385664787684e-05,1.827415847244218e-05,6.623360631197173e-05,6.623360631241582e-05,4.213116833340358e-05,4.32136387726878e-05,0.0018879304701073796,0.0028587913776112472,-0.003770922417370981,0.004294796235897014,0.002436933036488842,-0.0027050763304014014,-0.0025411797046228646,-0.0031389896242927096,-0.008097598371793024,-0.0029439896184005887,-0.004233972310311973,-0.002255115000353247,-0.0018626610025822554,-0.0006793167607317407,-0.00020019099168933074,0.0065256206254380444,0.004381439479835381,0.004141120158705602,-0.005429269002919734,0.0031033569344893763,-0.0064025783645229595,-0.0058366088443241315,0.005190593418209266,0.008715297241997266,-0.005381358103910494,-0.0041720646442549025,0.004887225524388361,0.007201310141269346,0.003327963668306566,0.0018988467076548332
2025-09-05 00:00:00+00:00,0.00011700305094763941,0.00011700498342426258,-9.230796336145985e-05,-9.23079633616819e-05,1.2543368626660722e-05,1.9510904217368008e-05,-0.0009764153271939469,0.00038157928254189954,-7.838737455678757e-05,-0.00018971257376698691,-0.000984211991172823,-0.003469452617929525,-0.002001366658995085,-0.0029305610938769044,-0.0009950691255691257,-0.0008773447033607606,-0.0005217995304959144,-0.0018039015854389717,0.004341111906890127,0.004049334358706469,-0.006512903018179195,-0.007221546010786728,-0.0006689604075204025,-0.003948037981416741,-0.0009473136087457812,0.0014354885704548348,0.001656810577157719,0.0031037965005633605,-0.0029265319701189396,-0.0030455136459189847,0.006091893580876029,0.00451873190987806,-0.006646821261895197,-0.005409361776147592,-0.005885700276291428,0.00017261436205195935
2025-09-06 00:00:00+00:00,6.561741172705915e-05,6.561849536734776e-05,-2.9102379963563685e-05,-2.910237996378573e-05,1.832940867441124e-05,2.223554723501664e-05,-0.0016660159123977891,-0.0006161265334961863,-0.006500711925392921,-0.0050148441430323265,-0.0049052982434883985,-0.005699141763219728,-0.0070073964043870784,-0.006360564517414069,-0.007336031424964529,-0.00591822081125748,-0.006011262774780812,-0.005746952328017141,-0.004324545678869973,-0.00931266472114023,0.0008291914370794906,-0.001981220126502592,-0.00504462368926939,-0.005498470895958341,0.004270096702830628,0.00010514644960468722,-0.003053235350913841,-0.004099194713525822,0.0018793084230916968,-0.0036837341153102,0.0023203609480408893,-0.0002565971043373416,-0.0033023908167665317,-0.006924872320816178,1.790925296307755e-05,0.000173625577575498
2025-09-07 00:00:00+00:00,9.3077431488231e-05,9.30789685174016e-05,3.692029093027571e-05,3.69202909307198e-05,6.495014764329454e-05,7.048503479989421e-05,-0.007217356596278424,-0.005893966203757928,-0.005315547357539252,-0.006544638140026926,-0.006330464226175114,-0.003942566019560001,-0.0036485335234242022,-0.0036211042955710537,-0.003285597713504007,-0.004187834674713731,-0.00427305399607425,-0.0045592685507530595,-0.005285923619924082,-0.003104897210711499,0.003752287446307623,-0.008534610223801975,-0.0046560922201407395,-0.004482395240952508,0.00395807474668497,-0.007410488619977507,-0.003654616401975397,-0.003690329727970232,0.0023979013565962326,-0.005689245809281651,-0.005750887860620391,-0.004363403839423796,0.005908685933948332,-0.004784280537969976,-0.004750011685498601,-0.0023430627559520856
2025-09-08 00:00:00+00:00,0.00013436938436894863,0.00013437160306373208,0.00017740626946660676,0.00017740626946660676,0.0001555727238700122,0.00016355276079371706,0.006889776044978646,0.004703836491001034,0.005868579489970438,0.006575110786799732,0.005557952622715412,0.004619505862674345,0.0033008655317510183,0.0034663759423110285,0.003443620886375287,0.005461141247319334,0.005105091284303809,0.005172043838435503,0.0016640195339243657,0.0007475859303864851,-0.003678413149917459,0.0020853493044525884,-0.00500127205977563,-0.0007020483113213682,0.003130517619449602,0.010979348978082726,-0.0030341536364590915,-0.0004358935628662186,0.002631775223912669,0.008672959527013413,0.0036775669209767603,0.0038388474952155693,-0.003797185459481045,0.006654864680377903,-0.0030627897838364504,-0.0020291643004844984
2025-09-09 00:00:00+00:00,4.553882823832289e-05,4.553958007047498e-05,8.33904553756426e-05,8.33904553756426e-05,6.431217145941304e-05,6.701420949828396e-05,-0.006558036934622535,-0.0018070393095884763,-0.006479513785779267,-0.006768587188483499,-0.006501863810458364,-0.0069536271209844625,-0.004177111675023437,-0.004345756475943374,-0.004393276154882719,0.0030244358578281894,0.0032608731682965963,0.003689509838486149,0.001533043607659046,0.0023041598190027823,-0.00411072745245733,-0.013603913670027223,0.004653644353179942,-0.0011149761443466355,-0.005734492175486383,-0.010813952822850581,0.0043172560246060865,0.0017237535683969352,-0.00425327198163572,-0.010378676701802259,0.010431654398902479,0.01067158634838461,-0.011592421556222976,-0.014885536540203859,0.005026827907920861,0.0015017795435974257
2025-09-10 00:00:00+00:00,9.796396090755444e-05,9.79655781883082e-05,3.0877695185171916e-05,3.087769518472783e-05,6.438487767690404e-05,7.020975490901193e-05,-0.0065518723016778635,-0.004583817676300894,-0.002332427715691532,-0.005976726964688761,-0.0021962083307808244,-0.004547463725803169,-0.0059451907675172055,-0.004353802861194134,-0.0026005522070364773,-0.003926152693587315,-0.00367394949287303,-0.0008255698657270161,-0.003819298837754337,-0.0021043010678656326,0.0007725119580932471,0.002883693344423177,-0.007165976064129165,-0.006943744392080786,0.005462810564871523,0.0062225179783894635,-0.004156231034940339,-0.004170771996088618,0.0033071387431429233,0.007461046329920729,-0.003847056452033537,-0.004817370158643697,0.00359165678560891,0.002263559956958483,-0.0005775901658953142,-0.0034217092909012425
2025-09-11 00:00:00+00:00,0.0001736039541440082,0.00017360681988010107,8.250323149883165e-05,8.250323149883165e-05,0.00012793693370305448,0.0001382564839491618,-0.004794034217358356,0.0014681603337880489,0.0013637234368508722,-0.0065758620312325045,-0.007382080358669829,-0.0074092984612584845,-0.012765551229529604,-0.012328854923190025,-0.01264241924792664,-0.012210021601097742,-0.008373873637715912,-0.010857540679170219,-0.01650042691167586,-0.008664434821996192,0.014009847524926178,0.01593055311898306,-0.014896759192083886,-0.010204728196757662,0.01368629110764652,0.013647623488959315,-0.01756135011490101,-0.016428915791206533,0.015979909463162967,0.017661054744221083,-0.008663367415292056,-0.006969788298158863,0.008477364507327056,0.013454548637984454,0.012447588165272805,0.0037275836209822444
2025-09-12 00:00:00+00:00,3.545326765230783e-05,3.5453852788913665e-05,0.0001736605381672529,0.0001736605381672529,0.00010421980617714155,0.00010631239006775317,0.006652211343636472,0.000993997177704431,0.0029239225325519147,0.001420249456510314,0.0010899905518457764,-0.001075370174913881,0.005463862441328793,0.005479044502088026,0.004719089994281722,0.0070095027027645695,0.006458938767151423,0.00476152298943,0.00921310987097157,0.009405548217243487,-0.010116551915509087,-0.0069412273330959895,0.007422213714635806,0.0060741065781777515,-0.007959481428395088,-0.00872775457318542,0.013944719961264562,0.00740382179282606,-0.013855537219915726,-0.008749923591275355,0.010226006355951167,0.010525276017409935,-0.010759306735550256,-0.008081726016526014,-0.002278642719011459,0.00024143902242768078
2025-09-13 00:00:00+00:00,2.4834409440233074e-05,2.4834819304153655e-05,8.79606090158358e-05,8.796060901561376e-05,5.62309538896244e-05,5.7699702095126426e-05,0.004785211080607921,0.0038618963315306676,0.0070012322474108935,0.006908595681660801,0.007529670169341696,0.006015569307063373,0.010457716507493497,0.010153893147539561,0.00866312388036139,0.01175748060683901,0.011496604403425259,0.011756006990069512,-0.0062837028706418385,-0.0009769000758625968,0.0027074442351673333,0.005154383358971781,0.0019931474115302272,0.00771429228248377,-0.0033251901119252247,-0.0026090780371734734,0.004988597305995102,0.00879292585126712,-0.00562590943469099,-0.007012710462323102,0.00045944972896205805,0.004695462141570683,-0.0009082296146775137,0.0003019183206376397,0.009366645915520833,0.003446547557897972
2025-09-14 00:00:00+00:00,8.716882979453722e-05,8.717026838200859e-05,0.0001631136316759818,0.00016311363167620385,0.00012484412287294688,0.0001300128561450009,-0.0016019846155025386,0.0002099852675525593,1.533890722682507e-05,-0.007673690236110975,-0.008318321459632627,-0.00806275222075159,-0.007692016221328979,-0.008345108525048772,-0.008434812543572368,-0.006335915538245973,-0.006198328820591792,-0.0056692499671321395,0.010989044085264243,0.001951721977959675,-0.01285090413380674,-0.010331938414692154,0.00020465536265312778,0.0008394400159779103,-0.001808155516231591,-0.0005784902610749265,-0.013201230524592655,-0.013742851493395825,0.01170733457345463,0.006225708927529272,-0.01846055082700626,-0.01545300494563484,0.01741788607928174,0.003273494337048266,-0.0019241869430697278,-0.00806654414877983
2025-09-15 00:00:00+00:00,8.027343082384064e-05,8.027475549776675e-05,0.00019264292609011413,0.00019264292609033618,0.00013610398384833466,0.00014085889561865628,-0.00271170416755806,-0.002950615977901694,0.0029112795504582234,0.0058597318728614844,0.012152801611487352,0.011541443223608727,0.014028267195548283,0.01386859206461799,0.014489921374407633,0.013187715074207906,0.014148207779880462,0.014004677201867155,-0.0036365915947838,0.006188223212333366,0.000939176856004309,0.005313396448391572,-0.004036551425397938,0.003383866267122837,0.002078654297941851,0.012190435717630121,-0.0016034589850727476,0.008043656180682035,0.001252403260686652,0.004945933329448593,-0.0032669553409812035,0.001169691452324484,0.000834957103274192,0.011651388501422222,0.005383866992333175,-0.0006438393257641728
2025-09-16 00:00:00+00:00,4.857384818035548e-05,4.857464968233138e-05,4.5139794676796186e-05,4.5139794676796186e-05,4.678034548666332e-05,4.966416299434506e-05,0.006009045838519134,0.008616806644020869,0.011123783179546542,0.011553383405466633,0.00865684429635527,0.007493866210084965,0.008284857905952236,0.007607539175820355,0.008475761845814889,0.00801980541376146,0.008600384401923122,0.005513257243983549,-0.01156477238609488,0.0009170334851651418,0.009365793032751757,0.012409600601686943,-0.00734656959771729,0.0018303300928621535,0.005393059709580372,0.008466996583206932,-0.005615404229610599,0.000545608570787337,0.00508819116602055,0.009196276126617553,-0.004495803429428569,-0.0023924348394172013,0.0036173055911019603,0.008066173988138914,0.0021172134931122244,0.0020329582299563054
2025-09-17 00:00:00+00:00,6.950064427568847e-05,6.950179102904741e-05,1.0904657668397988e-05,1.0904657668397988e-05,4.01954332491794e-05,4.4326933283933556e-05,-0.0006111237524173418,-0.003996788235162363,-0.006474977483331146,-0.0022745457969667315,-0.0026451513801966087,-0.003751868484690779,-0.0014236444520470126,-0.0012512500740435861,-0.0015633743531258126,-0.002613750606865417,-0.004112812356656059,-0.003957501757641091,0.0015803681417771998,-0.0017679675561320662,-0.0033695474092693134,-0.004098271623228844,-0.005135798041973838,-0.012304643518304514,0.004431867341970319,-0.0017946597687497068,-0.0007723446557021951,-0.011109168011664616,-0.00011096663426035658,-0.0009265614463005445,-0.014226758265260098,-0.01262392250507538,0.013777354675202247,0.00764484798980547,0.00414328033928979,-0.0053034517575388795
2025-09-18 00:00:00+00:00,0.00011283532954653452,0.00011283719118848623,0.00011807562823795692,0.00011807562823840101,0.00011525261244438312,0.00012194964628053917,0.00941253942530218,0.003323433574497603,-0.0033211042267282664,0.0024547191912596134,9.323775126501843e-05,-0.0003924944034260358,-6.51395453448167e-05,-0.004376280436089952,-0.0012681143706116949,-0.0027002299151970277,-0.0036888123571579,-0.0006340510998816828,-9.609729718618176e-05,0.0041724590135887585,-0.002719145744629614,-0.004419572019500051,0.002101649281466056,0.003219267536407555,-0.0029156628769713144,-0.0012572131562424982,0.002088734316766372,0.001371083324247957,-0.0018201433663724842,0.002152586335799178,-0.0036273280495263682,0.0005847119707766968,0.004428479859167167,0.0006611218181704626,0.0005755346484639379,-0.007094060598434426
2025-09-19 00:00:00+00:00,0.00011400792599736143,0.00011400980677311878,7.662442831479765e-05,7.662442831479765e-05,9.519304245064752e-05,0.00010196340281276584,0.0016956992328311937,0.0041833816051937145,-0.0048174344339703135,0.006579072094076821,-0.000917109332460031,0.010443062616764864,0.009142490311554452,0.0061505628994993344,-0.0018021092026552221,-0.0032707122161401703,-0.004705090351173502,-0.003977168473054404,-0.015009586533867858,-0.012616710009535237,0.012661443670498373,0.013886750298050199,-0.0073860353181534055,-0.003780158281199819,0.005786734534467319,0.00536454857857982,-0.006145337185603061,-0.0003916869738467277,0.0067683636416771,0.009525998309348527,-0.007065223552439215,-0.004329034923987396,0.008874107628346506,0.008361186168776458,-0.0027515157805345636,0.0030717341508255114
2025-09-20 00:00:00+00:00,8.26965516864675e-05,8.269791576664964e-05,-7.651234084182779e-05,-7.651234084149472e-05,3.257482888541219e-06,8.182604289697082e-06,-0.002062731965114417,-0.0007575650910164322,-0.01044338240327225,0.004647495103232702,-0.008355996363447749,-0.006027754732019663,5.723570160998115e-05,-0.0014141209268619948,0.0004039854542137178,0.0021956916004357563,0.002272528308717714,0.001798264822517437,0.006118062405667146,0.008477526662546975,-0.008209043998108179,-0.00702270023675633,0.0047218972804128345,0.006387959197952986,-0.0065743826305783015,-0.007130814494063942,0.0066191256086711725,0.002827276306716975,-0.0077003411360273555,0.0025815283147414547,-0.0028114366851770267,-0.002078596837544411,0.0035319960700652686,0.0035997369156588466,-0.0019020466635303324,0.007188061037864957
2025-09-21 00:00:00+00:00,-4.0827068253701526e-05,-4.0827741640714343e-05,1.1067923648244715e-05,1.106792364802267e-05,-1.4911840988340863e-05,-1.7340516920483218e-05,0.0029541744476853093,0.0034473918553774574,-0.004525595217615086,-0.003101300371657234,-0.006879220744160364,-0.002013983919830098,0.005397488348780621,-0.0015194507144243863,-0.0019411191642095815,0.007420974173369954,0.00647328652169521,0.0046312521301026255,-0.00811272415483899,-0.006478967700745186,0.005136564195084237,0.007393319792875275,-0.009330627429050442,-0.005663110863018184,0.009424083595279908,0.010622057256768347,-0.002952369228328644,-0.0038993089223322563,0.0022643828799671084,0.006710366275902713,-0.003160382593245581,-0.003738817034660502,0.002126213998017823,0.00472989341614749,0.0018375687299967414,0.008130261018679086
2025-09-22 00:00:00+00:00,1.1698544779781272e-05,1.1698737738985443e-05,1.0575305945170754e-05,1.0575305944726665e-05,1.1119132386827602e-05,1.1813500772506202e-05,0.006499102417286462,0.003134110149357383,-0.0007283767073907876,0.0046637195564109835,-0.0007909717615368628,-0.004403201467815143,0.0018083871356437964,-0.0007480530282620856,0.0014174751657232143,0.004833858676688063,0.00450292385470541,0.0036201125939674395,0.0030670127893113186,0.0010568979038840798,-0.00585742802563316,0.0012459743002859458,0.0026601949380857803,0.0008057602555939791,-0.0025307607241505936,0.0018193138604229997,-0.0006610309788818158,0.0007797579832917734,-0.00041630813122017774,0.003377846698717546,-0.003325193994451636,0.0005697656037861876,0.003950046107070282,0.0033178660014807626,-0.002724473416482298,0.0025114417777050146
2025-09-23 00:00:00+00:00,5.695539358319124e-05,5.6956333012392335e-05,2.6845902518335407e-05,2.6845902518557452e-05,4.186215289503359e-05,4.524547003526003e-05,0.0066532629765228,0.00594740511918701,0.00427050085691949,0.005263419187403029,0.008431301159903537,0.005878686567256208,0.0021866948371935813,0.005143015187738076,-0.00040493398686003435,0.0007072332736641762,-0.0006901598132609266,-0.0019770450685798746,-0.010729162653278057,-0.0007455144997196017,0.007123386957105682,-0.000487271791609345,0.014172805588294368,0.010237085326773698,-0.015860687031397203,0.0032286123520191,-0.001789445174541715,0.0032733097357462437,0.0006070197338323702,0.01453041231702934,-0.014778119742710927,-0.0025818008529251424,0.01658766596343808,0.01705216339421023,0.004936837143061146,0.016926968387008134
2025-09-24 00:00:00+00:00,0.0001220804667902975,0.00012208248028566793,-4.15945249876426e-06,-4.159452498320171e-06,5.8999465143205754e-05,6.625820285188766e-05,0.0003335502595673834,0.0036287499941054513,0.004669264972769094,0.008420300316914986,0.008734911826273395,0.005223480687949422,0.005598333758598528,0.004977606567478476,0.006892182483905884,0.008176836551168742,0.007130499569601101,0.008191522747676983,0.0031215675566445,0.007961802907762827,-0.0055642681954927165,-0.0014163790919440311,-0.004759728196174651,0.0028254842084776133,0.002067940521382372,0.006351382588655419,0.0030290343152314936,0.006714653414517269,-0.0037959117151956656,0.007942938411981126,-0.0019381884428424367,0.005238506708485913,0.0018789819777069727,0.005836430059478426,-0.0034195968833415913,-0.008352239819631735
2025-09-25 00:00:00+00:00,5.858420039994705e-05,5.858516652224033e-05,-2.060631345124353e-05,-2.0606313451354552e-05,1.904662445628702e-05,2.2532133993058423e-05,-0.002923116616453836,-0.001939165641859808,2.8986446876100302e-05,-0.004139852789051601,-0.001961059124349962,-0.002102484018132733,0.0014273022815500802,0.002408075576316282,-0.0005817529874392324,-0.005501914964062382,0.0036306389662541516,-0.0049296192904744185,0.004430825770036728,0.006607916684072235,-0.00834822323037776,0.0034685236258553687,0.00030435830003128217,0.0002404797118464863,-0.0013749713438144795,-0.0060732305098994965,-0.003335519846959012,-0.004898557634951506,0.00038534780588861395,-0.004648927412761128,0.004912871420329701,-0.002344683750677534,-0.00628281911809192,-0.008259378051293287,0.008651587405601235,-0.0009391613765541429
2025-09-26 00:00:00+00:00,9.784783732791347e-05,9.784945085899999e-05,-7.2781602081462e-05,-7.278160208135098e-05,1.2709257707133048e-05,1.853545349561614e-05,-0.0012404941512235146,-0.011053690294550278,-0.013009825351069981,0.006420353997752981,0.00480726729590919,0.006279668278367456,0.007043063170556474,0.005728622722395604,0.006527396412022268,-0.007255534883047421,-0.007210763208325921,-0.006914021961546557,-0.0008341343342717078,-0.002738289759332768,-0.00236203842577154,0.0035008877091398105,0.015845721704352833,0.010143200262886287,-0.016262784255977936,-0.00789554293118433,0.012913916956849736,0.011647907780715672,-0.016501547636452507,-0.013221252404599815,0.015622989271050658,0.01072011812607876,-0.015892140597885573,-0.005281482678925253,-0.0038657368758073796,-0.007736327411607236
2025-09-27 00:00:00+00:00,3.532241630366251e-05,3.532299872022193e-05,0.0001241239319362819,-0.0009259904582054057,7.948039589011913e-05,-0.00044120626697596865,-0.00249554427793075,-0.00046843203258239985,-0.0006296397047480529,1.250434441857351e-05,0.001994160559968927,0.006426996019162745,0.00218689571275954,0.001917223210923913,0.002269276080268945,-8.996871597499734e-05,0.001287808658150924,0.004124071702375609,-0.007361999663453522,-0.003061599065754872,0.004015780553315196,0.0038783451337585095,-0.0028231260011208903,-0.0003688629131609611,0.0010231128892626007,0.00027558772647218177,-0.002028623133024654,0.0008979063379361829,0.0013984864556824128,0.0028227341937154815,0.0021300551038392346,0.0025911138999574757,-0.0023728242057881044,-0.00040111742208581713,-0.0020879315714220636,-0.003877440305790514
2025-09-28 00:00:00+00:00,8.4184352423744e-05,8.418574045632177e-05,2.4114205039893477e-05,-0.0009389062167882711,5.412756131062402e-05,-0.00042230200071302626,0.001381243117991593,0.0016642388426331145,-0.00023706869457462698,-0.001023912594848131,0.0018955343120590218,-0.0011468614304203095,-0.001323158596873375,-0.0003744385561899044,-0.0004679924978886474,0.0003295623455521479,0.0001239481119730268,-0.001549478159254436,0.0037411840103243055,-9.013374647204309e-05,-0.005565938343004895,-0.0007637137148993611,0.0015156726434413237,0.00126978704545877,-0.0027877362797648075,0.0008702412174030894,-0.0003406759278388183,-0.0010500023442422401,-0.0005145632668307476,0.0002524609802510014,-0.0001427431644375199,0.0015557262929455362,-0.0004770950037995547,3.68913999460041e-06,-0.000833176092605914,0.0009783933774087927
2025-09-29 00:00:00+00:00,-2.420284517579141e-06,-2.420324419771802e-06,0.0002186861895092651,0.00023421924911493086,0.0001076844410783373,0.00011569238672604065,-0.004932397462483973,0.001562236545033402,0.003044197800838422,-0.006619850518556736,-0.0069052809838071605,-0.006090047816030952,-0.00562233886544794,-0.004395087901047368,-0.005616136173369757,-0.004645229751847224,-0.0020917410835110672,-0.001731237822700682,-0.00019306140050234788,-0.0024077795817214476,-0.0033067940302895504,-0.0014942347013437995,0.0018389807663288238,-0.0032110130929070557,-0.0034362242341103855,-0.005379000762714248,0.0042179555305832395,-0.005064324675360554,-0.004427517938399128,-0.004435369977749737,-0.00047289999975219654,-0.004317933500746607,0.0017407033967522523,-0.0026253240537861267,-0.0002849081764429995,-0.0026703929272764437
2025-09-30 00:00:00+00:00,6.347285248375911e-05,6.347389893912592e-05,-5.6716481648177997e-05,-6.074405283484907e-05,3.509192674222561e-06,5.20324013164597e-06,0.007773611918140411,0.007050982593168387,0.008747712612897418,0.013463701296579256,0.011523073138392625,0.010511510038136329,0.0074508446251804195,0.010294339026061472,0.010433157006205063,0.008348733399266672,0.008451066666001816,0.009628965328985162,-0.0043818858038804365,0.0052893533218987265,0.0015780643855864973,0.003145440923146392,-0.002694796819117662,0.00684229654422186,-0.0003923186806612522,0.0009419045797012249,-0.002188800543438396,0.008064377006790302,0.0010431928455669759,0.005630463778333539,-0.007130429232021673,0.001985350572140776,0.006101828344917459,0.009646625043688628,0.010669500335034332,0.006536392810665648
2025-10-01 00:00:00+00:00,8.072023713001641e-05,8.07215678526596e-05,2.5484119455132515e-05,2.7293916843085242e-05,5.307600618653652e-05,5.886972954893821e-05,-0.0024001617014046683,-0.0020629559270194386,-0.0013487103693133884,-0.00446297259540307,-0.004243559113976891,-0.0034119581989776604,-0.0017555041267405258,-0.0018615430568151847,-0.003709712102390905,-0.004439259241000193,-0.0038526118075500326,-0.004755100064065987,0.003423492190877342,-0.0003113006949077013,-0.0049762297665978394,-0.005485609456983287,0.0022013075681361904,-0.00040927575117089,-0.003440835294281963,-0.005893694358420243,0.0020976873257554374,-0.0032680202547574755,-0.003590768081320417,-0.004393070445350311,0.0061300010818483575,0.0031995149974615167,-0.00700657242892555,-0.006572596192493729,-0.0013408408037671737,-0.0036608439723473385
2025-10-02 00:00:00+00:00,3.291537607630346e-05,3.291591866250165e-05,-9.407926511828535e-06,-1.00760279212464e-05,1.1783670018195025e-05,1.3408052888186361e-05,-0.003669626079208732,-0.006728837229346807,-0.006775355134738037,-0.0014211449800625164,-0.0011972541216378474,-0.003011930494369097,-0.0020817713886989164,-0.0002590975151796071,-0.0022854269077071665,0.0005972273918635196,0.0003100205914732257,0.00012977247456635865,-0.010531362042552339,-0.011459976127730975,0.007519954305601928,0.011684378995606925,0.0011418303050689804,-0.007260139767603535,-0.002320325165633186,-0.005937183840247884,-0.008510978810284064,-0.00651070426387701,0.006312760861458155,-0.00030923817286787614,0.003121694256076557,0.0021318670783880833,-0.0029631163286278905,-0.006590295732974094,-0.0055621776349750185,0.0013256510052914727
2025-10-03 00:00:00+00:00,0.00017289993007696403,0.00017290278011472537,9.594391650891154e-05,0.0001027574169782941,0.00013428413043392595,0.0001482351077322086,0.0035732822050744684,-0.00023042288596153426,0.004695331401187497,0.006974059034486002,0.006164132410385381,0.00842741567129801,0.008883694329518743,0.008808137898449031,0.008032405745690863,0.00515236576947764,0.005267167646034521,0.007912221374513528,-0.0004351179572197328,-0.002387163177162588,-0.0017314691405330151,-0.0031416738181800907,-0.004347852503312488,-0.004854485515548679,0.0031592725489748563,0.0015409685392600014,0.002461729747152752,0.0039288627451115055,-0.004628607687141462,-0.006295714733014712,-0.005830916651805129,-0.003591681453499862,0.005016417170600196,0.0017985551281787249,0.009167015293411795,0.006857596026715651
2025-10-04 00:00:00+00:00,0.00016283771558445181,0.00016284039929526095,-3.6319663913042532e-06,-0.00011722627641641559,7.966864282016317e-05,8.93034304718654e-05,-0.0038473902668244575,0.012583206683622672,-0.005832085244077856,0.014548993740651994,0.01549992281211554,0.008975398667113721,0.012941520302973242,0.01341896319085567,0.010801380565442109,0.015980225755480415,0.015865219356089977,0.00905038878898079,-0.01159679454821061,0.002218127545786208,0.009100406801493932,0.013179268347182749,-0.01588564421316907,0.005784275236581982,0.013983438524473923,0.019222342728158148,-0.016043730234754805,-0.0027584175489540064,0.013935587874465583,0.020642162804057396,-0.018950801878139356,-0.01349096166656083,0.018642140953977426,0.02152663673403965,-0.0022425668166127233,-6.55266397895371e-05
2025-10-05 00:00:00+00:00,0.00013340324520494384,0.00013340544345119554,0.00012930664323662633,0.00012473628020015504,0.00013113581158252785,0.00014395734318117803,0.016904425148215996,0.0200935984260453,0.021996889304274347,0.019319904289792245,0.022200513846426073,0.022360021528172735,0.021767859463120542,0.022898376586703684,0.024099842660008974,0.02457124197795313,0.024533953475865067,0.026187954388764645,0.01993291625871585,0.01982473890490155,-0.022506838849727373,0.02365208943778052,-0.031246506385991135,-0.027056559561823845,0.02952093205920958,0.024029609865672485,-0.02906736133001242,-0.026119433443633655,0.027852870821815978,0.021033199994621166,-0.028510494437664624,-0.02574749898427109,0.027339697172568567,0.0209833675825144,0.024265775500361464,0.024388312169303816
2025-10-06 00:00:00+00:00,0.0001779988279018152,0.00017800176061233408,9.934380961929001e-05,9.583292544323996e-05,0.00013853323520751637,0.00015291219759649977,0.0058639849184851656,0.007804436653736868,0.005282292833623359,0.0064433716638321314,0.007194732507950663,0.011019889142933392,0.010445625213093557,0.010840496162790147,0.011398742146252028,0.00989944028536649,0.012291394481807716,0.012756702856029145,0.0046392290605778985,0.004765047416207091,-0.0074388636308465594,0.009515915456949742,-0.009059408493592103,-0.007145190757723685,0.00794369479155077,0.010896853971846365,-0.007434094105564504,-0.003819609061128104,0.006565237049468875,0.00898474638878155,-0.006654705777480285,-0.002650237932247834,0.006468067723492288,0.01038032711584247,0.006592869546690583,0.00934499710697545
2025-10-07 00:00:00+00:00,2.5901589569166106e-05,2.5902016248302573e-05,0.00011811442600162536,0.00011394057426383775,7.176764356442433e-05,7.771999548888964e-05,0.004176448518220077,-0.00600643291617442,-0.0170388928853199,0.003409831838320665,0.0019724477463523016,-0.010902376655697266,-0.006416563704850331,-0.006609486500217976,-0.007396676698040783,-0.010452552617995936,-0.009299809059378106,-0.00885618156299095,0.01125987360313263,0.0031384832672343155,-0.013756652172063122,-0.013318960925767676,0.01281295450198594,0.00895805802054972,-0.013206599513185369,-0.018192450670234783,0.018392873920795916,0.012336975851893861,-0.018107148900717296,-0.014395027122310555,0.016216688343216434,0.009513214518406476,-0.014930672532671885,-0.01817158026946586,-0.01783843949178987,-0.018592227510725867
2025-10-08 00:00:00+00:00,0.00016157463280164208,0.000161577294364168,0.00015126471202120406,0.00014592002574032037,0.0001561655987563082,6.957171397958817e-05,0.015370257299053725,0.014580531398429741,0.018183407834321708,0.019850826247072018,0.015607060531529493,0.016982057036086573,-0.008906324306269808,-0.007816399617629921,-0.007822019913142797,-0.008200821977734862,-0.009682429016322214,-0.006334668066396043,-0.021292661816561087,-0.00025112239081814813,0.018793413754539134,0.014261244687665098,0.004731131393312937,0.024811659541343678,-0.007739043706428972,-0.008644149301008985,-0.008101243042535344,0.012079057895389766,0.005672346775969839,-0.006105117414420769,0.0006002323942431165,0.010212085447528496,-0.005280790259040158,-0.007969183715461958,0.022673402234722362,-0.007434586276435895
2025-10-09 00:00:00+00:00,0.00018282438398764533,0.00018282739510344648,7.175084876887006e-05,6.921602209386535e-05,0.00012720961225953786,0.00012377176000755163,-0.026482773539200144,-0.001530192119222229,-0.03209646909198627,-0.02859222053284849,-0.03144105866187974,-0.028099139516569283,0.026170041576602632,0.02947857978958135,0.03173065959515853,0.03320897176993509,0.033185386974717845,0.030493875048529073,0.03305748759014859,0.03530108047978353,-0.033805559595419754,-0.03251179412222749,0.0378843467896226,0.03829690782669393,-0.03886548104443144,-0.040080788004918544,-0.02919196975979088,-0.036554241292174994,0.029925179521631762,0.029347342654163944,-0.03605969816030863,-0.03694559072310133,0.028327975116795523,0.033902694018515644,0.03879263326821336,0.03939818525631922
2025-10-10 00:00:00+00:00,0.00010129075339948557,0.00010129242135237249,6.377001693236295e-05,6.151729442116505e-05,8.243763177095964e-05,8.142840680025465e-05,-0.029019510670429516,-0.03870622668286816,-0.025580774102251125,-0.02401031724177971,-0.03522350615248282,-0.03428028155987517,-0.034171054696732095,-0.03797961734811939,0.01492602516722319,0.013095032892329606,0.01845878168839965,0.016962747225343078,-0.033264206398121665,-0.04233496390994418,0.030572122919050315,0.01853823286584433,-0.023513728938300726,-0.03695550999968711,0.022058338338984296,0.014127768246278816,-0.030796307432267578,-0.03419112119396783,0.03312766133709211,0.017161207965422642,-0.030303415504570497,-0.03526003292167257,0.03235092358309455,0.012258774126368,0.017467927577384357,-0.026912556534088417
2025-10-11 00:00:00+00:00,-2.7229053051636143e-05,-2.722950138678293e-05,0.0008972037108763153,0.0008655112828970246,0.000433052307525994,0.00046741467493460753,-0.02696860994493866,-0.03200716760888778,-0.03600598815078948,-0.018479123318701496,-0.020899280994252534,-0.02407520309318001,-0.014382424849391673,-0.013556827367065982,0.00019875519069767478,0.04630249416978138,0.04658451567616506,0.04333838349079189,-0.02775386528038004,-0.018195976901604016,0.025918226718353754,0.02298630397868151,-0.045292842186147375,-0.021185550270761078,0.04214807353861971,0.034467470208634055,-0.04484633656533954,-0.0184669314130953,0.04418057319724644,0.03450222274239345,-0.04912230378961535,-0.01803509163089989,0.047535895428867825,0.023978430769422188,0.04664777018782451,-0.029967301806888003
2025-10-12 00:00:00+00:00,5.9940950123849035e-05,5.994193709724094e-05,-0.0011647099892251322,-0.0011749971062091635,-0.0004701525892535363,-0.0005095937200633172,-0.02461476998036627,-0.018558279463218197,-0.021893869238234664,-0.02101364707059894,-0.017795795227340983,-0.015433326547160897,-0.019807690506969844,-0.022787363072312883,-0.023287559063071894,0.02511883594927422,0.028443519425530805,0.02782537566425969,-0.030597362440233145,-0.022136334874225283,0.02714635511578911,0.035759934337404875,-0.022178619157704915,-0.01404369785497972,0.02445124157476397,0.04274369597240035,-0.029879527072634082,-0.014015685086503193,0.026436493636422087,0.037563871074178135,-0.028194592221962744,-0.01878496067065838,0.026347787012882096,0.037185307343876595,0.02888252043200845,0.02870403874872074
2025-10-13 00:00:00+00:00,-6.287311273556195e-05,-6.287414792705004e-05,2.8749128125449275e-05,2.8749986273224337e-05,-1.873566277732497e-05,-1.5679889179165407e-05,-0.007310203442076224,-0.02268948867587206,0.036231477960157354,-0.019216425586498387,-0.0031090431632812,0.03537066026996727,0.004777833209021587,0.009571229397020264,0.037897300184001725,-0.010933965618539765,-0.018412423316200077,-0.0060587328136187946,0.015153634705292074,0.025293271395077088,-0.017515262385112917,-0.015256747306940599,0.020154557103016835,0.023518318001314986,-0.01853740943972071,-0.018753343294932834,0.0015642874329102607,-0.002748760763864322,-0.0017365496405399306,-0.00816010753356522,0.009805476482864783,0.01913328719302565,-0.010177263984619378,-0.01157432614053544,-0.022666763070806617,-0.018512933907226747
2025-10-14 00:00:00+00:00,-6.29511620344747e-05,-6.295219857643808e-05,-5.969480718481801e-05,-5.9696588994406774e-05,-5.7939037055754206e-05,-5.781391610892861e-05,0.006164403286035736,0.007632187315176342,0.009295751102753824,0.009644363334225359,0.007187643354097606,-0.0013130768519460378,0.007524928951316179,0.00805187814197228,0.009455698648762834,-0.00879703666103493,-0.008650552767070274,-0.008612259248526932,-0.002994923931307736,0.0013431349222401412,0.00019636126089705996,0.004212005190693091,0.01677361557408097,0.012480821856225566,-0.017833053292613976,-0.013466676412116851,0.011395720698404999,0.014051955487482504,-0.012149970895835804,-0.01073518292523512,0.021656034002554447,0.015410050386491791,-0.024882073988832243,-0.0055161638636636035,-0.020305602252609023,-0.027059198649021288
2025-10-15 00:00:00+00:00,-8.647947390050259e-05,-8.648089794416336e-05,2.264142853469764e-05,2.261272184100882e-05,1.285627691172131e-05,1.9951964919107112e-05,-0.0070899309420792145,-0.007273176792520708,-0.001987887596187732,-0.016040364010035946,-0.00372712543590481,-0.0010398890701046604,-0.016068182644968454,-0.012304188046939002,-0.013091396000753153,-0.004754006846509284,-0.0045333527306195,-0.003285151965964017,-0.00015786180709054243,-0.001166210221739794,-0.003037324148550735,-0.0007979978942236343,0.004625181562330605,0.0025619405969894427,-0.004513800329339124,-0.011555638578460203,-0.0023170776980999674,-0.004027458616501001,0.0009684489288255271,-0.00485247345695361,0.0020340071456192987,-0.003286171810513938,-0.0011934923226881722,-0.003854266774604098,0.0052028606770029295,0.006867141943869504
2025-10-16 00:00:00+00:00,9.272921638747711e-05,9.273074347726507e-05,1.3559146158526048e-05,1.3559146583519421e-05,5.304116316540153e-05,5.043777382551795e-05,0.0007366109046131886,0.00686704693940432,0.0062646714786998015,0.008231455321173975,0.0036356928423952883,0.001507958945290433,0.0022815708855381533,0.001956230212893706,0.001034418704486173,0.007997761653644186,-0.0026096544434103253,-0.004447977138677617,-0.004158652524362205,-0.00048024894495146686,0.0010582230160964823,0.008338140237577951,0.0014000986637106028,0.004358852259944479,-0.001970353254890145,0.002628871394980248,0.005104396475085871,0.006400890346598631,-0.007244778514113426,-0.002082969599550677,0.007938088064607385,0.008664337683267354,-0.008354592673950445,0.0004210104991202446,-0.010236010627927228,-0.00899424363057899
2025-10-17 00:00:00+00:00,-2.289043525238732e-05,-2.2890812183318232e-05,0.00010081486353952229,0.00010081486670032724,3.791029360011855e-05,4.237251538841136e-05,-0.003820577312115936,0.0068926976107834825,0.004609421448049655,0.0039443619613157566,0.00524270503671409,0.005546170134987705,0.012771671333928536,0.013480137629614086,0.008963956220560565,0.018832927125233878,0.016734554272265,0.013906964776892794,-0.007321773575713064,-0.004006220815747641,0.004993382775334121,0.005928908349664086,-0.013843358306467435,-0.004633173769495014,0.011525930389536532,0.011155529437426814,0.009033287851488048,0.0036923558233370457,-0.011556660885807979,-0.009639762831069043,0.007580599914103203,0.006190185620321476,-0.0057363511876374895,-0.00560865911512487,-0.0062307368003324815,-0.0048434361420989225
2025-10-18 00:00:00+00:00,-7.626942702965156e-05,-0.0008951027864302352,-6.14792380790874e-05,-6.147924000632354e-05,-6.82701283191145e-05,-0.00045032182919158004,0.0038681632336796667,0.012960800881279821,-0.004540322689737253,0.0033946885810092198,0.0008450163902080643,-0.009062554031400216,-0.009922904193253257,-0.010715146077083126,-0.012596146478403902,-0.013731466953520122,-0.011949474190934506,-0.020408782754472554,0.004238431686475197,0.0008889425650211447,-0.006473288680777234,-0.008170761424581952,-0.0028195316660712955,0.0023947107075039664,0.0018021083409900385,0.00018518596848515756,-0.005393748451723024,-0.007311411328590589,0.005268572401728955,0.0053352235434187545,0.0010661754235361531,-0.0024226643270046644,-0.0007662316078853593,0.010715184759988672,0.0018298358521879887,-0.015562012252954505
2025-10-19 00:00:00+00:00,8.888899757808488e-06,0.0,0.0001352115915080887,0.0001352115957469202,7.06602767233111e-05,7.119778859565606e-05,0.0027768000288181938,0.0019986762951731407,0.006264612671797121,0.0001438324640972155,0.003907342520093282,0.005033219397829303,0.0030596239554709914,0.0018216868677112252,0.006750536988457734,-0.0007531130742816083,4.7559191801438416e-05,0.0024070650538989824,0.003828760039063406,0.00489961795486038,-0.006528800852638628,-0.00027128218528638115,0.004718216675533293,0.005209733882323819,-0.005406133976081362,-0.003594824457488377,0.007306736114245371,0.0046113347552769746,-0.008543243323623884,-0.004198079324944093,0.00496773529822514,0.004301946318455263,-0.006100478181414681,-0.002182081622990051,-0.0032859140722181213,0.003600982464363689
2025-10-20 00:00:00+00:00,-3.7201675643694365e-05,0.0,1.2985938034892897e-05,1.2985938442122702e-05,-1.2254397256161731e-05,6.838387460961215e-06,-0.002248827248855112,-0.010910931435038962,-0.009515458996811499,-0.01754756918920597,-0.01436328749648541,-0.016824251738674523,-0.017185158879688633,-0.017903890720239124,-0.015918856361300526,-0.01996253094945155,-0.014984591615876397,-0.015303072115638972,0.002468080749360002,-0.0018928917357039499,-0.0050527970423743795,-0.012791302116641146,0.0031043753964763443,0.003938786403978822,-0.005245255861309972,-0.011579059880712839,-0.0036647337864120777,-0.005927581399719162,0.0017628567466714262,-0.0017606603027388035,-0.01566931293745155,-0.016263325301065,0.015518981442480762,0.008522397909064727,0.01111307462571598,0.014454642472479406
2025-10-21 00:00:00+00:00,-5.5241310747966565e-06,0.0,3.534776974678522e-05,3.534777085500984e-05,1.454723020177795e-05,1.861422954219094e-05,0.0013776177519984056,0.00439625251427378,0.002194467530835409,-0.013384994413695006,-0.009233803780892558,-0.023300564926516998,-0.02015118107592828,-0.021377894470900438,-0.02348837053405206,-0.020482321247104696,-0.019503335260408594,-0.024994132131200608,-0.014916414241089138,-0.016767996793361495,0.011996160937354006,0.008601245703885985,-0.021085833624224892,-0.02361180282844577,0.019427745977965927,0.016612583279182358,0.016435001622141066,-0.0005753633346746723,-0.017008116723924216,-0.019680621730485126,-0.008312246110547483,-0.01408481945723894,0.009932081393880798,0.01002534712924219,0.007148160199564213,-0.007100153158338118
2025-10-22 00:00:00+00:00,-9.999621496059596e-05,0.0,5.545469977508155e-05,5.5454701513024673e-05,-2.287222877728201e-05,2.9203081014728127e-05,-0.0014900634906914734,-0.006589320800316489,0.008429890293511821,-0.005831323996027371,-0.00654743166568128,0.011876667422703546,-0.00386438925456134,-0.0029179203481382032,0.010623556949735047,-0.0033081332209926595,-0.004490327858398424,0.005923867459612042,-0.004022575625274416,-0.0027398683359151077,0.0011774579136543117,-0.0065145428717294784,0.012711428652991463,-0.005182824979427458,-0.012966942888283262,-0.006642332398154149,-0.004139038591793431,-0.008603977063109225,0.0015110389474684016,0.006531979767722351,0.00958618812159151,-0.0025171055246296925,-0.011778148646991227,-0.0020550122668514526,-0.012605405615943366,-0.0023244296240778617
2025-10-23 00:00:00+00:00,4.24326536427877e-05,0.0,-1.688271713407019e-05,-1.688271766342453e-05,1.2959753330488155e-05,-8.890865888955268e-06,0.007351564673047095,0.006753357199255072,0.0059893213221686725,0.0031674816027673636,0.002278287107829957,0.0005008261367656086,0.002971658673776245,-0.004870213730540196,-0.00858847049673539,0.0008006188031504102,0.0004070121738721788,-0.0013521711780746237,-0.006377124853572336,0.0035238777382915476,0.003744450330599003,-0.012639659907678014,0.018039568696011532,0.002030119612364878,-0.01982870748134613,-0.01798132545747999,0.005495235783666175,0.0028830804782717934,-0.0058590517007443,-0.009563707701370716,0.011424526462709306,-0.0016874698367901342,-0.013803061344032197,-0.012499995014195742,-0.01393841426362219,0.0005965818698558945
2025-10-24 00:00:00+00:00,0.00011920881995286514,0.0,-4.1702984448499514e-05,-4.17029586005091e-05,8.197959732747506e-05,2.4019348324300083e-05,0.0011865952591740836,0.00395785945627436,-0.002330549361481915,-0.002260157559025644,-0.006099885825211926,-0.003190048097092668,-0.005473478228562922,-0.006184502610224518,-0.004794614616446813,-0.002609396357048044,-0.004690877428701334,-0.0055401804745101035,-0.006962440951764681,-0.007547934672968548,0.0038137438204075558,0.005437314851012287,-0.0034384697791055574,-0.00688222826324647,0.002703539130111343,0.00646984221605984,-0.002999906345770742,-0.004735161892300499,0.002958051585300492,0.008625057486668197,0.000861410698903553,0.005736586788464004,-0.0013142878489365017,-0.0048502700756168915,0.00022082458019490048,0.001253435002396941
2025-10-25 00:00:00+00:00,-6.82930191586717e-06,0.0,8.409762665340104e-05,8.409762665095855e-05,3.3616225596055926e-05,3.982161028859288e-05,0.017957404454239434,0.015063143922187772,-0.0009234630132143318,0.014165090062765229,0.00816530540930116,-0.003187051882979186,0.008049692031737887,0.008767477813157676,0.003132988197739106,0.002124860520541727,-0.0017218444128067611,-0.00620335922029569,0.01321348861388505,0.020358830220801982,-0.01533840419092991,-0.0020678566919845043,0.007467266755226021,0.009172473769409883,-0.010668368392338645,0.003445362458289969,-0.011251076971160234,-0.00961648541386051,0.010649252268336351,0.01196302754050138,-0.0051187065778925955,-0.006915401023927292,0.003991768642430227,0.014005230394158241,0.009179266091289051,0.0024057839857554164
2025-10-26 00:00:00+00:00,0.0001172156274529268,-0.0008553359663079352,7.837220682538337e-05,7.837220682360702e-05,9.315711857693643e-05,-0.0003905409488428324,-0.004048099743795053,-0.0028309395511054714,-0.0016212621170884622,-0.0011503607913619929,0.0018488210885321266,0.00012040762140230754,-0.002382840351960125,-0.0022072542420756847,-0.0018012273870142703,0.0003468422930437143,-0.002973501831355696,-0.0035051237063318252,-0.014865065223886864,-0.012034505473569657,0.011705305698458845,0.0006447278004904078,-0.012609018588862098,-0.00678366190422075,0.011082886827308291,0.014155652779469063,-0.014957529180618545,-0.005423147692551034,0.013023829431928258,0.01385862030563989,0.003989508107218542,0.009621820066789466,-0.004801693306791366,-0.0016525506152214042,-0.00820763540491487,-0.006989087040611519
2025-10-27 00:00:00+00:00,0.00010513593648342479,0.00011083890841390165,0.00018804437362907045,0.00018804437362418547,0.00013541113076320777,0.0001444795796956555,0.022433951631303684,0.012490899346877748,0.003773438640830129,0.004420328090880332,0.00570633364265527,0.005280517207824742,0.005508462708148754,0.00412783718923837,0.006397420862842784,0.01582654518747839,0.013998516460538957,-0.006160715557595786,-0.029629591255527,0.0048617033519389175,0.027389102039748314,0.022408269334053932,-0.02990280542838253,0.010612810587686594,0.029231669096480672,0.02218490770004311,-0.0260813787512163,0.012656439255276597,0.02468451160711771,0.02484798047759118,-0.008758856612114507,0.014707539638219913,0.0070489583488067,0.007857586433602792,0.0029133765956494972,-0.023011487058793967
2025-10-28 00:00:00+00:00,3.769363816141791e-05,3.9738057449500985e-05,6.662874774598926e-05,6.66287477442129e-05,4.8201302645267674e-05,5.142581297779003e-05,0.013304976450393857,0.007977113167430439,0.011511515152168306,0.010095968948120815,0.01037263716748904,0.009999979667653758,0.007751294337834391,0.011492120988923826,0.011453520608392775,0.0103979576846982,0.012573967389740037,0.0019348947138611017,-0.011050903028698156,0.010311996570048443,0.007343338529332222,0.011798940925805468,-0.014314074053337622,0.009030215624828308,0.012132076056959429,0.011868433136037915,-0.012053189198308334,0.008772561867216977,0.008984179317221397,0.01265133679501873,-0.01383363226340073,0.003321305097050864,0.01244002903467778,0.010699725587480113,0.010325520394013132,-0.00877282553349601
2025-10-29 00:00:00+00:00,0.00014478641314497054,0.00015263899485429278,-1.5360700946764894e-06,-1.5360700944544448e-06,7.175960419303351e-05,7.555013185278625e-05,-0.002753113926535433,-0.0034626634619246976,-0.0031696261270235393,-0.001650825403532452,-0.0011597583575961856,-0.001938053130271955,-0.0007831695027018526,0.001545560731591733,-0.0004920229615107408,-0.0027321478462861704,-0.003118775574269761,0.0007926519401140197,0.008032308298002055,0.004851242977510939,-0.011290662021224196,-0.008154700242136492,0.003256140501013416,0.004301987116622996,-0.004168217859437329,-0.004116545376188996,0.0010720251586588958,-0.0021686222370377317,-0.0030139107711684154,-0.004885924778860518,0.00041522762874679486,-0.0010931474138045072,-0.0006411063745503931,-0.00011842527656058532,0.010181387908590578,0.011437991937431446
2025-10-30 00:00:00+00:00,-7.876135290729724e-05,-8.303237223883375e-05,0.00012732068351573034,0.00012732068351217762,1.6661720208199782e-05,1.8821527556500683e-05,0.005233601927550735,-0.005071455351415621,0.014771087551828321,0.006008356674327642,0.015471060468149611,0.012649747757053964,0.015490709046751316,0.010538274004931125,0.00970722022271664,0.014213709381073913,0.014014034591663505,0.013885791627295418,0.014557148126248531,0.0171036385365122,-0.01779334949148592,-0.01251381284930042,-0.00505693861994394,-0.006355846299772594,0.004278804668368386,0.015679773799588848,-0.004946584409519672,-0.0032628461072212733,0.0062872928281676455,0.014812164495094482,-0.0022079686032568935,-0.0024061316276627887,0.002132699679835648,0.011348494115754448,0.0037703898601977315,-0.015294825658789368
2025-10-31 00:00:00+00:00,0.00013485503969556945,0.00014216847818127043,-8.868559983443713e-05,-8.868559983221669e-05,2.8406881648956883e-05,2.9024298038748952e-05,0.003422398669449933,-0.006517505896189157,0.0028803758459483575,0.0006025895086554378,0.005755579620337015,0.008483209058691488,0.012795614887373352,0.01231753303990879,0.011240895273913587,0.006007436321727511,0.006270862621229334,0.009777958751448823,0.005092471686359623,0.002756735791055398,-0.008520798144994624,-0.004917375352058162,-0.00577941221710998,-0.0065183127615005,0.003214371441866648,0.00047732404575828724,-0.011148773151914093,-0.0008722056691424784,0.009910993276007751,0.0029955236694012566,-0.011923298632279256,-0.008342711966195737,0.011057993627392015,0.008849945397900516,0.004546613190469007,0.001181929976619145
2025-11-01 00:00:00+00:00,0.00010474952131089843,0.00011042947428419048,-1.1746892352726412e-05,-1.1746892352171301e-05,4.723721312083207e-05,4.9624471497144995e-05,0.007785042610995552,0.00966390506588799,0.007169770521793684,0.007425687948655169,0.009929921495570149,0.0037474358695077647,0.004146995818109511,0.005870313641525904,0.005717546523842598,0.0072161789659737074,0.008286008863939376,0.006391903230722029,-0.006142324020054324,0.01405613642927217,0.0033239260505828483,0.0035194388755181993,-0.008429823771475387,0.000631065362409533,0.007244418462610591,2.5739223316945115e-05,-0.025787355980960824,-0.01062455517998917,0.02727553888345402,0.015530994221998329,-0.012371309589473412,-0.0019813403945218022,0.010971941873247903,-0.0021211191686337783,0.002914312516210771,-0.020329732017704494
2025-11-02 00:00:00+00:00,0.00013193710633108147,0.0001390904928444403,0.0001319507212635962,0.00013195072126004348,0.00012412072977596722,0.00013202506896314858,-0.0005427012543868237,0.004220667149459789,0.015281993441981001,0.006895553871639759,0.007290230704618983,0.015619613998007154,0.016271038528073323,0.015107602038145318,0.013425325181282144,0.010085875245088527,0.009336519495457551,0.010118185580166195,-0.00620928027991452,-0.011219169690280473,0.003471535617763477,0.010710894467244492,-0.014369105254371517,0.0038084166346439297,0.01168476847164257,0.017106612020186818,-0.006126282274388495,-0.0014329531784802452,0.005043263872394954,0.012034916824403163,0.012742974514202254,0.01878101679569033,-0.013450666554108537,-0.00865231273252376,-0.021409726516909422,-0.019587843951626605
2025-11-03 00:00:00+00:00,7.265538612544198e-05,7.659407929461182e-05,0.00012919302536706923,0.0001291930253635165,9.324450387548922e-05,9.948313134344744e-05,-0.008359178404069634,-0.0098563227204993,-0.005921778446206005,-0.00560865868279814,-0.0064900277308302945,-0.012900132726816338,-0.011658244237680915,-0.013134028104341389,-0.0083240084000068,-0.004885281518443807,-0.0049900481379003825,-0.0037650891888889593,0.014070672067854284,0.013969252946949284,-0.017346045158325718,-0.015471860440522622,0.010028979763164525,0.004569115088505438,-0.01122266307207187,-0.016198489494917423,0.010145302294954917,0.008193718675602035,-0.010338966606329603,-0.012715703944495615,0.003083564841037223,0.0015094741663514988,-0.003931028872965259,-0.008338376297255867,0.009510328619594555,-0.0029697356897312455
2025-11-04 00:00:00+00:00,7.24175330697463e-05,7.634303140879872e-05,3.8125472003214256e-05,3.812547200210403e-05,5.3023954255104755e-05,5.621703495006791e-05,0.055472566716768146,0.05996363081176015,0.05772234981047886,0.054189927843328434,0.05995701800358022,0.05889118583158215,0.052725644195161125,0.05533721400691349,0.054320918325194034,0.05542734325298326,0.05663192222946489,0.05510330360304416,-0.04366699151338915,-0.025516230354913683,0.040191629279765495,0.049323373625650646,-0.04784232593456095,-0.01626331097522382,0.04598044419799652,0.04919628469554893,-0.04719419370089273,-0.017592596786000447,0.0473188674033842,0.053705512094152086,-0.055994669683067655,-0.0321265429787041,0.0557342079628973,0.06071399334462946,0.033178700720466026,-0.0153568684034876
2025-11-05 00:00:00+00:00,0.0001191362047265887,0.0001255936640380817,7.900327442489363e-05,7.900327442267319e-05,9.440187294251778e-05,0.0001001978997470232,0.0055681142042069975,0.01178765975631979,0.01961119393802302,0.02262838576445847,0.02162918280889725,0.01462579846342904,0.02299553558054024,0.02213397111030102,0.016889521058519374,0.01950448099292168,0.016685476892388085,0.019051464356856007,-0.007306603826809366,0.0051666510928669585,0.005015512125090993,0.016886586357887534,-0.0158740484849742,0.005952981064374141,0.0121449674326497,0.018100725071563017,-0.009343251709728384,0.005051602403211675,0.0073869668803576705,0.017346259021646437,-0.01482475029513941,0.006261298599541609,0.012671321977821837,0.01598033417104916,-0.013340780419526577,0.008219328020303118
2025-11-06 00:00:00+00:00,-7.28182891263085e-05,4.998308750492342e-05,-0.0001667831396781061,-0.0001667831396980901,-0.0001050221552171271,1.2422201755901696e-05,-0.01622672221482857,-0.014160163765929878,-0.017833789794801325,-0.016568618549805625,-0.016333271879955258,-0.017045608034860882,-0.017156012905493068,-0.018405159928356896,-0.01970152571425965,-0.018498345618846446,-0.018117724359903664,-0.017230911052065756,0.01666835004857914,0.011228724565002235,-0.019085819186907438,-0.018240222854017496,0.013209880468371127,0.01732811657345379,-0.015249998979020574,-0.02031464492797319,0.018140829792655078,0.01756438144340189,-0.01986972344925486,-0.021719544243150923,0.013191709982462552,0.013749912278407717,-0.011958422384083067,-0.021380338799909526,-0.015422805797309813,-0.011208157446720879
2025-11-07 00:00:00+00:00,4.869723192668651e-05,4.4206031141635904e-05,9.754306472231633e-05,9.754306472209429e-05,6.975518819740678e-05,6.130458377517911e-05,0.06252677514103433,0.06257162559903517,0.07120614589482832,0.061797386917168184,0.06601247950956046,0.06794685456692129,0.06443997811174973,0.0637338800543008,0.06776250582194399,0.06743945324878187,0.06719541819951735,0.06757313093872974,0.03746990790187632,0.06651155277089238,-0.03969176285597942,0.03728256803027796,0.011433232347503042,0.049789444313600884,-0.01316467672966326,0.06458947974569029,-0.02533422238938554,0.045388216977006124,0.02216974436537722,0.06517780060061362,-0.023156295166783525,0.045611657216317214,0.020371699236498175,0.06601503944883258,-0.04490671117275247,0.04000466170569861
2025-11-08 00:00:00+00:00,7.154654147378814e-05,6.494830854730793e-05,0.00014326134866471385,0.0001432613486644918,0.00010246144858783168,9.005096489222986e-05,0.0812611258489695,0.08227750875207684,0.11230255609601913,0.07943085779526715,0.0790454879468585,0.10137265009714458,0.07974854799062836,0.08256766784851455,0.1043407987131102,0.08028336144092019,0.08735937553596718,0.10601680990884566,-0.05852626892294688,-0.03660480018325063,0.0579997799828007,0.09073992748516457,-0.06669413946886982,-0.04886437311908509,0.06022449282655695,0.08172637918928727,-0.06623651545734033,-0.016221754392593324,0.0667610602495805,0.08947911555126153,-0.06764777545341483,-0.007259160675871845,0.06948467643897116,0.08031381757607337,0.013616526430375808,0.04808504273939196
2025-11-09 00:00:00+00:00,7.508441899539697e-05,6.816036228185496e-05,4.7570087301940234e-05,4.7570087301940234e-05,5.614138627119125e-05,5.319073049081524e-05,-0.03827529879671532,-0.04378900219726212,-0.04949228530940575,-0.03716824458792345,-0.04228880185828365,-0.04052401893412039,-0.027281661680898628,-0.0369159164017242,-0.041384803841116424,-0.032843462626848896,-0.03745315392914739,-0.04388543078122631,0.00779916782208101,-0.014062959963870858,-0.006993015611972853,-0.029174590528647126,-0.001871762524646381,-0.025068864811507163,0.0015607727997943854,-0.028386252516562127,0.03503878279368977,-0.013683741556440365,-0.029858465294108738,-0.031061171873646765,0.04497122515745722,0.013129330875174094,-0.04132895434162065,-0.04523487211134081,-0.042659939189442886,-0.047821848156466285
2025-11-10 00:00:00+00:00,0.00015625148049314141,0.00014184342633627445,0.00019192199117012976,0.00019192199117057385,0.00016329628208189284,0.000148048733658257,-0.008574497285883331,-0.015629211390031372,-0.015629107198154246,-0.028087585773856283,-0.02651189595085035,-0.0274448074489817,-0.02597229835982251,-0.01822973906886427,-0.02241501525636369,-0.018915479025497728,-0.019396620592385228,-0.021454097571802833,-0.006913778964312223,-0.013067491593251934,0.004065867695286718,-0.00715645981957358,0.014167786923346748,0.009492105286479369,-0.01438071603372415,-0.018530153575044506,0.014834532417697499,0.00667856318933624,-0.0171215937538578,-0.016943676851215672,0.014600738495605947,0.008994522373167557,-0.013572399003993096,-0.015583501334362593,-0.01862707710135969,-0.009867813661215252
2025-11-11 00:00:00+00:00,4.285774943713072e-05,3.890636800063518e-05,-0.0001168600106673523,-0.00011686001066757434,2.0667311593669524e-05,2.1213774721307033e-05,-0.0227935018212041,-0.026322472240422945,-0.021287246549311245,-0.03827332687458518,-0.03753223290713892,-0.0939551930204201,-0.043315935965799524,-0.045085903564187735,-0.03916739462419394,-0.03888559872087005,-0.039269454156156125,-0.04319268923255737,-0.01828801964212623,-0.0312373159216478,0.013456513694473315,-0.026547747134971766,0.02549757762471838,-0.007926837955676391,-0.02640190271245768,-0.054598736873528564,0.04209081204812182,0.021994060644207725,-0.04358232219341995,-0.047902391305565506,0.04286849443585816,0.016750962864400698,-0.04505604145517206,-0.04425367496090049,-0.0045789172289539826,-0.0505840256226755
2025-11-12 00:00:00+00:00,6.969013541513469e-05,6.32651224896641e-05,1.256701034879626e-05,1.2567010349018304e-05,3.707989523271671e-05,3.728788476164979e-05,-0.00580047475861889,-0.0020254664677885614,-0.002335739690643046,-0.0013773699309702625,-0.0017186314606484343,0.010137260687945071,0.003754830398926101,0.0020343427747082643,-0.0022649758243027396,-0.006960782075157046,-0.0025088894017447627,-0.0023304197405804583,-0.0032597033204796455,0.010616639638170833,-0.0010380761616910483,-0.01761861348898086,-3.324815345384646e-05,0.002483896063820268,-0.0031268455761797043,-0.012021085069102821,0.004672428445906984,-0.00699379711989645,-0.005475736075872928,-0.010957107609947836,0.015714081808267055,-0.005887937539984511,-0.019115415707276262,-0.011769906694542365,0.0077479967301137265,0.010442667286470586
2025-11-13 00:00:00+00:00,1.5313726675403316e-05,1.3901982144570724e-05,5.143680038521836e-05,5.1436800385440407e-05,3.544445414438435e-05,3.0140049479543407e-05,-0.014682679558971512,-0.018295959821781782,-0.017597520877698947,0.0224814268814979,0.01865851888253145,0.020651601538320463,0.01825963573821876,0.018346764665400306,0.023267051391354432,0.006511384842047052,0.01185743697863928,0.01374855586405821,0.006954310098612915,0.010046596571318123,-0.009925281100224725,-0.015260729618567503,0.01313808791275739,0.0198340948547453,-0.013953599042364151,0.013412459541527033,0.032118772304539966,0.025652317628829024,-0.03278754944625217,0.009053832248387517,-0.009633512763151608,0.003371737222388038,0.006362171933631311,0.008151705459527925,-0.012156293591429779,0.017489216558656207
2025-11-14 00:00:00+00:00,7.414886746248683e-05,6.73133136432913e-05,5.224970785300265e-05,5.224970785300265e-05,6.125545451829417e-05,5.7203680832618176e-05,-0.010762171726317105,-0.01041187486510109,-0.00839208243327838,-0.012989116359071518,-0.0010902687878402428,0.0013235317342457087,0.0047576774165030145,0.004583204927088413,0.006345434385213844,0.006310031519303205,0.011531257468661238,0.012437464851849711,0.01010902848309203,0.0036237795699796127,-0.013089999580129463,-0.005629161072401301,-0.0016447963502252971,0.0027098379880863277,0.001540855051464396,0.009089003632353432,-0.015259508039746628,-0.0013020337427197548,0.01524113609778599,0.013515393194002856,-0.018900374531046205,-0.007403257520233408,0.014866061142869036,0.006451763529554677,-0.02015494710842003,0.003779228344280794
2025-11-15 00:00:00+00:00,0.00018415462534648874,8.8181095837081e-05,-7.162889966183528e-05,-7.162889966183528e-05,0.00010281809186651891,4.731050285533556e-06,-0.01871878485435785,-0.015284618719445087,-0.05157943877685012,-0.045225158838292256,-0.04209252352822124,0.05079896082078528,0.047946476939587646,0.04839431825956342,0.06027459003738067,0.0601961608710917,0.0543994298055257,0.056762513849606844,-0.005039265523178682,-0.008823602982252599,0.002061353940995714,0.0014398544587574946,-0.01845726796978553,-0.009668765489088682,0.015162334011245449,0.017273060911377813,0.017231049896324402,-0.003191763002293624,-0.015689580021857052,-0.04459701404129823,-0.0375012331438519,-0.04474638012133292,0.036711093668380324,0.04023150790110064,-0.05158971490828068,-0.05286919652614719
2025-11-16 00:00:00+00:00,4.699877987235368e-05,4.7781663450541245e-05,0.00011173984238554979,0.00011173984238577184,7.540629250102349e-05,7.719393145011466e-05,0.0008264882533774998,-0.00839302858142954,-0.009878424639932604,0.01406419379495194,-0.008352556744611994,0.0064212841471451565,0.031459605069362295,0.03448935989782331,0.03595510693802573,0.026925945469841395,0.021468901880093094,0.026141208069861532,-0.021995744037121012,-0.028313834871306898,0.01916425785716558,0.040765034404387945,-0.026273500805794048,-0.02739728034678246,0.02462254857753754,0.03852985110535179,0.01657253797688485,0.015820503179606593,-0.020316011139842716,-0.03068788599622041,-0.03379584109359435,-0.031773722712471364,0.03186920334923293,0.03025526660541411,-0.03515056431416774,-0.024909561130373792
2025-11-17 00:00:00+00:00,0.00014717323281066008,0.00014962465819490234,0.0001269394578373717,0.0001269394578378158,0.0001260826033617768,0.00013025663410126676,0.010488040587360414,0.010250042445964391,-0.004425479037573288,0.0058757964722147005,0.009608509447276647,-0.006062345321103835,0.008091906261056936,0.005739785117006013,0.006369200376861173,0.005773771120600735,0.006506321969680151,0.005218554016800159,-0.0029563839397158675,0.0021457312493384784,-0.0005016377819330176,0.002896581009826038,-0.0030918820537150227,-0.005622078024213328,0.001344798902778388,-0.0014444745813210202,-0.01326177988692201,-0.0057060874326788635,0.012083196345564318,0.01061472848624323,-0.00578923650259322,-0.0034415843718547112,0.005034292433808263,0.0074833974635879486,0.010422100941309242,0.01099734208559755
2025-11-18 00:00:00+00:00,0.00015261453431647531,0.00015515621371475774,0.00014228927833159766,0.00014228927833115357,0.00013600546215730702,0.0001404013342283239,-0.012032595598842066,-0.015238391956194364,0.0007106523888633642,-0.015930121027009747,-0.01327604072504418,0.0008246250593595406,-0.01711589786068235,-0.017906565915592587,-0.020148255680490723,-0.011533300886209963,-0.011318680701156492,-0.006249799636770859,-0.006954912700155913,-0.008879563762835274,0.0038618974402013784,0.004074592487741446,0.019714677515975332,0.018279794232336055,-0.019368658386319737,-0.01964162594089558,0.006232307146933014,0.005042713096520934,-0.006688385507047312,-0.007388392077952166,-0.004553568716581302,-0.00018118029688574122,0.003848293318337026,0.004184562888988719,-0.009031152344561533,-0.005844866068692611
2025-11-19 00:00:00+00:00,9.019540111609992e-05,9.16973041307223e-05,0.00013564115200193072,0.00013564115200193072,1.3625807969264159e-05,0.000108750001116098,-0.01153597665641859,-0.008437976209446085,-0.007785762226709014,-0.006641920017042335,-0.0030949435226979016,-0.0015245442529749909,0.0007388428470762598,-0.0003411300621174451,0.0003496671512985827,-0.010236377279093323,-0.009956476413478854,-0.01211957709033673,-0.012464592638917193,-0.011617956652481887,0.010388173288981895,-0.005606911920711499,0.007020171424042321,-0.008740155419547091,-0.009379804777900347,-0.009996419628909181,0.014421721053361924,-0.0019284519653544052,-0.015755355649615943,-0.016436542153985045,0.014394816736283067,-0.002290998601373717,-0.013919214187950613,-0.015119679018791743,-0.0008849552393195292,0.00028503404316770897
2025-11-20 00:00:00+00:00,6.95674718986794e-05,7.072577946742875e-05,7.295983507260573e-05,7.295983507260573e-05,7.401052820221743e-05,6.805027065448499e-05,0.004513265930544463,-0.021339987869159693,0.01082921799977754,0.012252503248888047,0.010639910427769239,0.0070617916066777475,0.0032434175560986933,0.008298461061357676,0.01203728074582977,0.01092159233719614,0.010175942192028442,0.011352350243512443,0.01982389423236519,0.01978947941011877,-0.022203011746754986,-0.0002914318275909489,0.027684330131728663,0.029488825377131933,-0.0292195684034392,-0.01954872863914303,-0.011054468970296716,0.00020950549129561402,0.012008390874322705,0.011901864239883153,-0.01263673679429489,-0.003203769099245579,0.011899069208637147,0.0119617384950097,0.007891592894034183,0.0040368053005699345
2025-11-21 00:00:00+00:00,5.398369804221481e-05,5.4882470157169294e-05,5.982248847180571e-05,5.982248847202776e-05,5.9014096029263996e-05,5.4409644063335705e-05,-0.005904843398448989,0.018708189453703117,0.009927655516275058,0.01532515747233787,0.013450096303288861,0.009265860243229618,0.01623453073411185,0.011686149786465094,0.005208437528618548,0.018012879858304354,0.017373387291913955,0.01661191567022824,-0.005458074974329041,-0.01770243015366979,0.0017731726668082093,0.01001118442979676,-0.013040374119371534,-0.016168068059057794,0.011873434312384301,0.004968054916490772,-0.004860645668836039,-0.010769376274638254,0.0028914493901999183,0.00506421991403494,-0.004592727174193678,-0.010985622206545087,0.002099940119720145,0.005924221450434253,-0.0017757245493594809,-0.014236415644979905
2025-11-22 00:00:00+00:00,-8.507602544860493e-05,-7.140760817747616e-05,-6.408546319636166e-05,-6.40854631965837e-05,3.1855195189667285e-05,-6.782461803089834e-05,-0.021188905472457775,-0.019825551184467605,-0.01613502839547054,-0.01652496852016394,-0.011483814675260606,-0.012653838480467972,-0.007190873495943939,-0.009838144084017952,-0.009915620136850323,-0.013220391151424704,-0.010365307320584938,-0.012314935252746961,-0.012872250453745293,-0.013403598433494923,0.01115303674078949,-0.011320113257128672,-0.00869914927692128,-0.010671880210315732,0.008047447952706399,-0.015482867672840128,0.01357968917012764,-0.014599766256798263,-0.013727584206825183,-0.012573118139729833,0.0190760440011728,-0.007199468453978675,-0.018891046953018575,-0.014935212055760094,0.021883581219479975,0.02664166942999513
2025-11-23 00:00:00+00:00,0.00015875683750721237,0.0001587546610981594,7.063418585628867e-05,7.063418585584458e-05,0.00010630197761507532,0.00011092619354280409,0.0031513976448589442,-0.0006129364720012243,-0.0017218017177191847,-0.003222709909503574,-0.003855886112971163,-0.0031260883921931937,-0.002225448013590259,-0.0035339189785197345,-7.938045914956948e-05,-0.0012574888757921343,-0.0061090280236515415,-0.005092494916263179,-0.005388071651614035,-0.006416335792490679,0.0030615318616349363,-0.006081646348916614,-0.0061453596423777235,-0.004183452028613477,0.004964108763303665,-0.006242406321432137,-0.0036968259622663924,-0.005208876119312755,0.0021757252141996197,-0.008620490815726023,0.010900115584720371,-0.0014130325839813995,-0.010684172602334896,-0.011234643661076515,0.01714381584920166,0.005825455670833257
2025-11-24 00:00:00+00:00,-0.00016382584015095514,-0.00016382359460653806,4.8455412980041856e-05,4.8455412980041856e-05,-5.6189134712836264e-05,-6.026849002971346e-05,-0.00560088846718898,-0.003320611615415525,-0.001585531998523626,0.0027185263917686164,0.00219145197319226,-0.004742764994086102,-0.0034003057668410275,-0.005067754176288353,0.002886925005332941,0.0004015407256929837,-0.0056561363160536615,-0.00553657695379095,-0.0020825587163256776,0.0002067741367213216,-0.00039872963151621477,-0.00948340163159711,0.013614088070410757,0.010149011203226976,-0.014939096069955138,-0.023336038430375128,0.014770274077670287,0.010489447184993894,-0.01575194498404453,-0.018224361080928175,0.0037133554135699853,-0.0009088764226128365,-0.005155981240055008,-0.004678660608978369,0.011279545583627426,0.02174756893681762
2025-11-25 00:00:00+00:00,0.00017239129111401574,0.00017238892777693415,4.444935784864157e-05,4.444935784886361e-05,0.00010120593200380057,0.00010604295006988451,-0.008708017061801687,-0.008537260235037425,-0.0031705660992056295,-0.012506441732929141,-0.014714643835972319,-0.01343863672179213,-0.020961571056137385,-0.020863613235410305,-0.02089142008961642,-0.019380582325828177,-0.017130509145612094,-0.015490442645819447,-0.007244212677312789,-0.004282918049581919,0.005604852579079722,-0.0025900575204783616,-0.03140431866155713,-0.030179457456226078,0.02926021227014286,0.02684993430995597,-0.0050525113277249956,-0.011454155845082581,0.00398874285970896,-0.005709212635588767,0.021088680958022188,0.018562388781226735,-0.022622219447596237,-0.02366589412705722,-0.006789077884035932,-0.002489538523231749
2025-11-26 00:00:00+00:00,-2.517406978230774e-05,-2.5173724726768043e-05,3.153620717011307e-05,3.153620717011307e-05,1.990097959314596e-06,1.5007011904266676e-06,0.004164260704701217,-0.0014535192424363075,0.005081744372844144,0.005483763775343764,0.006655745140444536,0.0016404239977483304,-0.000301646993817295,0.0027228856591585693,-0.0010861141940462504,-0.0012451137211372254,-0.0017871545295717883,-0.0010775219217696863,-0.004435262089925396,0.004502772080119399,0.002861210856626606,0.00565430578811954,0.0013899629812490488,0.006236412127419211,-0.0020043325884756547,0.0063015263299526225,-0.00041793874642337414,0.006386837843077364,-0.0015742303733520258,-0.004831118650380772,0.005229201228667213,0.0030817428782643486,-0.005534650803510233,0.0007108143426941549,-0.003595753972338467,-0.006347012594645762
2025-11-27 00:00:00+00:00,1.2379034801890398e-05,1.237886512095443e-05,9.133516055714885e-05,9.133516055714885e-05,4.613950674259293e-05,4.698965160176982e-05,0.01073408483448035,-0.002198021423179153,0.025527714065609608,0.015599329943607687,0.022789642539184474,0.025670444869825282,0.024214060494746503,0.016024758842638098,0.01827712516503066,0.023659128389163175,0.019741570013765086,0.021383567297748263,-0.013037033790063268,0.021186328226637352,0.010525279002614907,0.01189648196598525,-0.008855247743273065,0.008767971083347259,0.00948563714035311,0.03438527057215923,0.007567025486834078,0.006701715088228477,-0.007874702470557438,0.002824103001118239,0.038229043904185245,0.03313557838339021,-0.040934760221906896,0.004906444134979315,0.018780571113544697,0.02486853581752979
2025-11-28 00:00:00+00:00,2.1483100978159086e-05,2.148280651015355e-05,-7.813820156465923e-06,-7.813820156687967e-06,6.7232002245454225e-06,7.249745779702721e-06,-0.014404307292045226,-0.017572728332516663,-0.016570696257733775,-0.013440302310754992,-0.013491475440648881,-0.013687730686114619,-0.0164439299447372,-0.015195555163165508,-0.0134764352188117,-0.014189160481688612,-0.014121529590722104,-0.013699164396496655,0.00458404976886273,-0.009576141831304619,-0.009582369403711932,-0.016229927605089123,0.0018272583266771836,-0.019049358496440405,-0.0031315161949293513,-0.0014017473921694723,-0.017026548369803884,-0.016687700072013034,0.017153478612607964,-0.01057521461770572,-0.002820074317801069,-0.010751105591509935,0.0006176459137656742,-0.019831428392417805,0.003475073294725517,0.0006841314354122385
2025-11-29 00:00:00+00:00,1.8650348171167508e-05,1.8650092536987017e-05,8.62918661237444e-06,8.629186612152395e-06,1.2634177542825142e-05,1.3179215008873868e-05,-0.01052920608689567,-0.004555704858709486,-0.0056151766519200175,-0.004507123391099155,-0.004813631589270395,-0.005541667716096432,-0.007599923293407196,-0.005368349084729163,-0.005416062511569675,-0.00619464952536275,-0.006682258588082801,-0.00622845585128573,-0.0007349887561191037,-0.00045149168065738987,-0.0016089656928294227,-0.004946532966482953,0.005568067231189522,-0.0018141547968225646,-0.005673340936448779,-0.005147521345786998,-0.013573834638837545,-0.013314061319222303,0.012967058829647549,0.0055858256530891826,-0.005581271130014609,-0.012735120327282412,0.0057233625720432,-0.0001720940839659013,-0.0031126242983007257,-0.0017072154468777967
2025-11-30 00:00:00+00:00,2.3818473593451017e-05,2.381814712815178e-05,2.0488423189579663e-05,2.0488423189579663e-05,2.0310823790836707e-05,2.1060894159541377e-05,-0.0057748872168563725,-0.010736278553355016,-0.006535837934965927,-0.00607432437110178,-0.006612748906942523,-0.004545838152852366,-0.004360525716736063,-0.0033769908676362093,-0.004453677149535595,-0.0046613215628504845,-0.004921644195726271,-0.00469996949347562,0.0016846213845944646,0.0004094556024629714,-0.004443650339257532,-0.006393079148558689,0.010586616641059976,0.005927852406286016,-0.012023808943313563,-0.01245451488386895,0.00748986513554839,0.007061600216826225,-0.0075686398398775445,-0.01243125595480199,0.0025868977026271,0.0020404392637454194,-0.004588005497354941,-0.005819331653897808,0.00844568891997488,0.008433048679505672
2025-12-01 00:00:00+00:00,6.870240372425229e-05,6.870146208348693e-05,7.226202218135747e-05,7.226202218180156e-05,6.439096681631895e-05,6.662953074854094e-05,-0.003935573995330399,-0.00019705415345938615,-0.00016276619218025257,-0.01618215489190611,-0.012272287160935313,-0.013974261552431977,-0.01396912559585406,-0.01136820337210731,-0.013682812810672962,-0.011291932238402635,-0.011789420704998888,-0.01138239152331988,0.0054737018516062275,0.004762302940650942,-0.008655596941803734,-0.016899326756442568,-0.006734104791098816,-0.007428984266613203,0.0036306386718574224,-0.009229839770240944,0.004969097927724819,-0.0026648154505348742,-0.005377272701812985,-0.01119568686248984,-0.0009680205999063052,-0.007489317383457483,0.00039098211641364067,-0.0012049972527715669,0.002911008836654405,0.009271582289077429
2025-12-02 00:00:00+00:00,4.6498352220814e-05,4.649771495457422e-05,0.00012315367624804452,0.00012315367624826656,7.632487379094499e-05,7.826326024229502e-05,0.004785917462872602,-0.0032315117394261517,0.010791258840479934,-0.0033149719668255084,-0.01020773717879675,-0.015235812346248712,-0.009210939740426083,-0.006009617823536706,-0.008232417432728956,-0.006452900773047721,-0.0056123462664575685,-0.0056392193890202336,-0.015697746997348494,-0.015434298912075928,0.012762712339772442,0.00283947981300936,-0.016517528481435173,-0.018174346939217156,0.014041408575274916,0.01204331460909791,0.00011768818238833134,-0.0027162897446026957,-0.0010880554761624195,-0.003272580220475607,-0.0007511241332978091,0.001210302069134972,0.00017989521485550775,-0.005099836127705593,-0.02027074223898595,-0.02826768644411648
2025-12-03 00:00:00+00:00,-6.517501762037803e-05,-6.517412442930137e-05,4.7337886850407074e-05,4.733788685062912e-05,-9.973341781543965e-06,-1.1435872508069878e-05,0.005663995703271807,-5.412956035710792e-05,0.0030950248814651804,-0.004464820527606328,0.0023357211684156276,-0.026756788599017423,-0.034334473607294136,-0.0332130903799881,-0.030211284999248744,-0.03578620823951251,-0.03674298719333591,-0.03087926348069081,-0.019603005866737355,-0.022212444096232242,0.01716689218479628,-0.008659536066302764,-0.027520329463993076,-0.029676332222588475,0.025460976444246164,-0.008619031604694016,-0.016489106175496926,-0.029352984006066896,0.01555497979361209,-0.004673862036380871,0.016721371416186015,0.013182641596922284,-0.018968630111604545,-0.0033585890833121024,-0.03046255394001185,0.002061455945672863
2025-12-04 00:00:00+00:00,0.00015517686712551715,0.00015517474036541579,4.532139115309697e-05,4.5321391152874924e-05,9.34407614279209e-05,9.782396343238631e-05,0.00307104327883323,0.0011571843024296147,-0.0009262552998098306,-0.002036147883066053,-0.004926112729514154,-0.008165342985659518,0.00648498385914742,0.004596705561642267,0.00879784029548869,0.00469703683402134,0.0047771519765047454,0.006072867209488075,-0.0036022772235566602,-0.006721621697923119,0.001881702982481137,0.004469162204165045,-0.003641402263242388,0.006269945759354467,0.0006288251580190973,-0.0008256273546345394,-0.010755134690441537,0.0035325512740156384,0.009188671335979892,0.006482254434726276,-0.004333856010043657,-0.014594915205061398,0.0030730409843271467,0.0013747246371134114,0.010063576858961643,0.0035276365920187125
2025-12-05 00:00:00+00:00,3.0082727435098988e-05,3.008231520329474e-05,-1.5340716923439857e-06,-1.5340716927880749e-06,6.376659605167312e-05,6.520636422502335e-05,-0.0029988306988835145,-0.006890745187921321,-0.009350290923902493,-0.00447306795579816,-0.010224845231976198,-0.0108845014521326,0.0073946816278736005,0.01039866418981128,0.012287709589999363,0.0113343288873049,0.011648405147439922,0.01355648838875756,-0.008123730810247864,-0.004708117439918169,0.0052734012403048425,0.00035818716275137774,0.014900238066923865,0.01407169485406179,-0.015631224072677585,-0.009143224374356662,0.016169260151547515,0.01391457545132102,-0.018053981841880562,-0.010523647992172869,0.016376599096097122,0.014477200700510506,-0.017034902111630723,-0.013121501962507942,-0.00206010579816418,0.017661504501330416
2025-12-06 00:00:00+00:00,3.602181439354979e-05,3.6021320791945755e-05,0.00011522652787032683,0.00011522652787077092,7.381755777124965e-05,7.550863144567543e-05,-0.0013732120583929142,-0.009360464698403903,-0.006248992780518825,-0.0032484431573507333,-0.012936956380640852,-0.009187205711093771,-0.004290626381081464,0.004881364808265065,0.0012291164640572116,0.0029965809998333537,0.003976355904440787,0.0038840127839414595,-0.0026248942899337324,-0.010052266401522791,-0.00023968672477292507,-0.011345862026312714,0.0017936667056248634,0.00290274965913917,-1.4896131308006488e-05,-0.008754543252498803,7.47721104090715e-05,-0.001330006414700713,-0.0022248122081701682,-0.0059383873898124495,-0.005519302431338358,-0.003740466080589533,0.0038783324373903305,-0.001248985950814463,-0.0027855959360398863,0.008487664384719817
2025-12-07 00:00:00+00:00,1.1927407958189917e-05,1.1927244524256864e-05,5.682861490763358e-05,5.6828614907411534e-05,3.364354168566841e-05,3.4322336173620016e-05,0.00044890788529849956,-0.0033963331043184164,-0.0028547039378529204,-0.002496709387435292,-0.0014443980604760265,-0.00153430529448495,-0.004182247211162116,-0.003981659261449555,-0.00499237644391215,-0.0019261631759106557,-0.002352578610615108,-0.003217076502934346,0.0038331617546922825,-0.00043921773580835044,-0.00654866484763339,-0.004232892898311746,-0.0011408252357338888,-0.0007446386685006079,-0.0003324837682620041,0.000392790347303551,-0.009683549070393038,-0.009928154606376971,0.009713780776957393,0.00990831466140385,-0.012525543755102508,-0.012771242636708813,0.010857989545137725,0.012328665215916246,0.007005057615784516,0.007809029106603305
2025-12-08 00:00:00+00:00,9.096463880475802e-05,9.096339238956475e-05,4.534631064134764e-05,4.534631064090355e-05,6.539695617036045e-05,6.810311480243136e-05,-0.013429910502072762,-0.014315806562782862,-0.004306684122134752,-0.006606311255339281,-0.004749524419873752,-0.000698626123880941,-0.005008116056766321,-0.005350497649531327,-0.0011426426742001672,-0.0024942144767565733,-0.0014283166646543721,-0.00270377382443443,-0.0004255403884225739,-0.007612227900866464,-0.002255063613858299,-0.010101197477935253,0.0076958531006243724,-0.0036229523663695584,-0.00940077244766302,-0.009008348813893785,-0.007688853594359668,-0.008502360014397858,0.007316820155142345,-0.008154336401919204,-0.009949127897610044,-0.009109049173041783,0.00996040586864555,-0.007196657357978475,0.003818834874034893,0.007500326495711862
2025-12-09 00:00:00+00:00,-9.478721218503239e-05,-9.478591350964294e-05,-2.968490198840268e-05,-2.9684901988180634e-05,-5.94909867365212e-05,-6.219891999592608e-05,-0.014987403073007832,-0.019736117324370417,0.016830371076047346,0.020385617749567153,0.01894711709722663,0.01556626220632329,0.019817268084486805,0.018245531201488863,0.01743263074764201,0.015911752429763837,0.017925836466860412,0.018763329863242806,0.006160005715681649,0.009499855224903708,-0.008866865894007092,0.022530171870832838,0.02553224126363296,0.025258148045455453,-0.027863942559203214,-0.015277520359123664,0.029296765319306806,0.02778652537976911,-0.028478555300021413,-0.01370710472438108,0.031127686455904247,0.026769698637081563,-0.026837225779060003,-0.013692639868730483,0.035885076711844155,0.027263315158555734
2025-12-10 00:00:00+00:00,0.000173764620856387,0.0001737622398896299,0.0001846580942923559,0.00018465809429191182,0.0001732248041057538,0.0001790183223813191,-0.006893240036593307,-0.012694996592555352,-0.004077122309760428,-0.01064226788542022,-0.0017654681624789115,-0.0024501797077404186,-0.0006436926260323661,0.00039028307353583536,-0.0012873944806141013,-0.0021118592934444846,-0.0005181885181944068,-0.003215047637870616,-0.01163673811831678,-0.015092037887384668,0.00975781526057573,0.009396949105754393,-0.0044296604438636145,-0.007342724479446061,0.00023461477990194268,0.002318433591933955,-0.011316517441944396,-0.010625848308720931,0.010279256028221218,0.00585505350288873,-0.0008415696281519613,-0.0024639258372542994,0.0010324649738608915,0.00553794954466702,-0.00048209056710823983,0.003102378215982471
2025-12-11 00:00:00+00:00,2.606408580008157e-05,2.60637287257115e-05,6.12913619173483e-05,6.129136191712625e-05,4.2534516924375154e-05,4.3617145454755146e-05,-0.013256909649651982,-0.009031940859171916,-0.0027748097417839013,-0.006089729537879229,-0.005204935303000924,-0.006584957365709632,-0.015899711176105336,-0.015119158499897978,-0.014335025641683652,-0.01471264815327089,-0.014088434956511575,-0.013419806958279712,0.0075862287272143725,-0.00039211774358471896,-0.011143908607582742,-0.008375164419508252,0.011287649122031063,-0.0020301539982658934,-0.013614085841890389,-0.014323467618926666,0.007895781160313087,-0.005221541812457486,-0.008516321467777144,-0.009787720408769074,-0.010174852366238496,-0.007608449084108071,0.01116536114617217,0.003906307611680981,0.007345848874531491,0.007816924211663245
2025-12-12 00:00:00+00:00,4.780565556372629e-05,4.780500064938131e-05,5.3059918980524756e-05,5.30599189807468e-05,4.876970876455111e-05,5.0377620336661266e-05,-0.013188597081345899,-0.0044854010515628095,-0.009531232377247068,-0.010282188881533982,-0.009082635114444182,-0.024280588180970786,0.014948427204501957,0.014935695446341324,0.01113493399798271,0.014617069800731075,0.014348395634611544,0.01585041837812784,0.014348612951385897,0.017771998166253855,-0.018335407817108518,-0.009002916133623584,-0.015136874145794343,-0.005319694108476325,0.016205653194159675,0.013731423050286518,-0.023303806303606067,-0.00636294332454812,0.02258643585288822,0.025910701637416267,0.006779229346032922,0.013087742729188445,-0.007567295743462044,-0.006053687606612623,-0.014440780157294109,-0.017008750313299514
2025-12-13 00:00:00+00:00,5.9768794973047434e-05,5.976797620887986e-05,3.1950014334203303e-06,3.1950014331982857e-06,2.9863313059097507e-05,3.147175537465685e-05,0.004687598785799718,0.0003995548209547728,0.001717905635188588,0.007147834364703121,0.001863120416621289,0.002418355179034215,0.0077736270349646475,0.008978829068444494,0.00940956458847686,0.01042057132819818,0.011508486014071506,0.012769914415889927,-0.001749529388572979,0.005071883721520898,-0.0013403254501435091,-0.0008369367427660812,0.005865587933007621,0.00839255989829546,-0.006684483311895417,-0.004322876801421294,0.008830863081270346,0.005345773064023396,-0.009020322110962153,-0.004611392749190202,0.008674554540876844,0.013302509090206582,-0.009045453375181478,-0.010921351519444178,0.00011474975155034706,-0.004715460203633004
2025-12-14 00:00:00+00:00,0.00017095111491904902,0.00017094877322354485,6.840849564326845e-05,6.840849564304641e-05,0.00011461952755431604,0.00011959703745900718,-0.010605702778702208,-0.009091076756458705,-0.0059817322178615795,-0.008082048722290125,-0.0073785013093654594,-0.007592888073749915,-0.00670595106331362,-0.0037211581246741066,-0.005118670067663866,-0.008284110742008521,-0.009022320247477289,-0.006504781697902473,-0.00047987147988037826,-0.001784777953560801,-0.002045192300605847,-0.00949813198273819,-0.00396283567117961,-0.0026045423513972876,0.0023461727940108368,-0.0071270161478053096,0.007158366745000588,-0.00026309188999029676,-0.007745848074552475,-0.007166583546615035,-0.007359696106623237,-0.009450338178401463,0.007499753430907363,-0.0018809459870166023,0.005324538878234364,-0.003047228653496492
2025-12-15 00:00:00+00:00,6.180504920183516e-05,6.180420273826925e-05,6.794020386458044e-05,6.794020386480248e-05,6.272753025293731e-05,6.480169613176656e-05,-0.006254866013613913,-0.0024517584822719707,-0.006618330186219268,-0.0033820150783175906,-0.0043232877505424705,-0.008203916955209167,-0.005580572315371235,-0.006298179024783357,-0.013848060764767633,-0.0094599923691574,-0.012170002340963992,-0.012611886036652864,-0.005440322707827128,-0.008354098817454192,0.002274802479595328,0.008593508339471034,0.010571273630002542,0.0062260427603655355,-0.009365835728971095,-0.009351531395068724,0.0036263768734308144,0.004597810287850779,-0.004842783913542981,-0.008064402616667188,-0.006104328547663629,-0.004251019018207014,0.005364001909329286,-0.013596622319012153,0.004475204866403404,-0.008574086001940429
2025-12-16 00:00:00+00:00,-1.688216039530399e-05,-1.6881929196244094e-05,4.211360147188259e-05,4.2113601471660544e-05,1.2757062193724522e-05,1.2576265267405518e-05,-0.0005893180453195868,-0.0011707003061559584,-0.0015740508532242625,0.007497259275546897,0.003689911741547647,0.004038541108840832,0.009688280187494458,0.010437657874100559,0.009530869384236862,0.009444286033089,0.00932822117754406,0.009358091320923911,0.010715761721030503,0.010325913919742025,-0.014100060368711032,0.002380389686259754,0.007909882905625887,0.01006983986083343,-0.01076267713591661,-0.003374305256648724,-0.007956073195450442,-0.006001904440455674,0.006763009197256364,0.013613442795349373,0.006454224624847127,0.0030920895541866056,-0.006879197444598084,-0.000729423077981739,0.005061157580687148,0.0029664293410152087
2025-12-17 00:00:00+00:00,3.0159582422806253e-05,3.0159169384536e-05,-1.692066972769357e-05,-1.692066972758255e-05,5.93900249135082e-06,6.632708045239966e-06,0.006497765607670347,0.009895769027354673,0.000983515203417884,-0.0009316987140931543,-0.0016557750127869086,-0.0015365898759905905,-0.005556375577915218,-0.006053332248557974,-0.005321266329859076,-0.00587835782964774,-0.006551321943263577,-0.005625117677433233,0.002757910167780153,0.007334396326543979,-0.005975903060207788,-0.008799270008299054,0.003669776262238411,0.004264086934291367,-0.005307345205741609,-0.006138833903354568,0.010403882509605555,0.009668312619886876,-0.011907526248070233,-0.009116141560135738,0.002178541387834132,0.0032597612798028752,-0.0030157948206612772,-0.006222485351766505,-0.005946871447271573,0.0024041431077945763
2025-12-18 00:00:00+00:00,0.00013076069084139164,0.00013075890011671198,1.564648359275722e-05,1.564648359275722e-05,6.960381961906847e-05,7.317740657009075e-05,0.002880202638720686,0.005422017979446858,0.009182996072241378,0.007997257309144024,0.008759817531385439,0.002774963331222402,0.00551889619300705,0.005342869167057174,0.00046130099893426646,0.003465409538391251,0.002882409169606248,0.0013821673952227886,-0.0029142257303886865,0.0018163894790281798,-0.00031063670607700544,0.007849903339176345,-0.008143786682116683,-0.0010523382140166238,0.006834287755219215,0.004797083148811554,-0.010635993583590797,0.0042077483424556306,0.009282503054863112,0.004616432206660193,0.0007226354520455391,0.003275435845887298,-0.0006977006966036869,0.009446586437641624,0.009338114385033736,0.006202008895697109
2025-12-19 00:00:00+00:00,9.334532736238188e-05,9.334404919569828e-05,-0.00011292819907560148,-0.0001129281990757125,4.247515400535029e-05,4.4933095481036744e-05,-0.0010995097944033194,-0.005817271999349782,-0.006480478734769979,-0.005762873212848074,-0.00622624227381241,-0.00463979447232199,0.003292511146067989,0.0034767504439523478,0.003680761818372069,0.0009940178239604691,0.002854091045016549,0.003497664870394823,-0.005061334582654453,-0.012930666485562625,0.0019028997988512764,-0.0002172815793535232,-0.014661609970782918,-0.008943043597536282,0.013066964687951987,-0.0056496639104294255,-0.01994201187081579,-0.008922077509406434,0.019526373396021812,0.007019752949115832,-0.010525164487921845,-0.00844277279471295,0.009671688442576931,-0.000488741294588757,-0.0012000996726724278,-0.007191571272207931
2025-12-20 00:00:00+00:00,9.574118803956644e-05,9.573987718924926e-05,8.056153814384182e-05,8.056153814384182e-05,8.049397481291187e-05,8.349128697382469e-05,-0.007777021547578644,-0.010615583655226635,-0.005366193622939441,-0.006137439403476108,-0.0012081685863234437,-0.006346353083181433,0.00181174687006469,0.0017749261186619236,0.011474932274456062,0.00331523597846628,0.00462047650135089,0.012496440054222457,-0.0037152255337932205,-0.0077306547688335,0.0009700398704870494,0.004648542003709011,-0.006136882379079278,0.0013155046361443823,0.004505338580666596,-0.00599136230997932,-0.0016672570736918635,0.0047389706685714295,0.0008119262106203173,-0.007540500436923225,-0.006234176965758675,0.0014629897390714408,0.006013592224779485,-0.009378113149306921,-0.008371635512483877,-0.0017345169656711734
2025-12-21 00:00:00+00:00,0.00010995828286031184,0.00010995677749958688,6.494896748265866e-05,6.494896748310275e-05,8.040928883401577e-05,8.369621168191621e-05,-0.005931159172055334,0.010979790223701436,-0.017946644747504736,-0.003373397157600544,-0.0030055623937632614,-0.017558367533910824,0.004233396592809413,0.004640948599952344,-0.015686778898060805,-0.02029330930051665,-0.020440045760382275,-0.02012699780161009,0.0017449772498239202,0.005580273259945923,-0.005514816508469855,0.0015516106404145358,-0.016900927473648797,-0.008507536384403158,0.01624931474505864,-0.005495350071605287,-0.014353344351888064,-0.01137167942975903,0.012842222079215926,0.00962054353705466,0.026968940213580872,0.008465206801127279,-0.027538127485409514,-0.02681021733228195,-0.014719760851617858,-0.0028764980230198134
2025-12-22 00:00:00+00:00,7.190975931736787e-05,7.190877495988346e-05,1.8534175091344807e-05,1.8534175091344807e-05,4.213479308945445e-05,4.4149491268186125e-05,-0.002127885957352693,-0.006129354411216648,-0.003977193809782675,0.001207941544077329,-0.00025482742489080223,-0.0007789736433687633,-0.006929027150905154,-0.00654949296816798,-0.002490818160854169,-0.0071427789752394055,-0.006840599894783916,-0.006212703193601454,-0.006490428042094987,-0.0031631588690169687,0.004099430826166817,0.006708126821045823,-0.007076410719853876,-0.009433515092394651,0.00655842137859608,0.007865225656410457,-0.0013418093152914867,-0.005150989021843966,0.0011719330787036686,0.006809077715458134,-0.0014824628397781536,-0.0019297989700416407,0.00010604708234973614,-0.004295570213146194,0.0030979183795734055,0.002612021184432489
2025-12-23 00:00:00+00:00,8.03785792844458e-05,8.037747907851944e-05,-5.733211691405504e-05,-5.733211691405504e-05,1.3026011433714402e-05,1.4838776569048306e-05,0.010891116220512087,0.007178458823350553,0.0028424991680551237,0.005738602987351182,0.0028292444016557727,0.001351502505356983,0.0030004380157935273,0.003932521339896633,0.004109121624240375,0.0022783047195240602,0.002449169690188935,0.002407835015320048,-0.00903931681166148,-0.006406271183056256,0.00616140306625379,0.01427225341203342,-0.003285497502138357,-0.0013899551920316666,0.0016205642585396252,0.00851394300619046,-0.0019209240254215443,0.00028260212494202186,0.0018216022669081955,0.0038800454405822915,0.006343871237771914,0.007358188833775703,-0.007675457896588744,-0.00691097786528494,-0.005439254263619686,-0.00957427762675811
2025-12-24 00:00:00+00:00,-8.556351927091477e-06,-8.556234818768438e-06,0.00019657730722633104,0.00019657730722633104,8.175763036555317e-05,8.263617604598039e-05,-0.0029474591645251014,-0.00019986814892392069,0.0053507148662610415,0.00445675204905549,0.004458164303812184,0.005057777128626206,0.004477274902757067,0.003064624386282855,0.007852830350870477,0.0037478629031431065,0.0036223562273658416,0.0034643813807653245,-0.008508917157964757,0.005566388568188696,0.005731310042047966,0.003025266897036527,-0.006291388353523275,0.005740508137476841,0.0026601824665897222,0.000374172230995784,0.0024068691279133247,0.005592570228811544,-0.0021528334609633992,-0.0003205701154269658,0.01032597884650066,0.006501774170126984,-0.011633646789819707,-0.0031688153215942982,0.004139837280674463,0.007840756452516695
2025-12-25 00:00:00+00:00,0.0002108120750787812,0.00021080918973193086,8.503535735560064e-06,8.503535735560064e-06,0.00010351591993851272,0.00010916384268089274,-0.012141419956132049,-0.015089944644657627,-0.015128970159539623,-0.015574920247924284,-0.01594888388611304,-0.014949470200124937,-0.01042803923254687,-0.009787453100699062,-0.009217170130071506,-0.0008494876289604214,-0.0008196540371874228,-0.0009248214901724783,0.00884061088033139,-0.009512876968177708,-0.011049250972535507,-0.01334605458157967,0.00753059743510387,-0.014839090733224425,-0.00869482293947943,-0.009883926741657167,-0.010155163616221374,-0.015754065220852764,0.009031756679094949,-0.0011837489946094903,-0.012416176395522172,-0.01547789757346496,0.011787034840782917,0.005779140721973164,0.004053243239762416,-0.011485290544301918
2025-12-26 00:00:00+00:00,0.00010625108010575701,0.00010624962617300504,0.0001444762846691816,0.00014447628466940365,0.00011337444569781141,0.0001170093019271512,-0.005189271003074869,-0.003447925116130346,-0.003055730269483359,-0.00482460681182173,-0.006862487466435363,-0.007924399423725359,-0.0041092129000812605,-0.00031801830161048983,-4.576791693311488e-05,-0.0006231290016194269,-0.0005695769830391662,-0.0001971232931727851,-0.009166407743974148,-0.00615790900167501,0.005918592977798509,-0.001365146537695927,0.0035266292600344418,-0.0015728632380286323,-0.0044008172189720085,0.0018328154118711915,-0.012592130391467227,-0.0030497618109781577,0.011351320657976949,0.004782330437045124,-0.009459373547435423,-0.003270525397748969,0.009070721245512336,-0.0033495160470712326,0.0016536937604292312,-0.007591810759267181
2025-12-27 00:00:00+00:00,0.00013653222319987002,0.0001365303551004171,5.504250855103976e-08,5.5042508773084364e-08,6.466818792971729e-05,6.829511501171837e-05,0.0034024288660019497,0.00016482583938959294,0.006099871708563409,0.004337268028967722,0.004225394314040232,0.005068695064732287,0.0035395206784278876,0.0002954250584987772,0.00023261510250849327,0.001252587250898829,0.00036478646226245637,0.0014375159080637356,0.001808393365744898,0.004956633827689627,-0.0036912599448372108,0.00035244406739476375,-0.0006410457847414452,0.003654814049698807,-0.0017667187427740094,-0.0019703021218394623,0.006502623039860822,0.007256622799552526,-0.006989138648905269,-0.005536949549048487,0.008565524732428997,0.008445896077871273,-0.009018466414001058,-0.0013981048410867114,-0.013002979947158044,-0.004155163841342735
2025-12-28 00:00:00+00:00,2.1537551238903774e-05,2.1537256591708243e-05,0.00011334910499360973,0.00011334910499360973,5.967596920508633e-05,6.088501555567838e-05,-0.02446022575194251,-0.0052326777793407775,-0.010123535960749552,-0.00692660997870298,-0.0025856087201525657,-0.0027876543025495693,-0.008589434063232204,-0.009483361047919914,-0.009116568000957392,-0.0024589571076694128,-0.0027753056151036404,-0.0029112028425137826,-0.02602542861118784,-0.0012582071145056384,0.023023312189697887,-0.0015111162485419438,-0.007648670316308892,-0.009387042558122394,0.007718677656662898,0.021086288984073942,-0.004408614882576489,-0.003978357527291587,0.001447426018635456,4.7181906003945784e-05,-0.005712679559386591,-0.003395368775590102,0.005496005327661813,0.017411299870295993,0.0012623036311831815,-0.027132328743046275
2025-12-29 00:00:00+00:00,5.0808404748803326e-05,5.0807709674138835e-05,9.096951261877706e-05,9.096951261833297e-05,6.376822759812661e-05,6.562891590222719e-05,0.0010997059645936336,0.0021243602146687746,-8.548436848387908e-05,-0.006679066155734659,-0.006784781877287482,-0.008436365337403329,-0.005919067294719471,-0.004785313995658291,-0.005322209708204295,-0.008832188412506103,-0.01056616490828799,-0.01057722426609009,0.006417113414773468,0.0018441797918726799,-0.008030592436593653,-0.005861713426266069,0.005382823754120691,0.0013211013525735726,-0.0070168653726614405,-0.008031495002271627,0.004108544246544277,-0.003267943470196766,-0.005846093504094929,-0.004623347169519065,-0.011392639477388444,-0.006057683299685923,0.010810707999133529,0.002674377006530504,0.01085011808863201,0.006791705065050113
2025-12-30 00:00:00+00:00,0.00013449781770913383,0.00013449597782977385,7.329182723303518e-05,7.329182723281313e-05,9.567731855186778e-05,9.966131278971169e-05,0.004008922471349985,0.0016901525789894123,-0.005232712242381532,0.004479984978283502,0.003526574614146405,-0.0025235090140579564,-0.00045763991227498746,-0.004265724356207756,-0.003740472731235789,-0.0024873400062046525,-0.0028647811709738846,-0.0034949167801034964,-0.008418036745297175,-0.005004418591704862,0.00521133357341097,0.0063030598707680685,0.0021738196337530713,-0.001209559381679548,-0.00384964734748261,0.0049182575357431535,-0.004177110940764894,-0.007467854559692566,0.002687195819602639,0.006351062199734914,-0.0041111448028938735,-0.005629532533149795,0.0036812474564662523,0.0022813117325868326,-0.0055456042578780895,-0.00203369345163551
2025-12-31 00:00:00+00:00,5.9520060138984476e-05,5.951924603664338e-05,0.00010002477855985958,0.00010002477855985958,7.184693888162563e-05,7.398951042913993e-05,-0.0025834715519078566,0.00012371060442117887,-0.001930135204422423,-0.0007424461872340693,-0.00121397729516326,-0.003027320061745997,0.0017049156913671037,0.00228550482277301,0.002777194254507398,0.0019508195966890796,0.0020505592943094175,0.001731768162090086,-0.0005994130801422193,-0.0007291144311133424,-0.002163045346503578,-0.0009140589774414565,0.0036136343219315137,0.003316661761129547,-0.0052501537956527455,-0.0028386349832462132,0.009281122821932053,0.0073440448114932,-0.010130529515497422,-0.004137315383527573,0.005014234458334599,0.0073355030347121986,-0.005643301487880614,-0.005320440018728112,0.003412608263742678,0.007294712382251989
2026-01-01 00:00:00+00:00,0.0001311932056482501,0.00013119141132245105,4.019148798439787e-05,4.019148798417582e-05,7.966465481112905e-05,8.337448805240122e-05,0.0019912455197321766,0.004780579481556968,0.008574951280805543,0.006060895053376925,0.012624593634385617,0.009315332852875224,0.0071019078267167135,0.007283646406430755,0.008865416693176531,0.0114267235395078,0.009510465212823727,0.009517372653158995,-0.010857956223214726,-0.0043753669324290145,0.00788401325566701,0.013439075797115674,-0.011476088215440994,-0.0011423594683760419,0.009197526898485853,0.008727030955371529,-0.004841281029055122,0.0017794384110476624,0.002660362934113092,0.012883401712837195,0.00015464152837352252,0.004642134449758473,-0.0001875846567523931,0.0021852009917202597,0.005870344323622323,0.007872939450688898
2026-01-02 00:00:00+00:00,8.220944572601141e-05,8.220832149752333e-05,0.0001474312833396052,0.0001474312833396052,0.00010328570038287133,0.00010629658919136808,-0.010475153633569323,-0.00761875026788883,0.00654088766963401,0.0057023429096707545,0.0012335530100520131,-0.00017662549739572153,0.0026777892927374314,-0.007851921604039802,0.011279672298853738,0.006859285347864175,0.0071536351344065885,0.01454910312957125,-0.0016300512157239044,0.006153095146786969,-0.0003268345017266583,-0.0013445939801369766,0.002825692832948423,0.0074987325665965,-0.0034237565428105743,0.005041822573175203,-0.005678053442161435,0.009948842967038907,0.003579702602949153,0.005631030448906227,0.008445975797960248,0.01205817867412673,-0.010294316191838182,-0.006048279821976643,-0.022616854125600327,-0.009488447688390411
2026-01-03 00:00:00+00:00,8.820826118594027e-05,8.820705502143866e-05,7.992183381944074e-05,7.992183381921869e-05,7.665709240622931e-05,7.944802467596546e-05,-0.013474184934613942,0.0026061630594644836,0.0005443978358374846,-0.018499979675540845,-0.010236345769409683,-0.010986713496771827,-0.012769464791286933,-0.012914091969968955,-0.014256154042691871,-0.012473343905355483,-0.012582275907314311,-0.012153175611193667,-0.006721912738292812,-0.0019095185076896115,0.004225987195550562,-0.020455424100182418,0.008088082336883406,0.00471169741824129,-0.009346592866028791,-0.014686143804320317,0.028631534319502938,0.006856756925847307,-0.028376124844292194,-0.01636085542813681,0.03773886474769217,0.011634249355974458,-0.040791960866665256,-0.03276520920579451,-0.023575063336859436,-0.0002902636397278391
2026-01-04 00:00:00+00:00,2.485333146884372e-05,2.485299165311261e-05,-1.2037533026698632e-05,-1.2037533026809655e-05,5.123404838180967e-05,5.240130887296246e-05,0.005671536466616667,0.006470542258682821,0.011452668013704814,0.009784003511306816,0.0055126330839094795,0.0016861615934540275,0.010704874227892569,0.010720768451569107,0.00821357233442166,0.004941896857767025,0.004996034050080311,0.006115994618826948,0.015849265397149592,0.01364047029288451,-0.01865715292310033,0.0017918038157569427,0.005949356391171667,0.007228540352106627,-0.008529924974117309,0.0029971604755678616,0.014086940705600348,0.0078212077122648,-0.01600464608243679,-0.00010441864994392702,-0.008197742118813633,0.0013715520215304977,0.00854114060513167,0.01170134591196792,-0.003119917449199372,-0.009837818102101936
2026-01-05 00:00:00+00:00,0.00010189626277257169,0.00010189486959544247,3.392482398334451e-05,3.3924823983566554e-05,6.457906721180073e-05,6.749455475540955e-05,-0.0050192937200654875,-0.006145069896763111,0.0028436686085191454,-0.006521928597074456,-0.0033662529771911753,0.005039902304216026,-8.679907616593319e-05,-4.264975047285624e-05,-0.0004449470721428206,-0.003536138040921899,-0.003891625020115197,-0.003665681638232998,-0.003595317660991415,-0.007155818338176578,4.2568882922422446e-05,-0.002274057643845362,-0.005836978883329791,-0.008815149003891465,0.005121480611838702,-0.006727215862571412,-0.009533090277428435,-0.010966939104146811,0.007985277139123337,0.001502302180075299,0.016329100995197132,0.007897888486719351,-0.018433985521807972,-0.012404655232949868,-0.0009705752792534827,0.0048810444318510005
2026-01-06 00:00:00+00:00,8.951194738582302e-05,8.951072365803725e-05,5.460859578043653e-05,5.460859577999244e-05,6.867278298017254e-05,7.138728985078835e-05,-0.006975423570375949,-0.004305968546115868,0.0011138695965362544,-0.0071093943330367,-0.016788563933453182,-0.019811402329305117,0.0022413545174155836,0.003069784356830807,0.002298894942911467,-0.0007551806888214108,-0.001071016382563239,-9.585438772075072e-05,-0.021948087704771968,-0.02182390818739044,0.01916052838347171,0.014311519311754006,-0.015279260532947925,-0.015728982215597376,0.01397178864784876,0.007255950230831143,-0.01746724592695348,-0.01757957186571646,0.014817675203416592,0.0026146205360511043,0.010234724236600767,0.0014193114607736756,-0.00997935313283993,-0.012075759928680596,0.013048424717851947,0.006456304755757092
2026-01-07 00:00:00+00:00,7.866940166412206e-05,7.866832626213238e-05,0.000113800356363436,0.000113800356363436,9.203200295093694e-05,9.482455060227934e-05,0.0036008042536648244,0.0004337221851407058,0.0003976260926108477,-0.000320696682245325,0.0012232857367655559,0.004784682929914075,-0.004203588033579564,-0.00216006004787872,0.0007872824326111694,0.0004158326830607795,0.0009995875985990832,0.0015491648390164592,0.005734538731060557,0.008280565155980746,-0.007555823305605891,-0.0003388803887763858,0.005829265801951644,0.008039716296394994,-0.006405769767060754,-0.004330231135954765,-0.000827648030235606,-0.00034592376394770863,-0.00023698324542753557,0.0013386848314846933,0.01286932052012646,0.01167551434938563,-0.01329960367319416,-0.011567769524605698,-0.0037819311482287787,-0.005443823541046444
2026-01-08 00:00:00+00:00,9.166642520774815e-05,9.166517223624382e-05,6.435674824256665e-05,6.435674824256665e-05,7.438603895959517e-05,7.721764816848165e-05,0.0021347341997492997,0.0030477197958491686,-0.0020720051828647668,-0.002047946505068343,0.00021432014036593117,0.006346865488005449,0.0019693250683383567,0.0018476937283282702,-0.0003877656422156539,-0.0005942494151506272,-0.0009453386844415768,-2.337870866175873e-05,-0.000342381559061411,-9.572708818550435e-05,-0.0029771935951409256,-0.00030795105358516484,0.006310339285815925,0.005445647682213561,-0.00819531112744698,-0.00824339456241363,0.006157516177867528,0.0035957932125296743,-0.005534557106962823,-0.004900426682243664,0.0008174314680620132,0.001392809441091547,-0.001483946754805121,0.0023496665362179314,0.0014266429359461874,-0.0018906632076267638
2026-01-09 00:00:00+00:00,9.406136209322291e-05,9.406007650381021e-05,7.615048608800024e-05,7.615048608822228e-05,8.11977394059582e-05,8.416565618918348e-05,-0.0043995871457460645,6.463979340431969e-05,-0.0002081232958203172,-0.008553108533001175,-0.007483907284336677,-0.007373193535726075,-0.008510790235454646,-0.009068781860609887,-0.009402094928879445,-0.0034484090524319333,-0.0029375730633626196,-0.004179786738572333,-0.01256293828501398,-0.008612010955302396,0.0102348332957225,-0.009500919181421597,-0.008163184689173986,-0.007547070293901448,0.00740829516513597,-0.0017885988630949035,-0.004384056856509666,-0.003503272762281462,0.004121387446180735,0.0032750981650109257,0.01037478229159694,-0.004432530074476415,-0.010980997350738875,-0.0063398800151781565,0.001272101997637387,0.009125287688043437
2026-01-10 00:00:00+00:00,5.2913694165157565e-05,5.291297103204862e-05,9.378686002659009e-05,9.378686002703418e-05,7.020280872982454e-05,7.21871506788041e-05,0.007076938455377935,0.0030673635964979518,0.00239262742807389,0.003803309124513765,0.005431660047265696,0.002445924666871324,0.0027446204464054436,0.0021305340210995283,0.0005599729878360549,-0.0008384285700759886,-0.0019005103199563056,-0.0011949608486813146,-0.0016296596589110424,0.0014657087847780303,0.00039751479053107275,0.008204475279944612,-0.0031127103259452893,-0.000338733336425423,0.0007142514720430704,0.005992037998827637,-0.0007305465307420045,0.0017039762256627622,-0.0003610547991472757,0.005267483753869984,-0.004021253557752291,0.002188232140236668,0.0029383672028842067,0.0036300738413206357,-0.003961802143865989,-0.004376060947695493
2026-01-11 00:00:00+00:00,0.00010239344759166435,0.00010239204832851456,0.0001253979187909593,0.00012539791879073725,0.00010885051758324771,0.00011234352137012849,0.007144640392638957,0.006358404162702724,0.00100903409216202,0.010611531141000663,0.0052161261441230344,-0.007282068851422796,-0.009934700376873162,-0.010061267273014485,-0.007273440170222467,-0.008092125192083466,-0.00871366060325851,-0.00558274361007105,-0.011969616995290866,-0.007614523972239939,0.009434119992585588,0.008458241791848176,-0.010631726989377865,-0.011321807254886962,0.008911499936898437,0.011690785915536628,-0.010889559196213261,-0.009611976788834076,0.009418181093009181,0.010569154962116523,-0.010703538512840227,-0.010033884327623865,0.010351133960343928,0.01065214931650793,0.0003207667907043632,-0.01094878580634917
2026-01-12 00:00:00+00:00,0.00012366472195335376,0.00012366303217992147,0.00014504281406257924,0.00014504281406280128,0.00012838055050012898,0.00013255914170495764,0.002407933241228788,0.0020979433946115567,0.0024635147020251047,-0.004805416848539301,-0.0036713002329747946,-0.002969830756350933,-0.003830021835037778,-0.00426855750268107,-0.004956877314505448,-0.0007612592880893443,0.0022618192428187633,0.001311560019905178,-0.0030637264132613584,-0.0034898991946047397,0.0010168427013443893,-0.004498836266438988,0.0007210536279209645,-0.003311482402664767,-0.0017859695734652181,-0.0022468529226796763,-0.004095604536247577,-0.007704710885398702,0.0024695050315841627,-0.003257228566347803,0.0013576319069288356,-0.0013319738831165662,-0.0017171472844713653,-0.0058029583505840865,-0.005668098854812009,-0.002126809030446486
2026-01-13 00:00:00+00:00,1.9414143888063506e-05,1.9413878642904336e-05,0.00014407841243335717,0.00014407841243291308,7.855206885665211e-05,7.995717554143411e-05,0.003322356797595072,0.005182414336099672,0.006219836848596616,-0.007203473171863761,-0.007035160926687989,-0.010145360341328513,0.0007336954458627698,0.002684598926504078,0.004395575968971999,0.006517837258148251,0.006048001857846597,0.007717508628889869,-0.004008224457324294,-0.014908875912731712,0.0016336835564332297,0.0030371493115601833,0.006994115133729384,-0.0025837785658097134,-0.008216744426477574,-0.010443736177901619,0.010314562827355545,0.0018581742050480798,-0.010985325661682421,-0.010173118739899234,0.0099298139456645,0.0031280774240241005,-0.009785470203788726,-0.01200653404484886,-0.00927442721114946,0.004664364530009735
2026-01-14 00:00:00+00:00,4.266419243559305e-05,4.26636095489652e-05,-7.414006250927585e-06,-7.414006250927585e-06,1.663198768619978e-05,1.771847875331467e-05,0.005716058006035585,0.004722986040206267,-0.009806906800967408,0.006453521157872899,0.00784769442469857,0.005908817136747402,-0.0037468565393493636,-0.010112363315713635,-0.009539347084954075,-0.015271145754929383,-0.012656585961681621,-0.017081615438568454,-0.00171156083246371,0.004789325384640053,-0.0013333861822040216,-0.011657046702809315,-0.019718633857447432,-0.005556099134977122,0.0185027868685943,0.00879204406186962,-0.016659670352043965,-0.011928007019288533,0.014693772983752185,0.011570941187600825,-0.02053544436514343,-0.016222279773644543,0.019252584953127982,0.010165994843918336,0.007798863753289753,-0.008942735879749475
2026-01-15 00:00:00+00:00,6.252378944848758e-05,6.252293527220232e-05,0.00020452721026908982,0.00020452721026931187,0.0001280685175826246,0.00013099082336309742,0.013067242102464238,0.011697922433130392,0.015730850085854176,-0.00923947273669179,-0.01228268085250539,-0.010546419587489142,-0.010044829398614397,-0.017968575298495493,-0.01452624034283001,0.002838499367490588,0.003169245739338855,0.0055446384959332295,-0.0031496585917780706,-0.002731678497823742,0.0006474787242201074,-0.018403647987948246,-0.005148244475052688,-0.013856532344984851,0.00439244027515362,-0.0082890057635564,0.0005344894926708754,-0.0009080459103487648,-0.00133621255748273,-0.009116075931225986,0.007848933092789112,-0.00030556870931119917,-0.007544565317738838,-0.01063758419232086,-0.021643577296789673,-0.011009827098240277
2026-01-16 00:00:00+00:00,-7.815109692355104e-05,-7.813685169799633e-05,8.207586917685639e-05,8.20758691764123e-05,4.9814149603255586e-05,5.08980678195492e-05,0.009917419646091163,0.01454113329579676,-0.0032124133504540797,0.006309210162252832,0.0046453380048914195,0.0007916543002397525,0.005142870602084626,0.006746212232177751,0.0006415273289670509,0.0005196587998468338,0.0018567527799313588,-0.0022588264259914004,-0.011221485031670753,0.0043223145410882235,0.008693561322929755,0.0034837906766569393,-0.010949233219143317,0.006823338023825176,0.00897956732751104,0.006949972598601084,-0.01098508542248533,0.003401625008284448,0.011755026363215793,0.015475885222690167,-0.013116095329811728,-0.0020751230994077163,0.010631704398688546,0.017229575490721016,0.014092190969559049,0.012895958877561675
2026-01-17 00:00:00+00:00,9.79488571302145e-05,9.794885572800283e-05,4.686710395307436e-05,4.686710395351845e-05,7.373800264764974e-05,7.689529949406193e-05,0.014726914499703536,0.02416814825894864,-0.010721456030366672,0.02263355025528857,0.009618968840545916,0.00599270503434246,0.01385337232869377,0.014704384097906198,0.00965468188684837,0.011347876273022806,0.013513280998640242,0.004874269095617612,-0.013849693207716673,0.0016725032044562216,0.010634572574969026,0.014753618631140109,0.009439357552586625,0.017355409368267738,-0.010139084199688342,-0.007820043993501002,0.005670151426309555,0.020890930639507754,-0.005415799884934125,-0.0051045933098766705,0.006477418821031478,0.019167400590515804,-0.007535393131973822,-0.006934786741315313,-0.011594615299592492,-0.016571070461714354
2026-01-18 00:00:00+00:00,9.119959949899226e-06,9.119959819114953e-06,0.00012450163419619464,0.00012450163419575055,6.470698264782193e-05,6.574243432333482e-05,-0.0022479617548427644,-0.004798357546904386,-0.007189814462832733,-0.00786710592233908,-0.009910287505864424,-0.004828122705999083,-0.008409972635491925,-0.009138464741023089,-0.00403144806068878,-0.006474203447464744,-0.006636913475199568,-0.004960448655265459,0.0076547457823503695,-0.015997350141086275,-0.009195716711933755,-0.011471337586760888,0.0096844105592222,-0.008966998899340495,-0.011822744303403021,-0.01265657829156741,0.014796126668952914,-0.006805761208402705,-0.014638015396477244,-0.017891032890088976,0.015378177918526692,-0.005022469107139771,-0.015652910408857523,-0.016900839087736985,-0.00964357187614906,0.012108032835192795
2026-01-19 00:00:00+00:00,0.00019605950681289563,0.0001960595040055857,-2.0958449694186143e-05,-2.095844969363103e-05,9.233591511392802e-05,9.794656898853837e-05,0.00978485524261452,0.015490988672783645,0.0034862352910314254,0.005513657605655142,0.0025038445478859916,0.004796197756860243,0.00968344837248214,0.009758121446302725,0.004607996789224744,0.00584042464123935,0.005913166279454263,0.006316683189949934,0.02010209437330479,0.02134147599246794,-0.02290750759674076,0.001429201833769822,-0.01908529314606533,0.005992732301820292,0.018399218069971246,0.020717055939564855,-0.01850132956383399,-0.005369127833205201,0.017983695570864988,0.011014659464985588,-0.018033726038786835,0.006550428103967443,0.01882782346237777,0.017225927978925526,0.0049980570176837436,-0.014127547275065933
2026-01-20 00:00:00+00:00,-2.3459046081253376e-05,-2.3459045745521934e-05,8.993699434434177e-05,8.993699434434177e-05,3.1041533210984795e-05,3.090950002571091e-05,-0.008611038455265563,-0.007365819312088462,-0.010493223035967336,-0.010673938405690642,-0.013823785312689019,-0.01019294884747901,-0.009716704041589308,-0.009563866441051228,-0.009443951657693295,-0.011089957175442922,-0.011054909536907798,-0.010792990533413094,0.02748726762546383,0.019659863812963474,-0.03099572144015672,-0.0240842861518763,0.01689674651711459,0.014724134190246652,-0.016967184304681915,-0.014242262821861473,-0.006260657072719056,-0.006227136444960757,0.0053860959061298175,-0.0015191643798969645,-0.008541990063192784,-0.008727794608061945,0.005511268544926784,0.0036880268058532284,-0.002617928408969461,0.010074548542774231
2026-01-21 00:00:00+00:00,8.053087342885235e-05,8.053087227555267e-05,5.167320244225948e-05,5.1673202442037436e-05,6.695227073238996e-05,6.962860080328426e-05,0.02873108938358171,0.03128786412837714,0.03413475571440294,0.03523790899480628,0.03067813503836514,0.02939443279262277,0.03222702667386046,0.030881902708638886,0.03254332814116956,0.028660943902221625,0.026793079884812165,0.027090643276018955,0.00618456035077064,0.01876131557218752,-0.009604371185547689,0.0007272883144247011,0.014576083061969669,0.02270091347202552,-0.017519804858409427,-0.013426162300748556,0.019081127513242757,0.028814286067337935,-0.019126770924382752,0.014971316305317117,0.021392179440171466,0.030852009549656723,-0.01577557903172877,-0.014771798255060031,0.018331637675420343,-0.019362533801191795
2026-01-22 00:00:00+00:00,0.0001014954756501929,0.0001014954741975771,1.4719528275364269e-05,1.4719528275142224e-05,6.011422840668246e-05,6.317620993789852e-05,-0.01290550247502631,-0.01314825765476968,-0.007384567795391095,-0.014122797483092087,-0.009949988050648617,-0.008456085576852956,-0.010629528793203225,-0.009377479426096236,-0.005136892732334863,-0.00958621289208006,-0.01074162285836866,-0.008084143064395755,-0.0004777148831942579,-0.008378940857448836,-0.0023506354386766404,-0.008359177673967877,0.007705943032380036,-0.006607011427841147,-0.009804041330506497,-0.011405470706606913,0.01337455402158394,-0.0009876572593192634,-0.014745682674400684,-0.015953515801811036,0.0020907403515624257,-0.013439898228336133,-0.002756478370517512,-0.004857583396326248,-0.004352524103919175,-0.003970493250392448
2026-01-23 00:00:00+00:00,8.000663075646841e-05,8.000662961138438e-05,1.1730832524703416e-05,1.1730832524259327e-05,4.7449693273637905e-05,4.986411423812953e-05,-0.0010154300839650965,0.0021471233352334806,0.0009077854472754332,0.00016240236756082105,0.00157932952345341,0.002018432379740087,0.002066717807381213,0.0018847032560693755,-0.0002528020378365081,0.0019712535943181564,0.0023963115666680856,0.001288485953895302,0.0018473905238125532,0.002909374409771237,-0.0044616088440361246,0.0008642386094177557,-0.005409862644276009,-0.0035091205973650785,0.0033934376173698766,-0.004927550538038505,0.004063793657389292,-0.0030213705525364842,-0.007222436708130386,-0.001703146809075573,0.010118577621880842,-0.0015822665331440833,-0.010546355890202364,-0.00861477934985555,0.01429680360113017,0.015436791374866088
2026-01-24 00:00:00+00:00,5.654558647205654e-05,5.6545585662926e-05,2.9023137221972917e-05,2.9023137222417006e-05,4.351719829398526e-05,4.5351384559966235e-05,0.0015944924809374594,0.0056474243433497495,0.005799605618342252,0.007058083809132976,0.0057540067814974005,0.006224892323941411,0.004729866732759769,0.0057027334621755355,0.00511489173914792,0.004583839712195781,0.005617767963546738,0.0056038487887344335,0.008808160882904925,0.009021738816744396,-0.011809084715688534,0.0045215834597027715,0.008768664167363882,0.00790505785019513,-0.009340277553669396,0.005536789325326197,0.0075697269311059134,0.005754340777071265,-0.009020599547878705,0.00457655894350073,-0.007305836394615239,0.0011266116077663924,0.006396779208973857,0.004816648721161609,-0.001289574262441806,-0.00451643037203131
2026-01-25 00:00:00+00:00,8.134456507669086e-05,8.134456391251099e-05,4.4696974477176354e-07,4.4696974454971894e-07,4.2718272985187156e-05,4.510220398290521e-05,-0.004072447477998065,-0.0055437127300806965,-0.0032810970832458652,-0.003850556807593053,-0.0046471682007748205,-0.00442514915189951,-0.004017758165660745,-0.003088487320082156,-0.004496985242867901,-0.004092999825818788,-0.003997758807381402,-0.004771293636143703,0.001195109803493466,0.0014323379114575818,-0.003441591869386418,-0.006817834917546506,-0.004839489136421182,-0.0038020919824768296,0.002736867278713806,-0.0048145353039703576,-0.0020523329396453516,-0.00564462980033531,0.0009141106659977805,-0.0053476979621651655,0.006589888331353766,6.652082878289001e-05,-0.006704726119487137,-0.00876163649599171,0.004298859617076101,0.005254273148526334
2026-01-26 00:00:00+00:00,6.113666963747377e-05,6.113666876261803e-05,3.247267396000453e-05,3.247267396022657e-05,4.757745510231004e-05,4.956717377591069e-05,0.008734627783367532,0.008307498067252839,0.010509426193281879,0.005675933667475874,0.00628827960117162,0.007809154932247209,0.008295600412100645,0.008100706518438194,0.009286328741862304,0.006953037065594803,0.008388717156052383,0.007625060643390524,-0.013194917202991374,-0.01023648402857602,0.009904529721775468,0.012269982600074947,-0.002265290638086337,-0.0027694779484391807,0.0003194876303107552,0.008413110701098292,-0.0033092389143926093,-0.0002452535196618699,0.0026083519324544557,0.005017548613915457,0.005978906926044081,0.0074640937605732205,-0.0037180695571726874,-0.006452969709223377,-0.006674617969394725,-0.007951430925088876
2026-01-27 00:00:00+00:00,-6.511728345315326e-06,-6.5117409128179204e-06,7.825965922303446e-05,7.825965922303446e-05,8.14422894124256e-05,8.43763722753188e-05,-0.007794126428070536,-0.0008319108150298682,-0.004171220317542801,-0.006498314481836243,-0.00573690323456022,-0.007680993359708621,-0.00538163951694115,-0.005660523830083863,-0.00639058265789727,-0.004284660551990616,-0.003992552592774867,-0.004260463601488462,0.011635320476525157,0.0003019924052325429,-0.014105452036606514,-0.006447528257244595,0.010117114911715852,-0.000587168648787495,-0.013026843558157752,-0.008505637949433265,-0.008857932198185203,0.0022306137449841223,0.006848861533741868,-0.0007576783209731763,0.00630687944639674,-0.001349000927160393,-0.008498114424843162,0.0002468401859432312,-0.002449010482999614,-0.002263127659211883
2026-01-28 00:00:00+00:00,0.00013354839099233295,0.00013354839099433136,0.00018914501476485768,0.00018914501476485768,0.0001537078576057116,0.0001583827071705013,-0.005093148072628506,0.0028119241761304092,0.005461045440418477,0.009868024357905236,0.009423761599800073,0.005489822398051292,0.005313491368366785,0.0044617106364579495,0.005271558340592231,0.006422582544040489,0.005922306129284793,0.005656109931840847,-0.01232232651273335,-0.011617117922537612,0.008840250513551196,0.006886261505961944,-0.008297729539091026,-0.005765998750526857,0.005805563044534612,0.00017917941124312442,0.0015613401413370198,-0.002976898541014683,-0.002429716623748246,0.0042237259952475625,0.004675672716043744,0.005716255467560272,-0.00713965402314054,0.006177356112366583,0.0033868201294195988,0.00129936623359872
2026-01-29 00:00:00+00:00,8.478494838648487e-06,8.478494839092576e-06,2.1496471808601925e-05,2.1496471808601925e-05,1.432610710616622e-05,1.4681270182892447e-05,-0.010661119889983306,-0.007797872024766672,-0.006664629284371837,-0.004156738900881085,-0.003444734966052687,-0.011396090986443341,-0.010837680332370203,-0.010169140278013855,-0.0091216636380399,-0.009502460299118498,-0.009525050982918448,-0.009004316520384581,0.009525646788714592,0.012289914378253775,-0.01172953967400392,-0.005871348305318547,0.011037236586899812,0.00523132621787159,-0.012506234251437154,-0.006080667819989505,0.004579512908477135,0.00531312285731711,-0.006473373448265263,-0.001103794870707886,0.005846743500068197,0.00687626420402232,-0.007168663917753504,0.00450359706346859,0.00289388587684547,0.006564405171008092
2026-01-30 00:00:00+00:00,0.00011244837109924966,0.00011244837110035988,4.481410003998043e-05,4.481410004042452e-05,7.433017128133379e-05,7.75610373990876e-05,-0.00099065626191297,0.004769246413661943,0.0036072180423214473,0.0003101686351274502,-0.0017851990742432378,-0.0005617092855381145,0.004963129662036936,0.005640420445328642,0.0045835614481606335,0.0034523238081674013,0.00521002006991278,0.0035016903465800997,0.0031628494524487127,-1.5007934695332459e-05,-0.00583964998156572,-0.012482994092160804,-0.004897366037310724,-0.007732014135095278,0.0023713283689681397,-0.00721090763435317,0.0053165893522941765,-0.008992298451318104,-0.005850099935472697,-0.006289617868931008,-0.009906716557562256,-0.010115395099578817,0.010517739912956348,-0.006340086106844556,-0.000717722273118726,-0.0047443627962406865
2026-01-31 00:00:00+00:00,7.757266366592575e-05,7.757266366681392e-05,-0.00010895792350318345,-0.00010895792350318345,2.953248966752753e-05,3.1483149985911396e-05,-0.0044036690084556795,-0.0017833907738685761,0.0035221655248791617,-0.0010237309952765283,0.002714932059225461,0.0035794028466062944,-0.0009857893143003782,-0.0006751293885239873,0.001043947134140355,0.0034585989390976124,0.0007690166780871532,0.0023844820260188193,0.004191577463953378,0.007757023297050303,-0.006950043120455995,-0.0071457412005609955,0.00483123882388603,0.003281821546973873,-0.006608718051062223,-0.006183127618533124,0.008219683919300946,0.005111726237780223,-0.010026756497030775,-0.007778218452610286,0.006328512590752622,0.008101082310719265,-0.007079562443462306,-0.003052018306305526,0.002922775535077138,0.002754059280287713
2026-02-01 00:00:00+00:00,-5.154596369050246e-05,-5.154596369083553e-05,-0.00012629160584864962,-0.0001262916058485386,-7.854877456792142e-05,-8.059832663442901e-05,-0.00021605658238466052,0.001930879371238925,-0.009000564523572896,0.0020969902955163544,-0.0005249051436055918,-0.0020902492021890318,-0.0007049481304858274,-0.0006947461094760632,-0.0028735074906008906,-0.0040451424474622355,-0.00424605189801297,-0.004564080618096877,-0.0007015784229461586,0.0056665453290636325,-0.0025552961998442925,-0.008177891735608012,-0.013215682202104007,-0.003584168422359757,0.01137525082932167,0.019487926127852218,0.006003801150967103,0.002787212428810193,-0.007260971386811366,-0.00959940957545502,-0.006219617348114381,-0.008482549442719867,0.0035797406283357702,-0.005621471658512123,-0.006059002337242991,-0.02022996652146447
2026-02-02 00:00:00+00:00,3.6185387927156754e-05,3.61853879273788e-05,-0.00030424931536243704,-0.0003042493153627701,-0.00019045706173814736,-0.00018513183671498012,-0.004699014261054346,0.0024265742137865587,0.0041531246800710075,0.0056924260501280965,0.00770215432092991,0.007712992703784671,0.015730075678894284,0.01486035462187596,0.01638939580709331,0.029937970446655582,0.028062210211920346,0.03166378033098183,0.0015963627505302114,0.010979013580304509,-0.004387540654775535,-0.014012171935417927,0.0047708396396484165,0.0013253402291526495,-0.006459758011401973,-0.0052446925218034846,-0.0024522852352391045,0.008220332113989315,0.0005070276612160196,0.004076866485218877,0.008151488226490589,0.009028248610215117,-0.006894568762719322,0.014614823688291478,0.0021997528605472993,0.006302704037494111
2026-02-03 00:00:00+00:00,-9.305488162747455e-05,-9.305488161714948e-05,-9.889786169192671e-05,-9.889786169214876e-05,-4.697860758251515e-05,-4.6840251337942895e-05,0.02199016472470028,0.020133976493083905,0.00664888265873409,0.015193099835837831,0.01636755544642665,0.016010096124037032,0.0135791478425209,0.013237888307035206,0.007813185089505126,-0.004007449848240641,-0.002938982128011136,-0.006067579354314456,-0.002324090999304196,-0.0007431432784095193,-0.0002931272606728763,0.008367941727292605,0.010442042627619053,0.016490349236435664,-0.011707147136252427,0.008435473383602732,0.017182137471416725,0.014339729326050321,-0.018226331591554734,0.007348001648131763,-0.0017394288712312411,0.016673131006526676,-0.0001626202529519949,0.003508501203430825,0.016785360115238124,0.017548846863757683
2026-02-04 00:00:00+00:00,-4.374523517469697e-05,-4.374523517458595e-05,-1.6649773178389893e-05,-0.0009345374817183449,-2.667820401913712e-05,-0.00048658920301447584,0.0005671642376599006,0.004596109942581306,0.004532713957813517,0.004748796408669875,0.004316614380645012,0.013298242748317701,0.00647273732368614,0.00986091758801666,0.008604439279743525,0.0031820691409141233,0.000854660071991864,0.0035623006549947434,0.00012292007699521434,0.003809979872673175,-0.0026177679354011385,0.003329074590689096,-0.010454085020133785,0.0031025410407086174,0.009041250721367078,0.013127381716858899,-0.006866046913833412,0.0036048888728397177,0.005620826779838772,0.008045936380828289,-0.0011586534297143292,0.006757094019157472,0.00020961736677405085,0.006799591780303205,-0.003114431592579514,-0.0012672659098328376
2026-02-05 00:00:00+00:00,2.174088845752209e-05,2.174088845796618e-05,-4.405925347050754e-05,0.0,-1.2905273304109066e-05,9.637028499209777e-06,-0.009661547114455327,-0.003450170106843342,-0.002173788895752482,0.003429786283506653,0.0003296252145108536,0.0012584530593542365,0.0075723567097458755,0.0031239124300039833,0.0012710711797103702,0.0018865027075829488,0.008062530279562274,0.008707956435313191,-0.019591890523710576,-0.012203983970052179,0.01686228167516024,0.0045073916868920705,-0.018264948956654314,-0.0032087075217676064,0.017463047728005776,0.01131994925984614,-0.016579895632463648,-0.015534768886063866,0.015986545455931145,0.015688701852002884,0.00035953148941758606,0.0021495747079283145,-0.0014494660422975647,0.008797986339050379,-0.0013882207816524605,-0.008132181822095075
2026-02-06 00:00:00+00:00,5.9828489717306255e-05,5.9828489717306255e-05,-0.00010709766221705941,0.0,-7.159990511440562e-05,2.65203439238082e-05,0.004222025142765595,-0.017233811554989265,0.007963238349288693,0.00551612239334065,0.004238765541916489,0.014853906401173012,0.0005246037430364225,-0.002348631936664458,0.017345235965178674,0.039041421007725896,0.03293930972419634,0.04169513957703286,-0.011097966784814228,-0.011674554391073233,0.00896334366816487,0.016589564325139472,-0.011891381307852611,0.011166240888873524,0.006306136462229217,0.004541502263693875,-0.03189380760417104,-0.02409894377213173,0.031440498328735966,0.041761743199591805,-0.04062936657075289,-0.035754981084476944,0.04167174212372049,0.041076204223262636,0.005559714054810705,-0.008692557483717778
2026-02-07 00:00:00+00:00,-0.0004578067313325551,-0.0004578067313328882,-0.00036793740561369415,0.0,-0.0003464893086165821,-0.0002755682587967101,0.015079826134839491,0.014257399333911902,0.0010838765344234336,0.01741206297505493,0.00678530681054168,-0.0034957923657037426,0.019766511757355998,0.017403024850144222,-0.004303231430958454,-0.023289616072876718,-0.02579868763579407,-0.014887047509393181,0.04129747487183666,0.030351636937812065,-0.04298107040727828,-0.04043058079227557,0.03701020948459455,0.029372123281704576,-0.037087434679966336,-0.03345679756970621,0.04169288123778214,0.02721497725047861,-0.0440274090057039,-0.03519325091417702,0.033825643236575775,0.025332332303296123,-0.039986967588504285,-0.03913731877533333,-0.023525186394486863,-0.014735323723471305
2026-02-08 00:00:00+00:00,-0.00016988882266510963,-0.0010070647142423894,0.00010839724637223824,0.0,1.740343143685763e-05,-0.0005034275246725839,-0.009651399452703546,-0.004533936873176048,-0.005412049451018253,-0.006718882124349568,-0.005325022884698827,-0.0038619670751559587,-0.003417120232613313,-0.0031568175952453315,-0.0022610302849289665,-0.0033854889302979974,-0.0033467162250886417,-0.0036959356253338793,0.001643775527322644,-0.007108975479190649,-0.005309076983511352,-0.006544730166421653,0.002906102169859981,-0.004580581381382842,-0.004659349996276485,-0.00655509671145138,0.003222799326073833,-0.005257819747241266,-0.004126777887152766,-0.006364368163764844,0.00276158958662176,-0.002894341911901188,-0.0032086356088040224,-0.004048036485171158,0.012804992865203868,0.0016760473356924876
2026-02-09 00:00:00+00:00,-7.023858318078169e-06,0.0,-0.00016704774734088712,0.0,-3.832373954804069e-05,0.0,0.0025963105082593696,0.0018111239977842697,-0.0001800808288936473,-0.0024465779185038894,-0.0012280080198268095,-0.003354861582492985,-0.002886096583590736,-0.0028892052383578948,-0.0021226700363848883,-0.0074046986952275295,-0.0066440302195487355,-0.0020161544781605034,0.005121198590470888,8.036240936659667e-05,-0.006953128724061064,-0.011184604078479876,-0.005745621023889758,-0.0070051216796797044,0.005155131342103214,0.0038355514516548173,0.00038203244462819974,-0.0009417198649166458,-0.0005489695735328981,3.217935683608175e-05,-0.0028153409780502514,-0.004077683363647444,0.002555840093946049,0.002507277071645664,0.0026083051132752555,0.004456132629266474
2026-02-10 00:00:00+00:00,-0.00016175696043319032,0.0,-2.339026952113965e-05,0.0,-9.069650786364125e-05,0.0,-0.004862006874188474,-0.005127456080514237,-0.006054277653330442,-0.006222353262615665,-0.006030692513635638,-0.0027665498248842235,-0.002791024658139185,-0.003061425392114958,-0.0008278240225546574,-0.005918481940602072,-0.005046648405736209,-0.00671712578709216,0.0010689729675303905,-0.0026979726982497843,-0.004193253312989698,-0.008051668969214165,-0.00046156318629975157,-0.008767835629566179,-0.002344797885493688,-0.002283405652465209,0.003931846127223082,0.0029462554313850475,-0.004863752928298437,-0.006346750102419585,0.005848643791158681,0.0043016660910941695,-0.006238146786013199,-0.007050372451404163,-0.004863870048186891,-0.009413867748586102
2026-02-11 00:00:00+00:00,7.989910477679274e-07,0.0,-0.0001843823552956092,0.0,-0.00010237169721538653,0.0,-0.005878573426742473,-0.010988644597427766,-0.008209368833750452,-0.008474801091964301,-0.010345607548298275,-0.009780071756652742,-0.013473984246432535,-0.011118031390446537,-0.011485075689447233,-0.00725804836463384,-0.010057154718472239,-0.006355179126835142,-0.006110351376178325,-0.007806603277488722,0.0041905576320970805,0.005096836447708197,-0.005523641895600284,-0.007646546037263446,0.003940659284821901,0.005414750928485201,0.006066672825520092,-0.007813400204628618,-0.006864817002338319,-0.007304212021053136,0.003290146002839167,-0.0055926041602725185,-0.003732118221632441,-0.005192928010769093,-0.005538887474016763,-0.0007477783689034956
2026-02-12 00:00:00+00:00,-0.0001115567233511694,0.0,-0.00013915572372147356,0.0,-0.00013110625839607426,0.0,-0.009687951240998971,-0.009833128806163383,-0.00749218955797093,-0.009261254175127465,-0.009881504731265922,-0.007074293282026467,-0.009417241884145389,-0.008603582983557345,-0.007430769056587683,-0.004530406364291029,-0.00508339569875027,-0.005747840856983211,-0.007991242493905482,-0.007756688017580005,0.006184158683018692,-0.004073583304695649,-0.005119001974440152,-0.006253535960960788,0.003957781223128176,-0.005620482257496229,-0.0035831376583522756,-0.008424392812191095,0.0020399041587013667,-0.009677116017813292,-0.00874819675440952,-0.011731836778025029,0.008933439435958368,-0.00016412921515396306,0.0015038166767706862,-0.01028388142114256
2026-02-13 00:00:00+00:00,4.508980574668975e-05,0.0,-0.00015917932150433245,0.0,-6.705231685832924e-05,0.0,0.011496452060875129,0.018992736919523967,0.009831440150466886,0.017819796205870375,0.019959758046036447,0.00732840280533642,0.02321787017540533,0.02256693558930367,0.015685385198049184,0.017880163905214852,0.018174203964994584,0.01749744640297446,0.010337484654080908,0.014855254348473457,-0.012075385680284545,0.0066034162700376875,0.01864434670212578,0.017619308049281468,-0.01977808596680164,0.001915146001584267,0.009361950524955143,0.01998606863588437,-0.009971544136635146,0.0038340563740431044,-0.0037789831412604613,0.011353523885266004,0.0035577647096338705,0.01638067399608345,0.0022576360657893257,-0.0010379748479767414
2026-02-14 00:00:00+00:00,2.8513547175146314e-05,0.0,0.00010694284588019798,0.0,7.327985950800198e-05,0.0,-0.00715478029519423,0.0013996116939130054,0.0054541040620395,-0.019041324911052038,-0.018701408872869196,-0.0139458729650076,-0.020279329850878547,-0.01588879820526723,-0.016812348851215075,-0.01550470321534625,-0.013614357621052009,-0.017068018047675326,0.018248517337293713,0.006797471424487833,-0.021390829833852765,-0.021013028937399425,0.00040818939274367416,-0.008812062045249758,-0.002711248848940695,-0.011637238996388577,-0.012837335992048282,-0.015017978787630448,0.012072079922167411,0.006105579131777228,-0.00015617558060887493,-0.012661221878062734,-0.0008453196941414776,-0.00013161860923238677,-0.018960065594667008,-0.01819052775435892
2026-02-15 00:00:00+00:00,-4.0310709790492005e-05,0.0,-2.4770636887883057e-05,0.0,-3.315861345654092e-05,0.0,-0.02173426096574238,-0.004421187733745002,-0.004550964750556941,-0.013107451523069802,-0.008946146741464656,-0.010042655831675962,-0.01083255288555518,-0.011670781497564064,-0.0036732131638359533,-0.01069496551376703,-0.01317656093273567,-0.018525867317516487,0.0028997464622879665,0.003908901432680523,-0.0069420117616426635,0.0033330253021175427,-0.01851614928951606,-0.015702080632013504,0.016925609098892513,0.013968760491084087,-0.0052888565006681265,-0.011501192240795377,0.0038585012986409595,0.013303174055712574,-0.017465978071132926,-0.018716435827537237,0.01695749935783275,0.023300112748649404,-0.021388962310388893,-0.0242842617562663
2026-02-16 00:00:00+00:00,8.325266307274148e-05,0.0,-4.236628366993678e-05,0.0,1.6368224560414646e-05,0.0,0.004837720454641037,0.004579435139468346,0.007589651978620049,-0.0013363767516791913,-0.0006784348578137145,0.003562963928680496,0.0019035865637744287,0.0008605407442650037,5.521083613335698e-05,0.0020098515043995846,0.0018516071711420778,0.012884780167629284,0.0014916729893628133,0.00788167523475769,-0.005007945109544831,-0.0020434361629497744,-0.002697506623201562,0.004589242358543855,0.00036787189375697693,0.00014432114264972817,0.00455523031996008,0.001041571684289977,-0.005576650931380711,-0.000866472479433833,-0.006126189602055465,0.0055819173394904276,0.004361887875866888,-5.3470983199521704e-05,-0.0007425608652295024,0.003042107176408848
2026-02-17 00:00:00+00:00,-4.884109542235837e-05,0.0,-5.02447899485281e-05,0.0,-5.144916496047092e-05,0.0,-0.004969126276901603,-0.0033245232411183157,-0.0036214558482209336,-0.00028299298245393345,-0.0004659833041474881,-0.0003512633580057267,5.563076216819063e-05,0.0005744394694877641,0.00020339406432201557,0.0023174806282353355,0.002515874168891763,0.002188700733948723,-0.004680026347723354,-0.0030524047888998984,0.002307556536191857,0.000161342856279445,-0.00279469408039279,0.0043665759423328065,0.0009847979725527978,0.0023183937165869306,0.004840825856614828,0.0033216813189091976,-0.005353153507941966,-0.0021159170810768346,0.0019705131876224247,0.00411969076663854,-0.0028554427589130293,-0.0009433470988238213,-0.0017805687052221408,0.004404101248930203
2026-02-18 00:00:00+00:00,3.72223156517304e-05,0.0,-1.0580718953434598e-05,0.0,1.1978862286987635e-05,0.0,-0.0005815542993472533,-0.00025284227510369295,0.0005766668520716944,-0.0015120393127766585,-3.6456569908138725e-05,-0.0005862713088167215,-0.003854034894419489,-0.003033331834851438,-0.003303895589077399,-0.0063983825624885915,-0.006522973385243658,-0.0068096286570996645,0.003252185546763764,0.0016126991438700777,-0.005837856987042311,-0.007033412615239598,-0.0029338038878418127,-0.00022950914860742078,0.001435761581767725,0.0009301824714358364,-0.00032898811036286,-0.005735751043277726,-0.0003274008797032879,0.0012424501751848727,-0.001112149816348884,-0.0037802504010684412,0.00028514410737368046,0.0007172284674896723,-0.008464193485309135,-0.011129355184402168
2026-02-19 00:00:00+00:00,7.333404579279446e-05,-0.0009332724300824546,-3.839098186586565e-05,0.0,1.382575682251641e-05,-0.00046663621504128283,1.742511680435932e-05,-0.0025717158426125097,-0.010001313332587247,-0.0102180514859328,-0.009418003924594132,-0.011177505492089512,-0.012033828243897204,-0.013811413408551965,-0.006621153910587263,-0.00039434463148446675,-0.001317261283596327,0.002090983880405517,0.005312862079118075,0.00570001426408373,-0.008607228563045521,-0.008381963038425866,-0.011041529583816101,-0.011877349677078985,0.009036757074772916,0.007197878745164088,0.008924615665491853,0.0036012404017928823,-0.009628108010852343,-0.00855847388574238,0.009156833838186662,-0.005831241113982588,-0.009267321432641085,-0.012896959181842527,-0.011212025874554943,0.0049508861017422134
2026-02-20 00:00:00+00:00,-3.5730905456610174e-05,-3.71637663022506e-05,-0.00012034684638506654,0.0,-8.420991553115265e-05,-1.8573208123373597e-05,-0.00810205589967361,-0.002259036603660003,-0.0026757066990569234,-0.006695190038131016,-0.006073535857694545,-0.006778632950200536,-0.0072925166463516655,-0.007022618287372939,-0.007102289435017672,-0.00781362688168552,-0.009054793932324445,-0.009339774645148902,-0.0033927329344169976,-0.005645545397212737,0.0009820210127247098,-0.005133514614348411,-0.007638823425395236,-0.005694100672117286,0.006048312205370943,-0.005532697945889065,0.0034150431105155477,-0.005331515277704257,-0.0038056069347780497,-0.0026157278126708317,0.00420894448661735,-0.003250611250592894,-0.004100421586621827,-0.006745386556694988,-0.006084702746653736,-0.005603902014611806
2026-02-21 00:00:00+00:00,0.0001024441039381152,0.00010655241294821316,-1.0334544006895818e-05,0.0,4.3442929022807775e-05,5.3250344269839545e-05,0.010272116497506145,0.021576471679476406,-0.010310829178622805,0.017945534964172172,0.014195184565876984,-0.005778184326163172,0.005873987461836316,0.0060862875762164315,0.0016750793951254561,0.015577420906633055,0.01593589989275146,0.020043760492267193,0.013316428105055289,0.010304323997243348,-0.015904908374733906,-0.005172756355453223,0.010822860467259554,0.010952223585857901,-0.012056450534781327,-0.009316852917853446,0.016455332187650162,0.016207373426870397,-0.018848799494254442,-0.02070815670830728,0.013693201159898027,0.015223946597573867,-0.014405567867414426,-0.00029188326638107664,0.0197694140361262,0.020858286581085794
2026-02-22 00:00:00+00:00,4.5964168042145204e-05,4.780726959441317e-05,1.8639388982277794e-05,0.0,3.246024779945955e-05,2.389330453267391e-05,-0.005175086969619658,-0.008289918844132216,0.008054378286655117,-0.010932250878307292,-0.009546683354781704,-0.004520501811812516,-0.008231981013443579,-0.008043363532363568,-0.002718637633851606,-0.008532821819113634,-0.008082117329326177,-0.005547270084173772,-0.0013744156254230644,0.0007147146365755752,-0.0020815383970055334,-0.008946547300848984,0.003241140372158169,-0.0006402926502064865,-0.005891570814191449,-0.005383468870119534,-0.0027307579452597874,0.0022248873008221537,0.0002068887963657673,-0.0025994705001929352,0.003755790401559045,-0.005118115240400178,-0.00422836955433703,-0.005466371575796769,-0.005698723379035986,-0.005123319740020338
2026-02-23 00:00:00+00:00,-3.467735803608374e-05,-3.606780715692537e-05,-2.632406891800443e-05,0.0,-3.132034467989708e-05,-1.8026541059423806e-05,-0.0022451038344994956,-0.0007003092183031079,-0.0006195678894379553,-0.0008669756200819778,0.001086750789853319,0.0044593125795369115,-0.004684101008193942,-0.004482115077931725,-0.0029926783514607758,-0.002817195594746802,-0.002931801466960593,-0.002185086308917561,0.0003159809964814464,-0.0022183975809815237,-0.0030073842030969855,-0.0015510526879571884,0.004421518665083779,-0.00083720267122811,-0.005755982008857186,-0.005509051132824072,-0.004952863845175792,-0.008356515403411646,0.0021760512237276597,-0.0003506757136148009,0.002412884831736184,0.00344931428344597,-0.0017924946500000871,-0.0011134751230305051,0.002664938932462002,0.0030518985566703183
2026-02-24 00:00:00+00:00,-3.977716300118672e-06,-4.137215521726745e-06,-0.00014366870128357245,0.0,-8.194656435200898e-05,-2.067725925591901e-06,0.01613289327198264,0.01611688538224021,0.009593103764611755,0.018786527800713326,0.0195554396326989,0.004507446602547649,0.01951765861178978,0.019717444739381085,0.021136268220905086,0.01172685216218694,0.012079134812973624,0.013454877711987834,0.010252075724737075,0.01837646680730809,-0.013280078753455937,-0.006637011919864544,0.020218304614936233,0.020621465868435385,-0.02101229331120391,0.0012999465010961053,0.019510189870622474,0.02208516795818216,-0.020623500145432128,-0.004923468181570523,0.005249569939279608,0.009386361509886587,-0.005770809858839487,0.0020939317731929474,-0.01651008683181754,-0.02036396222507697
2026-02-25 00:00:00+00:00,-2.0081495246793146e-05,-2.0886730179747737e-05,-0.00014436569813802702,0.0,-3.124430290069036e-05,-1.0438891541841855e-05,-0.0038980894669105037,-5.656303942846996e-05,0.005597957072743354,-0.0011392152313483006,0.004079657182398666,-0.002795121734232575,-0.005489944919737644,0.0019242749728693997,0.0020184938936091967,-0.00011528576073449592,0.002385640985188786,0.001657281646765485,-0.007444574847382923,-0.00506733806256654,0.004781217545831495,0.004122988226240798,-0.009545249733832972,-0.007399550129851384,0.0076365588426532405,0.004763861793747326,0.0037207518887942825,0.0035570272955385285,-0.005142693647749441,-0.0015340490032750287,-0.006317783983329162,-0.003333976470449085,0.004762037809076691,0.00477532147265558,0.005486752459390454,-0.00936464537697923
2026-02-26 00:00:00+00:00,4.862517161297042e-05,5.057500174943108e-05,0.0001290925829933176,0.0,8.785418672996315e-05,2.527640456295721e-05,0.02489180104324351,0.002790642846683733,0.012696098090919206,0.020849105825573977,0.015529431525683313,0.012685193488032764,0.012324911192625798,0.011808029475405268,0.005522971289938727,0.0015014708100131724,0.0056482524050460725,0.002541860004235952,0.05344788298833314,0.015251407128206385,-0.05793960673844423,0.0048334742644911,0.03783276684063974,0.037814976933194355,-0.039147729419225286,-0.007883516254370004,-0.043036662966293604,-0.011782984222775905,0.043638523636181814,0.05760258216663949,0.030006131926995083,0.026082679504455752,-0.030339742554548188,-0.0073053035448762405,-0.02032580898742964,-0.005206995578231011
2026-02-27 00:00:00+00:00,2.0128068044078518e-05,2.0935146509470925e-05,-7.987999712688598e-05,0.0,1.8332159633205336e-05,1.0463244710656738e-05,-0.007197615559121018,-0.0005817278726975017,0.0007423212145560854,-0.001376127521897974,-0.0027738590933695795,0.000504311036040983,-0.0003768049064877266,0.0008113584463622647,0.0016796685295656921,0.0019639143964738093,0.003866180758977933,0.004204517474286851,-0.012166995812827097,-0.006605171457080394,0.009134104273429422,0.001382668451936686,-0.010523022623495693,-0.00982576655817713,0.00685983382740285,0.0029409055523546,-0.0014379908598258773,-0.002990848173366145,-0.001398220544423845,-0.0037129456481653778,-0.0011551006738724778,-0.002480654900449686,-0.000807251710017054,-0.0010531546312820828,-0.0010967068039988703,-0.002783800378195367
2026-02-28 00:00:00+00:00,-3.0507850780958634e-05,-3.173110349841135e-05,-6.748754867724749e-06,0.0,-1.837626193845754e-05,-1.5859157108999433e-05,-0.0027388762270393885,-0.0022045527277004817,0.007324545265281701,-0.0024379069189741642,0.0033139750155477543,0.0037657587467174736,-0.0012353116828991428,0.0019915850965130932,0.004140450761870085,0.0008948159270596445,0.0012493249001495066,0.001409985773906941,0.009794120015983676,0.005684848180457003,-0.012892648530644313,-0.006653235774236044,-0.00010729305734535899,-0.0006563563317574239,-0.0011833936900929043,0.009594222515751705,-0.0049288209320591525,-0.0013242535996971228,0.004288879890477215,0.007302243421756449,-0.000698395304873034,-0.002384651399800597,-0.0005919439513347724,0.0022447604756281603,-0.003551139088262656,0.00012092747574099505
2026-03-01 00:00:00+00:00,-3.9014273800042076e-05,-4.057865246376302e-05,-0.00016479222882492817,0.0,-0.00010963877874736738,-2.0280826674601293e-05,0.0030832729233445377,-0.0018814715880631772,-0.0026155905618336917,-0.008152890828843629,-0.005377577490726093,-0.006410001864134762,-0.0003943784484421453,-0.0011316199241592217,-0.0006551072184289852,0.0005753462001545362,-0.0003981444793570432,0.0010663529102703517,-0.0011243025214300317,-0.004238320737199097,-0.0022119487306010432,-0.005838104672318489,-0.007755449013564508,-0.009852955662655871,0.0068343342276253605,0.001453277378808071,-0.006111706396338734,-0.005974411537815638,0.005814259705088531,0.0013198849503419652,-0.003118765641664689,-0.0059047414219319805,0.001885283012896366,-0.00032330730929208684,0.0027031127115084708,0.0025866065580906206
2026-03-02 00:00:00+00:00,-3.463397211100894e-05,-0.0009469189687989488,3.8245185684404603e-05,0.0,4.458355923109281e-06,-0.0004732515374905599,0.003621176426488404,0.002345334683431455,0.000230316413394549,0.005916439862163392,0.006941479407428952,-0.0013186426040959764,-0.008163153136325096,-0.007494934777839024,-0.012272147131382805,-0.010846896396221273,-0.010922856576046303,-0.010488818761791752,0.0073112165650495164,0.004096073284301838,-0.010463963176730373,-0.007947712433654774,0.0051048998627942765,0.007200128929173433,-0.007297994508258299,-0.002765776426473132,0.01107360636504473,0.009485858983812934,-0.010803169375947608,-0.010363388003108653,0.004249314486266309,0.005425995584116938,-0.00510298187850966,-0.0064620454283850215,-0.003987459732483267,-0.008950598648449604
2026-03-03 00:00:00+00:00,-3.480237607433878e-06,0.0,-0.0001458775018651215,0.0,-8.213605423934567e-05,0.0,-0.013590776953298356,-0.010095816863526563,-0.00038648683048325694,-0.00014652806756032533,0.0022222757319851905,0.004703491814785465,-0.011852702962655726,-0.010496127782594677,-0.017856190501695846,-0.017909653063492348,-0.017280336762360182,-0.01620892361953452,-0.01743740536153715,-0.012509897527889113,0.015599826609649536,0.011921467760501958,-0.008972365606122579,-0.005719824440043486,0.007145264796139417,0.002287903935150659,0.011794579633721991,0.008164255780357399,-0.013131032052378866,-0.006225915615323041,0.006042004600456341,0.003224067951374865,-0.007211777084323856,-0.008336806135163854,0.004362111011178449,0.009570692234328382
2026-03-04 00:00:00+00:00,9.187200277738228e-05,0.0,1.4209147570110048e-05,0.0,5.1969869182544315e-05,0.0,0.0005374317680635343,-0.011230871758501348,-0.009994932104482324,-0.002599559156889919,-0.00471205935929675,-0.004997946029788758,0.00042441302511253554,0.0008529808860058274,-0.0006773850659180791,0.009525282931894141,0.009088052027975468,0.009279184423900189,0.010133486790462998,0.003260733497686852,-0.011287217440875574,-0.015187478342828964,0.011759338645656037,0.006850460823294213,-0.01309700676696135,-0.015514048376894185,-0.013356589976203703,-0.011372538202848448,0.012522550682779965,0.007875560064083187,-0.00011504005376405946,0.0004760075286520671,-0.0005898989624374407,-0.005662884653556799,0.00878538445213306,0.012344509169581075
2026-03-05 00:00:00+00:00,-6.90832305961786e-05,0.0,7.79337960057358e-05,0.0,9.796041290810464e-06,0.0,0.000976163606155378,-0.014764993835195472,0.006396887403378182,0.0012330008544050308,0.001540160850980632,0.01709406105360789,0.00721743296356081,0.006054301014325469,0.00556864057255857,-0.0015394616523851656,-0.0014271156886482839,0.0004777059849301324,0.01723530991368838,0.003101486236962492,-0.020338165512367445,-0.01668276815523262,-0.008796267412660153,-0.007873559263837038,0.008558961475137572,0.0060238461442412294,0.017932385168156317,0.018653614175468958,-0.019881128998333386,-0.01556971467833268,0.023309549718661504,0.02205157687832693,-0.02447754077912412,-0.02391403274527726,0.008369642611759653,0.006817851497717742
2026-03-06 00:00:00+00:00,0.00011257971878420037,0.0,-0.00014004069573969602,0.0,-2.316421319448203e-05,0.0,-0.0026186795495845017,0.0011131731719493665,0.002316226416519962,0.003205409326621389,0.0035417602676555138,-0.009866463716462825,-0.005652185743871829,-0.007506413935975509,-0.00570561191911223,-0.006691368937964737,-0.006956296004467344,-0.007199655973987085,0.011523445790148967,0.011097122466827258,-0.014998327982494897,-0.008125564563379983,0.011542142150172907,0.009639321442393545,-0.01314344154506697,-0.007817071087480643,0.008625155519264682,0.006000671897798515,-0.010709995733723776,-0.004235906172282533,-0.008693106028867192,-0.00757218923415337,0.008928768753602156,0.007115979301243414,-0.007688006426613159,-0.0057286826175374506
2026-03-07 00:00:00+00:00,-6.0349916550017646e-05,-0.001005555584140172,-3.208581888403117e-06,0.0,-3.076278404745558e-05,-0.000502777792070197,0.0042424140470516125,0.004006722353869785,0.002413355196272393,0.006115982297109301,0.00917658142252642,0.009314901683599608,0.0034529975707726646,0.0032902414667443924,0.002670884621477798,0.004853464694435816,0.004517383377631079,0.0033451190498838823,-0.009888647468895506,0.0010213377648131683,0.006169198671693188,0.006217866114775816,0.0032845310436859787,0.009143155249035306,-0.005292861212956912,0.0064062149182710915,0.0013996104127467213,0.0055498587770770325,-0.0027674190439621604,0.002287576229563104,-0.006111099203285675,0.0025466650788532608,0.005342217171531605,0.00957639053639836,0.004478237358848336,0.002335589075331157
2026-03-08 00:00:00+00:00,-2.647519650600394e-05,-2.6111479713097907e-05,8.028435285467594e-06,0.0,-8.290954433998188e-06,-1.3049172418511112e-05,-0.002744281052343034,-0.0024540750466439665,-0.0010997745519631952,-0.005270665703791644,0.002181302176511357,0.0030036807338240656,0.0038041752820308083,0.004067376533858802,-0.0005538046679122166,-0.00044575359916076973,0.00041787262725478946,-0.0010662981410881622,-0.004562994020352207,-0.007194860401993464,0.002982336373011707,0.0004903752590910138,-0.01106504218998261,-0.010924567052002843,0.008927745649955021,0.004965105254179258,-0.0053991907710634335,-0.004707280116452162,0.005074982746853252,0.002049539701949321,-0.0022794769951828275,-0.004490670415308262,0.0018632892016972047,0.0008254928392652516,0.0025469520252612288,0.0016237560453546962
2026-03-09 00:00:00+00:00,-2.7960565728291087e-06,-2.757643286943612e-06,-0.00020224260852319542,0.0,-0.00011288607651271931,-1.3781100521859102e-06,0.008343233827765362,0.008326662667359264,0.004959315815098231,0.007245551505486336,0.008145605571449055,0.0016569896101370496,0.003374959419896628,0.006564744528743338,0.008354676971526143,0.009644580577161666,0.010413503531619517,0.008174369478079146,0.0014967231667806224,0.009410771787541572,-0.003602874352432228,0.003678321220210501,-0.0048504526586403696,0.006377585664486762,0.002780080588157041,0.004254630943469895,0.003670945933643477,0.007858036796777546,-0.00424233332054591,-0.00037984494508414013,-0.00018872202633701818,0.006907680194528698,-3.337629639788009e-05,0.0019589003992670495,0.005622838788742035,0.006543512846808985
2026-03-10 00:00:00+00:00,-4.1678577342274536e-05,-0.0008444135733058911,-4.700284638736729e-05,0.0,-4.594558115589287e-05,-0.00042198830923456665,0.0007415067976077605,0.004360748433784423,0.0019759644132109067,0.001627210424570924,0.00017641397460743669,-0.0009287881788310193,-0.010556085343701116,-0.011210745887593188,-0.01178224466482225,-0.0036148270561762175,-0.0048820072072722764,-0.006537638397533074,-0.0012224883813209964,-0.006009837252581973,-0.0011039821383772574,0.006892902197611628,0.009135317879563232,0.007229306818586911,-0.010058754690457583,-0.010769280877442777,0.003149016800073623,0.0008424568304945534,-0.004584376172340754,-0.0030852576978104285,-0.00025179545637588063,-0.0023338088595021844,-2.1846120801805036e-05,-0.0020247016343657442,0.012323986628753891,0.013036952585282924
2026-03-11 00:00:00+00:00,2.1870942789048442e-05,0.0,0.00014112383498821046,0.0,8.833489949022777e-05,0.0,0.0015866761717622246,0.013980649650599863,0.01781765492178322,0.01251684604857184,0.012318973168345737,0.012558009047709318,0.012602661403824156,0.011978843782453508,0.008088157867858659,0.01176266526135783,0.010640418624647818,0.008542251769714015,-0.008752627780793554,0.000947225181872291,0.005986022872867425,0.011588338097758166,-0.010570048248663588,-0.005042700012373835,0.0073634647457943014,0.00892895257157389,-0.004670364160194951,0.004553451162422784,0.003131098209461891,0.008792660370475991,0.008584378343493348,0.016039305180832963,-0.00892422003423976,0.003514755159344629,-0.00858965619285057,0.004303455572053805
2026-03-12 00:00:00+00:00,-0.00013009423270271547,0.0,-1.2537900410114489e-05,0.0,-6.941448686459406e-05,0.0,0.0005970538507882317,0.000586563792119188,-0.012040953062303905,-0.006651414581327786,-0.0051903548098075625,-0.006861346718724515,-0.004780793197468491,-0.003025575089919297,0.0014808636259870944,-0.004200092019836177,-0.0037710693236689963,-0.003107147926717957,0.01218185164401242,0.0006098974236130594,-0.01407281855156406,-0.008592822842675596,0.009927729819518616,0.0068291111142169125,-0.010928322630927578,-0.008026703120406986,0.0069758685842307155,-0.005406399681910257,-0.008580924832140235,-0.00496575173256697,-0.008628546602588605,-0.004154704687144406,0.007871388216349251,0.007926633187142595,0.008798540710549085,0.009578957120618403
2026-03-13 00:00:00+00:00,6.0518025179367996e-05,0.0,-4.9325826600110645e-05,0.0,1.8670389632102768e-06,0.0,-0.005190189285542046,-0.007469751616899667,-0.007675933424167947,-0.008110039082566356,-0.007303294506174396,-0.007678234384805305,-0.0066921592307178646,-0.0072583076019562265,-0.006313788653443897,-0.006750404389531117,-0.004832941797986212,-0.004637706119839158,0.0006972672304961236,-0.002708057420838239,-0.004697745441829215,-0.003824017158750026,-0.0017386279192981302,-0.006294554408884934,0.0005499884446864556,-0.00626998663207079,-0.004145602060518949,-0.0069140959442177685,0.0018240354089209543,-0.0002607394663546314,-0.00258368173373813,-0.004144804005318026,0.0026924458743309287,0.0007339752342470085,-0.00034850947306053204,0.001452894311585462
2026-03-14 00:00:00+00:00,-0.0001744860421204475,0.0,9.687549272285878e-05,0.0,-3.0398178269663845e-05,0.0,-0.004121350446582683,-0.010920185945746175,-0.007321097812442612,-0.005739365192612422,-0.005183993990013458,-0.006850492104672257,-0.005992887936688174,-0.006330705699504113,-0.005702819332780273,-0.007938952349805573,-0.004739309840794292,-0.004618257403458892,-0.0013393825872685117,-0.003900670677233542,-0.0022610689664595007,-0.00977699056170267,-0.004974276867223404,-0.0037907592880733754,0.0035228770910773477,-0.008585865447745311,0.0026353932984470863,-0.008365827737047082,-0.0034665118842536202,-0.005611137791910248,0.001737376279612457,-0.0029711366432063624,-0.0024939015139074927,-0.004910329879129982,-0.003906685149399847,0.005484865589080012
2026-03-15 00:00:00+00:00,-3.2443118050062836e-05,0.0,-0.00013628323965908518,0.0,-9.075546440995286e-05,0.0,0.002925347796933986,0.0017344342566232296,0.0038240408554941485,0.004012488095829436,0.004937955643319558,0.006333650530182755,0.0051825901700921495,0.004943807032418368,0.0046403004474846465,0.003700932998317752,0.002897111139853914,0.0032922063898992437,-0.0006808352692765363,0.0015114784043082086,-0.002077140134687072,0.0056264418949871775,-0.0014953305484901591,-0.0006127641235532666,-2.8372278896182657e-05,0.0018931861552804463,-0.0028378679455091094,0.0027039264405828156,0.001711608580442725,0.00467081803727365,0.006667885013649677,0.004781090777852048,-0.0073675917957994885,-0.004244449911103065,-0.0018887639904202613,0.001845379042199058
2026-03-16 00:00:00+00:00,-1.4200988867840714e-05,0.0,-1.28575158410138e-05,0.0,-1.391348181867258e-05,0.0,-0.008427043365500375,-0.009786961906075087,-0.008975950586911585,-0.00673746549396026,-0.0036594329620450727,-0.00483490017005217,-0.000851487417862562,0.0004717734187131839,0.0006615491679897723,-0.006684691835767476,-0.007743731323844316,-0.008777651139542875,-0.002991103326605682,-0.002161759647443029,0.00016670498361892605,-0.0015806956904962366,0.0019332587925982025,0.0023654473417045185,-0.003911660715261611,-0.009550605778123833,-0.006028063632148362,-0.005772110993578106,0.0052829936610119255,0.003866337514727869,0.0034199482598313846,-0.0020376774087604854,-0.004113584378088508,-0.003899995908077325,-0.00013526047367395932,-0.0036789777603510876
2026-03-17 00:00:00+00:00,6.234504918900541e-05,0.0,0.00030490032622632057,0.0,0.0001981193169595663,0.0,0.004916519327002655,-0.0033119256990945534,0.004227588157924123,-0.0017622258871113905,-0.0010741169279101515,0.02255462430244548,0.026619388528167587,0.03332023282627561,0.03321388798801994,0.01788686111796367,0.01643537216110902,0.009058294384899135,-0.004464380071152241,-0.008674171015043752,0.0020576155261418094,0.024199690434794974,-0.007733367398825908,-0.005023776612426478,0.0032946433698837208,0.020227860295292777,-0.008872460998362253,-0.0030223328131900873,0.008137768393492006,0.015180379892649754,0.017513835453024207,0.03176192466633054,-0.017146233212803397,-0.015334268356957947,0.010961084265944221,-0.01557641157613332
2026-03-18 00:00:00+00:00,-6.32306435993657e-05,0.0,-0.0002121231476627239,-0.0009697600940781204,-0.00019537208522124594,-0.00048488004703883814,-0.0011564986710189684,-0.00020154313679543456,-0.004544016048848576,-0.000620306246863711,-0.004823904236077259,0.004929942575323754,0.010216779246399188,0.009585311948698827,0.0039045531840218306,0.010193981322703882,0.01023566255926811,0.009715537658652629,-0.00661905670360341,-0.008384069856545495,0.0038557463078310317,0.0012062146249123273,-0.00917891568920215,-0.004818729140024125,0.007461670666127684,0.0061719383049883,-0.004626926525097552,-0.00799591357304641,0.0029785201870036193,0.005700781228332952,0.002152192572002276,0.003222203895366871,-0.003123845382299817,-0.004807786352208021,0.0021707494830076612,0.0032295098336387884
2026-03-19 00:00:00+00:00,2.903291968925359e-05,0.0,0.00010418614742513377,0.00010427097567511368,6.603954379458266e-05,5.211019611617296e-05,-0.004108250135515523,-0.003307483374395015,-0.0072188546839697665,0.005517442214952206,0.0015312842904222634,0.0035634953659458013,0.009226508218857399,0.009536765547969672,0.008717644603333463,0.0020298745348206193,0.006522035178973207,0.00835742945048401,-0.0035408646742576266,0.0034402878243935398,0.0026012690832339924,0.0009686879043138141,-0.0027657068566684373,0.0043067019611533475,0.0033012989883765,0.004975199288757226,0.0014752060305918135,0.0033405815003331174,-0.002845909369333266,0.005248199863137071,-0.0042382770031309525,0.0038383650891986587,0.0030002591708424564,0.004941130459862553,-0.0033266308565526037,0.0035739193611870057
2026-03-20 00:00:00+00:00,-1.344399743963276e-05,0.0,-6.852409521851399e-05,-6.857988164632456e-05,-4.072113321618165e-05,-3.427509387843308e-05,0.00291572190292011,0.0045707561605430325,0.0035279646989991864,0.001234352664321925,0.0018102998225997258,0.0023403000634421023,0.0020485118239477185,0.0020661980337020047,0.000669219563910195,-0.0014354219255325873,-0.004854793844935257,-0.00014321201538858297,-0.006250751044114988,-0.00198498297726446,0.003482441128133562,0.0034901400717795017,0.0025125558386933644,0.0028805143654062615,-0.003095294400706994,-0.00347361375880606,0.0036016826086902043,0.0038820390348828226,-0.003908436398644022,-0.002114301908817673,0.004058217905330341,0.00045565798334012975,-0.006844132366296107,0.0026341190494134636,0.0060365993334114965,0.0031431825426655458
2026-03-21 00:00:00+00:00,-3.686123399526675e-05,0.0,-4.427716475341459e-05,-4.431321388709275e-05,-3.9845755819500894e-05,-2.2146253745747302e-05,-0.0030291838952424266,-0.004749613630477656,0.0036721003368513916,-0.0007540619742852916,-0.0005805339636915097,0.0005796346995832202,-0.00226692260137229,-0.0012051595334878762,-0.0011478261137042312,-0.0026556184908198555,-0.002802718598823528,-0.002500486468603902,-0.010666677368808442,-0.004153810762517751,0.00791897558204413,0.0026240282867009412,-0.005559079075402984,0.0003556324557425494,0.0035113128559107754,0.005975565621164192,0.0009696558011520473,0.0016111772925222478,-0.0013655041186275696,-0.0017466124300222763,-6.418895681747916e-05,0.0037087432222910888,-0.0006041889659608168,0.00021632680275618377,0.005887268023678782,0.00901859667841598
2026-03-22 00:00:00+00:00,-5.040530631772455e-06,0.0,8.632991409429636e-05,8.640020442451934e-05,4.0743708802137846e-05,4.317895875560751e-05,-0.007681983967989581,-0.0005139543581457184,-0.0031426295105922986,-0.0037005196041053345,-0.0029856007308642907,-0.0033905044447157806,-0.0005493323474469181,-0.0033700554573532493,-0.00014322213627582236,0.0010546987856656642,0.004645812845071484,0.0058106343424477735,-0.0019934276228007475,-0.0058384092099914575,0.0004429235557716904,-0.0009218160075246118,-0.006302309344252466,-0.008127035876165367,0.005121142871881812,-0.005244946736822187,-0.002536407297450416,-0.0036696549706358716,0.0018229152143791616,-0.005089457680432896,0.001998526932768474,-0.002007500646283633,-0.003313886947371447,-0.0031397141033387976,0.0007618880484052681,-0.0006591172139739365
2026-03-23 00:00:00+00:00,-0.00012502855327090057,0.0,-0.0002752202270934756,-0.0002745458213855301,-0.0001345377112097479,-7.450414438014974e-05,-0.00428050480372244,-0.0010114779638101812,0.002933764381782389,-0.0029533573599694884,0.0004933529033277484,0.0015329376366481906,0.0008705123945176307,-0.00288195804657565,0.0016044678933366807,-0.005651299747950311,-0.006112246241882446,-0.0038246246796914685,0.006603628520307714,0.0026481066776145035,-0.009295480697522285,-0.0036895710573611185,-0.002417140639955684,0.003559001073616841,0.0016916818546997003,0.006776666248950125,0.0031087940233420763,0.0007261969374079413,-0.003518769795710641,-0.0033386776587781553,-0.004136171149211831,-0.0038643944778810058,0.0031537743903806703,0.001991338329058845,-0.002204112812489556,-0.002851606802311779
2026-03-24 00:00:00+00:00,9.51498924068872e-05,0.0,4.2039401669802245e-05,4.2039372874835834e-05,6.431861835620722e-05,1.8617816645916108e-05,8.818588769554658e-05,0.003011804531380724,-0.0020804310865922826,-0.004359417345169647,-0.002319016321004286,0.003024273546935463,0.008766862952620746,0.0022897181078112006,-0.007076380564959184,0.002007739944368092,0.0014344680553590727,-0.0046929788520654325,0.0014450528474094781,0.0011284477229531742,-0.004272925443249864,-0.0009638465953162312,0.002520952176322311,-0.002502092872450623,-0.0035756329672218534,0.005556582200539006,0.007321633239575132,0.009303106519018778,-0.00821519590965969,-0.0033331837043434343,0.0021822707345464654,0.0008577726752381221,-0.0010960875269712123,0.004014007288925203,-0.007631670768386223,0.004407880467369285
2026-03-25 00:00:00+00:00,-9.497488559828682e-06,0.0,-1.078287330003036e-05,-0.000929768266710429,-9.336317143393558e-06,-0.0004117725683089324,0.0017111652784262965,-0.0011070009060228925,-0.0035238755601455507,0.0015861329737469898,0.001172385586558855,-0.0030381067050162525,-0.008717421709733553,-0.005803584270594686,-0.006795973759291307,-0.0038205360299523594,-0.007178508749505874,-0.006668485119784684,-0.006809574805985208,-0.002935396353814901,0.0032800536057850938,0.0006540899816802614,0.004818242480667756,0.0007896320138507384,-0.006808881419784973,-0.0050202873851320495,0.0031050176037283883,0.0009171874601996421,-0.005202407634456341,-0.004350478303375649,-0.0034212238937895156,-0.0009859610719948897,0.0031094069845865047,-0.0004726660747422784,-0.0028878888309770145,-0.0030211611177992648
2026-03-26 00:00:00+00:00,8.681318528780402e-05,0.0,2.820760286725843e-05,0.0,5.419099020742557e-05,0.0,-0.002971983536913858,-0.006377334925973255,-0.003652341582262464,-0.004673584358375726,-0.009468864659938125,-0.008334078657208033,-0.0007342326929709042,-0.002218535355050344,0.007786179806493987,0.0008044409347600645,-0.0002617368315294133,-0.0014499875865751077,0.0006877280672952235,0.003585190572563013,-0.002535126320191816,-0.009247151637374773,0.003392576509184675,0.005561135430229847,-0.005560748534809479,-0.009473304337964006,-0.007093250492073766,-0.00836593061871993,0.006334885883086727,-0.0023318285113186343,0.0025697597650655712,0.0035792636040790082,-0.0032720070140668245,-0.009244062260572283,0.00309714272534789,0.00043727364976198224
2026-03-27 00:00:00+00:00,-3.785837737491082e-05,-0.0009479712395373818,1.6996042804695577e-05,0.0,-1.0661941592937652e-05,-0.0004739856197686354,0.010604857514626476,0.010672860463784017,0.00449607828638765,0.01033834037869874,0.0082491979393009,0.0033792227152733556,0.004817766374953125,0.00572758119347605,-0.0026907897213838128,0.0022604219047566154,0.002158299677561093,0.005586739310944111,0.0024992765252167537,0.004743098410197488,-0.004561684702185209,0.0033983849262588794,0.00784337377723876,0.010179058740903413,-0.009530518248022757,-0.0022936859021647216,0.00367216033325124,0.009202068385461892,-0.004832912129823064,0.006624903285018746,-0.0012926962480542814,-0.0004902957984719292,-0.00038384544255465336,0.008342362313946028,-0.0029721567578497865,0.005505675111380892
2026-03-28 00:00:00+00:00,-1.8394519701980805e-05,-1.805516617470193e-05,-0.00015007045688442133,0.0,-7.52785435134129e-05,-9.023302113719822e-06,-0.006751272397728658,0.0024133803931236653,0.002006407830410506,0.007083709199677601,0.008016183305945113,0.00983612703799941,0.0022396256390950775,0.0026932668931960446,0.0007140471830744399,0.0021232163331814657,-0.0023755794357094295,-0.0027717636308562943,-0.01323939424932885,-0.010266956759386825,0.010019913280260306,0.007884095814461256,-0.0045480931441376216,-0.002035589063198784,0.002248401056113458,0.003008037676646147,-0.004493195859729959,-0.006273605300742058,0.003962336222888441,0.007383392621663987,-0.011607284820926544,-0.006328488277349664,0.00973857774487108,0.0081972210726875,0.009193012202151518,0.009787734959182393
2026-03-29 00:00:00+00:00,-6.11821088188913e-05,-0.0008966030537790326,-2.7196242121330094e-05,0.0,-4.143180044813288e-05,-0.0004480848905333845,0.00023423257554222587,-0.0014489718179128142,0.0026333154942239645,-0.0006725858480579605,0.004502477974726249,0.006408042562056515,-0.002167180581164274,-0.0036269151007872757,-0.00032036822637115936,0.00376676906475204,-0.000284461159239191,-6.86331041616084e-05,-0.005329029824991949,-0.0049997149766743965,0.0037347326949614956,0.0037356891698849815,-0.012014147878475101,-0.007278171546716505,0.009902224741843657,0.006293678853230622,-0.006874978636741358,-0.0032204941371863915,0.005725913766344126,0.00301393742136713,-0.01108289208612856,-0.008444656129647843,0.010264594128660764,0.0073968712728953445,0.007162842440704642,0.00339272580451655
2026-03-30 00:00:00+00:00,-5.249356748915357e-05,0.0,-6.227055920404734e-05,0.0,-5.278540628339545e-05,0.0,-0.0064707726689274825,-0.007653072747927592,0.0007890973867694662,-0.005772477069775794,-0.005487823395727731,-0.0018364792524343532,-0.0037742695542661853,-0.003047875979898973,0.0066649051932088366,-0.006691981834364369,-0.001810083522730821,0.004062729210217331,0.004905355573892489,0.0007433994530352539,-0.006552507949037056,-0.006266522901243299,-0.0011769508536220163,0.0036958832447586687,-0.0005216137757426687,-0.0011493132628748182,0.002699772000065659,-0.0042036403951087875,-0.0030667445262807513,-0.002239686040049982,0.0023368005118691304,-0.004423062423568824,-0.002211665410989938,-0.0035736946967286354,-0.00781872704361064,-0.008213099902846244
2026-03-31 00:00:00+00:00,6.954481544640956e-06,0.0,-7.075087461405616e-05,0.0,-2.798125811320773e-05,0.0,-0.009451051489914541,-0.00799589376962384,-0.009182688311321519,-0.00801297500444731,-0.007315698142126292,-0.007658994830363808,-0.00699106491830348,-0.00702716791497493,-0.006907694823011901,-0.007251570374927185,-0.007909279130465907,-0.008034811012160303,-0.001958790201714078,-0.008025087845440426,-0.001110815150548894,-0.0031172668748964405,0.0019131803190555186,-0.005168499002009663,-0.0021802838443890638,-0.00873644211639002,-0.007555074440227849,-0.007158930693255128,0.006685803848981653,0.0020261915667885155,-0.002550586515313591,-0.00459568833629298,0.002787297084836826,0.0005725954807240807,-0.008694046453173732,-0.007009507342565002
2026-04-01 00:00:00+00:00,3.3041307822667676e-05,0.0,4.09165396957345e-05,0.0,3.398663473563879e-05,0.0,-0.0030896022773116982,-0.004727004218054498,-0.013099953217866611,-0.01272682440724282,-0.013052187723337383,-0.004321773224571723,0.0008625602323102388,0.0007068667108527382,-0.0024725395488605084,-0.010660689489086939,-0.0111802655017198,-0.010863644616944446,-0.013172012591732507,-0.01314861700007064,0.01033105410272217,0.008641783321259311,-0.01363768500306839,-0.014171269196732061,0.011840921383603265,0.0056775798703303515,-0.007869141338729624,-0.007105820187170875,0.006897511641819953,0.004902302453720697,-0.009598561084244284,-0.012013084118275508,0.009067586879899503,0.006702065294079906,-0.008873102100655617,-0.009887245476492112
2026-04-02 00:00:00+00:00,-9.363134267159623e-05,0.0,0.000144916327285749,0.0,1.917256738237505e-05,0.0,-0.0014164465774166857,-0.004682605533388395,-0.0008845627667638523,-0.00455701629360028,-0.005598888179551453,0.0005485090844350449,-0.005163596725715203,-0.004859284297467625,-0.0030000425029569344,-0.0020634497311166067,-0.0024269503857845542,-0.003991454514669646,0.004444531481972547,-0.0021956154964202224,-0.006414285733423508,-0.0064027719338172195,-0.006508016739287581,-0.005692981725665458,0.0051491896794242376,0.0012770290771297876,0.0022395705391649035,-0.004355277810720537,-0.002941473744525802,-0.004126693149729022,0.0028011579305262657,-0.002282247277140881,-0.0034644303315898295,-0.005037660675662026,-0.009942035305054553,-0.008854260725309149
2026-04-03 00:00:00+00:00,6.701104436013239e-06,0.0,-0.00019791644582101142,0.0,-8.440857421232462e-05,0.0,0.006906996390481979,0.008548521708121148,0.007004619993935979,0.014457372775134925,0.01193467715197083,0.011869823045780992,0.01152922701939385,0.014702817207751906,0.014167575498601703,0.016164298452314707,0.015220688501510926,0.014492892839386595,-0.0029510468881770446,0.010238514176529767,-0.0006139658577308804,0.01248370156660128,0.012208652593530545,0.01133392002850786,-0.012920327493613826,0.0013564687958911303,0.009448816178093677,0.011198291350217993,-0.010189909718783308,0.005125953636033964,-0.00748272360267499,0.0019181218643880005,0.004717972165947382,0.014011715646899958,0.004001166969678893,0.004734790178484438
2026-04-04 00:00:00+00:00,2.324827861954759e-05,0.0,-7.598511556439203e-05,0.0,-2.2470208625890997e-05,0.0,0.0019105170613387124,-0.0036309470717077463,-0.0014136207324030314,-0.003205316037458217,-0.0033079627380641075,-0.002897986294917443,0.0016475342063826393,0.0007864373108874556,0.0010956359529910031,0.0005170638938096772,0.0005290093448970801,0.0002959233355059876,0.0008030378379595415,-0.0022601736791051374,-0.0036591588538581465,-0.0015518468247701644,0.0004788431797149162,7.025403721527823e-05,-0.0024847801151478555,-0.004999437454189182,0.00575496337285597,0.005527329242975387,-0.0066604243563040955,-0.006470514567491925,0.005085888299679375,0.005414452784769708,-0.00637038174283544,-0.004759681212326061,-0.0009672001018019571,-0.0010654831511823781
2026-04-05 00:00:00+00:00,3.702075274336636e-06,0.0,8.301392344711722e-05,0.0,3.8526797243809696e-05,0.0,0.0017174789637506294,0.0027550922401398115,0.010213791856605425,0.0021632370434643278,0.004263760446290288,0.00320054061172681,0.0045187318561981105,-0.00013093709875722226,0.0010534594406714781,0.0027439641017497074,0.0011029367802508627,0.0020476104689790553,-0.0020563879453107115,0.001505157671356283,-0.0006466964209674853,-0.0011454857763096848,0.0007061751692434282,0.0022982443878556413,-0.0021030065378958573,0.004416293706384522,-0.010406293400061273,-0.009540782588482455,0.009879755588609651,0.011121826549026714,-0.007926334661741086,-0.007601762369225495,0.008678789161217004,0.008957922065238266,-0.0024527402701535195,-0.004073545179947069
2026-04-06 00:00:00+00:00,0.00011198410932378167,0.0,-7.110128040843655e-05,0.0,2.2321012212556113e-05,0.0,-0.009878049132731048,-0.008510672394387186,-0.009141334783808075,-0.010527020156558708,-0.003971300366557462,-0.004353271996297869,-0.005590252556750941,-0.007804469569726025,-0.008023451489422628,-0.008359591277161793,-0.006889762088312712,-0.007374136291925293,-0.003092451164608656,-0.004127951244003225,0.0011070328596414214,-0.0023064221841819776,-0.000461699822606354,-0.00862193560711122,-0.0005301138641825576,-0.004945687324269699,-0.003446859458909879,-0.0023646673867583345,0.0026001692488184514,0.0005652403530957972,-0.0001485859657870403,-6.397517613077053e-05,-0.0008174093956178075,-0.004322460233428083,0.003836179669036488,0.0010358968649128997
2026-04-07 00:00:00+00:00,2.423904690007639e-05,-0.0008935348228650275,7.272529815294249e-05,0.0,4.3837651066747085e-05,-0.0004467674114322362,0.007672954752369288,0.010479694210109525,0.004861792338802795,0.0020991293729191174,0.009389682645119635,0.0028586997251665025,0.006230531832196462,0.006089359479358958,0.009158903371548677,0.012545949116384625,0.011167004038592054,0.011474068714955044,0.0023323258798044755,0.0016658430591216522,-0.004777992643331563,-0.0012016552874590802,0.006187409379913245,0.008589041204440484,-0.008115291947254355,0.0040703825056633836,-0.0054406274804411625,0.0026003092989412835,0.004747368004710761,0.008117526123023966,-0.0005436401457086237,-0.0033497763782334156,0.0010911201445626961,0.011096159742924883,0.000279384033227581,-0.008825103890843011
2026-04-08 00:00:00+00:00,7.269556498545882e-05,7.363755098110936e-05,7.85647487200336e-06,0.0,3.840323910142551e-05,3.6802318709394655e-05,0.029153410550477377,0.011725669989944176,0.018657426267886468,0.015881551051439624,0.011340899302409557,0.01884693149009453,0.018985164967286527,0.016369962557747586,0.015484199495196194,0.012318014703202484,0.011762511331188996,0.01952609321277121,-0.020252316961020145,-0.022984276443121288,0.01719906234322721,0.01469639159609848,-0.022742413700733266,-0.03126509948498257,0.021204075913143994,0.017907099013172667,-0.02472631564816985,-0.027125989291741925,0.023138180713351497,0.020789608355730405,-0.023970420971598072,-0.006803638313658489,0.02645422311609069,0.015587316385577976,-0.01842927766287661,-0.023498760016293918
2026-04-09 00:00:00+00:00,1.1513470529633807e-05,1.1662650599042479e-05,0.00014681751598955017,0.0,7.052093001114201e-05,5.828933583584828e-06,0.004646023253271903,0.006192405817599056,0.007143622844720587,0.007625155510111226,0.0108033602224189,0.01055365359782856,0.009400485661975377,0.008047047797695717,0.008835132268550927,0.013431893844371157,0.013017139350744555,0.012565177422109386,-0.005255218664086625,-0.00010657092010157854,0.0026534636569806036,0.007617412726893091,-0.007272731823113832,-0.001496797451006282,0.006619813448988321,0.009781052136882407,-0.009291551401959475,-0.0012549221842298453,0.008065000748003426,0.0063464946603464245,-0.01184929923710043,-0.005981898544450304,0.011177538053559477,0.011518484011095786,0.0022293746391617297,0.009362321349401403
2026-04-10 00:00:00+00:00,6.027857880908094e-05,6.10595994117169e-05,3.768981801299809e-05,0.0,4.564397608564086e-05,3.051745594584432e-05,0.006040993680650475,0.005729575485956984,0.01109437413563974,0.010554056142764834,0.012039149608766175,0.009907466935476394,0.009171918896141218,0.009296354117392047,0.009134994218041648,0.016841777388861168,0.016904873658328157,0.015877637137921896,-0.013863698439903538,0.0029729041635666587,0.0143545341264959,0.013878831749423615,-0.013042735014117013,-0.008901666952472187,0.01163723721061971,0.013280771906883926,-0.018437485055918357,-0.0035121396193023013,0.01637523164141852,0.01999858419008005,-0.018715555113167914,0.0007948731870963677,0.018296927558866027,0.01575332153999187,0.01723369575463729,0.012002545348088978
2026-04-11 00:00:00+00:00,1.8836799055232945e-05,1.9080849764208097e-05,-6.049206449409983e-05,-0.0009982084511680478,-1.7729097142260564e-05,-0.0004895550080920019,0.005800326178352133,0.0031842782536302128,0.0001038252821365937,0.0005166620721535065,-0.003147206973314387,0.00023816493543127315,-0.00013391928760553284,-0.0004258596538579962,0.0004106274358943729,-0.0014557240290000717,-0.0022768847280703053,-0.0026306748803506252,0.004060918986432238,0.0007231110024927823,-0.005418545201946734,-0.005406018852757821,0.00011997662865681491,-0.002470735384487388,-0.0010265865809543362,-0.002279096636459421,-8.824348315727981e-06,-0.0007885968997181081,-0.0019232968041781318,-0.004762310811602055,-0.0015828231586623165,-0.0010402653530072747,0.001467594742457612,-0.0028078151032689957,-0.0030213546831895366,0.0015534945892328178
2026-04-12 00:00:00+00:00,-0.00022030953050211632,-0.0002231638196559249,-1.5522510005472334e-05,-1.4771739357488656e-05,-0.00011271830966486096,-0.00011897889100831449,-0.00290683526303237,0.004829274993816357,0.005113581149811974,-0.0008726590630884212,-0.002171791540816259,-0.0016485369675819372,-0.00012935656937096418,0.00016955712283417412,4.85759513533246e-05,-0.0034626235410338824,-0.0034319468110448614,-0.0035422727063210147,-0.008129883303478191,-0.010124391273559796,0.004598591733375956,0.005631331359207792,-0.000215648603848706,-0.00019500027189656155,-0.000578096535730932,-0.0005610402808289283,-0.002302012993713687,-0.0014072256413507622,0.0017510955200890077,0.0008866470029678108,-0.0019392005064351459,-0.0027957925405155404,0.001335051063260595,0.0009011190349252907,-0.0027156440273917726,0.00040040547403763505
2026-04-13 00:00:00+00:00,-1.7492681008590694e-05,-1.7719363505475094e-05,-7.920125016191992e-05,-7.537050035177906e-05,-4.346640935259938e-05,-4.652901850976665e-05,0.001612880495260649,0.004360075115564799,0.0020988995331661098,0.004974205650169594,0.007205261175783573,0.009806458777945615,0.00707186021651407,0.00675593519742157,0.008435833667949755,0.008447511809777764,0.007698119354111244,0.008015683089638959,0.0011282600622626315,0.002676677437639663,-0.0037214033559077597,0.0026018833906713557,-0.0031969062451970842,0.0002576891280250404,0.0001426858138691145,0.00592367590379439,-0.009004184527337866,0.0006227541154670835,0.010742386015926364,0.00957292567518464,-0.004823757639091375,-0.0006401480175728391,0.0039457482689471135,0.005043612212319859,0.0028606803621757937,0.0019101494527322682
2026-04-14 00:00:00+00:00,-4.0257892651052174e-05,-4.077959206072457e-05,-9.381466714586395e-08,-8.927676464765e-08,-1.9381733822321223e-05,-2.0435627263726275e-05,-0.010760345657905623,-0.005585627205768384,0.012176221860903835,-0.026297359904892903,-0.02333965273563854,-0.024346778077370512,-0.02546028759636132,-0.026183249383713525,-0.018004457675587116,-0.025557391821939723,-0.027648000012395868,-0.02432338892068653,0.024535189985404937,0.008517033764505078,-0.02683724292928147,-0.02276882009115122,-0.012555137631343971,-0.008156488783766513,0.011826855572268924,-0.00021756643234283057,0.010158410432152376,0.009123457116746003,-0.013921863285282887,-0.02490648215806812,0.0059241665000480115,0.009667974926677703,-0.006149953700283484,-0.019472997364450406,-0.014622163659157028,-0.008028421184018142
2026-04-15 00:00:00+00:00,-0.0001234143466491977,-0.0010002755862016377,8.25334977827552e-05,0.00022391423897882845,4.487755778770364e-05,-0.000388249294150933,0.003655336615065119,-0.0007711713830254041,-0.0012791636245517157,0.0044415118857330516,0.0037064949791116852,0.003669972102269492,5.005220759635165e-06,0.0019182183840280587,0.0007428717354591718,0.004781537050775331,0.005413043694073139,0.003414502202697678,-0.004700523696972381,-0.0016101723145786062,0.000945521303327812,-9.897588677298952e-05,-0.0006664482487741541,-0.002698904051633866,-0.0016109517588073219,-0.0017541172265989058,-0.004621459448026055,-0.005270776939648836,0.0038543769596797173,0.00042359067173092235,-0.00596407407398869,-0.005994815082059901,0.004796333990750412,0.0009927135047438362,0.006002933005957445,0.004190504841951492
2026-04-16 00:00:00+00:00,-1.817618051369596e-05,0.0,-4.1558878098091334e-05,-4.474114495500725e-05,-2.954775710717339e-05,-2.237446836272916e-05,0.0007117188840213284,-0.01012352238276315,0.0025458676458225415,0.004386635206988787,0.0023947186046235913,-0.0020997349078786254,-0.009976377147426496,-0.010723650678787444,-0.00569747161946732,-0.01044645799797228,-0.010350507945921184,-0.009675164939625391,0.0027932302936422015,0.003225472179507305,-0.006010474690561707,-0.00733534781527867,-0.00664585633033743,-0.00877950038519959,0.0049746967679049625,0.004055731557991882,0.004750639185355787,0.0037936801929323583,-0.006001486830963354,-0.007594089110047886,0.008270692746545683,0.008475178208002587,-0.008502682953090424,-0.013499898030979285,-0.0035109911780347725,-0.012655125120921706
2026-04-17 00:00:00+00:00,8.929936703117036e-05,0.0,-8.206661972320894e-06,-8.835094646775232e-06,3.878169515303398e-05,-4.418217823820569e-06,-0.0021632650318988977,0.004396393589501724,0.014431411867992905,0.0033311156282036514,0.006394715683709418,0.0014105400795003664,-0.013127107320413667,-0.00861309469744831,0.002412107287844467,-0.009634883789035098,-0.008630161608185416,-0.007624882935632016,-0.018877077306016732,-0.02103064158659007,0.016061076412282382,0.03308026359008842,0.0005752503000204801,-0.010971827831597558,-0.002420446590610692,0.010763833763113073,0.015115929608498613,0.020517193251610166,-0.016934795258265578,-0.004335133934252444,0.03229723136526563,0.030447396231056745,-0.031379604368169334,-0.01736579577895203,-0.006436554799141736,-0.025067211046034488
2026-04-18 00:00:00+00:00,-0.00013309413226381128,0.0,2.6961378517542656e-05,2.902598906961984e-05,-5.042677175026711e-05,1.4515133221593146e-05,0.008697739166733998,0.004422852767077323,0.003632798628375511,0.010818975568077871,0.009997938083594837,0.009576098966928903,0.0024317157383455523,-0.0004742131645970593,0.00023285816070361953,-0.0021513068456238127,-0.001444009232447141,-0.0026675233046847824,0.0013262380734464507,0.002753097254847514,-0.0029111394161885906,-0.0028212850113188415,0.0008797214242382001,0.0014664767910765875,-0.0032538881486454674,-0.003150925289161721,-0.004187841682780191,-0.004979425965712214,0.0018885848305640884,0.00853230892778023,0.00348180394666886,0.003619844755660351,-0.005106044073177385,0.0015559225732149073,-0.005198449889041279,-0.006463343440606506
2026-04-19 00:00:00+00:00,-0.00022597846279426292,0.0,-0.00013455003419993172,-0.00023376350892589937,-0.00013179441505339895,-7.243828342939906e-05,0.004886595096634361,0.0018155955650984712,-0.009246154816725971,-0.0017178027405427843,0.004889375038034327,-3.4888528704146715e-05,0.011264929799873036,0.012941725767273704,0.013780703685907447,0.015602190021583695,0.013787484195414423,0.013964352594638463,-0.00848109767308769,-0.0070483631822235715,0.005858686404138336,0.0052583924560365425,0.01474264672249781,0.014046142304126041,-0.014165363094867156,-0.014359207572263166,0.012639905802452223,0.012666466596356507,-0.010819828831804434,-0.011487824868051999,0.004997937046297363,0.006384705631520049,-0.00516323385434958,0.003077642317434348,-0.00922555424810001,0.00537983488137872
2026-04-20 00:00:00+00:00,-8.229625443212374e-05,0.0,-0.0002310388414590303,-0.00022534250734462802,-0.00015937131339094357,-0.00012437765325890027,0.0022751951471633447,-0.0040097442760550495,-0.008678435983902166,0.0008658550767917106,0.0033800954959721796,0.003722494884548677,0.010944933735314022,0.010387120819454365,0.007790712689213164,0.005417271162653892,0.004859288152055274,0.0062983616966125755,-0.006545635482012702,-0.00729405566261665,0.0032933043234621984,0.0005859303533377602,-0.01036216703659365,-0.006688593231734652,0.009357793828846717,0.0034875100097238043,0.008808014850794743,0.0056774950089315546,-0.007585100824032187,-0.00788002525483722,0.0066562067342499365,0.008634917010609033,-0.005818547296248422,0.002471773102974195,0.005263599075784109,-0.001980877845321083
2026-04-21 00:00:00+00:00,-2.719591412525535e-05,0.0,1.378129775075898e-05,-0.0007997938603747645,-7.519308980019623e-06,-0.00044140113526802693,0.0006010390487787287,0.004767942950811621,0.0057427364252529145,0.00424126000286984,0.006237390769080919,0.005367132214117554,0.005928764824796096,0.004251165984129779,0.0038366351447667313,0.0023046849194019448,0.0025801230660280616,0.002306413966031595,0.0002467638679373163,0.0036703705500404915,-0.0026279320015042407,0.004344960512242757,-0.001563780028929096,0.004238341741910512,-0.0001956232385734724,0.005043393436556132,3.611798816560707e-05,0.005210549193363612,-0.0012270625990306039,0.0017902908462998912,-0.006104023190520613,0.0058665620380164984,0.005171006151517998,0.004263024620056122,0.005116756469953909,-0.0013255877464770638
2026-04-22 00:00:00+00:00,-8.024396896177954e-05,0.0,-9.333015323398364e-05,0.0,-8.930183186595109e-05,0.0,-0.0035642819629269074,-0.0021524823622212086,-0.0019963774667008938,-0.00031584794075290024,-0.0003354070481998983,0.0010072951887001302,-0.001118679178945925,-0.002199317410430335,-0.0014392712620209247,-0.0007538207899286942,-0.0013010596794623686,-0.00024960904867199485,0.0010016989956826983,0.0014281702576726119,-0.004227192787270684,-0.0035769636896549883,0.004410918038538103,0.0053788676233292865,-0.0065491016674513736,-0.003007117759991962,-0.0015646279622433257,-0.00038307974592421967,-0.00030883853584839915,-0.001239669529655929,-0.001479806968851638,-0.0032464542916179617,0.00067024207563815,0.00023936509007116413,3.077772292647829e-05,0.0027693076816801554
2026-04-23 00:00:00+00:00,-8.612165317190001e-05,0.0,0.00014057974802272888,0.0,2.474527243800928e-05,0.0,0.002558610696297814,0.003413971403673388,0.0015238083117572465,0.0028890519294377803,0.004351607087632381,-0.00047961274552654753,0.0018898978021399948,0.0011243244162228994,0.0007443439754226677,-4.798978669051657e-05,-0.0013440155435335832,0.0023207131606499676,-0.003633494625758349,0.002443471950346998,0.0013345797504968893,0.003942609523974516,4.075427286820421e-05,0.0058305161383056525,-0.002294074534396562,-0.001227597624243848,0.004999983920239703,0.0032002566159436974,-0.006138556547224172,-0.002153660953794878,0.0011945553196210934,0.009500850740698619,-0.001708603814214782,-0.002658322907294064,-0.0026879384754601165,0.0031088798984098
2026-04-24 00:00:00+00:00,-6.126689591223755e-05,0.0,5.955564610582442e-06,0.0,-2.9502828363558997e-05,0.0,0.005855622472121125,0.00784815559776697,0.00730336885436178,0.00037770122447611243,0.00374630973285206,0.003831644509819876,0.00329408182051405,0.00294902855641177,0.0022822164598301775,0.003148869258360776,0.0031274576073938576,0.0032260155442862537,7.604490315737955e-05,0.003922151411352548,-0.002402349199501441,0.0057106428663613595,-0.0012077874822141732,0.0011504686043446455,-0.0010652218845311756,0.0065543350811878565,0.008092774896087729,0.006157148301583426,-0.010008803845092173,-0.013223079267678295,-0.008598695059991446,-0.014051990226130573,0.009084875472002096,0.004908985912849495,0.013748161002205883,-0.0024471359465649822
2026-04-25 00:00:00+00:00,-4.957376387393353e-05,0.0,-0.00016201886975586444,0.0,-0.00010745193972094835,0.0,-0.002542435274129562,0.0037890783944378725,0.0016795103980795645,0.002149511320878039,0.0020128230138296566,0.0008684831598417819,0.0032735653846325263,0.002356439786920239,0.003944078511675553,0.0007525683158329244,0.0032736713464334155,0.004016921833008613,-0.006190590162074572,-0.00692836650956985,0.0027844271595391934,0.001751974754638841,-0.0021920728196508366,-0.0060628772092437,0.0010051147587584186,-0.0010606771988808106,-0.00046310603666144257,0.0034199875689366888,-0.0019084792588266453,0.001371903959835441,-0.0014169343791546885,-0.008232295995343586,0.0017733418769598774,0.0018982513128074086,-0.0032432910728327213,-0.0011015144024190127
2026-04-26 00:00:00+00:00,-7.051317120010392e-05,0.0,-1.6934011370928204e-06,0.0,-3.823832329730159e-05,0.0,-0.00034293409917940387,-0.0005142547485522675,-9.793560469384399e-05,0.0012784400240111182,0.0011000434012007343,0.0028954267786054366,0.00027216292904719275,0.00027597326727435423,0.0010835610252339922,-0.0006676751500773737,-0.00018669425851980392,0.0014994007841147017,0.0013458515686819439,0.000785111099914193,-0.003963875369767167,0.0012276879382064898,0.0004685557081574032,0.0015299113646580764,-0.0010563056678707383,0.0009034650173573855,0.0005663311353869549,0.0014685409824382045,-0.002505139207444662,0.0009875407941806191,0.0002422209094037342,0.0014441765933415063,-0.0012063663270843739,-0.00017483892916680954,-0.00223149082751406,-0.0027028563979485387
2026-04-27 00:00:00+00:00,2.345236421552599e-05,0.0,-8.873890364580195e-05,0.0,-3.201942144248626e-05,0.0,-0.0014841637301843402,-0.002855299109713827,-0.0023352678130039717,-6.13153897088825e-05,-0.0003302206076928327,-0.0011366288925145351,0.0005028866871381599,0.00037499159516052316,0.0007982301373281597,0.00035567366999922356,3.4784002969079353e-06,-0.00098874133168525,-0.002473312498375013,-0.0004811259215199426,-1.6594884819642886e-06,0.0007983918886633745,0.004649572467428031,0.0042362118568597396,-0.006773245700825936,-0.005064515620717414,0.004756882327058953,0.004187629722918418,-0.005118399776141813,-0.003973916963256108,0.001285550732448737,0.002720290093304545,-0.001563990550567551,-0.0029896682725737422,-0.0005573982734509153,-0.0014209490506759126
2026-04-28 00:00:00+00:00,-0.00011124863178213484,0.0,-0.00010073112116060212,0.0,-0.00010945116416805067,0.0,-0.006695062041335742,-0.0017365389974396406,-0.0019908952407934333,-0.0003162662568585439,-0.001259843802391858,-0.004148698801627604,0.000602766087141493,0.001696081224721535,0.0005227350160128541,-0.0037611347381221183,-0.0033829829898356367,-0.00235235369545439,-0.0029519022533566197,-0.004063386179477879,0.0006546137143033093,0.0023060343095469005,-0.006025337592625579,-0.003949790491022953,0.003949556495763895,0.006540101450586366,-0.0037316739841348756,-0.00682743349852466,0.0025015561877754777,0.0012558418995478604,0.0034371169938982593,-0.0030688926072801603,-0.0041578397375693354,-0.001429055105945265,-0.0004345254915225638,0.0008803086941404636
2026-04-29 00:00:00+00:00,4.525469871152765e-05,0.0,-0.00011048639835897767,0.0,-3.1349690806092845e-05,0.0,-0.003184518409957815,-0.0031500894191609508,-0.007287473667588529,-0.0021864571109661,-0.0011669134194349784,-0.0006257194241872099,-0.00637966075232177,-0.006574132903431007,-0.008775762321976743,-0.003562218882072532,-0.003339524925698889,-0.0005244463886612261,0.002918502806099843,0.00038369268588378524,-0.0059817313168385455,-0.005582909645576839,0.002493197971483063,0.0029809330846242155,-0.0040342026722043345,-0.007904248530669733,0.004419074748977847,0.003348879146847228,-0.005287091268252886,-0.006773122519915131,0.0070497005096454846,0.004333884543600952,-0.008639394499615372,-0.008068582944893432,0.0003212346055498916,0.0053929220371204956
2026-04-30 00:00:00+00:00,-0.00011121792045842849,0.0,8.261690126931676e-05,0.0,-1.7597113771139483e-05,0.0,0.0001720524927844025,-0.0029915229672343724,-0.002936779697727987,0.0009509904398612434,0.0016788477444595884,0.0022404429086395616,0.0009908339622943796,0.001164091662049005,0.0004596320897185535,0.0020162247198149963,0.0017230215370371837,0.0015012430140137756,-0.002357943967514875,-0.0007611396105371426,-0.0007008265798380542,-0.00024300980537594885,0.0019061771989170584,-0.001354449275521863,-0.004094314227051532,-0.0035619008766606397,0.0038751928676992176,0.0029684345027991554,-0.004666212229701205,-0.0035543268244586645,0.0018952163362273566,0.0015550725214799055,-0.002397068799233737,-0.002796572071301462,0.0013619003153304554,0.002114246467864511
2026-05-01 00:00:00+00:00,2.985262575161407e-05,0.0,-0.00015463626033695999,0.0,-6.163512688217576e-05,0.0,-0.006170378112736463,0.005819418286506561,-0.005622262425714508,-0.005110540138081432,-0.004513065690221474,-0.002992842441819521,0.000599258935859881,0.0005504600540726656,0.0008818300646857846,0.0021872194085676977,0.0022434684728134258,0.0028506187205301625,-0.0007583449576628043,-0.0020392377487599145,-0.001855206451346847,-0.0014697707883738476,0.007697014262065371,0.001357881712648057,-0.00958378714632857,-0.005381050100431661,-0.008352558806773658,-0.004022850503542119,0.006838391772759023,0.00837524567438086,0.003345364237721249,0.000976454963037332,-0.00427786615367276,0.004360809278261435,-0.0078756141066596,-0.008081241040689413
2026-05-02 00:00:00+00:00,-4.183740075724973e-05,0.0,3.7739410223114334e-05,0.0,-3.282931463455263e-06,0.0,-0.016340068542348152,-0.01835326707887952,-0.010867780506402802,-0.009547212599274713,-0.009155447525249105,-0.0039636639205709034,-0.00889577337280345,-0.0012686759987070584,0.0003556185723403438,0.003558391006108552,0.003311659634435804,0.005151932365057066,-0.02140841375503799,-0.014934388656522413,0.01951552769655729,0.011101823599574567,-0.014023834717462158,-0.013245914430860206,0.011883865549314532,0.015150074935562197,-0.009457397814535029,-0.01072345600132274,0.006648809342192141,0.005893409541264827,0.0012653474388981678,-0.004962520305387241,-0.0016235372338286869,-0.008141785918960864,0.011236905371210915,0.011849660321298527
2026-05-03 00:00:00+00:00,-6.076646111230488e-05,0.0,-5.1983199454652684e-05,0.0,-5.8263148190462744e-05,0.0,0.0042791800804871105,0.0004933814868610664,0.001245726215971077,0.0050972975505223506,0.00480188508182855,0.005027315974479585,0.0039051577314850316,0.004714353544697625,0.004751464275860595,0.0017226438354356333,0.0018919068022684726,0.0018095666155732992,0.0074647474621041265,0.005629866760472169,-0.008060023429485419,-0.002548723896373617,0.0031129791979529475,0.0056594052696687935,-0.005627740034280793,-0.0010805878754883702,0.0022027174353103085,0.005234631429423597,-0.004298046181832937,-0.0022621597932883653,-0.0014125203641039974,-0.0008283975551747202,-0.0005138566131204225,0.004276582658556238,-0.00030198881390808285,-0.001257972803538454
2026-05-04 00:00:00+00:00,5.4328577129281186e-05,0.0,3.940666397905801e-05,0.0,4.854941547494107e-05,0.0,-0.004599323087685625,-0.014555009561623256,-0.012023960963173042,-0.009436649711116463,-0.014197614434065087,-0.007789653799890051,-0.003574462850930993,-0.008363750505608114,-0.0016825922495871115,0.0016717663255432225,0.00334677499860625,0.003406496151778793,0.004874053069401363,-0.0064006103323713814,-0.00868018675771931,-0.009877309316975946,-0.01738957715374634,-0.015631966857794666,0.016364157353774944,0.008960339252776395,-0.018131738262785246,-0.014206860187274017,0.016596257333717723,0.008939126538232367,-0.007605773798002424,-0.0028838488696454334,0.006177253419701989,-0.011656280390905716,0.007489003058505528,0.008537569321116711
2026-05-05 00:00:00+00:00,-4.9469413708314036e-05,0.0,4.735088851326452e-05,0.0,-2.514005643217132e-06,0.0,-0.014732378774764299,-0.015775593655742548,-0.020503606118592144,-0.014867037821180151,-0.017815157439018292,-0.013763501051285765,-0.014798185493945848,-0.0168821516564418,-0.01629568070956655,0.0007774231592452274,0.002191111075849017,0.002154250008769454,-0.007324738958496946,-0.003020222246773896,0.0034451307443341683,0.00322463426646169,-0.02097614812636195,-0.018353252653969476,0.019089411728238748,0.0016980715338643648,-0.017893253198548842,-0.01516498622464102,0.015339122394392168,0.0014480245789216806,0.016570345828576194,0.019117578517102496,-0.017570358499872873,-0.020940159940380787,-0.013525647654547335,-0.014968077335025476
2026-05-06 00:00:00+00:00,-5.923564349230581e-05,0.0,-4.3783209735526185e-06,0.0,-3.3603778129664974e-05,0.0,-0.017956421936179745,0.00862655018351055,0.006609244618826615,0.017901033967091973,0.01452078356080655,0.014226599927330108,0.018290922131695364,-0.0043395289639930335,-0.004434913891405712,0.015224469184873524,0.01310007635156718,0.013878129063320088,0.010125791607967116,0.015585962395350261,-0.013187751687358418,0.012957799735529907,-0.01926239396909224,0.015683296395279545,0.01584173885824991,0.009516877873132046,-0.016284212267064557,0.006759363188181933,0.012793233239200674,0.012446082643368772,-0.027936307581886255,0.00627443422914542,0.0278319448624873,0.024447185254648618,-0.012192431552560445,-0.015207188432952656
2026-05-07 00:00:00+00:00,3.5330339889227957e-06,0.0,-0.00013547041910810798,0.0,-6.599189245504178e-05,0.0,0.009273648849759564,0.009290023000252168,-0.011692357481993265,-0.013167110042221819,-0.015016446468399502,-0.008634619568179347,-0.00884658591880394,-0.010209282432238842,-0.012403618596804056,-0.009781287127246685,-0.006851949292895343,-0.004747824756901831,-0.015527674069666486,-0.022090670122367206,0.012762885372956667,-0.008600196990899533,-0.0013618339523780998,-0.0051161941597381855,0.0007397156959185747,-0.016858301131173925,-0.0013066978751549163,-0.010460956348349981,-0.0019341264323751162,-0.015322404091104636,-0.009808631867391782,-0.010442862800106423,0.008577377273138564,-0.0064835437698519405,-0.006022191803634058,-0.016608637917751246
2026-05-08 00:00:00+00:00,-0.0002111679583258752,0.0,-8.737808266234826e-05,0.0,-0.00015574939453433245,0.0,-0.0061142923200493415,-0.007824789827927892,0.006231203847966604,0.0016748540622195662,0.0036533308180124457,0.0037991529280609893,0.00562121416288619,0.004906203483813876,0.00038922732291446493,0.0003626092503030698,-0.0003907127152965595,0.009615804720168208,-0.01182996728738095,-0.0014615894276203134,0.009692612655335608,0.004926113243804542,-0.015095564466556355,-0.01059236712612488,0.013627997232044553,0.011757753210317468,-0.016560531282756807,-0.014266878768498858,0.016620786013628486,0.010688325568831036,-0.014589411666002361,-0.014039746417426557,0.013493926563337366,0.010426979182894813,-0.001628104069492431,0.0007569867728796087
2026-05-09 00:00:00+00:00,2.3633167058445537e-05,0.0,-5.0655048253855917e-05,0.0,-1.2844480094198474e-05,0.0,-0.012445677805207223,-0.00474997984885106,-0.006523875654508737,0.001985445923839757,0.008604570946210588,0.011212857449595992,0.003104375790402125,0.0021425076445562574,0.0011754580157601335,-0.009215821048028872,-0.009531232990686478,-0.009410006595341747,-0.005826411683901633,0.011964409961621847,0.004107572073605015,-0.0012358809882246913,-0.012802443425634968,-0.0041827916187090475,0.013030986482290174,0.0014741850951613955,-0.009458809592163053,0.013850221799045492,0.007563471684093548,-0.003423258711869215,-0.005583692937500495,0.014880099100246236,0.00434515571615024,-0.0013143812852531855,-0.011420559352232296,-0.011027496816065185
2026-05-10 00:00:00+00:00,4.148628993405623e-05,0.0,0.00017705759915598307,0.0,0.000110694549142476,0.0,-0.0015518416472061203,0.007308776667399375,0.007229405303391223,-0.000957011143712605,-0.0026298795802388586,-0.0026942180164242213,0.003135715361950453,0.003452777991484801,0.0015113315408121775,0.00853536276239053,0.008466363186581782,0.007895274686481324,0.010861116760546574,0.007119902402539902,-0.012583794168499418,-0.008473724692235507,0.01505138935429251,0.011558987064049342,-0.01563141000940349,-0.00686734929680477,0.016508278947081845,0.007584961675163759,-0.017260276143909126,-0.00794145938468005,0.01296556355078593,0.004432897252936607,-0.014425515035333292,-0.008595383375520349,-0.0008806759633612771,0.006663807340264061
2026-05-11 00:00:00+00:00,7.449230666978224e-06,0.0,7.985811490507366e-05,0.0,4.3956708759784746e-05,0.0,0.0007210374827877342,-0.011416004323523854,0.01584993515007782,0.01553335219400398,0.012053419733966564,-0.006907232076355685,0.0005532169560535927,0.0012832406017382336,0.002170839187047857,0.01053360061294617,0.008414121237204641,0.009652819817210112,-0.02163204950994768,-0.011672221104267466,0.018762186133046477,0.01986523658611894,0.004374120047541119,0.004187891603449678,-0.005470589897288436,-0.0074699725285081175,0.02293187765321969,0.022347319313039016,-0.023354244267948965,-0.02509117815421258,0.02130291151592223,0.014973612582749096,-0.02410816604938326,-0.022366201815048004,0.002357250924996279,0.004526192505158511
2026-05-12 00:00:00+00:00,0.00012904683957359886,0.0,9.049409851202839e-05,0.0,0.00011376006375685144,0.0,-0.005909435883847736,-0.005637921279052827,-0.009109039927477136,-0.007856314955626886,-0.005817795657327318,-0.002681851601204821,-0.00525732190974737,-0.004880844372219917,-0.005553348895667498,-0.0059201861076275675,-0.006017346401598123,-0.006661214142074434,-0.003834367504942038,-0.004982389879704563,0.0016591252266304757,-0.00016233364518769555,-0.007641624621079757,-0.007185407721089221,0.006068179070993773,0.003216623991720402,0.0054108570101123465,0.002942787606199593,-0.006157834488888181,-0.006393712141592678,0.005632909529013297,0.0035577429339037625,-0.006125266668732143,-0.005323785888548427,-0.006183297131677423,-0.003946871578231259
2026-05-13 00:00:00+00:00,5.8603802133294636e-05,0.0,4.995978944766222e-05,0.0,5.610226766061821e-05,0.0,-0.012021428339467177,-0.008082483324012624,0.0031409861005777806,-0.0034734570728357506,0.0015809520542346966,0.0031055151137457937,-0.0031492817412063223,-0.003157621538827926,0.004429007406742791,0.003814636116683756,0.0054712627113064904,0.002648820957661391,0.009700513687760814,0.0049958060364909684,-0.011281475325546353,-0.009846607460186063,0.01045704340469511,0.01104161524245506,-0.012283889260333747,-0.010540561092910461,-0.0079289267254401,-0.005286160422062203,0.006412475974578724,0.0004236319651527154,-0.00966615006573901,-0.009953637636986867,0.009340866462600683,0.004920055930277334,0.005961848304201434,0.010030260354426002
2026-05-14 00:00:00+00:00,-5.943030558230866e-05,0.0,6.863182872907103e-06,-0.0008748048783946416,-2.8073417514318244e-05,-0.0004374024391973208,0.006419239626561657,0.010792775215043404,0.0012958110809031531,0.012983779511732463,0.016540366700084075,0.0015529777180744997,0.010145915846707654,0.011468890150633682,-0.0016781917740901209,-0.00372776032904254,-0.0024769422125863194,-0.0013634722449283876,0.007293677469587534,0.011660250393224159,-0.009853896947859764,-0.00592288064826374,-0.013151005219056544,-0.002599050550090465,0.012711869512899598,0.0081158902434455,0.0024874357823505555,0.0027256549008014552,-0.0031595985154989625,0.004980041460328266,0.012612596688441391,0.014531844128695015,-0.014841838965275134,-0.005775454680784442,-0.0004775646379079346,-0.0008104902696157712
2026-05-15 00:00:00+00:00,0.00011682639971843933,-0.0009276823182206018,5.7203293942542643e-05,5.921327164015722e-05,9.06014333141858e-05,-0.0004342566314756713,-0.008043698383850328,-0.004519397553217064,-0.006819113369657792,-0.003962076197115638,-0.006913212071276931,-0.008670400710210746,-0.005346410018879477,-0.003344600112200724,-0.006681857528294977,0.00219645590201778,0.0010763312439232564,0.0005867710629703371,0.0058189322080919315,0.004589582026004679,-0.00912533978006247,-0.009433409734850295,-1.7324463305601334e-05,-0.006295276833512609,-0.002042570055720505,-0.0057269167988525105,0.0020108937234470936,0.0002894275581735162,-0.0032789616446645686,-0.007824530950189423,-0.0036129159668003563,-0.006891680980048109,0.003763585826093596,0.002084651902302559,0.010246571019272732,0.007984303317094543
2026-05-16 00:00:00+00:00,5.248955635472896e-06,5.0905606423512495e-06,-6.515333610401797e-07,-6.744252241119852e-07,2.4567342433723383e-06,2.2068426139831843e-06,0.0021775763623406164,0.0007053210308780589,0.0009615152306512442,-0.00442050085865775,-0.0033719820182974702,0.0020193617367332273,0.0015991912135173703,-0.00028156798573575337,0.0016182969061848684,-0.0034552367546832885,-0.001982889058174786,-0.0017720703589577669,-0.0026282445379406383,9.352118002170506e-05,-0.0009269067644782636,-0.0023273529778293778,0.0014475545899201858,0.000131111075568624,-0.0037665331894035647,-0.004525028976555379,-0.0010710939465506941,-0.003138609101975498,-4.699169140709447e-05,0.003442762258008658,0.0002337168770378817,-0.0005174287474164485,-0.0025066787740170016,-0.003998719721034938,-0.005515639342954182,-0.0032708734829909325
2026-05-17 00:00:00+00:00,7.400772604904127e-05,7.177444491857088e-05,0.00010520228885857463,0.00010889861230678477,9.194486566355131e-05,9.032250988916246e-05,0.0017072072257211524,0.007577477753839101,-0.0032221711589012214,-0.0036265294060016107,-0.0029087480461544857,-0.001672807594536141,-0.005818345073585585,-0.0016168479002438563,0.0009216994146687973,0.003688075989159323,0.005652002324943339,0.006931556445682441,0.0039701005661014754,0.0010683425755533271,-0.006893497794740688,-0.0078024589329291905,0.003255529451841266,0.003644973310918509,-0.0056528458600316744,-0.0034724556754009983,0.0020059463542121403,-0.0005580712536108479,-0.0020050028865258307,-0.0018136562798161115,-0.0018474747356604926,-0.00031286972844013494,0.00035867298151659455,-8.876563881132782e-05,0.0012529977658994884,0.00504865277084221
2026-05-18 00:00:00+00:00,-0.00010633346504140828,-0.00010312494222286528,6.012986477532678e-05,6.224232098173132e-05,-2.6255981346534618e-05,-2.0413839728394834e-05,-0.003697594797758108,-0.01007199715112539,-0.009819171139685223,-0.0004283180593003255,-0.009084193529699802,-0.008555300439407665,-0.006810940481472905,-0.006723715535385977,-0.006592795478534974,-0.002171732469927301,0.0025387151928391027,0.0026231239942131612,-0.012343533822085972,-0.009345730074814318,0.008867970281283277,0.00732822030468161,-0.007479257579912968,-0.008170418328125484,0.005474458009290917,0.006188692327557144,-0.003439560754898041,-0.0064050126035102295,0.002302345510546644,-0.005955520373026935,-0.008117442118649398,-0.006463006381256631,0.007661821917031464,0.007057626000640527,-0.010131361500711589,-0.010577734166225983
2026-05-19 00:00:00+00:00,0.0001641871289765895,0.0001592324095824882,-2.50652095118431e-05,6.697121127996475e-05,0.00011946375906357609,0.00011306141497979816,-0.009155034571091902,-0.007540358706688455,-0.015292266774114438,-0.01525725531760913,-0.017270851884384597,-0.010874961609305234,-0.016368942456081892,-0.015255706732808738,-0.014373756555304373,-0.015331222616341345,-0.014140119893770398,-0.007286968365580404,-0.018219083619208876,-0.01675127656250852,0.01615961162093127,-0.007541743158552605,-0.007426385021161996,-0.0176189752016912,0.005673612121357419,-0.006058954559416518,-0.006658857173240551,-0.014159995374355527,0.0058060103335000335,-0.011600197357975128,-0.016291703970501614,-0.017702547853358896,0.016628123126809946,-0.005123447587839336,-0.010960359864653602,-0.0005425630293378614
2026-05-20 00:00:00+00:00,3.985259047167844e-05,3.8650139540630235e-05,3.875676987696863e-05,3.5955681588317745e-05,3.853231135519941e-05,3.7294687652789094e-05,-0.0005859200055615688,-0.00322942176473473,-0.007261629453831575,-0.0035702050116681594,-0.008786245676330351,-0.008878796906953479,-0.00863110496438979,-0.009459597235620176,-0.008288595806515642,-0.0010402243101853559,-0.00025272702554934856,0.0036870933620578583,-0.0035115849908260444,-0.005067620804926731,0.002526014454352854,-0.00063058350750822,-0.0017208348826858177,-0.0074682579014677675,0.0004511852880129119,-0.003247510839814227,-0.002005069141931326,-0.005461214615451682,0.0008164725520762861,0.00033438213364278546,-0.0032714793448131996,-0.005112408355342546,0.0026517622414592434,-0.00042146872692472304,-0.002464199158968561,0.0011704651216775108
2026-05-21 00:00:00+00:00,0.0001332238678699582,0.00012920433060115144,5.0297906764917855e-05,4.66628305586525e-05,9.322005241063636e-05,8.79021723221296e-05,-0.0058200308182631,-0.005129980226191377,-0.005395943366699796,0.020738870400779152,0.009380830259677397,0.008906398495346579,-0.020603716759487134,-0.02534033347840081,-0.024288026780309613,-0.027975525457934802,-0.03691808097392957,-0.03371816697786356,-0.020806135244573976,-0.020742989546087887,0.020477661971966654,0.0295575465923541,-0.030091310167898122,-0.035805844821302224,0.029519233724873972,0.02918528766829631,-0.031198330961425214,-0.018022160153363664,0.02979871732212591,0.028988917706179063,-0.03384455933357,-0.037691917492850835,0.03425190904985387,0.02595294981628138,-0.018040028174507783,-0.0316211746869719
2026-05-22 00:00:00+00:00,-1.3644310564830953e-05,-1.3232697161247309e-05,9.001493476001876e-05,8.350977578408525e-05,3.318201810897925e-05,3.514447563279788e-05,-0.004862967263943974,-0.0040322440881080945,-0.0012915071207300066,-0.008894643500544919,-0.005574865544563767,-3.0434330416828637e-05,0.0049532413925617025,0.00466390242581749,0.0067957781348695345,0.0042430266206650025,0.0049672202087662765,0.010369252401712936,0.0037446683377813095,0.0076063004501023546,-0.006360335072012502,-0.005390549239970843,0.004179308866486764,0.008345907498915395,-0.005184764048386303,-0.0056980591701986105,0.013524443474467684,0.00714095324308639,-0.015059004283576982,-0.007367122514882474,0.005443400776077523,0.007103152127023282,-0.00509394420712872,-0.005618554452120117,0.005276442854843744,0.007465728164005814
2026-05-23 00:00:00+00:00,7.197036151485037e-07,6.979917392957447e-07,4.485816228605444e-05,4.161664341051363e-05,2.0523958707219236e-05,2.1159502612277947e-05,-0.01294017529454472,-0.01224791330803765,-0.0017331289891470147,-0.01492064428270845,-0.008644005105642893,-0.011403088367641145,-0.010125645237363368,-0.009152444826259098,0.010014943525852082,-0.006678296154330465,-0.003903837576578195,0.016372126270122633,-0.009686148319591581,-0.017188532967090775,0.006979455493353992,-0.00411700135960702,0.011404515746797461,0.0024644412537440097,-0.011424194155452372,-0.013313514921257985,0.011469259053201286,0.010499917636106915,-0.011261462451912396,-0.022017591992398056,0.011269578309456296,0.009761384558572894,-0.01260725310823485,-0.020262790988436308,-0.002746916681511502,-0.005854935348891477
2026-05-24 00:00:00+00:00,0.0001531150735440967,0.00014849593164978359,9.246503646309634e-05,8.578365067624105e-05,0.00012269958743504894,0.00011710454982272189,3.07366950818011e-05,-0.0005588071289343022,-0.0007680038295645453,0.0023739845745283095,0.002146275046319479,0.004100957163115648,0.005687046046843003,0.004345897628404316,0.004372459948881691,-0.000747487876249453,-0.001786159328548309,-0.0029972485362174117,0.0069564161364685795,0.004873726718530591,-0.008881005286553889,-0.007733817206700522,-0.009952532816270065,-0.0019813704020458234,0.009263035745021408,0.005411908167629598,-0.009197024234944728,-0.008450885030782396,0.008803513312732436,0.00037486630973115886,-0.00947603070590064,-0.002945226258151301,0.01010157136509604,0.002833784380944282,-0.008571843480218999,0.0012758699232164883
2026-05-25 00:00:00+00:00,8.177533062214692e-05,7.930871669858952e-05,8.761875584095691e-05,8.128809813912063e-05,8.270017820466435e-05,8.028194019593649e-05,0.004360688029248161,0.004868843234645315,0.011776938350801736,0.009405891702519487,0.00930400277167509,0.012888794042456464,0.009337912573174068,0.009380675921601744,0.009556644750128074,0.0050378238521127106,0.004719043498937703,0.004313842018627501,-0.007143056090149091,0.004538309720089728,0.004288089904260772,0.005320764367539033,0.008881939905753367,0.008599401253134964,-0.011463999314868967,-0.0003030311604499403,-0.007104462987461702,-0.0010670848502154495,0.005942583223770281,0.005889221873398576,-0.006296696966057169,-0.005097917614206304,0.0066603338431801,0.0074556431056220784,0.0076967151716913484,0.007351414438502291
2026-05-26 00:00:00+00:00,0.00010313177446263921,0.00010002122638597122,0.00017923068346226145,0.00016628190474610172,0.00013515944818243142,0.00013313411866833214,-0.001376867547920213,-0.0023426036325382427,-0.003459491031186701,-0.004227003464138401,-0.003815354403707394,-0.004233446779412953,-0.003931079305582785,-0.004210229319747794,-0.004311312814690327,-0.0022840595072715075,-0.0026254253123944027,0.0002932730243141446,0.0061915628678457235,-0.0023349403839139082,-0.007945399758783611,-0.007257312231456425,-0.0017344814555183552,-0.004269365863343144,-0.0008464400821686091,-0.00354995833052163,0.0029367287686816734,0.0028890209391718713,-0.0030022571587704494,-0.0007116893986470751,0.005788087247406093,0.00283248510805989,-0.0058221345984270645,-0.004044675640426987,-0.007887227160766175,0.0023118344137040836
2026-05-27 00:00:00+00:00,-7.375665082132166e-06,-7.15323056610373e-06,-7.017556750588128e-05,-6.510647551682958e-05,-3.542231446163058e-05,-3.613233502353097e-05,-0.011043206442458375,-0.011115298822425457,-0.014694347816436082,-0.01022566823511839,-0.008963184265476043,-0.008372030801768515,-0.011481346307482987,-0.010497859720330904,-0.011065620185412683,-0.009554582947212564,-0.0070339815402032935,-0.008967380044788031,-0.012407159159889991,-0.013476226930543622,0.009384839815486101,0.010903030850013762,0.010986214843666131,0.01255675442553339,-0.012261601322586801,-0.01224613081324577,0.003088352567418129,0.0036884656736833055,-0.003827266677562724,-0.005100980311789294,0.0021711074386343565,0.0034074904360361646,-0.004625971540744955,-0.006229333962139094,0.0009689697024202193,0.0011423339707723468
2026-05-28 00:00:00+00:00,0.00018535132327923698,0.0001797614779768253,0.0001415607534389629,0.0001313345275721911,0.00016183798391145032,0.00015550783271001123,0.00034899356794726444,0.004995844863132204,-0.008599375925756325,0.0009007305177084479,0.0003003476737444277,-0.0003406492905039249,-0.004045432055531428,-0.0026289346760598464,0.0008968871602075268,0.0016695059239839605,0.0032674051304621976,0.0025376698428598576,-0.008841531848794881,-0.004246846541557714,0.006191493304703144,0.004687964558093505,-0.00790885184066914,-0.006415287866107899,0.006172501963773724,0.004805989513962716,-0.005604967578411557,-0.008890140525354862,0.004997506432314447,0.0037781388083890644,-0.0019567456941594896,-0.002468841860221893,0.0012761807970402828,0.0009417623759027105,-0.0018466423350944616,0.00048721722758204855
2026-05-29 00:00:00+00:00,8.514011070714922e-05,8.257290750179891e-05,2.8795276808546433e-05,-7.212502143305599e-05,5.807198141982717e-05,5.462456251703607e-05,-0.01505903193661895,-0.018450220120720062,-0.00353588094320767,-0.013776975179248696,-0.014413356500404761,-0.007632629761017085,-0.011566518616715982,-0.010990915268101809,-0.009730730731204229,-0.01288741591570186,-0.010720579021229137,-0.007557898117197648,-0.0063458283618638145,0.0015569164161275406,0.00437746159382546,-0.015081031197282213,-0.0007142102146943108,0.0005902555298822332,-0.0007759892467249507,-0.021016892094126605,0.0028462807474851637,0.002969281720570427,-0.002936079114067458,-0.019405686997358895,-0.006393620973968339,-0.00863586207132283,0.005700469380463646,-0.013559002355630123,0.0011238980292385126,0.0036027634689206334
2026-05-30 00:00:00+00:00,0.0001160313047956496,0.00011253293792012897,0.0001361905233585592,0.00014215003249051783,0.00012267318785919024,0.00011942025217281937,0.024772752857243896,0.032830457311250116,0.0327007548822571,0.042243245802190854,0.038112781639424886,0.03757927985229559,0.02148778418987085,-0.0028267877517611506,-0.005444608751341562,0.02101711409292517,0.02157048848299592,0.019299183111798568,-0.03472490398280281,-0.033580476118317604,0.03183918329681834,0.035598910235076664,-0.044951001788742784,-0.0430588648636242,0.04346608265860041,0.03636590087821001,-0.03998041715703471,-0.04331035218626911,0.03889620852744291,0.04341026353103583,-0.027719902532351126,-0.034905253965855754,0.02652104664724808,0.030514186474839944,0.02907179277163907,-0.02632754325639075
2026-05-31 00:00:00+00:00,4.044440928030468e-05,3.922513951937212e-05,2.6789991730780116e-05,2.796211813582694e-05,3.3473587082610834e-05,3.203155381825695e-05,-0.016138878698278125,-0.01119085114568541,-0.02402389190967069,-0.017567401933211824,-0.019287508999941028,-0.024158272052829832,-0.025289848206791143,-0.029274795386983188,-0.01733925812123971,-0.01755135623687576,-0.025132878221991173,-0.028471522774163094,-0.00037169936141168147,0.0022303065311783943,-0.004437071006774929,-0.01428995193686422,-0.00408390833191663,-0.0014130311699814824,0.0024421256055964236,-0.013747775630918335,-0.003806899763097782,-0.0009668283288168933,-0.000890218874394777,-0.017477139569820777,0.002293021995906308,0.0009805009406105292,-0.006250367433380366,-0.010113573574823786,-0.0010875887012222751,-0.007272756296763272
2026-06-01 00:00:00+00:00,4.2102129898857754e-05,4.083293493994944e-05,4.238527001820813e-05,4.4239675407675705e-05,4.135503223579029e-05,4.0070069869058145e-05,0.018759832248935293,0.02415700167504009,0.008099342757905914,0.01689436719616544,0.016223070119673944,0.007288291585866746,0.009993787189266135,0.01100232654962352,0.007915409054571887,0.01883278731260929,0.017363367776470406,0.021003107159623058,0.026080789872783505,0.02471392742955536,-0.028696175055900053,-0.026927595089934364,-0.008435828435510384,-0.010190497173046431,0.0062232022528179165,0.009874981192976584,-0.00297175309237252,-0.010303009035246391,0.0016322605411847046,0.0007086711272339397,-0.023595974638639827,-0.02356863807750542,0.02521046074749922,0.022961230133054178,-0.004212908133822468,-0.005702564365376306
2026-06-02 00:00:00+00:00,8.866836706133974e-05,8.599551298682506e-05,0.00011675368840524669,0.00012186157355120741,9.943784004073919e-05,9.71416378792167e-05,-0.0027730386319176903,-0.010530902935473874,-0.016817414752338555,-0.006158609589070219,-0.011050962556864885,-0.014972433828805198,-0.0019634586229462236,-0.001421038652644202,0.001727132630335193,-0.002237043740643929,-0.0050311001873603045,-0.004799335455085485,0.015115849372090873,0.015225002836528168,-0.01811375733638665,-0.011632217897149078,0.018719937196559178,0.008520091720314982,-0.01467355462579878,-0.02091530120832097,0.00613779755471322,0.0004713554130681974,-0.005277902143110524,-0.020294185172157198,0.00436988942309724,0.0027740515494318885,-0.00725994725417356,-0.010289290963614195,-0.010512185172614319,-0.010282727836698924
2026-06-03 00:00:00+00:00,0.00018091682537813014,9.282780804320545e-05,0.0001191800766282558,0.00012439347910198073,0.00014943989310545192,0.0001429803194248347,0.026291670036675097,0.027359146458322048,0.029350853162235957,0.02965271129763769,0.027376353377728257,0.030769509912645265,0.01878315990434687,0.02683313711266644,0.01056964492297685,0.02903651964728815,0.026087880412566822,0.03127242642289452,-0.016088593253192895,0.027719947256851896,0.012205455728080628,0.024256247818485566,-0.02731169453337612,-0.017034587026569792,0.023948527125349672,0.027760898619608287,0.0335984411131256,0.0325044477389711,-0.039469728414322836,0.0213076036138804,-0.027545328373899114,-0.018592752429979598,0.02739673784872676,0.02744466478280949,0.011161812250830794,-0.029594255336684694
2026-06-04 00:00:00+00:00,-8.732852516635248e-05,4.32173988615947e-05,-6.63225984703919e-05,4.4104351357487914e-05,-5.5441862615634996e-05,3.894552333894019e-05,0.00893860159718285,0.004466002649022638,-0.0027360060162803235,0.014921962754113283,0.009833602529527363,-0.005793266373343986,0.016634254493329115,0.00755398540233343,0.009254500762090778,0.014122686704185261,0.015468526743984468,0.007664537687690043,-0.03164618452930534,-0.006008193899707637,0.030491373675549216,0.006255511701669381,-0.02125220321294552,-0.020996133639113235,0.018544870910649047,0.009195287564070398,-0.003781967715412393,0.014576907096785607,0.0014654236474542781,-0.004142544704360707,-0.02372690446166148,0.003436511030681322,0.024491888305404386,-0.0030320320796769495,-0.01570954592186602,-0.020886764508895594
2026-06-05 00:00:00+00:00,6.467550306288317e-05,-4.241330084342465e-05,0.00014523071560845757,3.7769923414421314e-05,0.00010234359316441122,-9.656205835739673e-05,-0.023491110708783847,0.015839690848313825,0.018478171826430412,-0.018438777554155683,-0.022982234064319873,-0.022951136915132175,-0.018678169179274562,-0.02313333365553305,-0.0230349554585898,-0.02198280058359403,-0.01741349367380407,-0.023658149940800066,0.024022842539931588,0.018725529765784676,-0.02275798964938247,-0.01628206223225881,0.025986939258283215,0.011752042986113764,-0.02487940535123656,-0.022097476014813155,0.0214230191653757,0.012459787901246466,-0.02220296643915909,-0.019184802254964217,0.027732380211226815,0.0070039909786883126,-0.01934065683806252,-0.021664654282606444,-0.0016272862432444857,0.0017537089006738338
2026-06-06 00:00:00+00:00,-2.217730375897453e-06,-2.343553404449139e-06,-4.141040684257913e-05,-4.3109113042172353e-05,-2.172553305734848e-05,-2.2729352925132673e-05,-0.006409356507690589,-0.00969728792705793,-0.0151573605286629,-0.013990607244214748,-0.019031631504315638,0.005177646095575028,0.004501902162194371,-0.0033305097049191046,0.007585814964404358,-0.0016289553801834833,-3.3944723491941e-05,0.009907287822356725,0.0005477691603807955,-0.020687641842020765,-0.00177090319199813,-0.013137389322763982,0.00235372657991495,-0.01570035779759804,0.0018423889008218897,-0.015340122520883459,-0.016612796060862856,-0.01607996207239215,0.017708587032857492,0.003453475956776586,-0.012626048908189635,-0.020478775634448,0.011833737440204661,0.0010935096253328336,-0.023396640648342903,-0.024820315166643403
2026-06-07 00:00:00+00:00,3.720353272118615e-07,3.93142816523806e-07,-0.00019020101791777932,-0.00015816912167820885,-2.361373975023895e-05,-2.456607936063282e-05,-0.0037720541331816015,0.00221180226082196,0.004281367831170391,-0.008921794600065813,-0.007988528743547496,0.003108797056279533,-0.005754089033815135,-0.004521517524658347,0.004154174960767865,-0.004881152339150652,-0.004650906680962907,0.004341059768065536,-0.006381861752573714,-0.008732483861255247,0.0037550099315342145,0.0035450914275045875,-0.007025934667442835,-0.0002870847372543617,0.004184167082416312,-0.008271231830888737,0.004552705246553268,0.0006128503462488055,-0.005232999699212981,-0.015536730392773257,-0.0013912093687279414,-0.0004327044924654633,0.0005909599345161887,-0.003704511207716199,-0.001040663518274032,0.010720132434869356
2026-06-08 00:00:00+00:00,1.704822296422215e-05,1.8015456514586248e-05,-0.0001682351753562461,-0.00016822958234341545,-6.39152095661677e-05,-6.569304179493418e-05,0.004416860046235982,-0.0023625582743213025,-0.002393483047520961,0.011092070324590919,0.010454173572675307,0.006217380126252836,0.0006521248150828107,-0.003273542577547861,-0.001971355669688757,0.004169953618041955,0.0002801263436498225,-0.00048444168636185836,0.011858109959685281,0.005589642905714953,-0.01382623289389917,0.0013791733343635482,0.017844498770667405,0.010569997287526167,-0.01874580053886088,-0.00896707189493029,0.0037121469476728564,0.01015153280445169,-0.006736825361712828,-0.010395504752523044,0.0023909893388018855,0.00392496135417808,-0.0022560024875407647,-0.00683530648808528,-0.011189734018012043,-0.0033781174065929953
2026-06-09 00:00:00+00:00,-2.7146617053608324e-05,-2.8686756798013135e-05,5.562613733722799e-05,5.562428772387662e-05,1.1242852029802464e-05,1.035131560267466e-05,0.002798633492479441,0.0047776473193508195,-0.0011545987169455652,-0.00019301815006078638,-0.0018953136221443456,0.0014869457425030763,-0.0014532009852684658,-0.0004137162561121954,0.00043772776110651,-0.002643124069520497,0.0003940361370484702,0.0011686838532574129,-0.01314169509135188,-0.0039551747950645755,0.010462089100003125,-0.0033961723860490567,-0.01991299399174984,0.0008550023698192799,0.01814723091522441,0.002951407899088654,-0.011071073866109282,0.0010938225160475046,0.010244668975831095,0.011512864014554536,-0.00980318374024669,0.0028094673089720246,0.008589101809920896,0.013004632976926445,-0.004657736293446235,-0.01692203750809884
2026-06-10 00:00:00+00:00,7.108996774229936e-05,7.512331103054493e-05,-0.0001730332083911268,-0.00017302745521907692,-4.1115498026544905e-05,-3.926095605932822e-05,-0.010800612687008937,-0.008313525146742773,-0.002783009346752685,-0.006217123778598621,-0.006597386847393971,0.0001761036102598812,-0.002206738874339087,-0.003756799296955604,-0.00046519672708145166,-0.0032600022342639257,-0.0026295142437136043,-0.0011366883607527578,-0.0018473038563524558,-0.004153189722541084,-0.00011853854939003483,-0.0020643085518439186,0.003527010791380958,-0.002401809352718942,-0.005639987593435092,-0.009113775912421351,0.0012065573310002797,-0.004580703747448456,-0.001056723476217547,0.00018574560298389997,0.0037780418259347748,0.0007087769142493094,-0.004657227935536912,-0.006149785010719611,-0.005377560871004827,-0.0030376628562452934
2026-06-11 00:00:00+00:00,-6.501757276311526e-05,-6.870611701637053e-05,-5.8553693874641155e-05,-0.0009596504347626489,-5.48579333383703e-05,-0.0004604085679280612,-0.0015383721108319648,-0.003901288035310202,-0.00024544468926279706,0.0025775491989701305,0.002158240764143393,0.002099558878383645,0.0022011070184355663,0.0021694331062835914,0.000820134839161879,-0.002849590168697569,-0.003581432733999468,-0.0035537509891161445,-0.0059926338776225,-0.0032013692425043594,0.0032693484411305818,0.0034346068852131317,-0.005444918943039223,-0.0035715929095712085,0.004055063384590163,0.005612681704938671,-0.007068375515696723,0.0029164258063032467,0.004889032746484334,0.00011942860356106699,-0.00043206724144495556,0.006927891051008439,-0.0002917820019798789,0.0020207024816911723,-0.003448755435970563,-0.008965000177227567
2026-06-12 00:00:00+00:00,2.3010844895754445e-05,2.4316374278576802e-05,-1.8130969810514763e-05,0.0,2.8471906827753912e-06,1.2165974201394647e-05,-0.008674782034795103,-0.00628705108820693,-0.005908150676171786,-0.006970784243404804,-0.005348576423728435,-0.005718104180514327,-0.010600238634085657,-0.00894675119569921,-0.008175934062045975,-0.00378142197733089,-0.004925468027895619,-0.005982283825613721,0.001298474731016297,0.0006043342865345025,-0.0038310844407235534,-0.00984272153178245,0.0033135238627193253,-0.00255108906362822,-0.005625534715822389,-0.008947326122835775,-0.00295860340505838,-0.005349696805300064,0.0011275963567798364,-0.0084353743081661,0.0011750055991162078,-0.002285377909598485,-0.0013225411005900467,-0.008443418109668865,-0.0016772673064869847,0.0013322590525739475
2026-06-13 00:00:00+00:00,7.829057048125421e-05,8.273230894428885e-05,-3.282257024250779e-05,0.0,2.199648923384423e-05,4.1393151552382434e-05,-0.006212172684837536,-0.006535426613750062,-0.0016525661474361408,-0.006048440021656498,-0.0048464510749500755,-0.005559811467008902,-0.00595318975119119,-0.006593424972955453,-0.005744058613772474,-0.007994381959821384,-0.00771193649055224,-0.005598011681787862,-0.0018832367290415597,-0.0011090225442276225,-0.0013168327422006243,-0.008872070903895857,-0.007858572390166296,-0.006063200928110524,0.005742918145145159,-0.0021662649725920913,0.0019266747011261742,-0.005661548176474351,-0.003781398624726262,-0.0033966838221880513,0.0037841946370460455,-0.0014018316768410477,-0.0035580994237729424,-0.004756509814243914,0.004318183002681719,0.0042471553204381784
2026-06-14 00:00:00+00:00,3.3207685885772165e-05,3.509153540592891e-05,-2.08355008617378e-05,0.0,6.383433984735731e-06,1.755794448965453e-05,-0.01007331118788668,-0.004291750230122959,-0.005262112358189408,-0.003657403190677533,-0.0014260156021439485,-0.0025489793422642792,6.731388569769514e-05,-0.0004902294925398509,0.00045992599986388605,-0.0007575494990563758,-0.0010374075990633447,-0.0012168702381967211,-0.004845237433409921,-0.0031009132062403966,0.002057478533263213,0.0009222488632520953,-0.0008421867005915518,-0.0014530758999371507,7.515952722858543e-06,-0.0015348350492598861,0.004173742736310437,0.0003004015389591608,-0.005245426351634386,-0.006517885679220292,0.0033476698478600575,-0.00015006614993784417,-0.004452012327741173,-0.005501717674608053,0.0027373539425221693,0.006953930924788798
2026-06-15 00:00:00+00:00,1.0432388287684446e-05,1.1024189840114218e-05,3.780444463297172e-05,0.0,2.0915006232025135e-05,5.516017033357912e-06,0.00897432510786289,0.0029320490169175706,0.003796795360554661,0.009951368654063764,0.0011153020019440962,0.001903177256272759,0.002421778802103036,0.0014581873109995591,-0.0009073361531637403,0.0030999913737081997,0.0023414736765829947,0.0032483488163974616,0.013615604039952434,0.01641836660122764,-0.015477891070348027,-0.006229521614048994,0.008808451117829241,0.002961854616974513,-0.010172131421176456,-0.006301609024542576,-0.012015318788813123,0.00023372764288343006,0.010994135488417545,0.009838793959598746,-0.0016354083546115117,0.011099449598862998,0.0008429667452427569,0.0025915486646321817,-0.005833442296597768,-0.006889218332674307
2026-06-16 00:00:00+00:00,-4.088641529031989e-05,-4.320576696736911e-05,8.390445322126183e-05,0.0,1.697686303514523e-05,-2.161837402303579e-05,0.012471760400947662,0.011241586632923184,0.0247868552669106,0.010825640113302004,0.013040085449706362,0.021648836742719002,0.015351930876023046,0.01912956110614661,0.02540712929810285,0.016131147111766664,0.014471082963620097,0.01505653795869244,0.0015665018889847726,0.0014476302956980547,-0.005116136170686403,0.007077446160319578,0.0020552289515916033,0.0037980323672299754,-0.004060785364183306,0.00402443310044176,0.005969927902475414,0.011541115968908056,-0.006607144137353638,-0.006664671373033837,-0.010140877203314025,-0.016554026220910845,0.010862545684706904,0.014719600457143711,0.012339393252059905,0.013749550416135348
2026-06-17 00:00:00+00:00,-8.895837058453537e-05,-0.001069450254500226,-0.00018674268335672206,0.0,-7.382985800863384e-05,-0.0005350970047961479,-0.012288014893304666,0.001389447430663493,0.0007421715504984938,-0.002178864049603324,0.0006071873997894883,-0.0006056218151846426,0.004058602722367688,0.011248789464697762,0.011461199000844857,0.005804337623851907,0.00461527879123258,0.004253293783236911,0.0035231764125409626,0.0023958980466478597,-0.005675668505897513,0.001756727911228495,0.0017310817914490961,0.002786394800051717,-0.0038246853239864986,0.0014775710702423783,0.006405957279775443,0.005896254855514815,-0.007785316009421783,0.0010060905466162673,-0.009754035852050813,-0.009100781434418392,0.008348819248665151,0.008541458672234103,-0.003263345490954528,-0.00324774359485569
2026-06-18 00:00:00+00:00,1.4221961115445936e-05,0.0,0.00013404367479230572,0.0,7.076900785785156e-05,0.0,0.004662359283958306,0.007403476072257664,0.005207889517675923,0.011343036931069195,0.007280040148050171,0.0038336808272385614,0.006559349220844002,0.005242074809325592,0.004286101072687565,0.007884954278852607,0.008148152183659496,0.010580729302112957,-0.0035094505598464165,0.004455667117264417,0.0007942565502012666,-0.001607751954230019,0.0031171595680079545,0.008098674800035566,-0.004230529375868541,-0.0037569433888399173,-0.00027382276415488516,0.010238735517976494,-0.0015782052542029357,-0.0027342685625251217,0.00040110236003898514,-0.0003446306626332385,-0.00093984341783937,0.0010364319442310865,-0.01343457438477147,-0.00410129190636388
2026-06-19 00:00:00+00:00,2.2976939496155424e-05,0.0,6.794278795130282e-07,-0.0008920926558640963,1.0888053443736112e-05,-0.00044604632793210364,-0.008438788164357058,-0.0038586930717289247,0.005307419718764805,-0.011499825495805305,-0.004704897432119881,0.008075473703425429,-0.0043340633484511,-0.00611103761452958,0.014080347491021605,0.00955333637204836,0.01060670552051679,0.009550425060182555,-0.002418476945493686,-0.013126500387865891,0.0005457832466653212,-0.010670567510987827,-0.009985938812952289,-0.015211631402558101,0.008537598982656158,0.00735215468865591,-0.012404434518399454,-0.014590218766725505,0.011903476772026744,0.006986605552546266,-0.02005252895013543,-0.01843716940240081,0.020693000157351538,0.0005346989179908501,0.0074231559071258335,-0.0081782419428712
2026-06-20 00:00:00+00:00,3.068868518552037e-05,0.0,-1.1918565177237994e-05,-1.2177815798652958e-05,8.396293462720195e-06,-6.086190752152554e-06,-0.00735832408537096,-0.006331073346527161,-0.0077524643240078905,-0.006441849584635118,-0.004553088112825843,-0.006962510582101178,-0.0051182601009063244,-0.004299147192555086,-0.006932148097210655,-0.0026687280903457955,-0.0011876368801722048,-0.005356136574014236,0.0032698992970763285,0.011505782715189872,-0.005661078120664964,0.006230384628067798,0.010140160450367697,0.011340273821753621,-0.012339846192164217,-0.005635956363429173,-0.000644495934125966,0.01133671291141325,-0.00048042693657823765,-0.0038593115056420046,-0.0018968978890225863,0.01296234159381382,0.0014590794969018273,-0.0037872130898073397,0.011268904732192775,0.007644972491045232
2026-06-21 00:00:00+00:00,9.271347988892842e-06,0.0,0.00010082310158354701,0.00010301621540587114,5.2575998474191366e-05,5.148480881822515e-05,-0.003487600432142357,-0.0019235795970625746,0.000546162243467263,0.001999521804448179,0.003978381983327894,0.004673577614490387,0.0027466764488850437,0.0030582545002453276,0.005183407369748316,0.002913017618501712,0.0036527905127139437,-0.0005332864524767444,0.004613357114829908,0.0016446927050266513,-0.008095800008492748,-0.005748819005804595,0.0071960018658765446,0.0069499683064422335,-0.008633891821545503,-0.009570394788017245,0.011430595686474865,0.004787217826999646,-0.012126170773476996,-0.0038528836072545536,0.01201169899530985,0.006875422327561109,-0.01181040740324546,-0.00745480468857207,0.0005284225218507022,-0.005995784709388441
2026-06-22 00:00:00+00:00,4.246760061299426e-05,-0.0009195439001928873,-8.818657985443235e-05,-9.010462524872143e-05,-2.2738399738320147e-05,-0.0005047957089802102,-0.003178726405969612,-0.006660008195558009,-0.008617787597587467,-0.008972716859103058,-0.008494705502509303,-0.011928787189008916,-0.00881870710973498,-0.009724697827698248,-0.010510734792832821,-0.006629737403144098,-0.006270833471200721,-0.005396573014387118,-0.0007798586708674948,-0.004700090174652782,-0.0014275845946196686,-0.008970036176565777,-0.00023723322513613532,-0.0033540091532987537,-0.0013973311672031974,-0.0067912704236926524,0.00017624560402085265,-0.005449184983663091,-0.0003769274974545489,-0.006332873780560355,0.002425418596736062,-0.009500226075881524,-0.0042625577801382875,-0.007064087894177118,0.0035618161498109924,0.0035472839736216955
2026-06-23 00:00:00+00:00,8.80376920462389e-05,9.174809319345556e-05,8.901434365271577e-05,9.095056725327844e-05,8.312748370387091e-05,9.132988002757969e-05,-0.002372199411729947,-0.0004808756017823379,0.000910571471047561,-0.004075126360378767,-0.0015734819263052424,-0.0031514499359963644,-0.004909176373767199,0.0001548667466000353,-0.00023838427864941725,-0.0020502552305403654,-0.0018052162625938895,-0.0007453518628519618,-0.005174232386275457,-0.0001372199791357387,0.003246772683808352,-0.001544319509368064,-0.005985079873368826,-0.006325318785594725,0.004145929633523782,0.009289632149288352,0.005789626548495352,0.00608964870747597,-0.006261808403481894,-0.0030189109445303286,0.0010105887839575445,-0.0023773201868826366,-0.001431500295849264,-0.006741352590353467,-0.0059466576302988905,-0.007457006686704237
2026-06-24 00:00:00+00:00,6.849235453154634e-05,7.137874092788543e-05,-3.408321782505386e-05,-3.482452227665522e-05,1.5155473672923137e-05,1.826126478321477e-05,0.00021050485807294628,0.002613374327089746,0.0068621662837458075,0.005275341882317264,0.0036644064060689097,0.003137264113820537,0.006232688678758258,0.0014750121901694335,0.001716744322774355,0.002208481316140043,0.0024733346230174647,0.0022143489906258917,-0.010474494396097489,-0.006841233068606178,0.008385645516894469,0.005773155969947874,-0.00439462301031357,-0.007878449929698772,0.003656649295569858,0.004301324814123708,0.007412971696303172,0.005371473650940262,-0.00893135843732773,-0.0014316514989498597,0.004307267882285304,0.0014596526253680686,-0.004691658993937642,-0.005583799203661255,-0.0024993037437548438,-0.01528733208501143
2026-06-25 00:00:00+00:00,-7.905563757670819e-05,-8.238694122342238e-05,-1.495372242199533e-05,-1.5278974782151344e-05,-4.351122450729772e-05,-4.881682660107245e-05,-0.014360677011878709,-0.015777591799229773,-0.009917539096132466,-0.013040358686035036,-0.013274441068794052,-0.0062998913168671455,-0.00969870014826002,-0.011403222514701383,0.004969208164761207,0.00461760974907377,0.004266833727175845,0.006841474995335162,0.007232445813742938,-0.014025886301037516,-0.009230483803397416,-0.010756067997382046,-0.00035708657262123467,-0.012774914149755845,-0.0013438182619817107,-0.006810477435456264,-0.015089794976321569,-0.010313360258510373,0.01258568411247385,0.015563438133434193,-0.011760447203728375,-0.008586864032798847,0.011291172034967989,0.013084125830776339,0.017216467392656698,0.01484591953367076
2026-06-26 00:00:00+00:00,-8.726466913633324e-06,-9.094219387328906e-06,4.670555870966986e-05,4.77214479241983e-05,1.836844687885808e-05,1.9315370484163097e-05,0.004154559861890839,0.005195944609218017,0.004415492419451272,-0.002976501182139768,0.0013239292151707716,6.405258624453403e-05,-0.0019367724741030656,0.0002227183329204241,-0.0016123927563136409,-0.005718138357618252,-0.0037825921639563775,-0.003600132734282724,-0.015208461724321554,0.00225533127449129,0.012472003482035365,0.010066325432094958,-0.02014681082142611,-0.001254152666805175,0.018179197821275972,0.014421088696486839,-0.013092749998151354,-0.002455771051039335,0.011728553270309083,0.011083665319445268,-0.002792989423552772,-0.00016210129624794067,0.0021397667438913803,0.009716730298509058,0.0056895666392171584,-0.007085850174532116
2026-06-27 00:00:00+00:00,7.165078193649421e-06,0.00010791388977504646,-0.00013596506563229305,-0.00011753933692737473,4.16687990283382e-05,4.7604825166303044e-05,0.009428210101343648,0.005844397253468525,-0.01570305735857702,-0.019421081507262516,-0.02017049272864191,-0.01998591973202779,-0.01942274765484686,-0.015119311016537629,-0.013790436566976094,-0.017302902877142312,-0.016236515407653695,-0.015866096654881034,-0.008511437113113085,-0.011399799200405347,0.00608046910298965,0.0027280482467415545,-0.017169772664135108,-0.012496195184542813,0.016017182324935986,0.015335282730642774,-0.01536959120634096,-0.013924738243343393,0.014023701925554022,0.011677097533682401,-0.004225761931735295,-0.006561554743589104,0.001959619266179713,0.005983285301873975,0.015937103394768393,-0.009046051438286629
2026-06-28 00:00:00+00:00,8.936082991617411e-05,8.298813539098226e-05,1.3277982524595444e-06,1.3277742678674542e-06,3.716733846292897e-05,4.207103140130286e-05,-0.0005423318427648649,-0.0022250434167638833,0.005279912051998403,0.00388581193412163,0.004646639471336034,-0.00467095989491606,-0.0033367748655130924,-0.0033381516667428945,-0.00766584235790202,-0.005682080383500265,-0.005548039190069187,-0.004616686773806111,-0.006083191255898401,-0.003913187581136235,0.0037635934771871327,0.006429983924204574,-0.0016231567706846972,0.002621286992745553,0.0008563349719743485,0.003271938228851523,-0.003561319499294502,0.0010345647886598197,0.002540216152326691,0.005949298442165851,-0.0019780334034171787,0.004131118745666518,0.001067746454210372,0.0027465037944092163,-0.0018545697885721246,0.0009700469988125349
2026-06-29 00:00:00+00:00,2.9496903478420933e-05,2.7393530478203587e-05,-2.202741816492715e-05,-2.2027020277093357e-05,2.85889790774263e-06,3.855272537434118e-06,0.00804500479739656,0.0031545438791711344,0.006033702799379093,0.0030991423431654397,0.004831916495225519,0.004968390839423131,-0.0019486659947276497,-0.001647335598705002,-0.001923094298312722,-0.0018121742853973721,-0.0017890760518324278,-0.002526212860278876,-0.004969682219613691,0.0022111003243896477,0.002318868215710701,0.002590424387573176,-0.004319752725351789,0.004191257579474028,0.002618303375963693,0.0015980333175233952,0.0033421871260297387,0.006254087834097977,-0.0034335833364113055,0.0026291197306154146,0.0009589257505113746,0.0034651477810152542,-0.0013720281416684799,0.0012345265175670583,-0.0040825712023576655,-0.001157449866134752
2026-06-30 00:00:00+00:00,0.00018478321727632974,0.0001716070076549503,6.700716325913625e-05,6.700595286268651e-05,0.00010377824921881107,0.00011569847853309945,0.002939031888188337,0.005268570602333211,0.00022459613293546177,0.005027585726428585,0.0013083449418502813,0.005939768680066848,0.007020151502329597,0.01012110154305712,0.01043708428568002,0.010207893456751549,0.009507152727872503,0.01085050493226225,0.005471435483743292,0.0072143754327569365,-0.007252320438613458,-0.0030592102944033694,0.006582559206468552,0.0069108573189151645,-0.0075136248676901385,-0.003913936018979491,0.0009018763200285829,0.0004907765524122532,-0.0017851294672771578,-0.0021714042289840974,0.0024015140018283088,0.002987551399383781,-0.00290404182752102,-0.013134304294163401,-0.006546463571241223,-0.005046022456250854
2026-07-01 00:00:00+00:00,-5.059221760173038e-05,-4.698529215585445e-05,-6.800735147305392e-05,-0.0010638375917377818,-4.921541436864185e-05,-0.0004985366751308895,0.012428142771454764,0.012543544823537367,0.0050559620108048264,0.014274852601865451,0.01348753773772704,0.003070201193880129,0.018723523166498612,0.021943676927392186,0.020673907459400676,0.02142306226351476,0.022379306449272773,0.02151396206160383,-0.004837228756017664,0.00257365710185975,0.0025312492367079997,0.016595251896078134,0.005347692873672205,0.009411592760835363,-0.00749600978286824,0.0028044017053205916,0.015614471117924467,0.018169721147140327,-0.015914179352810365,-0.004363999751866188,0.01803272676344303,0.01966752996247023,-0.0187916287284704,-0.00576045682651416,-0.008077193459644971,0.0023122499631604843
2026-07-02 00:00:00+00:00,0.00012760835639968882,0.00011851020896180842,0.00011162276028353624,-0.0008992863704786469,9.904107662106476e-05,-0.0003903910193633342,0.007124249655763748,0.008411840280906802,0.001840894832914275,0.011192109748920265,0.015059869277745497,0.010444914227366375,0.015081640134461782,0.01597227283406788,0.013052775342351275,0.012284120549134636,0.011922920140445825,0.012281016637571751,-0.0138547869442317,0.005952281270101167,0.011338028242084963,0.014675738558593832,-0.007077732043897833,0.00014136851201751455,0.004390865092450236,0.01370302402576784,0.0019192138055215135,0.010696238234781497,-0.0029518668619805677,0.006903150254851331,0.005851762802054683,0.014544387735053732,-0.0076949238717416435,-0.00561286511686343,-0.011489624038865665,0.0013131833596728981
2026-07-03 00:00:00+00:00,6.402831805241149e-05,5.9463804680470744e-05,9.539283553738898e-05,9.484594195141582e-05,6.619177389199926e-05,7.71528726586368e-05,-0.021433592429947135,-0.006279119183397408,-3.0098039380033192e-05,-0.0079395906393539,-0.004677184429781156,-0.004033157859162806,-0.007885857263031704,-0.005900894710254345,-0.0076163015718933025,-0.015038042221886982,-0.01615668463980824,-0.016597277478066053,0.0005577445925808444,0.009980350683516548,-0.0018934364679925597,-0.002311807895746698,0.016553952455665266,0.015073229234951802,-0.01693089934615266,-0.010823400367092728,0.009138966486008204,0.011874421935119006,-0.010382952109639576,-0.00810702937901131,-0.005857322212092564,-0.0007612033126350726,0.0044832906624354685,0.010879482761695813,-0.011255756296054908,-0.021666744593056397
2026-07-04 00:00:00+00:00,0.0001089338594086886,0.0001011685376319793,0.00018012155037849809,0.00017908899926566413,0.0001200830106546924,0.00014012181636791077,-0.007758266657826418,-0.008180990387475884,0.005094082315121984,-0.0021810708779168575,-0.003211503748557498,0.020101176262441456,0.01661772933018746,0.018511112788091477,0.018654052183583847,0.012744411027880709,0.012065621988425868,0.012945632733462276,0.001436808894359931,-0.002789284172872608,-0.0032788734816256992,-0.004640779831158293,-0.010030266033782098,-0.005522064555000816,0.005841370031976378,0.00023718573267927923,-0.0037022225680923837,-0.00548290166860621,0.002802416895153481,-0.003304139260444927,0.014977870943371663,0.003831926283658804,-0.015417201892968357,-0.008038000115315191,-0.011749409429655189,-0.013665741256959185
2026-07-05 00:00:00+00:00,0.00024779315692646797,0.00023013107316427472,-4.865503290296669e-05,-4.233570445244528e-05,0.0001357929323293483,0.00015577575053504766,0.0010160892253663345,-0.0022872638312035898,-0.001170886299086682,-0.0020608137411155525,-0.001900222831313858,-0.004507721952084154,0.015438421332100383,0.015092493268595186,0.013993945669388719,0.010925608104887186,0.010987804647389021,0.011089816178987633,-0.010458136585600686,-0.00322959944889456,0.0072024542587592055,0.013094421124656641,-0.012716043964682178,-0.004084857745600634,0.010777720033588123,0.013572267520767456,-0.013437702307659616,-0.003324600625573715,0.01247628095947828,0.007777176535525898,-0.00017291469674751703,0.0009671534861559472,-0.0012193614105037165,-0.0025933536065151364,-0.008682628976127149,0.00527042133893918
2026-07-06 00:00:00+00:00,0.00016400501692315217,0.00015231783426705725,6.310789958252627e-05,6.310751347715637e-05,9.691280464396712e-05,0.00011144712267463497,0.004379505902783354,0.0026032098156372196,0.0005912287599363353,-0.0022460128181328587,-0.0018115742323151496,0.0010910896361950861,0.0028029623466359066,9.309788798450569e-05,0.00045551237975627323,-0.0011997015909038788,-0.0014143587685175874,-0.0006687295659375536,-0.000849837283421917,-0.0032205696347339385,-0.0007678716020734777,-0.0044676752173221645,-0.002718691441679244,0.00013076950135704202,0.001762608480960548,-0.005364901755311902,0.0018495669140470294,-0.0002809515479458291,-0.002141265692128025,-0.0023622886868229775,0.005337341284335162,0.0009432639807447352,-0.006287120745150365,-0.008106049214820499,-0.004666280607253714,-0.002741915979798004
2026-07-07 00:00:00+00:00,2.7076940536385763e-05,2.5147701043337634e-05,0.00013771869489764832,0.00013771785236449396,7.591026216058339e-05,8.946963698663879e-05,0.00906227425299333,-0.001966081640518813,0.0009527202163364112,0.006550899850443326,0.006786171116608841,0.0005726879798242379,0.00661402130443034,0.00416482433326637,-0.0053077122877827065,-0.01067013733491673,-0.011395171814208682,-0.013557100251402887,0.0011957170825398489,0.0068864571821061205,-0.0036351289487573935,0.002942895403654111,0.009127291772959456,0.006649503910311605,-0.010131273489216275,-0.006638543827663379,0.009078129292574566,0.0038348356190494037,-0.009336021634995473,-0.00892877196796693,-0.007238197080115416,-0.008222850580034247,0.004750264823355721,0.007351721520845622,-0.0059001722564964165,0.0018754723033267418
2026-07-08 00:00:00+00:00,0.00016956074163343438,0.00015747979576041793,6.20395274524288e-05,6.203914796021337e-05,9.868890971365119e-05,0.000113431607196679,-0.013688596857942104,-0.014615114947063912,-0.0147145390504414,-0.013904836743249605,-0.013340472338718268,-0.012947812764830036,-0.007859820678805196,-0.0115726120345091,-0.009328681728431931,-0.01889404890210522,-0.0184209404921023,-0.01935465431143535,0.002201819100261959,-0.008253241572762082,-0.004639673296940705,-0.011291779165023996,0.00508969634478329,0.0067885548260604445,-0.006598382923298729,-0.008650490390654908,0.010593092628126577,0.006180548816824283,-0.01140726607346143,-0.02036195720137146,0.005332190166172923,-0.002010412314047527,-0.005638457901540939,-0.005656752012551003,0.02201628051681337,0.010564179740143675
2026-07-09 00:00:00+00:00,0.00012574612540294794,0.00011678831520933741,0.00010112978135068396,0.00010112916278393058,9.913222790669529e-05,0.00011489607410464231,-0.010118335562476655,-0.008410861350549692,-0.001454634229281715,-0.0072774182687639355,-0.008689768582105795,-0.0023983792909295643,-0.006878628550067045,-0.008183379394248513,-0.007830810200268212,-0.00723871717430602,-0.0071938009839003225,-0.008197060418632773,-0.011496466933006322,-0.008239639792150144,0.009397068748502546,-0.0018147434106002835,-0.0056246538462975115,-0.01264111279519664,0.003825493465006602,-0.003979937523463706,-0.0029611444687346333,-0.009499192664318201,0.0016148773773017044,-0.0027021958259699774,-0.005227588867267485,-0.009636213430167406,0.004174973530686188,-0.0006088438714312305,0.00996712686825485,-0.007714855231784057
2026-07-10 00:00:00+00:00,9.186705422625785e-05,8.532346065615037e-05,6.166356871650791e-05,6.166319158551481e-05,6.667384012781774e-05,7.71183805272635e-05,-0.004541445410579992,-0.00442011725640723,-0.003883132840473813,-0.0042772391452750025,-0.007950687012015956,-0.0004703533769530033,-0.0009443042648210609,-0.0014502656125731095,0.0002745888609718694,-0.0031528802399060085,-0.003917018733268218,-0.007185845659510415,-0.003697940330483318,-0.004682924289228452,0.0022754686841888194,-0.0017022211120970576,-0.0038495382098570063,-0.005274808115579455,0.0031200368209991503,-0.003035337976624919,0.0015374408260526717,-0.001483386415792265,-0.0023594860861987366,-0.005237035490097686,-0.0032995074410477887,-0.0024704943394914247,0.00331682120405441,-0.0037717929292309105,-0.0021715053366752057,-0.0064209043193653725
2026-07-11 00:00:00+00:00,0.00013761962089220425,0.00012781795647121008,4.067234680515952e-05,4.067209807101513e-05,7.5548404659731e-05,8.666253813038871e-05,-0.005198073093863109,-0.008169501019549497,-0.008530772951266585,0.0009603246052891645,-0.001630290079125074,-0.0021209280653419205,0.004398710491948066,0.002952447462443386,0.0028763387988650635,0.001304117633133428,0.000820027653946287,0.0016753719463671324,-0.004220318224827158,-0.00013006298351314616,0.001952342874075308,0.0005670672537620991,-0.0013211823017040825,-0.002269921935614372,0.00031420354368161263,-0.0021665302462229308,-0.0006657295361252036,-0.0021169787285750807,-0.00021171723037971546,-0.006635474354786619,0.0035277898625574178,-0.001629957691123174,-0.002766154688835565,-0.006107197120924113,0.012395323551703363,0.001788205660808062
2026-07-12 00:00:00+00:00,8.305789039741995e-05,7.714302506101056e-05,0.0001179763678020862,0.00011797564633875268,8.956657840997195e-05,0.0001044610833922377,-0.003034426678213964,-0.004687409988649804,0.009746412805703208,-0.010845303066621348,-0.012311692870804691,-0.015704283244238892,-0.013886412536014303,-0.014360469195075165,-0.012364106575852407,-0.009833813011302261,-0.009805806042595067,-0.012644363558537153,-0.007299298828785439,-0.0076351371496143905,0.0049112764389580565,-0.011011154470470075,-0.005179605821082012,-0.009824653240041226,0.0031541834446111583,0.0014894402157135112,-0.015596137219489603,-0.016093428482463423,0.014554594585528102,0.010134821463040566,-0.011893375149410801,-0.014709223585152698,0.011980785034288122,0.001548141572533579,-0.01159967704099063,0.0014229775584193582
2026-07-13 00:00:00+00:00,3.391428428267673e-05,3.1499306608839817e-05,-2.1766570146963815e-05,-2.176643705320558e-05,3.6574835005076523e-06,3.6104176768247953e-06,-0.003294358394309027,-0.0044374301662613025,0.006227985687018656,-0.006579322338458593,-0.008281009479449652,-0.008980874434121544,-0.008375715639976411,-0.008683784923760651,-0.0100316385686251,-0.010546968599508988,-0.010256706073597077,-0.010427052491576272,-0.0065684594399780805,-0.005520046450214977,0.004319405033574197,-0.0019262680108523833,-0.006616454101741942,-0.007433800882879149,0.005379455569512359,-0.0023612232712856285,-0.007086719500014715,-0.006760140710958651,0.006721805609386955,0.0011954512934579942,-0.0012007026795466391,-0.0036397162724205456,0.0004293670156867435,-0.0051500655626296465,-7.603309696480043e-05,0.0006263803734003481
2026-07-14 00:00:00+00:00,9.93998006177943e-05,9.232193525154919e-05,-3.4981255761623586e-05,-3.4981041860393525e-05,2.428232978757272e-05,2.6669467360296295e-05,0.007371101688611326,0.005245680056255475,0.006760499132969278,0.006432152408953007,0.006460613512395019,0.006686272535807447,0.007723301360325063,0.007662758680655468,0.00602651258926179,0.005176295382621099,0.007361119080095735,0.0065175178942742384,0.007504536624886926,0.007540443332506808,-0.010563876702702313,-0.0068250328348518075,0.003065501750732169,0.005152664494223691,-0.004400579530474569,-0.0017408156525627883,0.004847003960229079,0.0026220354222554754,-0.005681570948065651,-0.002694017421153161,0.0006230421309525447,0.0027785537708442387,-0.0012203384383756566,0.003294334695625345,-0.0043309582313895145,-0.005596652669292546
2026-07-15 00:00:00+00:00,0.00011855276188854624,0.00011011186943199469,8.725821892863195e-05,8.725768534967315e-05,8.966209785166157e-05,0.00010381036709561364,-0.013602030771575069,-0.00587886673006266,-0.0158977896733149,-0.014702462678053196,-0.013036895895359946,-0.005131309270269835,-0.009530878877731519,-0.010288460389490273,-0.011092284251970952,-0.013330231303643525,-0.016225491704474737,-0.01547529957585514,0.014339587143165744,-0.00027153185798289847,-0.01739684498859506,-0.015185181736608655,-0.012305891049611106,-0.015486297150418715,0.01204244781425512,0.00037749912818330067,-0.011815473673849053,-0.01282487452786596,0.011094672767904212,-0.0020580397309886145,-0.003565540913984533,-0.005031106105267025,0.0037959614714599965,-0.0057458370011479465,0.0027569843376642478,0.006038877861483938
2026-07-16 00:00:00+00:00,0.00013740984764587516,0.00012762741805505406,0.000155033772111679,0.0001550328241715082,0.00012928804720369058,0.00015040690717627037,-0.010302887044918885,-0.008401387632212098,-0.0023925703778681084,-0.008939656399301166,-0.005239157270549022,-0.005969321888519841,-0.0066029301062893175,-5.991798314974872e-05,-0.0032001517857543904,-0.0049808185935552585,-0.005792413283228992,-0.00645835459053723,-0.015443924260749364,-0.012113866864901457,0.012921638088410514,0.009952898527149534,-0.012414046749972485,-0.011018655712271896,0.010702741356218626,0.003788425807350837,-0.005120600842491441,-0.0037534934066680847,0.004856993672232912,-0.010057799243358923,0.009361270861260707,0.003245990928447906,-0.009995884049891268,-0.011660442105318913,-0.004387032222492593,2.1196158704439583e-05
2026-07-17 00:00:00+00:00,6.61497566651903e-05,6.144104931804506e-05,9.683701946161527e-05,9.683642745184073e-05,7.268967584850294e-05,-3.1171643242511315e-05,-0.0006452556118716757,0.0039841242712390645,0.0021529247173326382,-0.0019413604653938377,0.005721196119055971,0.004415855447343686,0.007483122623023419,0.009325441026487136,0.009393244982476956,0.008671160661846589,0.008913527829047085,0.008806976667607103,0.005828499466727255,0.007425123438181691,-0.0075759214211238435,0.0033539690018964397,0.007506118167037945,0.009491887720295411,-0.007813206401115935,-0.0012945297764526131,0.013572484651894312,0.009861529830547777,-0.013504615651805052,-0.0001868792339626557,0.0062031345258042325,0.012601944434885937,-0.006735576073773841,-0.006547928662937186,0.00016503579640581023,-0.0011564790198776986
2026-07-18 00:00:00+00:00,-4.820994918497412e-06,-4.477845364059263e-06,1.673572741545115e-05,1.673562511217419e-05,5.899584796242863e-06,5.450943165064004e-06,0.003888019548532906,-0.001804552853342134,0.0038910909208274003,0.00753720819567838,0.007167547016923903,0.004341732820364541,0.0024338720654064616,0.00028068060955988017,-0.0037160284324935233,-0.0020475069250085465,-0.0019742558381231623,-0.0021793593851077153,-0.0029134365370484527,0.008140178747928939,-0.00048663899608447636,0.003083701333575828,-0.0005681088373944432,0.0041953039161983785,-0.0005624496609742957,0.0033908747357505042,0.0023859175026341717,0.004558245083174928,-0.0036783750858252473,0.0031673560439848814,-0.0036484004904321354,-0.0035502318680745715,0.002522850237828278,0.0048998354907614505,0.00486777092448909,-0.0005732964134792518
2026-07-19 00:00:00+00:00,0.00010524454792082416,9.775340095785623e-05,2.987817623023581e-05,2.987799359188692e-05,5.720596064207051e-05,6.265406347805147e-05,-0.011528260881723651,-0.007643341211116983,-0.003673652338007982,-0.005013691372501294,-0.005090311295386063,-0.0034512648086177933,-0.004647749571832005,-0.00450097546681949,-0.0026443933296980138,-0.0038666664076489887,-0.003848481700963524,-0.003751035063370489,-0.004829825093776052,-0.0026275669637058074,0.0024985064776028576,0.00036241222290112063,0.0015674183261213948,-0.006733498320577014,-0.0037032302809558715,-0.002675475517811665,-0.008174574108759103,-0.005179478985999686,0.0070255529689986496,0.001533247342182742,-0.005535678082321804,-0.005354210089825506,0.004470893328364367,0.003982666699833715,0.005977842354508045,-0.0032739569762163523
2026-07-20 00:00:00+00:00,9.406966993918964e-05,8.737458827323685e-05,4.6311995730796696e-05,4.6311712645019654e-05,6.036005894571872e-05,6.501400034886196e-05,-0.00920420650342979,-0.005440702121817131,-0.0062303281009707945,-0.0031064833018505933,0.0005968883604150488,-0.0010398382428286057,-0.004695716424548135,-0.0006709471120355248,-0.0008320850824006243,-0.002895778082211309,-0.0028517489237844806,-0.0030510898952508247,-0.009371981365122628,-0.009173300465313394,0.006974620542957277,0.00370842128084492,-0.0016951838495603555,-0.00651907444298816,0.00029082339987085426,-0.0012934527642365357,-0.00913320945984708,-0.004375202188947713,0.008544828848740194,0.0021008555707047183,-0.007331267663504448,-0.005023570321322723,0.007058349596584579,0.001610302254960727,0.002522837345251494,0.0008725308620438632
2026-07-21 00:00:00+00:00,0.00011912469761221622,0.0001106471521929997,0.00018344532382363887,0.0001834442025496763,0.0001351672536489268,0.00013968780327422436,0.0035312493751424867,0.003385489395866914,0.006248364158883968,0.002049217836505246,0.006816866220331397,0.007344286174216785,0.00431233164579381,0.005571187466584249,0.0043566883921841715,0.002518915955067147,0.0022265849894020917,0.0026103866764553008,0.0038522663739115615,0.002037717206993861,-0.004844016023639597,0.0018517804355953071,0.005632273826052581,0.004765940164650706,-0.0067889401682321715,-0.0004985033260753724,0.0031798155074234113,0.0017802091720617863,-0.003428965167181497,0.00025674479004100803,-0.0020264585052924833,0.0041695203442799755,0.0011377858156986775,0.0038854928973757197,-0.006930369010508142,-0.0022197480126560087
2026-07-22 00:00:00+00:00,0.00010719084640675725,9.95634210998464e-05,-8.246921066790147e-05,-8.246870668326967e-05,5.134305560705599e-06,1.192481685863278e-05,-0.0004138877192829682,-3.5876005306745284e-05,0.005821641190391524,0.005625211105006134,0.005572462488057761,0.004619875092954251,0.011883077482673032,0.013876329795147413,0.004446613621100104,0.008251346906403834,0.005320151154200259,0.0055491860847893815,-0.0030655726691720675,0.004897478111237641,-9.434683881681671e-05,0.005354951955513609,0.0022021835090471065,-0.0014760591957593272,-0.004187112340353849,-0.0033224284859030284,0.015811427895326746,0.008835354296507614,-0.015866699965176756,-0.008017793024779007,0.010879142396419628,0.012942864117154063,-0.011062120532517872,-0.0036000132344016222,-0.004664319402685746,-0.0054927154015359525
2026-07-23 00:00:00+00:00,-8.992964962817318e-05,2.2994613035232092e-05,-1.3778522734209098e-05,-1.3772301452941171e-05,5.167198251809779e-05,5.2059743743448905e-05,-0.005913726414982334,0.0041369009856326855,0.003909043537422496,-0.0026263379944028165,-0.00042273712094376137,-0.0033308653791584986,0.0014932853471265606,0.0017773423709850356,-0.00012243197773686987,0.0010934959859334459,-0.0014352667148292975,-0.0016618793925503583,-0.002219048605653584,-0.005886648891528123,-0.0005942779926001451,0.003262113367114683,-0.005925843897875871,-0.0063286045009695036,0.004349890741241591,0.0010922792917318347,-0.0006486747173214402,-0.0017537563390783717,-0.0013963578961599943,-0.0001653954223408416,-0.007354000148915518,-0.002341060630741687,0.00662119988624843,-0.001166119604111282,0.00024356315982321242,0.007349424198218157
2026-07-24 00:00:00+00:00,5.624562643991027e-05,5.818618595188063e-05,-3.517227654448174e-05,-3.517227631932851e-05,7.452686423770061e-06,1.1317247805564534e-05,-0.003488494638879902,-0.0030953594329170553,0.0018427825938165387,-0.009682508019853042,-0.009672013094781051,-0.00787305477021949,-0.008683087783660226,-0.008480649845384214,-0.006158232191184498,-0.011534826161356149,-0.011432695466963239,-0.010789420958751572,-0.0011742731499527759,-0.006150087105375568,-0.001972549975006843,-0.007576942151530264,0.004736617899535167,-0.002856571179702061,-0.006347065121697915,-0.010679504796161421,-0.0012236985365936537,-0.005953118480244601,-0.0004069462501244958,-0.008108890570803662,-0.011794531723605228,-0.012179851183731882,0.010987115853971163,0.0011921585335465945,0.011198038791809362,0.0017977224213909793
2026-07-25 00:00:00+00:00,3.866538491226201e-05,3.9999321782335784e-05,1.7091052147977237e-05,1.7091052038509247e-05,2.6515817448613532e-05,2.8672194567480602e-05,0.0002017817836648117,-5.721860740692808e-05,-0.0032965882330781016,0.003111967324110454,0.0017427262340656835,-0.00011549675176858454,0.0025243719326788483,0.00306627464414877,0.0027946573361690152,0.0007613534009602851,0.0006828353475916149,-0.0012123048072002485,0.0013122433121806054,0.001553740064390574,-0.003286424992479109,-0.007241891525027189,3.6440827141159815e-05,0.0025400115310898475,-0.0011089768358419905,0.0008607564252076649,0.003514250177123479,0.001833680917292746,-0.003962405704295069,-0.002355689936049621,0.0027495752423101205,0.0026668587932965337,-0.0030974622293015175,0.0002145029470401738,-0.00024504600625796513,-0.008246115520554653
2026-07-26 00:00:00+00:00,0.00014967012401978508,0.00015483346357081373,4.152677222046819e-05,4.152677195490284e-05,8.987399115523154e-05,9.851965054141765e-05,0.014094491580771473,0.015304428056575503,0.011385536222849213,0.012375995923725958,0.010139095497337047,0.00974603673325114,0.012921137529863902,0.01198493343831597,0.01291542371165555,0.011638000340008281,0.012590673681133424,0.013442572073358416,-0.007812354075277694,0.011396618252311974,0.005181358940587799,0.0019397523095805447,0.0030877927319412635,0.012860991446625114,-0.00524635548803376,0.0019789959659113343,0.010606428106613386,0.009841255277026839,-0.01181124532783262,0.006033312155029558,0.015160066389989124,0.012735414238610687,-0.015259197931977275,0.0007398251583166093,-0.008671631578049288,-0.00979148370449856
2026-07-27 00:00:00+00:00,-4.792622038896077e-06,-4.957932945970356e-06,6.365707435151968e-05,6.365707394428988e-05,3.080434666036247e-05,2.9739321470989566e-05,-6.239418473108493e-06,0.002224129557514054,-0.01945352868563588,-0.01435023861013729,-0.015844516487369398,-0.020112744258332205,-0.0128500023268463,-0.009930806711385687,-0.013516188143691044,-0.008074347607250787,-0.013118112441645069,-0.012288670622612519,0.014204012726050985,0.00391088757211655,-0.015453239423852128,-0.019771571452786962,0.0029813592601128924,-0.004834632887200319,-0.004608879005786326,-0.018653864859621838,-0.012708064023069343,-0.016271038338765864,0.012110439870395728,-0.007976620646887977,-0.01743849251500096,-0.01684058923062559,0.017163251781540545,0.002056606010640616,-0.0024728817231647326,0.003290282227095487
2026-07-28 00:00:00+00:00,0.00015382248678097454,0.00015912827988295852,0.00010279033950943983,0.00010279033885240985,0.0001235252413447352,0.00013168117830342219,-0.0012349848258904617,-0.00042528154184029443,-0.01262684932815572,-0.00669247509973625,-0.007686544392646377,-0.005805998034846049,-0.0073002990278816515,-0.008481632525887628,-0.004505966717600285,-0.006644392127862275,-0.006853425899725485,-0.008956056381224986,-0.011856844222031704,-0.007270026642800298,0.008537307951975937,-0.000726421523802756,-0.0025777071967638676,-0.0032040116668163865,0.0011457623600614752,-0.0006477438207638242,-0.004586961473906026,-0.001456479099981034,0.00406669089489653,-0.002001046090591818,-0.010298721540219602,-0.006192248371441389,0.010149228669261268,-0.0004584059381450567,0.003991492289207477,-0.004067664646010272
2026-07-29 00:00:00+00:00,-9.765390411453634e-05,-0.00010102174054338331,2.2015800678065744e-05,2.2015800537733554e-05,-3.318722037237709e-05,-3.942331736661586e-05,0.0004797952449151488,-0.008600772549154145,-0.0078063391422251716,-0.009479997319626454,-0.006015931559620213,-0.005658333065570398,0.0010459124283386245,0.003716811170968448,0.0037857724462040387,0.008054641680181218,0.0016016924600981142,0.00253862093151902,0.0010267691446179672,0.004122091660450078,-0.0035521409143119964,-0.004854575059700217,-0.002190733726366356,-0.003052578008816531,0.0010282284553280174,0.001815753827274058,-0.008975751462966586,-0.011422768772662795,0.008036078184503026,0.011571892475505274,0.0015596356402385325,-0.00047097484208569185,-0.001666006822845123,0.0012645521637872914,-0.011078483577909526,-0.011771957333879812
2026-07-30 00:00:00+00:00,0.00021158960261646875,0.00021888753067567102,5.060703714887538e-05,5.06070368249123e-05,0.0001228567686648585,0.00013517597256473834,-0.0009010688086888985,-0.0013544720446552194,0.005940445628411117,0.003739244663738095,0.0025181616282965447,0.0001584978481601329,-0.003656861682350132,-0.0028002744918909084,-0.006022371578227603,-0.003034658438567872,-0.0034789979936284965,-0.0037952087089920816,0.006357435413651524,0.0017226559144880582,-0.008932393453134013,-0.0019255693509001581,0.0008983570497040905,0.002736438751130388,-0.002078532198294236,-0.0016685883941893742,0.0011651645052261905,0.0022699873515130697,-0.0014193769465002948,0.0015886924240890998,-0.00031711216347385385,0.0005606396496689037,-0.00027025901345667513,0.005457806159026912,-0.0015442279916338952,0.006653996578567245
2026-07-31 00:00:00+00:00,0.00016213343957138804,0.00016772435341572134,5.3271535632948286e-05,5.327153529277595e-05,0.00010165751442836601,0.00011092103511201046,0.005564238443333869,0.003831741694549029,-0.006436873024480039,-0.0040060899932461425,-0.004496329289140455,-0.010617304948259076,-0.005309616859272004,-0.006069855619063702,-0.010920060712914847,-0.004560412539528769,-0.007493177697923126,-0.011056591592389031,-0.006055528208634753,-8.572536511686213e-05,0.003057504401073885,0.00980698783153544,-0.013096562841905302,-0.012065486000729098,0.011081254082012437,0.01135704899850487,-0.01493827103521339,-0.01130751476641223,0.014665887829434787,0.01528864774727512,-0.002364754876449715,-0.005079762275733701,0.002026325059241385,0.01175373243486244,0.010598397060098463,0.005093316864277719
2026-08-01 00:00:00+00:00,7.578076557912539e-05,7.839350655558519e-05,5.23028414622928e-06,5.23028411292259e-06,3.7322298483966065e-05,4.189062094517304e-05,-0.00030870868795007667,-0.0022188860527334597,-0.003971211964606147,0.0024276311223927483,0.0026838233476647044,0.0037501367885854897,0.007866970719978772,0.007018953455457666,0.00794017265814273,0.007500821373471744,0.0074413974162985674,0.006948037404953533,0.0011528205389823576,0.004286937094269305,-0.003541288344764415,0.0059915358420024045,-0.002840715046211306,0.0050583904775287625,0.001274084811627274,0.00908444594545621,0.0048762205611923015,0.009343735117246288,-0.005528760739758942,0.0024423027133990693,0.00867496751707253,0.006215694314188003,-0.009014645059538529,-0.0005601783634939794,0.000502061336118631,-0.0005594358205660566
2026-08-02 00:00:00+00:00,7.830166226607815e-05,8.100110616027223e-05,1.6054981883950603e-05,1.605498178114395e-05,4.408486913298759e-05,4.867583710610468e-05,0.0018508394583220955,-0.005809317682949899,0.0003249893678611837,0.00018657007470257447,-0.005377897916244323,0.007018237834813812,0.016262352752997256,0.01373813966603854,0.013504711120750024,0.012762012882490126,0.012529269697157952,0.012662535431256616,-0.0005374505484292413,-0.0015197621438586273,-0.002614235649825325,0.001501874741466347,-0.0022034823460147512,-0.00025340034281617907,0.0011968565463347236,-0.0065702035070961395,0.014947228146694469,0.007624550843996047,-0.015002196853892147,-0.018608528766841936,0.008091002445907103,0.0034198256857402853,-0.008656932810216289,-0.017541729178012222,-0.002523054550778836,-0.006329058034621249
2026-08-03 00:00:00+00:00,4.164118507210546e-05,4.307664550906587e-05,0.00013407761749673064,0.00013407761663963846,8.850414263927853e-05,8.942117722288145e-05,-0.011518622315085936,-0.010547639282337484,-0.006923159557969849,-0.009268443158301776,-0.005498007476761102,-0.0022105095464264313,-0.001185780530677194,0.0008480860247879196,0.004438345882729733,-0.002524627468619034,0.000395660185561475,0.005378970000308625,-0.006454984559495558,-0.004512745108965821,0.0038118661285657662,0.0014819639920622407,-0.0035775728914505533,-0.006940934973036494,0.003329578832376612,0.0010731741978633469,-0.00275830573603586,-0.004588567271323174,0.0013372724307743056,-0.0017887388755766231,-0.004586219764070254,-0.006472011016247503,0.004706621482438056,-0.0009109832130990148,-0.008694499025308056,0.0024093409781134056
2026-08-04 00:00:00+00:00,7.802424396952112e-05,8.07137901663868e-05,-2.768114884499351e-05,-2.7681148668023958e-05,2.129118693594556e-05,2.6396002972939314e-05,-0.008236800576310044,0.0015117267816395774,0.0027157451264974153,-0.004246982408002586,0.0004321697706179961,-0.002117832868767877,0.007464987826927949,0.008398669321266095,0.006792015491045245,0.015218758190523651,0.014501832580372076,0.012897642213913763,-0.00847433991971347,-0.00427931975772311,0.0057159972860441055,0.003954167388771301,-0.012142100429974656,-0.013423252234265437,0.0099601336953552,0.00420932281838704,0.0024722666999670295,0.0025638506746801237,-0.00364027512583065,-0.005818815915940467,0.008606658283076163,0.004789584398575686,-0.008241290938404089,-0.01346002848879524,-0.006915006786488154,-0.007316322829758359
2026-08-05 00:00:00+00:00,0.0001351599391423708,0.00013981861371781257,0.00010853467595040023,0.00010853467525651084,0.00011798354314551673,0.0001249260343589853,-0.007316920444946029,-0.006833451947582225,-0.003940355562546571,-0.008661904528120878,-0.0075132503078545465,-0.005952556121455288,-0.00854987799488538,-0.005851363997979586,-0.003060668799834021,-0.0011046821627120895,-0.0008562384406681778,-0.0005287051894109496,-0.006429442449000233,-0.012509443156350941,0.003897988176295275,0.0014847028170128507,-0.016137983434771797,-0.011840900304526114,0.014655510531716098,-0.0023781475728894552,0.0011916917804772886,-0.008316406179970315,-0.0024798004050008426,-0.007614068467164725,0.0016680768609915742,-0.003084985392364459,-0.0021093617413427967,-0.009428908880190545,0.009000848395889216,0.010163682707521993
2026-08-06 00:00:00+00:00,5.192533150610856e-05,5.371483663152432e-05,5.055312180868299e-05,5.055312148583013e-05,4.991650989216723e-05,5.2475778008709284e-05,0.0022934147935183002,0.004516077837912746,-0.0004887260261132731,0.006298754233986736,0.006866289247393187,-0.004387803553764447,-0.001003344504547199,-0.0007766106459373701,-0.00764935753745799,-0.012129630762526378,-0.011663953102749036,-0.01155948030453069,0.0016503042043427563,0.00738841549384861,-0.003707877532854953,-0.007172637017104022,0.006329192727901001,0.007413484789801306,-0.007020296155012429,-0.009940089140288544,0.00260240283344082,0.00712296015328695,-0.0038350324284912585,-0.006640301447384256,-0.0011477622483282435,-0.00198951787735846,0.001073995989538279,0.002071715105197658,0.0007406249407309051,0.010055024815818214
2026-08-07 00:00:00+00:00,-1.1051740401724075e-05,-1.1432596589866506e-05,1.4684653346197507e-05,1.4684653252494684e-05,2.561808139622812e-06,1.7079548098042352e-06,-0.00814882838705977,-0.00260679712569456,-0.00627663587260785,0.0007982583880394856,0.0012265106400950465,-0.0025695064071710183,-0.001670300831726368,-0.001620157429771063,-0.003256636260689727,0.0022121233251874983,0.0014213298384830875,0.0010659627145754857,0.002337905186379441,-0.0017445584957521687,-0.003934628728689105,-0.001082491099885452,0.0015663711706246364,-0.0018518841830765798,-0.002884388985562092,-0.005182142436845449,-0.004312669939559921,0.0010021720676312018,0.002533373438865061,0.009758301307152939,-0.010917022546512167,-0.004840396305451522,0.010648654253287315,0.00924195625374491,-0.00348686223233019,-0.0024458794482868917
2026-08-08 00:00:00+00:00,0.0001846485454433111,0.00019101182784120319,7.656611975459526e-05,7.656611926520895e-05,0.0001240219170823842,0.00013437626368917321,0.004292525948849546,0.002539966920969805,0.0012952221533932828,0.0027029921863652717,0.0015222883036352108,0.0012953119724750106,0.0018242081766179918,0.003101860747540819,0.0030446880299632717,-0.0034931451490332055,-0.0022469478233645424,-0.00089254791554505,-0.006282089270583158,-0.004287107807118717,0.004358637590090808,0.0032844454255165356,-0.0031209099288044273,-0.0029833326745891675,0.001279680001203376,0.001251141264944522,-0.005573712258720165,-0.0007716162234313595,0.004882844350324378,0.008837783512275266,-0.0016940200375864523,0.0015826768693276705,0.001270597204833912,-0.0012190039963422272,-0.0004237064531771306,0.003093959041688743
2026-08-09 00:00:00+00:00,4.84443023374137e-05,5.011345117722499e-05,-2.5381733901985726e-05,-2.5381733739782142e-05,8.97632626539746e-06,1.224540331423718e-05,0.0038248520619839077,0.0016471390931980245,0.0030101195929030933,0.001237670825259496,0.0030305684240539144,0.00391545742249777,0.003994761093329524,0.00397420790301517,0.0024854321751237585,0.003889080718677773,0.003864719310105791,0.001209905263623856,0.003119935951845232,0.009155390597106239,-0.005023394798024272,-0.0016552833901174457,0.007339669360053813,0.007360600872941658,-0.00767008684876791,-0.004340286926220571,0.009615005116489161,0.008902560177230567,-0.010504142785579762,-0.007480316836175671,0.004110354289746043,0.00432804721885538,-0.004848474198462349,-0.0005766684406187661,-0.004139465637309936,1.6379441439839937e-05
2026-08-10 00:00:00+00:00,0.0001017325167944616,0.00010523753585744977,0.00016646126614627832,0.00016646126508224057,0.00013273253463674806,0.0001369261806507538,-0.0037940173300873292,-0.00500950357740626,-0.00627639408303593,-0.0014696311644748494,-0.0011646959538963442,-0.0032419195664588063,0.0011576163071138623,0.001499902654890528,0.0012846163232056451,-0.0022500164849764692,-0.003035541653657159,-0.0042247265852896065,-0.0004881335564819178,-0.0009168931392561364,-0.0025310994310659973,-0.0019180796489244312,-0.0004793008190568937,-0.001813115578597646,-0.0010130727589791055,-0.0018838557556618563,-0.0004725051601200958,-0.0017048736375215867,0.0002984577869844518,-0.0022919077195650006,-0.0011445825406788401,0.0006187780100492812,0.0008692187474381718,-0.0014358137927501513,0.004487421069474085,0.0037965846231609035
2026-08-11 00:00:00+00:00,5.093330617156333e-05,5.2687941065165944e-05,-3.000706903832917e-05,-3.000706884637161e-05,7.716612933306166e-06,1.1193963778355354e-05,-0.001053354756964331,0.00031682890408091247,-0.0007291640667224097,-0.0009819689754313465,0.0006797480793008237,-0.0010544726181541675,-0.0041553540234490205,-0.005412834271820377,-0.0050991506273525555,-0.0011556133735043383,-0.00047058474208583334,-0.00091503535340276,0.005383551677463405,0.0031756508899094538,-0.007981217873409219,-0.0035320065291972735,0.002723910418464426,0.002553277653606356,-0.004256976029377024,-0.004268554506347,0.004810695691190192,0.005151211409236689,-0.005235845651561544,-0.0016065860240837004,0.0013702605520766742,0.000640567795925584,-0.0020427724519587187,0.0013739106028642922,-0.005644712104272531,0.0008249759511269605
2026-08-12 00:00:00+00:00,7.703796355884585e-05,7.969175510580406e-05,8.679064346983623e-05,8.67906429151688e-05,8.01670359067419e-05,8.381944114432827e-05,0.0022613466867071885,0.00023586858097446317,-0.0001487282437443449,-0.006060922037448457,-0.005790129305236036,0.004908390443355115,0.00369213008755076,0.003033066487950542,0.0018499093230750496,0.005710257110107753,0.005193292321652221,0.0009691281246853034,-0.007663509906623234,-0.007041664273389592,0.004311199965321588,0.012679145872849684,-0.016113620377376514,-0.00657027854236103,0.013156928805577062,0.013654453513912701,-0.0016573658889990073,-0.0025845240702023764,0.00010986129375534226,0.0017420077025018799,0.0043470123665820815,0.006912484196028412,-0.005298248330220412,-0.006336036511944809,-0.007222728967935965,0.0022551881147743202
2026-08-13 00:00:00+00:00,8.322466470667145e-05,8.60913463027746e-05,0.00014532787701360128,0.0001453278760847887,0.00011332714645351238,0.00011664534238953195,0.007326905798999084,0.008075101441374022,0.005953886810626363,0.014214480227279447,0.008014201554366052,0.005986698338783514,0.010877985124572387,0.006258808367842983,0.0058859351896716205,0.011719521548292366,0.006548050266461436,0.005523084048218552,0.005865999477266293,0.0027392839341606745,-0.008019504411004408,-0.0008599757564834443,0.005192618648440561,-0.00031762134850388257,-0.005808371845701599,-0.0014129261022362005,0.0002200113063173248,0.005780227509589286,-0.002037252681705626,0.0009313953472640524,-0.0005137028057680126,0.0010640946358584369,-0.0001915014980879981,-4.546171375774399e-05,0.0005866812684902634,0.006132484646326208
2026-08-14 00:00:00+00:00,0.00017810842463372722,0.00018424285836204923,2.4114694965104988e-05,2.4114694810783988e-05,9.385819590934652e-05,0.00010444808079768109,-0.00043241816249717235,-0.008064562214502247,-0.003378027505182124,-0.0029564123416263577,-0.005550563438721956,-0.0038546905807670395,-3.967419834338681e-05,-0.0037426812049028424,-0.0034387098178031428,-0.0034213636955672255,-0.0049323034517648745,-0.0032761845968333203,0.0011164996736510169,-0.005507122593053748,-0.004017221325398057,-0.00663176086598305,-0.002770782995549448,-0.0095992191419082,0.0012794144461478751,9.523054941329434e-05,0.0021448297094130986,-0.0074262797743317455,-0.0032553268011965564,-0.00036785404170214253,-1.0925671892203503e-05,-0.005180479114402892,-0.000781928096363238,-0.008862671563899527,-0.0062358339375271354,-0.0010266988300219326
2026-08-15 00:00:00+00:00,2.2132644247108146e-05,2.28947992622075e-05,3.5231073902686205e-05,3.523107367775502e-05,2.836713320930606e-05,2.9290811965454466e-05,-0.0126737602099799,-0.002242311114836415,-0.0024292499563906,-0.008854520373193675,-0.001862098046119809,0.0021883085611369424,0.0025415010419529427,0.0027730286464406895,0.0014002432250090902,-0.0057196847413818475,-0.005060538206707377,0.0009188867300675696,-0.01486676581882751,-0.013664714095384833,0.012933810159318382,0.008222622116677902,-0.011083853869216176,-0.00953734765428682,0.010287512341111693,0.007963516532839554,-0.011847962128482936,-0.011349504954182299,0.010257184410848774,0.005386906652630419,-0.010954126245793838,-0.002146163163142756,0.010156286464952036,-0.0014537389646807064,-0.011870166518748282,0.0017760364829249031
2026-08-16 00:00:00+00:00,8.631293279193208e-05,8.928511848305121e-05,7.111768605727598e-05,7.111768560319476e-05,7.628335417364518e-05,8.06919062112943e-05,-0.001754465353346002,-0.005567141372880058,-0.008271843941710544,-0.0019158549654397783,-0.007618784307197979,-0.011607504602058172,-0.0028289946308226455,-0.00724825484908409,-0.00916225650491842,-0.005115635554265641,-0.005056878613968752,-0.005946961862747235,-0.0012766920447849772,-0.002535109798865176,3.2031407224186736e-05,-0.0081814828857536,-0.0016615098107907178,-0.0021145582495112336,0.0007591141160165904,-0.006041444203547575,-0.00046415016395551234,-0.00631879155541426,-0.0003385613440411994,-0.0006496967362323858,0.002365951672711919,-0.004786542530042848,-0.0030269100587642095,-0.0044303288387339546,0.0007603568417555717,-0.005079107011218054
2026-08-17 00:00:00+00:00,-1.0446058879454156e-05,-1.0805736784802455e-05,1.351476247868355e-05,1.35147623923082e-05,2.2307447007374748e-06,1.4279795315097488e-06,-0.001983217023356798,5.870675371633105e-05,-0.00023189733188633266,0.0001365970792035487,-0.0009491013460167785,0.0001244111263685177,0.0007122669344741261,0.0006258639563461177,0.00032615312878836455,0.0009034478478919805,0.0009590053021089062,0.0022942223417348195,-0.0024415057566327114,-0.0021219208883440643,-0.0009587683828337079,0.0004967513753688646,0.002090340709741456,0.0014726492149561565,-0.003228282110115943,-0.0036013159530090544,0.0022464209259385193,0.0014865154226566535,-0.002554751291276247,-0.002810147818254949,0.0005679350804199679,-1.3810115892187724e-05,-0.001647471015004176,-0.002242264153242912,5.0852636718001776e-05,-0.0010012740310323398
2026-08-18 00:00:00+00:00,0.00013314160980826273,0.0001377259811368159,0.00011079810341096952,0.00011079810270331336,0.00011823856693027324,0.00012502514193624137,-0.010420543188529363,-0.009625542022028699,-0.004773127621930939,-0.0057623747485758825,-0.0040936710442076585,-0.006321260386337624,-0.0042814314267924924,-0.004576126391674373,-0.003034217498718239,-0.0019495491738794613,-0.0025504953737642833,-0.00317651727325452,-0.0021752357785617127,-0.005616688492310673,-0.000673487966508679,-0.0006641333695454055,-0.0093604746172391,-0.00841744140826739,0.007617268075374106,0.004360502585128767,-0.0039828933806803635,-0.006269089952169349,0.0028042301489903387,-0.0012039788735753731,-0.002277170843733911,-0.0018753332266275846,0.001383017799275743,-0.004833223331663805,-0.005097517918179695,-0.0017803326311804923
2026-08-19 00:00:00+00:00,7.447690225137471e-05,7.704095986316162e-05,1.6980858298598633e-05,1.698085819001882e-05,4.282396431110058e-05,4.7167668132841456e-05,-0.00483585689278021,-0.005601906192650552,-0.008227634329754041,0.001890095171407813,-0.0022384626230136373,-0.0027854327402009327,-0.008941669534517804,-0.008726213074178646,-0.010002530551578293,-0.0033056580346428888,-0.004281529679011409,-0.0037047784271793116,-0.0069485858335903705,-0.000750431399097029,0.003849513920140657,-0.0028243810313804962,-0.0050882903102563715,-0.0061292653395047525,0.0036054552662951878,0.00516935897895654,-0.0037275087807354668,-0.0008437855554378482,0.0028338076721345917,-0.0025278342091128447,-0.0025902665414780923,-0.0037267715677253843,0.0025088787925826583,0.003829703457909117,-0.0028325744271009423,0.0028488394575290066
2026-08-20 00:00:00+00:00,7.007101063027932e-05,7.248319833075278e-05,9.379736783721171e-05,9.379736723791332e-05,8.061552120652848e-05,8.375462811516243e-05,-0.002398057335243453,0.0035632661309430436,-0.010879368076277318,0.002098188830775616,0.004318317736669242,-0.013580530002046287,-0.012984525496041122,-0.01611267973617969,-0.012434689980342473,0.0031271673563944002,0.006957961098126297,0.0025992601018816064,-0.018407710543698164,-0.009337957209780479,0.015955974678132367,0.00232815339562209,-0.020971277065466865,-0.015775987831363247,0.019618543058639526,0.011316757054221638,-0.017116513562036917,-0.013295276024408498,0.016948299482677953,0.028138466518315308,0.008170921816013532,0.00837806372735117,-0.009932787098530516,-0.0011895679950675309,0.0016347950859685323,0.0036256708435127294
2026-08-21 00:00:00+00:00,0.00015703839870417902,0.00016244403843090893,-1.0838250719791276e-05,-1.0838243472477416e-05,4.572333220798086e-05,0.00016962830225164538,0.00020135639750029632,0.016760383495860287,0.03059820868960217,0.01960617156334421,0.0347434509054132,0.025414586215829926,0.028693674759465937,0.028299669028372776,0.028908189288579633,0.027002671069488837,0.03444139612067909,0.02436683499828507,-0.015041688006913856,0.004875226864770932,0.012968711551793577,0.023715613477105935,0.006124924349145688,0.026505823769733983,-0.006325806347102447,0.018060964723741968,0.0018340611999578815,0.020977660741282378,-0.0016642019661770036,0.020667998113093944,0.021290904627092377,0.02444053805846358,-0.021938939659679746,0.004328985661971929,0.010305585771226644,-0.0062809684812885624
2026-08-22 00:00:00+00:00,4.0032251239274785e-05,3.3019069880513285e-06,9.01858039985548e-05,9.018580399788867e-05,0.00011590975332476106,2.4753938325794422e-05,-0.02118163240511295,-0.0034787213913699544,-0.004982831885091743,-0.019361445300385194,-0.004665172170812859,-0.01168418479518274,0.019437102169086895,0.03369324903955606,0.03250047832565439,0.02700650484585454,0.037914891872172785,0.027358398733993816,-0.005941658368414093,-0.01665279593122504,0.004598120561281505,-0.012707810393595032,0.018924560286725622,0.02373073338059184,-0.02050866220422154,-0.04668838440366696,0.031195937512554117,0.016209597394179376,-0.0295612601046914,-0.026537498312486196,0.038344884202548224,0.009783743590293215,-0.03688539218587261,-0.02953798542695052,0.017933275079489608,0.029769623144519253
2026-08-23 00:00:00+00:00,-0.00010414375303080536,-0.00010414751115495058,0.00021499722180218228,0.00021499722180906566,0.00012276822553536348,2.2688250461255777e-05,-0.01650054168710613,-0.010734859948424269,0.014594285087343284,0.005893674312591024,0.003815842928869051,-0.014173795931144761,-0.014823458139406887,-0.014245004160015395,-0.0196221706039178,-0.016990108961622674,-0.016881189440766886,-0.018200408476651275,-0.013827514321280154,-0.02313570286207378,0.01121120403027387,0.007849406715643603,-0.009340472170591196,-0.012958048965428959,0.007090389675567632,0.004406585727001255,-0.0050045308652437726,-0.018901664782211114,0.003278895757189426,0.003357571883587873,-0.00984990923704876,-0.014937434485399526,0.008571402376796433,-0.0011565819854318926,-0.0033552833288122974,-0.0009214269411738085
2026-08-24 00:00:00+00:00,0.0003232254264853296,0.00032323709158976754,7.310618749234443e-05,7.310618749212239e-05,0.00020372080191810582,0.00019220195168578869,0.007761972978812981,0.004722347573788088,0.010679246153043165,0.011499319213602588,0.009326827353049572,-0.0012794336043410182,0.003938808034288366,0.005683854256991028,0.013630272565698043,0.009593103214441623,0.008406380729364171,0.01470047366655991,-0.0219778211074374,-0.02127735843085976,0.01961415341951578,0.02106260554328032,-0.014060512169577266,-0.012194133562125065,0.012538014898151983,0.01718851189697057,-0.017911557965009206,-0.015187872444057615,0.01655265158540531,0.017561042716110586,0.004347912092119044,0.0009215989368456246,-0.0018357930977455084,0.009932925522794012,-0.007891498564739363,0.012920331351357728
2026-08-25 00:00:00+00:00,0.00030578890018695404,0.0003057999324469485,0.0002328334922292452,0.0002328334922292452,0.00028396638630900917,0.0002700307942828939,-0.016454159467234497,-0.014749303122389534,-0.017751101237473477,-0.0014437310732224873,0.001957814550874959,-0.00017994663991427462,-0.015920976817066945,-0.012687310835486354,-0.009911579274618498,-0.01870126623468038,-0.01804602849132031,-0.019282658237383954,0.016065808286106487,0.00426237257743356,-0.017879760625714947,-0.01896297909634681,0.010319728092104574,0.005662012247236836,-0.012165827210586011,-0.017257850563143107,0.011479462670958007,0.003784314584347248,-0.011192369933436308,-0.008167550880146979,-0.006356860130500519,-0.007465588003523926,0.0054060240957485295,-0.0015992227997393416,0.014731214036961537,0.010581455959633335
2026-08-26 00:00:00+00:00,0.00010680613857205756,0.00010680999074907938,1.530560273654835e-05,1.5305602736104262e-05,6.238923946932928e-05,5.874848155151824e-05,-0.006103400819829963,-0.003988475373730815,-0.011875486322450168,-3.7830063492005905e-05,-0.007325538955685662,0.0006090494105706057,-0.017266146327764353,-0.013523463834381078,-0.009453792210360468,0.0002087895019116104,-0.0029505034317812706,-0.0018299956757712454,-0.00837148459210213,-0.004793850714553072,0.00422709419849876,0.004510399622160488,-0.01164742074444558,-0.007139222428830694,0.008691083139690914,0.008584257120801464,-0.008720331018010175,-0.0051004409825564645,0.010249826122482597,0.008287071722483663,-0.001890092728450976,-0.003274285980271907,0.00233743256570218,0.004946274768615089,-0.007324691207417189,-0.008527423223227193
2026-08-27 00:00:00+00:00,9.866503180289143e-05,9.866858997442662e-05,0.00017219562236725494,0.00017219562236747699,0.0001457197425003276,0.00013942336197270144,-0.0006579027044993913,0.00019940040523991343,-0.0018091867988305754,-0.0010514435477266826,-0.00039129820865591025,0.0018524332064584481,0.0014914026267005553,0.003113149827696615,-0.007305024914923242,-0.010925267448869125,-0.010199497184022022,-0.010479250517751226,0.0013321714242655602,0.0017471180033366007,-0.0038726087760893035,0.00011500397312413924,0.00030691380373659705,-0.0004697962445103787,-0.0013832465646305137,-0.0001739499500594821,0.002817150159804882,0.003373332770833848,-0.003918838785541112,-0.0006210370453121339,-0.0003537350485558477,-0.0011816744766217635,-0.0003796755715694822,0.0027209383955186794,0.0066650619663615185,0.01036526632454371
2026-08-28 00:00:00+00:00,0.00016676856861930212,0.00016677458222513764,6.035314899177635e-05,6.035314899133226e-05,0.00011773151344662836,0.00011137129903149301,-0.01021539889741152,-0.010238318494342868,-0.011276237380779208,-0.01033619035979394,-0.010127288938873935,-0.01198086030597123,-0.01186363237483723,-0.011883497883241834,-0.010360415869052453,-0.006931004865737722,-0.00743243959381823,-0.00765994313485252,-0.008573797365066804,-0.014521193821032674,0.005852600303012601,8.156062594300018e-05,-0.009154151863455806,-0.007976529242526786,0.008025242128373522,-0.0003719510202213616,-4.558768770734911e-05,-0.005203817537574595,0.00010034219666810174,-0.005249396658638439,0.000649485525392679,0.0010422474946747418,0.0008532330045232239,-0.005301756836558091,0.0039312842706809015,-0.001491151843515226
2026-08-29 00:00:00+00:00,0.00013327476735880417,0.00013327957239051003,-2.685759393050713e-05,-2.6857593930285084e-05,5.224241223444892e-05,4.855294482153383e-05,-0.0011361223303338885,-0.00449955114879419,-0.0007157841512506202,-0.003900813370276368,-0.004268002502095469,-0.0007396478353229874,-0.005287963712692578,-0.0018692942006891533,0.0012317335438003507,-0.008991284166468438,-0.008807460814592383,-0.012696454177388405,0.002944737325020874,0.0014299757768074794,-0.005154559130502001,-0.01276858014818505,-0.0009237196207813048,0.0018916925974066245,0.0008854237121047603,-0.00956814895759417,-0.0018912039102699785,-0.0022430084974938147,0.003305208805381765,-0.008791444331257892,-0.007984066117469046,-0.006614521012430763,0.009011375755001216,-0.0024322155012100888,0.005608464610027619,0.012658120035623499
2026-08-30 00:00:00+00:00,7.750877735879236e-05,7.751157145485799e-05,0.00011578460786454414,0.00011578460786454414,0.00010360938588127588,9.902641597503425e-05,-0.0070923977764081325,-0.005769230335623932,-0.00785671561754675,-0.008843392625014102,-0.009029997508436138,-0.007900338070226276,-0.00925621727174486,-0.003952848713371759,-0.008472795361773144,-0.00453836919294115,-0.012198984025524662,-0.004877655569834216,0.0007286489660005557,-0.0032373107744698704,-0.0037235949073438634,-0.004261579496276258,-0.010443428868213367,-0.010370973426191421,0.009333135428533756,0.008030386048703653,-0.01457677596978968,-0.015048818803250263,0.014276833068752826,0.011699239673022,-0.005037840744995359,-0.0031688095064376087,0.004809902674739908,0.004487129098859954,0.016194676465989266,-0.0006239698521797177
2026-08-31 00:00:00+00:00,0.00025079437069108756,0.000250803410818623,7.493198676655766e-05,7.493198676611357e-05,0.00016823595541759495,0.00015896657132619119,-0.021303119663253156,-0.020645377656314134,-0.021340298720007422,-0.023839665537615184,-0.023260608387733583,-0.022693894641610535,-0.023113923502799283,-0.022741538828832897,-0.024864481679963468,-0.02517570425350224,-0.02492464337012812,-0.025272321275013887,-0.019067050623275628,-0.02128722210382239,0.01637166405239121,0.010545764970364413,-0.024862943656855707,-0.02110141401666965,0.02249247847806446,0.008355104784411482,-0.020389441449371604,-0.024029082702692106,0.019952727178633722,0.010568668605140497,0.002190618703417302,-0.01274505290522554,-0.0023474820440032573,-0.0125493626928177,-0.007225715170660285,-0.011826991669676157
