time,ret,price,funding,fee,slip,traded,gross,net
2024-01-02 00:00:00+00:00,-0.0005664320918217225,-0.00026462481780574536,0.0006484256735160705,-0.0007501663910942919,-0.00020006655643771678,1.0003327821885837,1.041312272567279,-0.0005977455886735728
2024-01-03 00:00:00+00:00,0.0007982838904405654,0.00021153715808049298,0.0005867467323600881,0.0,0.0,0.0,1.058332183607306,-0.00038590037254242974
2024-01-04 00:00:00+00:00,0.0005274433392725708,0.0003356474115557021,0.000191795927716824,0.0,0.0,0.0,1.0079961900515244,-5.022646937000613e-05
2024-01-05 00:00:00+00:00,0.0002901481976811393,0.00013609373550628852,0.00015405446217487952,0.0,0.0,0.0,1.0382797966000235,8.584235913032469e-05
2024-01-06 00:00:00+00:00,6.65689856214069e-05,-8.795902004045328e-05,0.0001545280056619455,0.0,0.0,0.0,1.0381580061364342,-2.116520015480447e-06
2024-01-07 00:00:00+00:00,0.0002945085864376473,0.00013992548991191006,0.00015458309652568195,0.0,0.0,0.0,1.0335559035724047,0.00013776839592087318
2024-01-08 00:00:00+00:00,0.00015977772001796176,4.58444320891907e-06,0.00015519327680901045,0.0,0.0,0.0,1.0324621779454008,0.00014233009795131782
2024-01-09 00:00:00+00:00,-0.0002359880036449935,-0.000395727035344175,0.00015973903169920023,0.0,0.0,0.0,1.1041549423114843,-0.00025345675014544245
2024-01-10 00:00:00+00:00,0.0003719839889457788,0.0002076088222434735,0.00016437516670219819,0.0,0.0,0.0,1.0837698595908425,-4.583087954865847e-05
2024-01-11 00:00:00+00:00,0.00010223658822017256,-5.99326886404767e-05,0.00016216927686068231,0.0,0.0,0.0,1.0965033297633842,-0.00010575275638812339
2024-01-12 00:00:00+00:00,0.00028417810194780735,0.00012055814228256201,0.0001636199596653277,0.0,0.0,0.0,1.0886744613298782,1.4801179723225744e-05
2024-01-13 00:00:00+00:00,6.82342608115949e-05,-8.83371996176914e-05,0.00015657146042929833,0.0,0.0,0.0,1.0051399094379048,-7.353100256095637e-05
2024-01-14 00:00:00+00:00,0.0002438602842183002,9.220740736477739e-05,0.00015165287685358833,0.0,0.0,0.0,1.0063351715834763,1.867185148074522e-05
2024-01-15 00:00:00+00:00,0.00010129315022089358,-4.86172736670662e-05,0.00014991042388793176,0.0,0.0,0.0,0.9800819165603412,-2.994238922729904e-05
2024-01-16 00:00:00+00:00,0.00013386807765325415,-1.585185312026838e-05,0.00014971993077341842,0.0,0.0,0.0,0.9982524759289688,-4.57881127809111e-05
2024-01-17 00:00:00+00:00,0.00025544190174442427,0.00010378638897014453,0.00015165551277423607,0.0,0.0,0.0,1.0126089091614938,5.798346478266733e-05
2024-01-18 00:00:00+00:00,7.530221018292593e-06,-0.00014261115326120018,0.00015014137427950486,0.0,0.0,0.0,1.004249497878852,-8.462705121801621e-05
2024-01-19 00:00:00+00:00,0.0002841174248455758,0.0001352154826675558,0.00014890194217801237,0.0,0.0,0.0,0.969833450417524,5.057406247698219e-05
2024-01-20 00:00:00+00:00,5.871883335983874e-05,-8.659781463573967e-05,0.00014531664799552433,0.0,0.0,0.0,0.9776428339220936,-3.602163701023595e-05
2024-01-21 00:00:00+00:00,0.00023245618903233733,8.588872407634854e-05,0.0001465674649559817,0.0,0.0,0.0,0.9781983002728735,4.985549784719615e-05
2024-01-22 00:00:00+00:00,0.00010156573752162501,-4.492860158922155e-05,0.00014649433911080177,0.0,0.0,0.0,0.9754289696454739,4.926395904768272e-06
2024-01-23 00:00:00+00:00,0.00014824322884510188,5.864757029385981e-06,0.0001423784718157575,0.0,0.0,0.0,0.928078921190405,1.07895534560619e-05
2024-01-24 00:00:00+00:00,0.0002187949042598003,7.939704010625821e-05,0.00013939786415347462,0.0,0.0,0.0,0.935525081969835,9.01668655116353e-05
2024-01-25 00:00:00+00:00,0.0001220652995332916,-1.8760336127127888e-05,0.0001408256356604112,0.0,0.0,0.0,0.9398213864227196,7.139781418887618e-05
2024-01-26 00:00:00+00:00,0.00016045926002750122,1.9930424321955526e-05,0.00014052883570559054,0.0,0.0,0.0,0.9367483383695839,9.131358640031937e-05
2024-01-27 00:00:00+00:00,0.00024855044592753117,0.00010924809053302359,0.00013930235539447655,0.0,0.0,0.0,0.9800576915178872,0.00020051183962615623
2024-01-28 00:00:00+00:00,0.00015433098047856753,1.546906068427695e-05,0.00013886191979429422,0.0,0.0,0.0,0.9868538102054598,0.00021594757290974135
2024-01-29 00:00:00+00:00,2.1659816916486108e-05,-0.00010053337903233471,0.00012219319594880242,0.0,0.0,0.0,0.9848337628264022,0.00011541169408135257
2024-01-30 00:00:00+00:00,0.00020732353787633606,6.163101633162028e-05,0.00014569252154472592,0.0,0.0,0.0,1.014361716008361,0.00017700601290011677
2024-01-31 00:00:00+00:00,0.00017526404989243183,9.008446321644697e-05,8.517958667608565e-05,0.0,0.0,0.0,1.005623225185633,0.00026704367296101044
2024-02-01 00:00:00+00:00,0.00011236202200648471,-3.865105792848033e-05,0.00015101307993505882,0.0,0.0,0.0,0.997091115604228,0.0002283669552596303
2024-02-02 00:00:00+00:00,4.245856987816765e-05,-0.0001071568020833865,0.00014961537196153018,0.0,0.0,0.0,1.0089356559948823,0.00012120500698500086
2024-02-03 00:00:00+00:00,0.00022909949253357986,8.946920322357681e-05,0.00013963028931000858,0.0,0.0,0.0,1.01135570967654,0.00021062595590903095
2024-02-04 00:00:00+00:00,0.00013619456632074645,8.312641950940133e-06,0.00012788192436989697,0.0,0.0,0.0,1.0067872500870592,0.00021890878367307275
2024-02-05 00:00:00+00:00,7.278781310926519e-05,-7.164287465685937e-05,0.00014443068776619786,0.0,0.0,0.0,0.9967605527756999,0.00014725519063306928
2024-02-06 00:00:00+00:00,0.00018796867563319886,3.7691710162139905e-05,0.00015027696547113508,0.0,0.0,0.0,0.9994805620606309,0.00018491214310450974
2024-02-07 00:00:00+00:00,0.00016979047226373112,4.751539879791353e-05,0.00012227507346587735,0.0,0.0,0.0,1.0083964904148615,0.00023238808461968687
2024-02-08 00:00:00+00:00,0.0001609431744347134,4.0252518181929555e-05,0.00012069065625280766,0.0,0.0,0.0,1.0374575274324531,0.0002725967302183816
2024-02-09 00:00:00+00:00,1.9592565442483334e-05,-4.492581304872755e-05,6.451837849112155e-05,0.0,0.0,0.0,1.0594546301871992,0.00022766645659969882
2024-02-10 00:00:00+00:00,0.00011988186710354398,-3.252377951434914e-05,0.00015240564661791537,0.0,0.0,0.0,1.1025044457456126,0.00019511928582114743
2024-02-11 00:00:00+00:00,7.105188736233892e-05,1.6651002667590585e-05,0.00015098465375161011,-7.625116226508746e-05,-2.033260679177926e-05,0.1016630339588963,1.0137864182359957,0.0001962091637963734
2024-02-12 00:00:00+00:00,-7.876651249494326e-05,-0.00023230825237364496,0.00015354173987870283,0.0,0.0,0.0,1.0257557050419437,-3.6101932200541225e-05
2024-02-13 00:00:00+00:00,-8.6132733119193e-05,-0.00024336949589318958,0.00015723676277397235,0.0,0.0,0.0,1.0604356674127007,-0.0002794955018051114
2024-02-14 00:00:00+00:00,0.00047113830390799194,0.0003134767178300911,0.00015766158607791482,0.0,0.0,0.0,1.055001994404414,3.3965213711704445e-05
2024-02-15 00:00:00+00:00,-0.00015521195481937866,-0.00033041784463960197,0.0001752058898202027,0.0,0.0,0.0,1.099988445417167,-0.00029649865106318277
2024-02-16 00:00:00+00:00,0.00012806677198784477,8.471674667296897e-05,0.00014875373866651018,-8.321156044435266e-05,-2.219215290727827e-05,0.11096076453639135,0.991552597788721,-0.00017570757032540403
2024-02-17 00:00:00+00:00,8.9568152174202e-05,-5.933355148021949e-05,0.00014890170365451232,0.0,0.0,0.0,0.9961870288894157,-0.0002350200714920693
2024-02-18 00:00:00+00:00,9.578496466566833e-05,-0.00011712788928825354,0.00021291285395398768,0.0,0.0,0.0,0.9870102043646847,-0.0003521142335309959
2024-02-19 00:00:00+00:00,0.0002621641345765813,-1.2991735149214344e-05,0.00027515586972589527,0.0,0.0,0.0,0.996220006132748,-0.0003650102760771517
2024-02-20 00:00:00+00:00,0.00020918106449507867,-7.067179599782199e-06,0.00021624824409478038,0.0,0.0,0.0,0.9890878446914612,-0.00037199964039595905
2024-02-21 00:00:00+00:00,0.00020859262060857198,4.583157787124009e-06,0.00020400946282140772,0.0,0.0,0.0,0.9981192904720159,-0.0003673398582251217
2024-02-22 00:00:00+00:00,0.0002488423086330904,9.508069095441836e-05,0.00015376161767862164,0.0,0.0,0.0,0.9899606291255193,-0.0002721914345258249
2024-02-23 00:00:00+00:00,0.0001779520980744742,3.8175516767966584e-07,0.00017757034290678039,0.0,0.0,0.0,0.9790785493464087,-0.00027176131886131103
2024-02-24 00:00:00+00:00,0.00016717712003777585,6.9657922318883815e-06,0.0001602113278057807,0.0,0.0,0.0,0.9685226228734832,-0.0002647512662750313
2024-02-25 00:00:00+00:00,9.525987356018284e-05,-5.857919909647435e-05,0.00015383907265669114,0.0,0.0,0.0,0.9842114770936325,-0.0003232996678860698
2024-02-26 00:00:00+00:00,0.0002597338915697467,-2.060570323519475e-05,0.0002803395948049185,0.0,0.0,0.0,0.987040622457516,-0.00034381607043513834
2024-02-27 00:00:00+00:00,0.0004185102831495424,7.915876240451333e-06,0.0004105944069089824,0.0,0.0,0.0,1.0390072666185983,-0.00033575967531803677
2024-02-28 00:00:00+00:00,0.0006445327319493099,-1.8399096347567306e-05,0.000662931828296777,0.0,0.0,0.0,1.0871515866983033,-0.00035393065177576224
2024-02-29 00:00:00+00:00,0.0006764055602213048,-0.00017758458544022733,0.000853990145661538,0.0,0.0,0.0,1.1893172231780504,-0.0005311559603710733
2024-03-01 00:00:00+00:00,0.0005978579832990327,-0.00018959572304761972,0.0009478608687015,-0.00012663029930214502,-3.377686305274101e-05,0.16888431526370504,0.995881939869411,-0.0005886511710817995
2024-03-02 00:00:00+00:00,0.0009651248934841039,0.00024104496163357696,0.0007240799318505484,0.0,0.0,0.0,1.0151253277211023,-0.00034727104951345016
2024-03-03 00:00:00+00:00,0.0007250008870423041,-8.067748972309846e-05,0.0008056783767653846,0.0,0.0,0.0,1.0079589002566103,-0.0004276385009439569
2024-03-04 00:00:00+00:00,0.0006268021021988979,-9.679161053278839e-05,0.0007235937127317429,0.0,0.0,0.0,1.0257258025060363,-0.000524101603490024
2024-03-05 00:00:00+00:00,0.0009707071745719276,0.00011159392580135439,0.0008591132487706733,0.0,0.0,0.0,1.107896991047253,-0.00041210764184409907
2024-03-06 00:00:00+00:00,0.0010853923405440558,0.00017796912714055242,0.0010065405759081612,-7.824731010466625e-05,-2.087005239988605e-05,0.10435026199943025,0.935582314529206,-0.00017240580713518355
2024-03-07 00:00:00+00:00,0.0003305012111682881,-0.00022363580005992076,0.0005541370112282851,0.0,0.0,0.0,0.9699816510993033,-0.00039591075821008664
2024-03-08 00:00:00+00:00,0.0006908173006863194,5.238700544132092e-05,0.0006384302952449275,0.0,0.0,0.0,0.9802451473603723,-0.00034328660444324935
2024-03-09 00:00:00+00:00,0.0005552264534451901,-6.730822359643558e-05,0.0006225346770416643,0.0,0.0,0.0,0.9988361640079185,-0.0004103669814359727
2024-03-10 00:00:00+00:00,0.0005107729065407796,6.653807484711672e-05,0.0004442348316936303,0.0,0.0,0.0,1.0010294767994563,-0.0003436533777542426
2024-03-11 00:00:00+00:00,0.0007856803048087446,7.324240787619878e-06,0.0007783560640210977,0.0,0.0,0.0,1.0096420109759634,-0.00033606509723862766
2024-03-12 00:00:00+00:00,0.0007751170242202843,-0.0002186765049105165,0.0009937935291307962,0.0,0.0,0.0,1.054743014864589,-0.0005543119455233978
2024-03-13 00:00:00+00:00,0.0008436010806971428,0.0001791641512575031,0.0006644369294395636,0.0,0.0,0.0,1.0445255714775301,-0.0003748315859348989
2024-03-14 00:00:00+00:00,0.0006863525306712859,-2.8495968521494115e-05,0.0007148484991926997,0.0,0.0,0.0,1.0675008047426182,-0.00040305091943777544
2024-03-15 00:00:00+00:00,0.0005226974437000376,-8.367687566570267e-05,0.0006063743193656922,0.0,0.0,0.0,1.0424555311524655,-0.00048647351663993533
2024-03-16 00:00:00+00:00,0.00030363839477898225,0.00010508878847291332,0.000198549606305998,0.0,0.0,0.0,1.0144697395251048,-0.0003812689602718749
2024-03-17 00:00:00+00:00,0.00029780447146920963,1.386167287637566e-05,0.00028394279859279294,0.0,0.0,0.0,0.9529005874361679,-0.00036729790443721153
2024-03-18 00:00:00+00:00,0.00027935201305928636,-2.968432230058283e-05,0.00030903633535981425,0.0,0.0,0.0,0.9977663164768384,-0.0003968713599244274
2024-03-19 00:00:00+00:00,0.0004512771389437731,3.230093926991842e-05,0.00041897619967380656,0.0,0.0,0.0,0.9858639181903716,-0.00036440597256980767
2024-03-20 00:00:00+00:00,0.0004179011055440718,9.700486989807639e-05,0.0003208962356459274,0.0,0.0,0.0,0.9027046450137507,-0.00026728940213504004
2024-03-21 00:00:00+00:00,0.00018802495125247454,5.8280600083564416e-06,0.00018219689124410182,0.0,0.0,0.0,0.9885220027412757,-0.0002614121901123689
2024-03-22 00:00:00+00:00,0.0002466829931777603,-1.9884515993329222e-05,0.00026656750917117305,0.0,0.0,0.0,0.9542299701553627,-0.0002812273321057607
2024-03-23 00:00:00+00:00,0.00021722565373116787,6.670228798778908e-05,0.0001505233657432993,0.0,0.0,0.0,0.9291353685379351,-0.00021447845389566385
2024-03-24 00:00:00+00:00,0.00013983499875447336,-6.697901479489248e-06,0.00014653290023389104,0.0,0.0,0.0,0.9318275038809006,-0.00022114543150396552
2024-03-25 00:00:00+00:00,0.00012046356019634885,-0.0001493714369473478,0.0002698349971437306,0.0,0.0,0.0,0.9787374370146494,-0.0003704722400462694
2024-03-26 00:00:00+00:00,0.0004126699853961302,7.496785997004533e-05,0.0003377021254260819,0.0,0.0,0.0,1.0171095708192768,-0.0002953824845906947
2024-03-27 00:00:00+00:00,0.00026403511207750974,-0.00011356947252348887,0.00037760458460099893,0.0,0.0,0.0,1.0185255612939248,-0.000408844007940795
2024-03-28 00:00:00+00:00,0.0004445618398494222,-4.655046523438503e-05,0.0004911123050837514,0.0,0.0,0.0,1.0105874865669962,-0.00045519211213226836
2024-03-29 00:00:00+00:00,0.00043183975195471014,3.2061926441347605e-05,0.00039977782551325495,0.0,0.0,0.0,1.029167987365648,-0.0004229475401299672
2024-03-30 00:00:00+00:00,0.00041800699456873147,3.728042750622506e-05,0.0003807265670625255,0.0,0.0,0.0,1.0151884535157027,-0.0003855059684324466
2024-03-31 00:00:00+00:00,0.00045327217144275345,-4.910533911077994e-05,0.0005023775105535361,0.0,0.0,0.0,1.0108805652390334,-0.00043441439958491354
2024-04-01 00:00:00+00:00,0.0006052497650410604,-0.00016823302086537882,0.0007734827859063854,0.0,0.0,0.0,1.0350775676814818,-0.0006022828888733605
2024-04-02 00:00:00+00:00,0.0005986810201654702,0.00023808315161358702,0.0003605978685519485,0.0,0.0,0.0,1.010575784214626,-0.0003639818282474577
2024-04-03 00:00:00+00:00,0.00025864657925755985,8.542948668567067e-05,0.0001732170925719656,0.0,0.0,0.0,0.949532969429924,-0.0002784803135813033
2024-04-04 00:00:00+00:00,0.0003602096092363283,0.00021663607836009384,0.00014357353087612982,0.0,0.0,0.0,0.9562116598559899,-6.182196635487865e-05
2024-04-05 00:00:00+00:00,0.00019389209537479246,4.732678080868611e-05,0.00014656531456599782,0.0,0.0,0.0,0.9925654132545695,-1.4492375589173182e-05
2024-04-06 00:00:00+00:00,0.00012410053095046614,-2.2970415308900953e-05,0.00014707094625943936,0.0,0.0,0.0,0.9827975397515224,-3.7458142322748035e-05
2024-04-07 00:00:00+00:00,0.0001461234162194458,-2.3909452546116106e-06,0.0001485143614740107,0.0,0.0,0.0,0.9982367970378424,-3.984326554333867e-05
2024-04-08 00:00:00+00:00,0.00017393244338359537,2.3036651714137396e-05,0.00015089579166944887,0.0,0.0,0.0,1.0047671499272608,-1.680369112208314e-05
2024-04-09 00:00:00+00:00,-6.259894178506364e-05,-0.0004054614780246536,0.0003428625362396271,0.0,0.0,0.0,1.0379703083976775,-0.0004222916041542866
2024-04-10 00:00:00+00:00,0.00036999985411734215,0.00010937569850301845,0.00026062415561427525,0.0,0.0,0.0,1.0016498617214094,-0.0003128001696340593
2024-04-11 00:00:00+00:00,0.00012940857797549832,-5.445039989929714e-05,0.0001838589778747791,0.0,0.0,0.0,1.0230780872223735,-0.0003672030503087796
2024-04-12 00:00:00+00:00,0.0002703066068612259,9.70134241747313e-06,0.0002606052644438172,0.0,0.0,0.0,1.0137466308963348,-0.0003574050989317737
2024-04-13 00:00:00+00:00,0.0004548241063944136,0.00021351661438822814,0.00024130749200618513,0.0,0.0,0.0,0.9712609233937831,-0.00014382307034410484
2024-04-14 00:00:00+00:00,0.000178034585301301,3.40024361475302e-05,0.00014403214915366077,0.0,0.0,0.0,0.9248768242218821,-0.00010980108580564928
2024-04-15 00:00:00+00:00,0.0005826611978132501,0.00044216998519762694,0.00014049121261559675,0.0,0.0,0.0,0.949014864842228,0.00033217535370245186
2024-04-16 00:00:00+00:00,-5.324977399912001e-05,-0.0001356171846672988,8.236741066812553e-05,0.0,0.0,0.0,0.9167862152253273,0.00019656863627064142
2024-04-17 00:00:00+00:00,9.825897004223094e-05,9.470574237358345e-06,8.878839580478058e-05,0.0,0.0,0.0,0.9220852363543032,0.00020601896729648635
2024-04-18 00:00:00+00:00,3.490369905234658e-05,-4.062549460372725e-05,7.552919365600965e-05,0.0,0.0,0.0,0.8857196597917305,0.0001653877000502629
2024-04-19 00:00:00+00:00,-8.73774175162989e-05,2.1290640686088822e-05,-3.5554436324261585e-06,-8.298455104289884e-05,-2.2128063527063346e-05,0.1106403176353167,1.0316463142769385,0.00020394742678117703
2024-04-20 00:00:00+00:00,0.000162338858604949,4.4870059618547684e-05,0.00011746879898634676,0.0,0.0,0.0,1.0370893129968057,0.00024877710020936456
2024-04-21 00:00:00+00:00,0.0001387400268033634,0.00010378580756873864,3.495421923465453e-05,0.0,0.0,0.0,1.055086103638236,0.00035251399997626243
2024-04-22 00:00:00+00:00,-6.544314974854526e-05,-0.00012132397463440856,5.58808248858709e-05,0.0,0.0,0.0,1.0552857526897994,0.0002312051561354396
2024-04-23 00:00:00+00:00,0.00011689166835648912,0.00010540354569693109,1.1488122659484904e-05,0.0,0.0,0.0,1.0855801735922206,0.0003365693596783064
2024-04-24 00:00:00+00:00,-8.075726303180542e-05,-0.00011067297631153982,2.991571327968042e-05,0.0,0.0,0.0,1.079190925541144,0.00022591462761377325
2024-04-25 00:00:00+00:00,0.00019806372135722228,9.57292918451932e-05,0.000102334429512,0.0,0.0,0.0,1.0443604648043527,0.0003215802260825623
2024-04-26 00:00:00+00:00,-0.00012685606808671146,-0.00016290256525913605,3.6046497172458605e-05,0.0,0.0,0.0,1.0480484294453873,0.0001586977926013952
2024-04-27 00:00:00+00:00,9.845045281964282e-05,1.438274925271152e-05,8.406770356688332e-05,0.0,0.0,0.0,1.036095446287692,0.0001730635036738286
2024-04-28 00:00:00+00:00,0.00021859091728182456,0.00016071343205019658,5.787748523155272e-05,0.0,0.0,0.0,1.0307040762778426,0.0003337039910625173
2024-04-29 00:00:00+00:00,-7.199702334081959e-05,-8.821872791987428e-05,1.6221704579057136e-05,0.0,0.0,0.0,1.0252876996997962,0.00024550293862355056
2024-04-30 00:00:00+00:00,5.97759653679919e-05,-5.377992897699172e-05,0.00011355589434509465,0.0,0.0,0.0,1.0374226821906538,0.00019171154990354412
2024-05-01 00:00:00+00:00,0.00012290622182509203,-2.266420441649027e-05,0.00014557042624155456,0.0,0.0,0.0,0.9854323006954526,0.00016902657106975885
2024-05-02 00:00:00+00:00,0.000415063585462061,0.0002961417002019479,0.00011892188526010549,0.0,0.0,0.0,0.947265707134952,0.00046497527696611043
2024-05-03 00:00:00+00:00,-0.00025007512184371805,-0.0002709311156339794,2.0855993790289962e-05,0.0,0.0,0.0,0.9590721218385575,0.00019409269908749662
2024-05-04 00:00:00+00:00,7.20442313417724e-05,3.581375744665205e-05,3.62304738950294e-05,0.0,0.0,0.0,1.0210303454894893,0.00022988989429350011
2024-05-05 00:00:00+00:00,0.00010155371214293218,-4.709860074002484e-06,0.00010626357221689891,0.0,0.0,0.0,1.0373333408903826,0.00022515716867321138
2024-05-06 00:00:00+00:00,-2.6441926215259315e-06,-2.9474234485484536e-05,2.6830041863938174e-05,0.0,0.0,0.0,1.0393137858113346,0.00019568345161249758
2024-05-07 00:00:00+00:00,5.2536773475386767e-05,-1.315382537800357e-05,6.569059885342352e-05,0.0,0.0,0.0,1.0255213059985315,0.00018252003722054008
2024-05-08 00:00:00+00:00,2.7564214156949873e-05,-5.2044192107797096e-05,7.960840626482872e-05,0.0,0.0,0.0,1.0116922902932748,0.00013047224874770296
2024-05-09 00:00:00+00:00,0.0002577932897767088,0.0001547480436299677,0.00010304524614675691,0.0,0.0,0.0,0.9931105648060933,0.0002851467834501683
2024-05-10 00:00:00+00:00,-3.204420136693198e-05,-9.03411243894406e-05,5.8296923022553876e-05,0.0,0.0,0.0,1.0237690118344769,0.00019481190165252679
2024-05-11 00:00:00+00:00,9.56973005490358e-05,-1.631549676346497e-05,0.00011201279731254762,0.0,0.0,0.0,0.986773878028449,0.0001784793248995097
2024-05-12 00:00:00+00:00,1.446047480935242e-05,-4.22052064336682e-05,5.666568124291094e-05,0.0,0.0,0.0,0.9872238595734676,0.00013627214790592088
2024-05-13 00:00:00+00:00,0.00020709395629792127,9.341825029154935e-05,0.00011367570600636158,0.0,0.0,0.0,0.9976050150087733,0.00022964284055309851
2024-05-14 00:00:00+00:00,0.00013661897141403756,-3.326981082249091e-06,0.000139945952496193,0.0,0.0,0.0,1.0210999812583017,0.00022628494465455322
2024-05-15 00:00:00+00:00,0.00011494617996588019,-7.302131595261462e-06,0.00012224831156122006,0.0,0.0,0.0,0.9988816112942902,0.00021895764471450337
2024-05-16 00:00:00+00:00,5.522492139431456e-05,3.342369382076241e-05,2.1801227573503977e-05,0.0,0.0,0.0,1.0738951668584849,0.00025236740156537316
2024-05-17 00:00:00+00:00,-3.9223714480174365e-05,-0.00011032454713236368,7.110083265221688e-05,0.0,0.0,0.0,1.0582884377871202,0.0001420484260999087
2024-05-18 00:00:00+00:00,0.0002210733052026015,0.00021489793303184666,6.175372170649022e-06,0.0,0.0,0.0,1.0868560867026837,0.00035686746526161577
2024-05-19 00:00:00+00:00,-5.3848628811525856e-05,-0.00011111555168369116,5.726692287214248e-05,0.0,0.0,0.0,1.0852607702305446,0.0002457651476941061
2024-05-20 00:00:00+00:00,0.0001193583230261197,3.4877562214138544e-05,8.448076081208166e-05,0.0,0.0,0.0,1.0746959941559486,0.00028060921686263876
2024-05-21 00:00:00+00:00,-0.00035650396954245434,-0.0004418378651641201,8.533389562169004e-05,0.0,0.0,0.0,1.1594520395027208,-0.0001612861474531798
2024-05-22 00:00:00+00:00,-1.8827734475035385e-05,-1.9901477688649783e-05,0.0001504722953519276,-0.00011794420154790423,-3.145435059044644e-05,0.15727175295223217,0.9837192628776965,-0.00014273764748881984
2024-05-23 00:00:00+00:00,-5.087022977889877e-05,-0.00022588443035799512,0.00017501420057907904,0.0,0.0,0.0,0.9702294340165752,-0.0003686408306905582
2024-05-24 00:00:00+00:00,0.0003009655815318091,0.00015662678124075266,0.0001443388002911483,0.0,0.0,0.0,0.9530021017058626,-0.00021195025971678665
2024-05-25 00:00:00+00:00,0.00011663957819418869,-2.6423693093006193e-05,0.00014306327128714913,0.0,0.0,0.0,0.9610514217705634,-0.0002383461522151181
2024-05-26 00:00:00+00:00,0.00021566689561303143,7.057176573947904e-05,0.00014509512987362724,0.0,0.0,0.0,0.9711514112602974,-0.00016773821089630556
2024-05-27 00:00:00+00:00,0.00019537809086678237,5.0517648311071586e-05,0.00014486044255575327,0.0,0.0,0.0,0.9599425341923987,-0.00011719766472941352
2024-05-28 00:00:00+00:00,8.76663050513038e-05,-5.842370136566491e-05,0.00014609000641701333,0.0,0.0,0.0,0.9729280382401229,-0.00017560597136822756
2024-05-29 00:00:00+00:00,2.4692917369284473e-05,-0.00011858831652428593,0.00014328123389348212,0.0,0.0,0.0,0.9584809352155902,-0.0002941870235565992
2024-05-30 00:00:00+00:00,0.00020764546073714918,5.33038868873194e-05,0.000154341573849781,0.0,0.0,0.0,0.9477803253462271,-0.0002408331287632896
2024-05-31 00:00:00+00:00,5.2981366522875106e-05,-0.00011232810076672529,0.00016530946728959334,0.0,0.0,0.0,0.9576427531071443,-0.0003531425195567433
2024-06-01 00:00:00+00:00,0.00024084165927229506,8.781295251338391e-05,0.00015302870675890415,0.0,0.0,0.0,0.9459526069838736,-0.0002652656800169476
2024-06-02 00:00:00+00:00,0.00018216338569976287,3.871520745559789e-05,0.0001434481782441629,0.0,0.0,0.0,0.948917081027886,-0.0002265092108765579
2024-06-03 00:00:00+00:00,8.717293776450141e-05,-5.543735939866855e-05,0.00014261029716322476,0.0,0.0,0.0,0.9488727231779591,-0.00028192199430681806
2024-06-04 00:00:00+00:00,0.00016691872403962194,-7.908933802562196e-06,0.00017482765784221995,0.0,0.0,0.0,0.9633376424057233,-0.0002897825579745609
2024-06-05 00:00:00+00:00,0.00014172592413475016,-5.3183951716193e-06,0.0001470443193063308,0.0,0.0,0.0,0.9873868849900644,-0.0002950591356175716
2024-06-06 00:00:00+00:00,0.00031577857877129745,0.00011803764804043767,0.00019774093073088054,0.0,0.0,0.0,0.994933509883275,-0.00017696560562968018
2024-06-07 00:00:00+00:00,0.00012071492124765548,-3.9450040148250464e-05,0.0001601649613959463,0.0,0.0,0.0,0.9905315101875515,-0.00021638952433349613
2024-06-08 00:00:00+00:00,0.00021558949271893724,6.67212689768681e-05,0.00014886822374207643,0.0,0.0,0.0,0.9700649858221316,-0.00014963599540832522
2024-06-09 00:00:00+00:00,4.266800485686062e-05,-0.00010306703608985423,0.00014573504094678042,0.0,0.0,0.0,0.9694954183077954,-0.00025269224962390813
2024-06-10 00:00:00+00:00,0.0002659974684597888,0.00012019313146179305,0.00014580433699794884,0.0,0.0,0.0,0.9738384691642157,-0.0001324638831044889
2024-06-11 00:00:00+00:00,0.00014712578256670383,1.0485267791114482e-06,0.00014607725578756956,0.0,0.0,0.0,0.9721824119236919,-0.00013139602458231469
2024-06-12 00:00:00+00:00,0.00022747496439334824,8.687513752959218e-05,0.0001405998268637498,0.0,0.0,0.0,0.9407690535032038,-4.451076196872858e-05
2024-06-13 00:00:00+00:00,0.0001439142639150237,3.4937803751318216e-07,0.00014356488587748841,0.0,0.0,0.0,0.9539042953326349,-4.415502939269405e-05
2024-06-14 00:00:00+00:00,8.822342549974493e-05,-5.218956796880092e-05,0.00014041299346857918,0.0,0.0,0.0,0.9330406801931546,-9.633609826092988e-05
2024-06-15 00:00:00+00:00,0.00026555370331782235,0.00012630577640017622,0.00013924792691767136,0.0,0.0,0.0,0.9224836270318464,2.9961721693092582e-05
2024-06-16 00:00:00+00:00,0.00021036620670655815,7.165670502811925e-05,0.00013870950167847441,0.0,0.0,0.0,0.9247912002602127,0.00010159705413420124
2024-06-17 00:00:00+00:00,0.00020088509700655344,6.15168417129215e-05,0.00013936825529356576,0.0,0.0,0.0,0.9308076402285437,0.00016308113527736408
2024-06-18 00:00:00+00:00,0.0002001242891094268,6.192335915704541e-05,0.00013820092995234603,0.0,0.0,0.0,0.9281510339516984,0.0002249594745795144
2024-06-19 00:00:00+00:00,8.08213102616584e-05,-4.753254799527629e-05,0.0001283538582569187,0.0,0.0,0.0,0.9095725627250092,0.00017741258786644316
2024-06-20 00:00:00+00:00,0.00015720516148198804,0.0001071315194238454,5.007364205806313e-05,0.0,0.0,0.0,0.9065179604923803,0.0002844993825188893
2024-06-21 00:00:00+00:00,-9.933504974068974e-05,-0.00017291868282596159,7.358363308529808e-05,0.0,0.0,0.0,0.9053240499307119,0.00011159178466829427
2024-06-22 00:00:00+00:00,0.00014625700671655473,2.42166036771443e-05,0.00012204040303945148,0.0,0.0,0.0,0.8950296393979967,0.00013578852832184482
2024-06-23 00:00:00+00:00,3.732902592701315e-05,1.6888694706668746e-05,0.00012119299063461248,-7.954253885336439e-05,-2.121012056080119e-05,0.10605060280400593,1.0030193225412818,0.00017101784053880336
2024-06-24 00:00:00+00:00,2.893078939991689e-05,-5.3077193777465116e-05,8.200798317729276e-05,0.0,0.0,0.0,0.9866211478140987,0.00011793723474407408
2024-06-25 00:00:00+00:00,0.0001559204880883236,3.6606593709578464e-05,0.00011931389437883828,0.0,0.0,0.0,0.9409065689635993,0.0001545197356609246
2024-06-26 00:00:00+00:00,0.0001785980833601819,6.485146481513618e-05,0.00011374661854510536,0.0,0.0,0.0,0.9642799584748204,0.00021933202819630275
2024-06-27 00:00:00+00:00,-3.767212896810257e-05,-0.000181255176627435,0.00014358304765935178,0.0,0.0,0.0,0.9498119706512593,3.8078286058862135e-05
2024-06-28 00:00:00+00:00,0.00029560540205086916,0.00015200102713650604,0.00014360437491426104,0.0,0.0,0.0,0.9625074620355576,0.00019002314132844194
2024-06-29 00:00:00+00:00,-6.272659214900944e-05,-0.00020531235959642718,0.00014258576744741725,0.0,0.0,0.0,0.9428238530310471,-1.5290177368551776e-05
2024-06-30 00:00:00+00:00,0.00019076844401633153,4.789882094033225e-05,0.00014286962307595222,0.0,0.0,0.0,0.951313619224486,3.2602424057987785e-05
2024-07-01 00:00:00+00:00,0.0001585836503539273,1.3493347756122014e-05,0.00014509030259783758,0.0,0.0,0.0,0.9789946751185489,4.60884629372767e-05
2024-07-02 00:00:00+00:00,0.00022862466681128346,8.102523348865189e-05,0.00014759943332263618,0.0,0.0,0.0,0.9806856718710099,0.00012708464174209796
2024-07-03 00:00:00+00:00,0.0001117147288989262,-3.383726043936851e-05,0.00014555198933818936,0.0,0.0,0.0,0.9686896613086086,9.323696536046203e-05
2024-07-04 00:00:00+00:00,5.2499505614811426e-05,-8.879339761337246e-05,0.00014129290322826727,0.0,0.0,0.0,0.9386861346526595,4.443334474253029e-06
2024-07-05 00:00:00+00:00,0.00016284228403518064,2.7673398918455033e-05,0.0001351688851167419,0.0,0.0,0.0,0.8892698115663464,3.21115042820854e-05
2024-07-06 00:00:00+00:00,0.00014855699885774065,0.0001645874075607426,8.435949378735265e-05,-7.925579158709877e-05,-2.1134110903330723e-05,0.10567055451665361,0.9866867367683984,0.00020817078504988272
2024-07-07 00:00:00+00:00,9.621261323644603e-06,-8.504591302159275e-05,9.46671743452373e-05,0.0,0.0,0.0,1.0146692789630636,0.00012312368742309235
2024-07-08 00:00:00+00:00,0.00024841280550980116,0.0001104889141205823,0.00013792389138932954,0.0,0.0,0.0,0.9729740213242117,0.00023355458359434206
2024-07-09 00:00:00+00:00,0.00015012072410303112,1.219606180675097e-05,0.00013792466229618704,0.0,0.0,0.0,0.98774152444068,0.00024571375867347127
2024-07-10 00:00:00+00:00,9.344694162427558e-05,-1.1410316336844893e-05,0.00010485725796102902,0.0,0.0,0.0,1.0109214021033928,0.0002342815494423601
2024-07-11 00:00:00+00:00,5.505354944101981e-05,-7.011027780710141e-05,0.00012516382724817528,0.0,0.0,0.0,1.005289895169179,0.00016416223392157116
2024-07-12 00:00:00+00:00,0.00017897337170524885,4.650537555133682e-05,0.00013246799615387355,0.0,0.0,0.0,0.9983421607910076,0.0002106299123273209
2024-07-13 00:00:00+00:00,3.30030842445872e-05,-4.440729858902932e-05,7.741038283351598e-05,0.0,0.0,0.0,1.0079174167983778,0.00016621712806034922
2024-07-14 00:00:00+00:00,0.00022692412165215003,9.595142751320751e-05,0.00013097269413898116,0.0,0.0,0.0,1.0304857087993575,0.0002621090767014876
2024-07-15 00:00:00+00:00,0.00010294560933354902,1.5669091267464125e-05,8.727651806600733e-05,0.0,0.0,0.0,1.058111072453631,0.00027774957486972733
2024-07-16 00:00:00+00:00,8.672377095342299e-05,0.00010053298620328977,-1.380921524991003e-05,0.0,0.0,0.0,1.126260499465123,0.00037824975782756897
2024-07-17 00:00:00+00:00,-0.00016459643706456806,-8.538571834233476e-05,3.931725485880051e-05,-9.357628343965995e-05,-2.4951690141349138e-05,0.12475845070674568,1.0064867991521689,0.0002631257106369104
2024-07-18 00:00:00+00:00,9.097531140644932e-06,-1.4007574595578005e-05,2.3105105736274994e-05,0.0,0.0,0.0,0.9916946782461354,0.00024911586970181605
2024-07-19 00:00:00+00:00,9.99872578022476e-06,-3.304519302979576e-05,4.3043918809933574e-05,0.0,0.0,0.0,0.9901689553455036,0.00021606851626227312
2024-07-20 00:00:00+00:00,6.393510619195908e-05,3.242575512680554e-05,3.150935106515575e-05,0.0,0.0,0.0,1.031428358863688,0.00024847838489710405
2024-07-21 00:00:00+00:00,8.56784682052858e-05,9.487215816987442e-05,-9.193689964666126e-06,0.0,0.0,0.0,1.0386726907478594,0.0003433211278387403
2024-07-22 00:00:00+00:00,-6.88538692875662e-05,-0.0001316954157270435,6.284154643949629e-05,0.0,0.0,0.0,1.0547451463902562,0.00021164028436411838
2024-07-23 00:00:00+00:00,0.0001120960628706591,4.2173292496727716e-05,6.992277037394407e-05,0.0,0.0,0.0,1.0447838551785587,0.00025378512854711487
2024-07-24 00:00:00+00:00,-4.2608691962486844e-06,-0.00010135930438928545,9.709843519305717e-05,0.0,0.0,0.0,1.0201919354628872,0.00015242647362710427
2024-07-25 00:00:00+00:00,0.0001962630120870834,4.34067267538332e-05,0.00015285628533316323,0.0,0.0,0.0,1.0112843351922776,0.0001957947731089793
2024-07-26 00:00:00+00:00,0.00016327419733519477,1.2686820541109136e-05,0.00015058737679404956,0.0,0.0,0.0,1.0176645762247123,0.0002084475595421538
2024-07-27 00:00:00+00:00,9.232849459284154e-05,-1.1215174817627297e-05,0.00010354366941047305,0.0,0.0,0.0,1.0501886901268394,0.000197214176236393
2024-07-28 00:00:00+00:00,0.0001126603267072035,-2.0958839905731277e-05,0.00013361916661296311,0.0,0.0,0.0,1.0499133312569702,0.0001762354815836356
2024-07-29 00:00:00+00:00,0.0001963086230925004,8.962567931345379e-05,0.00010668294377909075,0.0,0.0,0.0,1.0550821263625099,0.0002658089803021644
2024-07-30 00:00:00+00:00,0.00010191771016732076,1.5463000598223432e-06,0.00010037141010740706,0.0,0.0,0.0,1.0323189799977377,0.0002673280349008118
2024-07-31 00:00:00+00:00,2.7994642984419116e-05,-4.545658893050321e-05,7.345123191492045e-05,0.0,0.0,0.0,1.0231102720264476,0.00022186523493230797
2024-08-01 00:00:00+00:00,7.809975291728222e-05,-1.9248935016792805e-05,9.734868793404095e-05,0.0,0.0,0.0,0.9989325116981387,0.0002026004768683655
2024-08-02 00:00:00+00:00,0.00013961661881523035,-9.198571822862077e-06,0.0001488151906381857,0.0,0.0,0.0,1.0100246522431104,0.0001933749066949226
2024-08-03 00:00:00+00:00,6.586741945757701e-05,-8.022508119465594e-05,0.00014609250065224995,0.0,0.0,0.0,0.9504426130312484,0.00011314237310403922
2024-08-04 00:00:00+00:00,0.00010461042148257604,-8.887549799916004e-06,0.00011349797128251962,0.0,0.0,0.0,0.9379826813264512,0.00010424391830394544
2024-08-05 00:00:00+00:00,0.00013875222519565966,2.3259762349630677e-05,0.00011549246284613558,0.0,0.0,0.0,0.8986255761408104,0.00012748599168847222
2024-08-06 00:00:00+00:00,-8.755970505014421e-05,-2.8854886565115075e-05,6.673734909393812e-05,-9.903527689578876e-05,-2.64068906831993e-05,0.1320344534159965,0.9616974904128652,0.00013639038259060298
2024-08-07 00:00:00+00:00,0.00014161501971310386,0.0001369245485798908,4.690471133116891e-06,0.0,0.0,0.0,0.9970870509073274,0.0002732762311516209
2024-08-08 00:00:00+00:00,-4.2057904957593095e-06,1.4242409440519908e-06,-5.630031439759399e-06,0.0,0.0,0.0,0.9812764065068847,0.0002747016274332016
2024-08-09 00:00:00+00:00,7.69690289970093e-06,-4.1481191958456696e-05,4.917809485822342e-05,0.0,0.0,0.0,1.0979595334624517,0.0002332186404134835
2024-08-10 00:00:00+00:00,4.467658293605403e-05,2.8395704691503757e-05,1.6280878244606217e-05,0.0,0.0,0.0,1.08278568326078,0.0002616026575922272
2024-08-11 00:00:00+00:00,4.2441214171962116e-05,3.8452653310477504e-05,3.988560861529732e-06,0.0,0.0,0.0,1.084223655075745,0.0003000425767315422
2024-08-12 00:00:00+00:00,-0.0001244361365516644,-0.0001265679454500736,2.1318088983800806e-06,0.0,0.0,0.0,1.0451228054359931,0.00017349622048084092
2024-08-13 00:00:00+00:00,9.69958836567475e-05,3.0711234513073624e-05,6.62846491436905e-05,0.0,0.0,0.0,1.0562780211715666,0.00020418764963240951
2024-08-14 00:00:00+00:00,0.00011132173272776491,0.00012301104262934669,-1.1689309901639525e-05,0.0,0.0,0.0,1.0781185895817578,0.0003271622719907849
2024-08-15 00:00:00+00:00,-0.00010588579945647325,-1.3082930898369373e-05,-9.280286855812103e-05,0.0,0.0,0.0,1.0443553278957987,0.000314112601156352
2024-08-16 00:00:00+00:00,-0.00010511318748596121,-4.7530781812793196e-05,-5.758240567320017e-05,0.0,0.0,0.0,1.0241748150932755,0.0002666098435539357
2024-08-17 00:00:00+00:00,-0.00012261103072219726,-9.133278780836639e-05,-3.127824291384156e-05,0.0,0.0,0.0,1.0481365568626493,0.0001752985492812897
2024-08-18 00:00:00+00:00,7.604872860689227e-05,3.3831106514320376e-05,4.2217622092620214e-05,0.0,0.0,0.0,1.0590155180050478,0.000209113752960664
2024-08-19 00:00:00+00:00,7.991384095351606e-05,0.00012249490169175407,-4.258106073813045e-05,0.0,0.0,0.0,1.039854550475061,0.00033158215664868195
2024-08-20 00:00:00+00:00,-3.400075318682472e-05,2.5369373059040982e-05,-5.9370126245838e-05,0.0,0.0,0.0,1.057866722397954,0.0003569636667412106
2024-08-21 00:00:00+00:00,-0.00010085061121900551,-8.011653368257577e-05,-2.0734077536453222e-05,0.0,0.0,0.0,1.0504915612354486,0.0002768750560773329
2024-08-22 00:00:00+00:00,3.071831878287412e-05,4.389048316592924e-05,-1.3172164382955302e-05,0.0,0.0,0.0,1.0885576437559044,0.000320755686167837
2024-08-23 00:00:00+00:00,-0.0001395649719914127,-8.991486067981552e-05,-4.965011131154838e-05,0.0,0.0,0.0,1.0749061770151092,0.00023087304727834415
2024-08-24 00:00:00+00:00,-9.241637965817784e-05,-7.73731886173108e-05,-1.5043191040812201e-05,0.0,0.0,0.0,1.1402891540468798,0.00015351404587337744
2024-08-25 00:00:00+00:00,5.699458668972923e-05,0.00018484921308722194,4.2453924042456514e-06,-0.00010429066662980051,-2.7809352171971758e-05,0.1390467608598588,1.002709083969877,0.000315961311250572
2024-08-26 00:00:00+00:00,-6.21408824137415e-05,-8.231253358396631e-05,2.017165117023902e-05,0.0,0.0,0.0,1.0038382431797042,0.00023366329771004184
2024-08-27 00:00:00+00:00,2.1609491100305078e-05,-2.8064611535066636e-05,4.9674102635455946e-05,0.0,0.0,0.0,0.9821752946577164,0.00020559424338813075
2024-08-28 00:00:00+00:00,4.801899828876799e-05,3.361426793042787e-05,1.4404730358350109e-05,0.0,0.0,0.0,0.9286425846221914,0.00023919702531692807
2024-08-29 00:00:00+00:00,-3.264929074153766e-05,-4.45563086374495e-05,1.1907017895909513e-05,0.0,0.0,0.0,0.9227748643447505,0.00019464707176837867
2024-08-30 00:00:00+00:00,8.376765484374715e-05,8.442523594756969e-05,-6.57581103908895e-07,0.0,0.0,0.0,0.9276798071340709,0.0002790489324413846
2024-08-31 00:00:00+00:00,-4.1617488765410826e-05,-6.33917882942151e-05,2.1774299528762648e-05,0.0,0.0,0.0,0.9241077481839497,0.00021566611962955468
2024-09-01 00:00:00+00:00,8.824301080534447e-05,3.5253867326139046e-05,5.2989143479197406e-05,0.0,0.0,0.0,0.9216462752037793,0.000250897846974274
2024-09-02 00:00:00+00:00,-2.0299766810505382e-05,1.2271327718142852e-05,-3.257109452859493e-05,0.0,0.0,0.0,0.8955114407023872,0.0002631745170737132
2024-09-03 00:00:00+00:00,-0.00017554976209199769,-0.0001105931856184601,3.150961037057648e-05,-7.615860650480475e-05,-2.0307580339297804e-05,0.101537901696489,1.0288958850238934,0.00017333268971975624
2024-09-04 00:00:00+00:00,0.0001981187537314355,0.0001376567847069543,6.046196902458654e-05,0.0,0.0,0.0,0.9999431721174907,0.00031092787378388673
2024-09-05 00:00:00+00:00,-4.0664028458037293e-05,-8.38652686981383e-05,4.3201240240131156e-05,0.0,0.0,0.0,1.0084747562448804,0.00022707183874139
2024-09-06 00:00:00+00:00,0.00010466203878300995,7.13405776889216e-05,3.332146109401407e-05,0.0,0.0,0.0,0.9771392339454821,0.00029838118724683047
2024-09-07 00:00:00+00:00,1.253114548105394e-05,8.438185178700974e-06,4.092960302334214e-06,0.0,0.0,0.0,0.9385464374061213,0.00030681552767554784
2024-09-08 00:00:00+00:00,-0.00013384511990743864,-8.098816452107618e-05,-5.2856955386339245e-05,0.0,0.0,0.0,0.9421964443592123,0.000225857593091016
2024-09-09 00:00:00+00:00,-5.088212144688242e-05,3.819394582702445e-05,-8.907606727393292e-05,0.0,0.0,0.0,0.9545452912501962,0.0002640649751042038
2024-09-10 00:00:00+00:00,-6.89687649035875e-05,1.3573026726972496e-05,-8.25417916305338e-05,0.0,0.0,0.0,0.9923968657281982,0.000277657151501996
2024-09-11 00:00:00+00:00,-0.00010954898392678825,-4.455044235940605e-05,-6.499854156734491e-05,0.0,0.0,0.0,1.0028880283134363,0.0002331322485434485
2024-09-12 00:00:00+00:00,2.3019536263824136e-06,4.8819407029748524e-05,-4.651745340332196e-05,0.0,0.0,0.0,0.9976505682966014,0.0002819510065351295
2024-09-13 00:00:00+00:00,6.5897155792082884e-06,2.4453158282920443e-05,-1.7863442703707296e-05,0.0,0.0,0.0,1.0114439255661365,0.00030640214571499844
2024-09-14 00:00:00+00:00,-5.572863972957975e-06,5.7260043135585e-05,-6.283290710849571e-05,0.0,0.0,0.0,1.0525654610672668,0.0003636642155017842
2024-09-15 00:00:00+00:00,-9.621302503004525e-05,-0.00011025665495113442,1.404362992106664e-05,0.0,0.0,0.0,1.0439874805084446,0.00025343194400451863
2024-09-16 00:00:00+00:00,3.51830044060808e-05,2.0713187731305646e-05,1.4469816674826547e-05,0.0,0.0,0.0,1.0289436173372006,0.0002741354868258103
2024-09-17 00:00:00+00:00,5.62508657746541e-05,-3.9249239542538416e-05,9.550010531719164e-05,0.0,0.0,0.0,1.0129475306861808,0.0002348730354717837
2024-09-18 00:00:00+00:00,9.734923417026309e-05,5.2213346158913406e-05,4.513588801139645e-05,0.0,0.0,0.0,1.0493425069618678,0.0002870584367117443
2024-09-19 00:00:00+00:00,-2.059935525466905e-05,-7.230844525844601e-05,5.1709090003747947e-05,0.0,0.0,0.0,1.0746011605858445,0.00021475441525584926
2024-09-20 00:00:00+00:00,5.130560559196695e-05,-3.1151572391239645e-05,8.245717798314465e-05,0.0,0.0,0.0,1.0952513660103587,0.000183593423492827
2024-09-21 00:00:00+00:00,8.926876913117887e-05,3.610960699026314e-05,5.315916214083688e-05,0.0,0.0,0.0,1.0995207353714802,0.0002196834196146191
2024-09-22 00:00:00+00:00,0.00016187145046564488,2.714504036440231e-05,0.00013472641010132063,0.0,0.0,0.0,1.1018891325868452,0.0002467885119645945
2024-09-23 00:00:00+00:00,-5.0797803368696215e-05,-6.211381311219034e-05,0.00010635581088096624,-7.503270956715016e-05,-2.0007091570276017e-05,0.10003545785138009,1.0054142732431697,0.00016021812312069935
2024-09-24 00:00:00+00:00,0.00018457779904479388,0.0001394198178981433,4.5157981146573405e-05,0.0,0.0,0.0,1.0013135986875277,0.00029958264471368
2024-09-25 00:00:00+00:00,-0.00012555804478797672,-0.0001454031363495422,1.9845091561551503e-05,0.0,0.0,0.0,1.0161776653777939,0.00015419886927271664
2024-09-26 00:00:00+00:00,0.0001330660367677705,0.00011236748371102486,2.069855305663736e-05,0.0,0.0,0.0,0.9983665884794293,0.00026653088677491404
2024-09-27 00:00:00+00:00,0.0001439023231379899,9.329767024412736e-06,0.00013457255611347093,0.0,0.0,0.0,1.0301829152486737,0.00027582096252208577
2024-09-28 00:00:00+00:00,-3.9160867872034544e-05,-0.00011415462020117158,7.499375232918512e-05,0.0,0.0,0.0,1.039760445332549,0.00016167267356310847
2024-09-29 00:00:00+00:00,0.00017167565106102067,0.00011740044999573598,5.4275201065339215e-05,0.0,0.0,0.0,1.0408565584713274,0.0002790252217221711
2024-09-30 00:00:00+00:00,5.802674390942286e-05,-1.1777551851660827e-05,6.98042957609757e-05,0.0,0.0,0.0,1.0367612828551136,0.0002672321632581829
2024-10-01 00:00:00+00:00,2.053618085096076e-05,-0.00012021890574269908,0.00014075508659357368,0.0,0.0,0.0,1.0009073530726693,0.00014701023848672913
2024-10-02 00:00:00+00:00,0.00020797823562701545,7.603432764739508e-05,0.0001319439079796247,0.0,0.0,0.0,0.9607541061962229,0.0002229981873646313
2024-10-03 00:00:00+00:00,8.897215548797632e-05,-1.3038519105435238e-05,0.00010201067459336439,0.0,0.0,0.0,0.9582219557046261,0.000209940989356972
2024-10-04 00:00:00+00:00,6.846841324392727e-05,-7.506358294807161e-06,7.597477153880886e-05,0.0,0.0,0.0,0.9597985520013106,0.00020242077163326705
2024-10-05 00:00:00+00:00,5.1680037637780174e-05,4.80374040411186e-05,3.6426335967196193e-06,0.0,0.0,0.0,0.9807680225675628,0.0002504452326552444
2024-10-06 00:00:00+00:00,3.7722836667031245e-05,2.5360542486630386e-05,1.2362294180473699e-05,0.0,0.0,0.0,0.9802634148085766,0.0002757953713580507
2024-10-07 00:00:00+00:00,2.6289689031955277e-05,-3.318076653406349e-05,5.947045556609638e-05,0.0,0.0,0.0,0.9923088061910266,0.0002426082267291886
2024-10-08 00:00:00+00:00,1.9250951422966622e-05,2.1329932014624825e-05,-2.078980591716731e-06,0.0,0.0,0.0,0.9828533654058732,0.00026393307778092666
2024-10-09 00:00:00+00:00,8.662300846995485e-05,-3.7208165110859894e-05,0.00012383117358091044,0.0,0.0,0.0,0.9818020914355242,0.00022670527477724775
2024-10-10 00:00:00+00:00,8.230550732735153e-05,7.978129879046539e-06,7.432737744821053e-05,0.0,0.0,0.0,0.9576309797166469,0.00023466409050917046
2024-10-11 00:00:00+00:00,9.276528810819862e-05,2.6775875692477214e-05,6.598941241577237e-05,0.0,0.0,0.0,0.9526249313246672,0.00026141571589755015
2024-10-12 00:00:00+00:00,-2.548066748597755e-06,-1.6664264669117255e-05,1.4116197920517049e-05,0.0,0.0,0.0,0.987608898460594,0.00024475207487313107
2024-10-13 00:00:00+00:00,2.8004041789264633e-05,-6.002309677324306e-06,3.400635146668316e-05,0.0,0.0,0.0,0.998110578059649,0.0002387430794245578
2024-10-14 00:00:00+00:00,5.512326963641456e-05,7.107799254155395e-07,5.441248971107168e-05,0.0,0.0,0.0,0.9927446701974502,0.00023944066059797457
2024-10-15 00:00:00+00:00,6.65847992431523e-05,-8.860567981233695e-05,0.0001551904790554406,0.0,0.0,0.0,1.0435261605984547,0.00015082493813746458
2024-10-16 00:00:00+00:00,0.00023519785360814893,8.7178393562141e-05,0.00014801946004599017,0.0,0.0,0.0,1.0588274146829586,0.0002379473669896643
2024-10-17 00:00:00+00:00,0.00013486135182017023,-1.6894736740580335e-05,0.00015175608856075293,0.0,0.0,0.0,1.0673192113614451,0.00022102282281244337
2024-10-18 00:00:00+00:00,9.870579307236227e-05,-6.0939149718434835e-05,0.00015964494279089607,0.0,0.0,0.0,1.064145745737251,0.0001600678734676915
2024-10-19 00:00:00+00:00,0.00016115148877093866,-7.103603851972105e-07,0.00016186184915616998,0.0,0.0,0.0,1.0798562517262167,0.00015933183651986997
2024-10-20 00:00:00+00:00,0.00016721785489126617,5.524134995836027e-06,0.0001616937198954415,0.0,0.0,0.0,1.0788811572561738,0.0001648284092626457
2024-10-21 00:00:00+00:00,9.079544124634964e-05,-7.172284539000613e-05,0.000162518286636298,0.0,0.0,0.0,1.0891746608598958,9.309711107938493e-05
2024-10-22 00:00:00+00:00,0.00013668091811047667,-2.3668757054057092e-05,0.00016034967516448064,0.0,0.0,0.0,1.062946406095625,6.941886579103318e-05
2024-10-23 00:00:00+00:00,0.00024388149156084893,8.448591507050489e-05,0.00015939557649038343,0.0,0.0,0.0,1.0633679274196826,0.00015386725548573757
2024-10-24 00:00:00+00:00,0.00017199614632046334,1.4511314715150301e-05,0.00015748483160526655,0.0,0.0,0.0,1.0512266425292882,0.00016834961471591547
2024-10-25 00:00:00+00:00,0.0001846333987605142,2.460191090935554e-05,0.0001600314878511998,0.0,0.0,0.0,1.0751263408527874,0.00019291590690568035
2024-10-26 00:00:00+00:00,0.00021945450847904446,8.790406056419362e-05,0.00013155044791486985,0.0,0.0,0.0,1.0511572272331529,0.0002807583537833348
2024-10-27 00:00:00+00:00,2.9191046496901407e-05,-0.0001163389472723119,0.000145529993769143,0.0,0.0,0.0,1.057460683482365,0.0001644146070764665
2024-10-28 00:00:00+00:00,0.00021947986335879577,6.407913497273459e-05,0.00015540072838608502,0.0,0.0,0.0,1.0718046688273266,0.00022844360327836994
2024-10-29 00:00:00+00:00,0.00010463072489663716,-5.263895377364336e-05,0.00015726967867024007,0.0,0.0,0.0,1.1023248876682297,0.00017578625686125477
2024-10-30 00:00:00+00:00,-0.0001250988059868785,-0.00018220254223013058,0.00015445553463853628,-7.685750753955132e-05,-2.0494290855771336e-05,0.10247145427885668,1.039817078261357,-2.2086369982725414e-05
2024-10-31 00:00:00+00:00,0.00014656529415879582,-8.291323359230013e-06,0.0001548566175181351,0.0,0.0,0.0,1.0340748795667372,-3.0373241678777396e-05
2024-11-01 00:00:00+00:00,-3.074608215369867e-05,-0.00018323998038684473,0.00015249389823309927,0.0,0.0,0.0,1.0049486092508269,-0.00021361979003718296
2024-11-02 00:00:00+00:00,0.000366689554442301,0.00021790790894065257,0.00014878164550172457,0.0,0.0,0.0,0.9929886310222538,4.286547071412588e-06
2024-11-03 00:00:00+00:00,0.00020287762912785112,5.3867608196658425e-05,0.00014901002093116559,0.0,0.0,0.0,0.9910010891363891,5.81423594839967e-05
2024-11-04 00:00:00+00:00,0.00018480813245447258,3.82139586289043e-05,0.0001465941738254669,0.0,0.0,0.0,0.982227853266082,9.633851397205355e-05
2024-11-05 00:00:00+00:00,0.00016157604191180397,1.5139929549433593e-05,0.0001464361123622782,0.0,0.0,0.0,0.9688304452798745,0.00011146043418562664
2024-11-06 00:00:00+00:00,0.00017197052596440443,2.3563064241462333e-05,0.00014840746172300803,0.0,0.0,0.0,0.9903717091542288,0.00013500028235761667
2024-11-07 00:00:00+00:00,-3.205068046685522e-05,-0.00019147052209561336,0.0001594198416287929,0.0,0.0,0.0,1.079122256031687,-5.647204970575826e-05
2024-11-08 00:00:00+00:00,0.00020756933699517255,4.569167106412517e-05,0.0001618776659310414,0.0,0.0,0.0,1.0829340456953853,-1.077814142998903e-05
2024-11-09 00:00:00+00:00,0.00037115101041629295,0.00020763982397302498,0.00016351118644337696,0.0,0.0,0.0,1.0916274229018192,0.00019678864423890535
2024-11-10 00:00:00+00:00,-1.6193607673908872e-05,-0.00017994958693642293,0.00016375597926251618,0.0,0.0,0.0,1.0942179504084197,1.683932999200297e-05
2024-11-11 00:00:00+00:00,0.00013447662407695127,-0.0003014668187132687,0.00043594344279030415,0.0,0.0,0.0,1.1470601373014935,-0.00028458921812403974
2024-11-12 00:00:00+00:00,-2.3424172645114538e-05,-0.00025417922007195864,0.00037305682166645723,-0.00011234160288620122,-2.9960171353389405e-05,0.14980085676694702,1.100660320236094,-0.0005026214556516513
2024-11-13 00:00:00+00:00,0.0006970392433471861,0.00033904988939802817,0.0004571096389986132,-7.825016244094693e-05,-2.087012260847125e-05,0.10435061304235622,0.9878477651278712,-0.0001123039227311573
2024-11-14 00:00:00+00:00,0.00012714145191683457,-0.00010157889811021429,0.00022872035002700631,0.0,0.0,0.0,1.0150338900036007,-0.0002138556309260263
2024-11-15 00:00:00+00:00,4.323229976144205e-05,-0.00010622600517534428,0.0001494583049367487,0.0,0.0,0.0,0.9808536364078233,-0.00032006779883424837
2024-11-16 00:00:00+00:00,0.00023624665910526588,8.135033161040633e-05,0.0001548963274948649,0.0,0.0,0.0,1.0221490525483945,-0.00023866108433995696
2024-11-17 00:00:00+00:00,0.00012736594671935997,-7.128400214282839e-05,0.0001986499488622893,0.0,0.0,0.0,1.0171054021389179,-0.00030990561506084196
2024-11-18 00:00:00+00:00,0.0002177621844692279,6.28566260176764e-05,0.00015490555845160494,0.0,0.0,0.0,1.0086066501532156,-0.0002469952028285838
2024-11-19 00:00:00+00:00,0.00041186887277855355,3.871574056104823e-06,0.00040799729872242863,0.0,0.0,0.0,1.0150086859734997,-0.00024302353494284223
2024-11-20 00:00:00+00:00,0.0004025596341528104,0.0001022459968152736,0.0003003136373374404,0.0,0.0,0.0,1.0352050948845584,-0.00014072088957778299
2024-11-21 00:00:00+00:00,0.0002906823761523736,0.00013264765925931744,0.00015803471689300054,0.0,0.0,0.0,1.056919060500691,-8.07088425460856e-06
2024-11-22 00:00:00+00:00,-0.00010671452071386867,-0.00027037462252896125,0.0001636601018150891,0.0,0.0,0.0,1.102487896647921,-0.000278475224133626
2024-11-23 00:00:00+00:00,0.0002795238223660679,0.00011311654635721622,0.00016640727600883485,0.0,0.0,0.0,1.1085097656676293,-0.00016531246900333522
2024-11-24 00:00:00+00:00,-7.034122273164023e-05,-0.00011956343538402878,0.0001494167093197409,-7.91001188007658e-05,-2.109437786663629e-05,0.10547188933318145,0.990587346768005,-0.00026970207907998407
2024-11-25 00:00:00+00:00,0.0002613670188944539,-3.675451265650059e-05,0.0002981215315509002,0.0,0.0,0.0,0.9926728327364641,-0.0003063765150200715
2024-11-26 00:00:00+00:00,0.0003085966749041269,3.274098076124833e-05,0.00027585569414298054,0.0,0.0,0.0,0.9427811323350416,-0.00027355111729347476
2024-11-27 00:00:00+00:00,0.000358152891791752,-1.1906744316212674e-05,0.00037005963610796226,0.0,0.0,0.0,0.9318714042590722,-0.00028535566065466747
2024-11-28 00:00:00+00:00,0.00024883933308772477,7.21746213050777e-05,0.00017666471178254617,0.0,0.0,0.0,0.9710429384330239,-0.00021312800471902122
2024-11-29 00:00:00+00:00,0.00018405358023709795,-4.2129365627176575e-05,0.00022618294586431467,0.0,0.0,0.0,0.9686876940440118,-0.000255210397959067
2024-11-30 00:00:00+00:00,0.00018580923625921564,-2.9312997504201682e-05,0.0002151222337634379,0.0,0.0,0.0,0.9869214333114752,-0.0002844705382097709
2024-12-01 00:00:00+00:00,0.00015895492785800158,-5.572990437182354e-05,0.00021468483222991514,0.0,0.0,0.0,0.9761719655902655,-0.00034014637463906293
2024-12-02 00:00:00+00:00,0.00020755549826190212,-6.386917494358873e-05,0.0002714246732054503,0.0,0.0,0.0,0.9838981578035251,-0.0004039317113349098
2024-12-03 00:00:00+00:00,0.00039811494176134055,0.00015098737650309495,0.00024712756525829176,0.0,0.0,0.0,0.969754421973187,-0.00025284367398737485
2024-12-04 00:00:00+00:00,0.00023873421985531884,-6.888839447280255e-05,0.0003076226143280939,0.0,0.0,0.0,0.9696836648870475,-0.00032165527833846047
2024-12-05 00:00:00+00:00,0.00028329427470485946,-9.541951111852931e-05,0.00037871378582337645,0.0,0.0,0.0,0.9971832140935917,-0.000416956668020052
2024-12-06 00:00:00+00:00,0.0007987846271866328,0.00013401456436935104,0.0006647700628173424,0.0,0.0,0.0,0.9796683627679869,-0.0002827162742367215
2024-12-07 00:00:00+00:00,0.000255221082574586,-2.8741390037332206e-05,0.0002839624726118274,0.0,0.0,0.0,1.0076783138637997,-0.0003113781939945348
2024-12-08 00:00:00+00:00,0.0001908181061036629,-2.802706741306444e-05,0.0002188451735166647,0.0,0.0,0.0,1.0084345141579643,-0.0003393405090940652
2024-12-09 00:00:00+00:00,0.00021000008280580573,-0.00011759024634388979,0.0003275903291495848,0.0,0.0,0.0,1.021238844216725,-0.00045683482008825537
2024-12-10 00:00:00+00:00,0.0003000839979756531,9.025642633313554e-05,0.00020982757164256702,0.0,0.0,0.0,0.9821554567630928,-0.00036646842244552106
2024-12-11 00:00:00+00:00,0.00046562724835408353,0.00031953704914979984,0.0001460901992043082,0.0,0.0,0.0,0.9744839680446424,-4.690953094002663e-05
2024-12-12 00:00:00+00:00,0.0002465554353732191,9.583667611397429e-05,0.00015071875925923178,0.0,0.0,0.0,1.0198558189150437,4.891508489393851e-05
2024-12-13 00:00:00+00:00,0.000214388715311431,6.197591683979346e-05,0.00015241279847166071,0.0,0.0,0.0,1.0082746648671965,0.00011086723305008831
2024-12-14 00:00:00+00:00,0.0002883137599218877,0.00015301594011239426,0.0001352978198094314,0.0,0.0,0.0,1.0221449066086148,0.00026380711394157294
2024-12-15 00:00:00+00:00,8.637485429030534e-05,-6.723704432501278e-05,0.00015361189861533698,0.0,0.0,0.0,1.0220811201556175,0.0001965530923717212
2024-12-16 00:00:00+00:00,-3.258806277917081e-05,-0.00017896411051597204,0.00014637604773684975,0.0,0.0,0.0,1.0529767396432796,1.75895550653109e-05
2024-12-17 00:00:00+00:00,0.00030518358199471685,0.00016107798850685626,0.00014410559348791336,0.0,0.0,0.0,1.068563685298386,0.00017861303380667558
2024-12-18 00:00:00+00:00,0.00028023276545385833,0.00011936086800785398,0.00016087189744591238,0.0,0.0,0.0,1.068901457560736,0.00029789042315751894
2024-12-19 00:00:00+00:00,-3.1877765144239234e-05,-0.000182995587982943,0.0001511178228386858,0.0,0.0,0.0,1.0093800800850956,0.00011489849788177695
2024-12-20 00:00:00+00:00,0.0001748817095303945,2.3926692895289126e-05,0.00015095501663518057,0.0,0.0,0.0,0.9815589889213745,0.00013880091703537717
2024-12-21 00:00:00+00:00,0.0002147244142955973,6.738593141987485e-05,0.0001473384828756636,0.0,0.0,0.0,0.9847409111758042,0.0002061425846095831
2024-12-22 00:00:00+00:00,5.0496500618057993e-05,-5.357491695752976e-05,0.00010407141757561752,0.0,0.0,0.0,0.9795744372967845,0.0001525599639076187
2024-12-23 00:00:00+00:00,0.00015555545055256914,1.2990254352400098e-05,0.0001425651962001588,0.0,0.0,0.0,0.9582078666982463,0.0001655244700266116
2024-12-24 00:00:00+00:00,7.543260023035181e-05,-6.24744121968068e-05,0.00013790701242722504,0.0,0.0,0.0,0.955129344697982,0.0001030422850823512
2024-12-25 00:00:00+00:00,0.00022811774911302152,8.159821402942924e-05,0.00014651953508355037,0.0,0.0,0.0,0.9928981668967671,0.00018459838894297105
2024-12-26 00:00:00+00:00,0.0002151484323460462,6.708551048541541e-05,0.00014806292186070208,0.0,0.0,0.0,1.0003262173970149,0.00025162976167968646
2024-12-27 00:00:00+00:00,7.942567119423316e-05,-4.684409280627964e-05,0.00012626976400061874,0.0,0.0,0.0,0.9636865784532919,0.0002047694049261161
2024-12-28 00:00:00+00:00,0.00013995707080094455,-2.867777906752815e-06,0.000142824848707772,0.0,0.0,0.0,0.9485378871894462,0.000201873373413215
2024-12-29 00:00:00+00:00,0.00010308997219343752,3.873473649036657e-06,9.921649854435671e-05,0.0,0.0,0.0,0.9585059310239041,0.0002057256388116723
2024-12-30 00:00:00+00:00,8.209311122042706e-05,-1.3128213136799358e-05,9.522132435722126e-05,0.0,0.0,0.0,0.942729962958189,0.0001925816160508148
2024-12-31 00:00:00+00:00,0.00010652731407390092,-2.786372820384505e-05,0.00013439104227783174,0.0,0.0,0.0,0.9331410975551243,0.00016470034276192279
2025-01-01 00:00:00+00:00,0.00011378535655715005,-2.791105045278046e-05,0.00014169640700997202,0.0,0.0,0.0,0.9409469401008583,0.0001367737294615153
2025-01-02 00:00:00+00:00,6.006554097326422e-05,-8.206423767704685e-05,0.0001421297786503541,0.0,0.0,0.0,0.9511874603750752,5.4706205826791525e-05
2025-01-03 00:00:00+00:00,0.00017714729259288298,3.1727588121776285e-05,0.00014541970447120908,0.0,0.0,0.0,0.9750478030624457,8.641848514797003e-05
2025-01-04 00:00:00+00:00,0.00016878313433199565,5.670741782842325e-05,0.0001120757165035193,0.0,0.0,0.0,0.986783172475224,0.00014310174981456186
2025-01-05 00:00:00+00:00,0.00019734055768938497,9.469746984566483e-05,0.00010264308784382253,0.0,0.0,0.0,0.9869595550700206,0.0002377523014884607
2025-01-06 00:00:00+00:00,1.964472599635947e-05,-0.00012010737699346672,0.00013975210298985274,0.0,0.0,0.0,0.9884985169404684,0.00011764261343782489
2025-01-07 00:00:00+00:00,0.0003118031787556763,0.00015925221784889485,0.00015255096090667147,0.0,0.0,0.0,1.0269349984358649,0.00027680852151001407
2025-01-08 00:00:00+00:00,3.088737566425692e-05,-0.00010399158612091137,0.00013487896178513456,0.0,0.0,0.0,0.9739480796595688,0.00017281159769241873
2025-01-09 00:00:00+00:00,0.00020505914606849807,6.133806999485536e-05,0.0001437210760736214,0.0,0.0,0.0,0.9546617098284457,0.00023410166300017032
2025-01-10 00:00:00+00:00,6.127197233118942e-05,-6.027075640890645e-07,6.187467989523337e-05,0.0,0.0,0.0,0.9294109840998065,0.00023348464937114532
2025-01-11 00:00:00+00:00,8.013379492122219e-05,2.0139243794145965e-05,5.99945511269947e-05,0.0,0.0,0.0,0.9511474745289498,0.00025360357094850373
2025-01-12 00:00:00+00:00,-9.501762994190699e-06,-6.483212081094535e-05,5.533035781675951e-05,0.0,0.0,0.0,0.949954721158443,0.00018877324381635617
2025-01-13 00:00:00+00:00,0.00010998030241959889,3.806600660104546e-05,7.191429581861231e-05,0.0,0.0,0.0,0.9492606496158518,0.00022681430531137038
2025-01-14 00:00:00+00:00,0.00011217012906628021,2.781826990083414e-05,8.435185916553476e-05,0.0,0.0,0.0,0.9490363952484395,0.0002546040162468842
2025-01-15 00:00:00+00:00,9.385458004640412e-05,-2.3898937435109743e-05,0.00011775351748159003,0.0,0.0,0.0,0.9693008900101697,0.00023068342811552442
2025-01-16 00:00:00+00:00,3.246666262834985e-05,-4.317470036571053e-05,7.564136299409995e-05,0.0,0.0,0.0,1.0088362432549627,0.00018750264016508753
2025-01-17 00:00:00+00:00,0.00014687750103714592,6.300289515599636e-05,8.387460588113292e-05,0.0,0.0,0.0,1.0035047920399682,0.00025046874709724925
2025-01-18 00:00:00+00:00,2.5265850811528878e-05,-7.544178895539973e-05,0.00010070763976691674,0.0,0.0,0.0,1.044614351993612,0.00017502253604859578
2025-01-19 00:00:00+00:00,0.0001417559569465432,-1.4756703641344088e-05,0.0001565126605879616,0.0,0.0,0.0,1.0492864337378962,0.00016024311699059656
2025-01-20 00:00:00+00:00,9.675778510964683e-05,-5.952030590406566e-05,0.00015627809101377219,0.0,0.0,0.0,1.0168811632734083,0.0001007130663135486
2025-01-21 00:00:00+00:00,0.00011879214060606103,-3.899055930538592e-05,0.00015778269991147416,0.0,0.0,0.0,1.0261161498974127,6.171517573055618e-05
2025-01-22 00:00:00+00:00,0.00023744045835849548,8.088200266475198e-05,0.00015655845569382973,0.0,0.0,0.0,1.064756538411884,0.00014256332809333626
2025-01-23 00:00:00+00:00,0.00021686154811928482,6.691748053368204e-05,0.00014994406758556586,0.0,0.0,0.0,1.0400130166026853,0.0002094353901438802
2025-01-24 00:00:00+00:00,0.00012172329001636228,2.3019838140682486e-05,9.870345187566623e-05,0.0,0.0,0.0,1.041906270906625,0.00023242693651328813
2025-01-25 00:00:00+00:00,0.0002013130514670891,8.103601497425578e-05,0.00012027703649276663,0.0,0.0,0.0,1.0512432519613992,0.00031339986000525366
2025-01-26 00:00:00+00:00,4.076203724601157e-05,-8.848996207134392e-05,0.00012925199931745047,0.0,0.0,0.0,1.050049077595741,0.00022490073052178607
2025-01-27 00:00:00+00:00,0.0002196934012665963,7.59528771154501e-05,0.00014374052415112696,0.0,0.0,0.0,1.0284217249821928,0.00030078752660260484
2025-01-28 00:00:00+00:00,7.767005603809274e-05,7.618680893830673e-06,7.00513751441646e-05,0.0,0.0,0.0,1.022949649793989,0.00030838225542922633
2025-01-29 00:00:00+00:00,9.19742643668009e-05,-2.8617953494102793e-05,0.00012059221786101373,0.0,0.0,0.0,1.0153939904777758,0.0002797385731855777
2025-01-30 00:00:00+00:00,3.81593048874862e-05,-0.00010358646198043171,0.00014174576686782134,0.0,0.0,0.0,1.0394900701294874,0.00017614538961946264
2025-01-31 00:00:00+00:00,0.00016388837572933745,5.457249766594972e-05,0.00010931587806345485,0.0,0.0,0.0,1.0491827141096985,0.00023068008150167705
2025-02-01 00:00:00+00:00,0.00016518079821969955,1.8638790251631972e-05,0.00014654200796801733,0.0,0.0,0.0,1.0260129692979159,0.00024927769586441487
2025-02-02 00:00:00+00:00,-1.344585746743121e-06,-8.866991995176546e-05,8.732533420504792e-05,0.0,0.0,0.0,1.0081295518642706,0.00016060799186383017
2025-02-03 00:00:00+00:00,8.169417489534148e-05,2.0188715134352808e-05,6.150545976100404e-05,0.0,0.0,0.0,0.9786223225375996,0.000180781938167024
2025-02-04 00:00:00+00:00,7.904460821128723e-05,-5.910853062653441e-06,8.49554612738319e-05,0.0,0.0,0.0,1.0148939471634562,0.00017485726358028495
2025-02-05 00:00:00+00:00,0.00014315441548840013,9.131045302400453e-05,5.184396246445857e-05,0.0,0.0,0.0,0.9789460343982036,0.00026612961897436096
2025-02-06 00:00:00+00:00,7.241267443403032e-05,3.0549316442281804e-05,4.186335799169082e-05,0.0,0.0,0.0,0.967319832822962,0.0002966574536570675
2025-02-07 00:00:00+00:00,-3.343187854765173e-05,-9.960359137785043e-05,6.617171283019789e-05,0.0,0.0,0.0,0.966869963546911,0.00019706045037999923
2025-02-08 00:00:00+00:00,0.0001043194571206385,6.485216854953606e-05,3.94672885710833e-05,0.0,0.0,0.0,0.9662280647032391,0.00026188529919720955
2025-02-09 00:00:00+00:00,-7.216774472884602e-05,-9.78940267555355e-05,2.572628202671115e-05,0.0,0.0,0.0,0.965774242222178,0.00016400310817632136
2025-02-10 00:00:00+00:00,0.0001011027737143344,3.204946236124944e-05,6.90533113530594e-05,0.0,0.0,0.0,0.9658248234170289,0.00019603275108254317
2025-02-11 00:00:00+00:00,0.00016404114913126655,6.244006145604906e-05,0.0001016010876751561,0.0,0.0,0.0,0.9752970777890596,0.000258430419315605
2025-02-12 00:00:00+00:00,5.133892900577308e-06,-2.4080788781519352e-05,2.9214681682041078e-05,0.0,0.0,0.0,0.9587689796668569,0.00023434842741421242
2025-02-13 00:00:00+00:00,0.00013079503317592334,3.449392576123289e-05,9.630110741470751e-05,0.0,0.0,0.0,0.9795509368875267,0.0002688071945295299
2025-02-14 00:00:00+00:00,1.2586428874250544e-05,-3.0885295907557605e-05,4.347172478176666e-05,0.0,0.0,0.0,0.9669365146781705,0.00023791890407238287
2025-02-15 00:00:00+00:00,0.00010013511510265083,3.8743789554470996e-05,6.13913255481816e-05,0.0,0.0,0.0,0.9757335626394137,0.00027663499274991677
2025-02-16 00:00:00+00:00,-6.72688882157324e-05,-0.00011812169040899425,5.0852802193226024e-05,0.0,0.0,0.0,0.9766100934470878,0.00015852396607204632
2025-02-17 00:00:00+00:00,0.0001466602922259863,9.735684054609988e-05,4.9303451679984503e-05,0.0,0.0,0.0,0.9618402258564568,0.0002558432845673996
2025-02-18 00:00:00+00:00,1.4701291185970078e-05,-7.111762663728701e-05,8.581891782336551e-05,0.0,0.0,0.0,0.9585129339150072,0.00018472294226424014
2025-02-19 00:00:00+00:00,0.00019328787867300967,6.421011512447356e-05,0.00012907776354849617,0.0,0.0,0.0,0.9571799979077145,0.0002488849509447307
2025-02-20 00:00:00+00:00,7.55550038757935e-05,-1.6362159018822968e-05,9.191716289457716e-05,0.0,0.0,0.0,0.9668568423602182,0.00023250522499288797
2025-02-21 00:00:00+00:00,8.07650907541646e-05,2.8719173476433363e-05,5.2045917277732355e-05,0.0,0.0,0.0,0.983366195687758,0.0002612033023609895
2025-02-22 00:00:00+00:00,6.774442797063962e-05,8.905226550625523e-06,5.883920142002859e-05,0.0,0.0,0.0,0.9620494494757457,0.00027009023180337116
2025-02-23 00:00:00+00:00,3.0762403608664e-05,-3.141631146013363e-05,6.21787150687128e-05,0.0,0.0,0.0,0.9657432741630039,0.00023866657838568237
2025-02-24 00:00:00+00:00,-3.2661582131887634e-05,-4.0569816615192904e-05,7.90823448331428e-06,0.0,0.0,0.0,0.962883761359078,0.00019810323213559223
2025-02-25 00:00:00+00:00,8.233724242190377e-05,-6.103180383984435e-06,8.844042280598343e-05,0.0,0.0,0.0,0.9157387338451297,0.0001919842442983601
2025-02-26 00:00:00+00:00,5.962931960112883e-05,1.455638746516453e-05,4.5072932136062305e-05,0.0,0.0,0.0,0.8869337799390474,0.00020652831662036625
2025-02-27 00:00:00+00:00,8.73713065119297e-06,-3.303846575939367e-06,0.00012430717815290499,-8.863290182498592e-05,-2.3633299100743392e-05,0.11816649550371697,0.9555460981593906,0.00023534320261321882
2025-02-28 00:00:00+00:00,8.171892363573185e-05,-6.352961844183625e-06,8.807188547985868e-05,0.0,0.0,0.0,0.960675206396066,0.00022897152946191413
2025-03-01 00:00:00+00:00,9.750934773600228e-05,5.660480218059318e-05,4.090454555537451e-05,0.0,0.0,0.0,0.9564572791189635,0.00028554848799556735
2025-03-02 00:00:00+00:00,-1.9965023645429625e-06,3.680654790658509e-05,-3.880305027112867e-05,0.0,0.0,0.0,0.9758702295192266,0.0003223556794859613
2025-03-03 00:00:00+00:00,-0.00010749971298407157,-5.0190847351118944e-05,-5.730886563290851e-05,0.0,0.0,0.0,1.0691061938115283,0.00027219409292156873
2025-03-04 00:00:00+00:00,-9.057882938845463e-05,-0.00011417518421590818,2.3596354827506565e-05,0.0,0.0,0.0,0.9780047679449644,0.00015803322317014292
2025-03-05 00:00:00+00:00,7.185324345315713e-05,4.6627174962786934e-05,2.5226068490294716e-05,0.0,0.0,0.0,0.9899218145342489,0.00020464569367600842
2025-03-06 00:00:00+00:00,7.85477742015761e-05,2.1667032978002535e-05,5.688074122367823e-05,0.0,0.0,0.0,1.0275271081932358,0.0002262949516889554
2025-03-07 00:00:00+00:00,8.833399820562526e-05,2.3139934909596757e-05,6.519406329613424e-05,0.0,0.0,0.0,1.019767273960703,0.0002494128549640525
2025-03-08 00:00:00+00:00,5.113263543532476e-05,2.245736483963348e-05,2.867527059558407e-05,0.0,0.0,0.0,0.9841921205519661,0.00027185631907381024
2025-03-09 00:00:00+00:00,-6.357190577466199e-05,-5.772835478021712e-05,-5.843550994402323e-06,0.0,0.0,0.0,0.9777420880827414,0.00021414157768164457
2025-03-10 00:00:00+00:00,0.00011500135684539003,3.414015618736341e-05,8.086120065809607e-05,0.0,0.0,0.0,0.9153566692541876,0.0002482531844160822
2025-03-11 00:00:00+00:00,-4.359219955962779e-05,-8.913979120646836e-05,4.554759164680266e-05,0.0,0.0,0.0,0.8912306978854052,0.000159120329614771
2025-03-12 00:00:00+00:00,-1.4856072988456148e-06,4.6029706519739505e-05,6.565852005590572e-05,-8.934949947606603e-05,-2.3824334398437713e-05,0.11912167199218855,1.067565334269718,0.00023813231760406043
2025-03-13 00:00:00+00:00,6.99108411885696e-05,1.5643728893630616e-05,5.426711229490037e-05,0.0,0.0,0.0,1.0770940600864496,0.00025375830604106644
2025-03-14 00:00:00+00:00,-3.0165228048772974e-06,-5.883690809762393e-05,5.582038529271139e-05,0.0,0.0,0.0,1.0441412027071595,0.00019492198592990906
2025-03-15 00:00:00+00:00,8.12688226794478e-05,8.374950584353403e-05,-2.4806831640712026e-06,0.0,0.0,0.0,1.080886470254158,0.0002786488463100129
2025-03-16 00:00:00+00:00,-6.281225796067602e-05,-5.052883907440579e-05,-1.2283418886295617e-05,0.0,0.0,0.0,1.0855785294277067,0.00022813433686837007
2025-03-17 00:00:00+00:00,1.9093150986693175e-05,-1.6221741786465697e-05,3.5314892773107836e-05,0.0,0.0,0.0,1.0628650491776037,0.00021190854908008478
2025-03-18 00:00:00+00:00,0.00014474056239333066,9.076277466678604e-05,5.397778772650093e-05,0.0,0.0,0.0,1.0810986533962796,0.00030262752126909324
2025-03-19 00:00:00+00:00,4.217703366582448e-05,1.1649421810007438e-05,3.0527611855816326e-05,0.0,0.0,0.0,1.0643726259833597,0.0003142636883688245
2025-03-20 00:00:00+00:00,-1.1589112725918227e-05,-8.173558964325478e-05,7.014647691736561e-05,0.0,0.0,0.0,1.1176392112257332,0.00023253079355094785
2025-03-21 00:00:00+00:00,-4.743795212525104e-05,2.2244954290645728e-05,3.2140590788665866e-05,-8.038821051724303e-05,-2.143528668730113e-05,0.10717643343650567,0.9789659388201616,0.00023124495817374545
2025-03-22 00:00:00+00:00,4.454648492724367e-05,-7.498893817221174e-06,5.2045378744557486e-05,0.0,0.0,0.0,0.9773651303564297,0.0002237360976999165
2025-03-23 00:00:00+00:00,1.0167325105170377e-05,-1.627594371408554e-05,2.6443268819262248e-05,0.0,0.0,0.0,0.9744860060770624,0.00020745804469235303
2025-03-24 00:00:00+00:00,4.49467577612328e-05,1.5752628218161066e-05,2.9194129543085303e-05,0.0,0.0,0.0,1.0004887347087001,0.00022320064076556266
2025-03-25 00:00:00+00:00,-1.2154966401722866e-05,-2.1157560739202796e-05,9.002594337448578e-06,0.0,0.0,0.0,1.01697934836437,0.00020204553588316072
2025-03-26 00:00:00+00:00,-9.71348953242579e-05,-6.847227884611096e-05,-2.866261647819108e-05,0.0,0.0,0.0,1.0159226037890179,0.00013358623292152955
2025-03-27 00:00:00+00:00,8.024510060722356e-05,7.14436380591528e-05,8.801462548072602e-06,0.0,0.0,0.0,1.0101463413499538,0.00020501341965819818
2025-03-28 00:00:00+00:00,4.9221528120035885e-05,3.2202277995828e-05,1.7019250124256675e-05,0.0,0.0,0.0,1.0138173722432566,0.00023720402210955854
2025-03-29 00:00:00+00:00,7.978651033613282e-05,1.6100346514171084e-05,6.368616382185825e-05,0.0,0.0,0.0,0.9810848603474216,0.00025328415996444604
2025-03-30 00:00:00+00:00,5.457771328609695e-05,8.717903625457055e-07,5.3705922923575646e-05,0.0,0.0,0.0,0.960389320502485,0.0002541420798332275
2025-03-31 00:00:00+00:00,-2.932345306794204e-06,-3.969335479652704e-05,3.6761009489682514e-05,0.0,0.0,0.0,0.9574268658684073,0.00021444935387603697
2025-04-01 00:00:00+00:00,3.101577274033929e-05,-2.5571196668188946e-05,5.6586969408550195e-05,0.0,0.0,0.0,0.9592824075739758,0.00018887229918759213
2025-04-02 00:00:00+00:00,4.944346308644043e-05,2.8185558494294352e-05,2.125790459216804e-05,0.0,0.0,0.0,0.9895219157996911,0.00021704712612024838
2025-04-03 00:00:00+00:00,1.0825790487167808e-05,-3.5854906778390594e-05,4.668069726550634e-05,0.0,0.0,0.0,0.9588403650392673,0.0001811902578142829
2025-04-04 00:00:00+00:00,7.724439640011127e-05,1.220332076330929e-06,7.602406432387231e-05,0.0,0.0,0.0,0.9668629322886403,0.00018239650078313266
2025-04-05 00:00:00+00:00,8.653026410465614e-05,-1.6967116351712247e-05,0.00010349738045633664,0.0,0.0,0.0,0.9746606336839407,0.00016541507102143987
2025-04-06 00:00:00+00:00,5.897661357634476e-05,1.987072507530832e-05,3.910588850092958e-05,0.0,0.0,0.0,0.9704945728266419,0.0001852748692123507
2025-04-07 00:00:00+00:00,9.203040808292151e-05,4.653658521131972e-05,4.549382287150838e-05,0.0,0.0,0.0,0.9110112836675571,0.00023179012268409002
2025-04-08 00:00:00+00:00,-2.594802982813782e-05,-9.736347007996575e-05,7.141544025181084e-05,0.0,0.0,0.0,0.9196516977337825,0.00013443014080155238
2025-04-09 00:00:00+00:00,8.063141793890338e-05,7.436066561303394e-06,7.319535137755321e-05,0.0,0.0,0.0,0.8865657037918511,0.00014185476941159096
2025-04-10 00:00:00+00:00,-2.4373577995007167e-05,1.6302048052189978e-05,6.475454427544448e-05,-8.323541644201841e-05,-2.219475388059003e-05,0.11097376940295013,1.0794967355605427,0.00017851872782749515
2025-04-11 00:00:00+00:00,0.00017479396580544204,0.00012859621389602847,4.619775190935403e-05,0.0,0.0,0.0,1.039876708129946,0.00030706126926649313
2025-04-12 00:00:00+00:00,5.247105592243173e-06,-9.603831187466415e-06,1.4850936779641822e-05,0.0,0.0,0.0,1.0897490426985312,0.0002974558772964208
2025-04-13 00:00:00+00:00,4.631205518701442e-05,-4.2596361080190965e-05,8.890841626724944e-05,0.0,0.0,0.0,1.113953075612543,0.00025484771369512155
2025-04-14 00:00:00+00:00,5.015441837241674e-05,3.287108834715127e-05,0.0001285676449651414,-8.785696197745977e-05,-2.3427352962452354e-05,0.11713676481226178,0.9792931844218259,0.00027015177968304235
2025-04-15 00:00:00+00:00,-1.290231599182512e-05,-4.9820198331218284e-05,3.691788233939732e-05,0.0,0.0,0.0,0.989080996226658,0.00022033442417623944
2025-04-16 00:00:00+00:00,4.0926312117273156e-05,-1.3390812934016834e-05,5.4317125051380175e-05,0.0,0.0,0.0,0.9779722657973874,0.00020693514214978852
2025-04-17 00:00:00+00:00,7.899893051299678e-05,2.859318579016524e-05,5.0405744722833e-05,0.0,0.0,0.0,0.9823847241882347,0.00023550972292369195
2025-04-18 00:00:00+00:00,1.145001511226873e-05,-4.2447879553463565e-05,5.389789466571932e-05,0.0,0.0,0.0,0.9931451744815141,0.00019305963283429347
2025-04-19 00:00:00+00:00,0.00018512541952731,0.00012091075732920932,6.421466219814809e-05,0.0,0.0,0.0,0.9873078913618034,0.00031391227702146654
2025-04-20 00:00:00+00:00,-0.00011916644984943936,-0.00013795772323489902,1.8791273385475174e-05,0.0,0.0,0.0,0.9946060623096931,0.0001759755241651618
2025-04-21 00:00:00+00:00,6.943964268901759e-05,5.986675639386887e-05,9.572886295145086e-06,0.0,0.0,0.0,0.9956725207009638,0.00023582590489235378
2025-04-22 00:00:00+00:00,0.00013297563487402186,5.7758055040604735e-05,7.521757983330878e-05,0.0,0.0,0.0,1.0228025239541652,0.0002935449256100282
2025-04-23 00:00:00+00:00,-0.00011975559329302499,-7.090203002097211e-05,-4.8853563272021034e-05,0.0,0.0,0.0,1.0922903054928847,0.00022266956151462748
2025-04-24 00:00:00+00:00,0.00013939149171893206,0.00012147738220753601,1.791410951144714e-05,0.0,0.0,0.0,1.0949166977595586,0.00034409897925190253
2025-04-25 00:00:00+00:00,-5.127105635271967e-05,-5.786614395447843e-05,6.59508760175291e-06,0.0,0.0,0.0,1.0984140043983945,0.00028624751150978765
2025-04-26 00:00:00+00:00,-6.638133943404068e-05,-1.2216812315128573e-05,-5.416452711890317e-05,0.0,0.0,0.0,1.106194606946583,0.0002740488909273496
2025-04-27 00:00:00+00:00,-9.08000892416716e-05,2.0201639101072687e-05,-7.101168116097808e-06,-8.20277404193427e-05,-2.1872819807263978e-05,0.10936409903631987,0.9970672757864198,0.00027561098711934246
2025-04-28 00:00:00+00:00,-3.563623329427834e-06,-5.2698085151382195e-08,-3.5109252442229126e-06,0.0,0.0,0.0,0.9878095817253696,0.0002755592710232923
2025-04-29 00:00:00+00:00,-8.468507595638108e-05,-5.327795429409588e-05,-3.14071216623348e-05,0.0,0.0,0.0,1.0012475352191301,0.00022230014223353708
2025-04-30 00:00:00+00:00,5.9492724438392486e-05,7.662977875926787e-05,-1.7137054320954787e-05,0.0,0.0,0.0,0.9931604523695984,0.0002989121378954608
2025-05-01 00:00:00+00:00,-3.8973037750134054e-05,-5.2278004371015726e-05,1.330496662087779e-05,0.0,0.0,0.0,0.9923574095223271,0.0002466437459805253
2025-05-02 00:00:00+00:00,3.057179963894541e-05,0.00010487629369699468,-7.430449405813065e-05,0.0,0.0,0.0,1.0166528856027142,0.0003515092934057329
2025-05-03 00:00:00+00:00,-0.00017929194725108122,-5.675794737606101e-05,-0.00012253399987498711,0.0,0.0,0.0,1.0210795225807305,0.00029480420204916805
2025-05-04 00:00:00+00:00,-4.243891904787134e-06,-1.4811367919988628e-05,1.056747601517955e-05,0.0,0.0,0.0,1.0102329806784083,0.00027999402239357093
2025-05-05 00:00:00+00:00,-6.8893309522755075e-06,-3.0097249018429778e-05,2.320791806613057e-05,0.0,0.0,0.0,0.9936261973495798,0.0002498984950084965
2025-05-06 00:00:00+00:00,-3.805542091728231e-05,-5.4976614700354505e-05,1.6921193783106914e-05,0.0,0.0,0.0,0.9985270706795843,0.0001949292984247282
2025-05-07 00:00:00+00:00,2.226355898593546e-05,-9.804448217095297e-06,3.206800720305591e-05,0.0,0.0,0.0,1.0206568127159348,0.00018512072876133512
2025-05-08 00:00:00+00:00,5.525627577318559e-05,3.679221773226925e-05,1.8464058041026983e-05,0.0,0.0,0.0,1.0226348415684239,0.0002219006850880608
2025-05-09 00:00:00+00:00,6.416861562885678e-05,-4.474909302652922e-05,0.0001089177086554359,0.0,0.0,0.0,1.0882956269198145,0.00017714022521896736
2025-05-10 00:00:00+00:00,0.00011217516033568131,-1.8552025967546267e-05,0.0001307271863032292,0.0,0.0,0.0,1.0851395908741361,0.0001585704115900699
2025-05-11 00:00:00+00:00,8.368622075871635e-05,-4.932599044507609e-05,0.0001330122112037048,0.0,0.0,0.0,1.104463685156961,0.00010923527965752417
2025-05-12 00:00:00+00:00,0.00012751596096949314,0.00013032572063319942,9.257272275050798e-05,-7.5303151181556e-05,-2.0079331232578765e-05,0.10039665616289382,0.9968203112184527,0.00021689710490525497
2025-05-13 00:00:00+00:00,0.0001271471708961247,3.217546456849872e-05,9.497170632764643e-05,0.0,0.0,0.0,0.9839586992205365,0.00024904090462748806
2025-05-14 00:00:00+00:00,-1.04940642871032e-05,-0.00014505842772400104,0.0001345643634368516,0.0,0.0,0.0,0.9966802023889165,0.00010398356811350308
2025-05-15 00:00:00+00:00,0.0002020023554241135,0.00013409667324414134,6.79056821799904e-05,0.0,0.0,0.0,0.9906403984045806,0.000238032158300881
2025-05-16 00:00:00+00:00,5.439857124733827e-05,-1.0530278467333456e-06,5.545159909397099e-05,0.0,0.0,0.0,0.9930369658717804,0.00023696623982912945
2025-05-17 00:00:00+00:00,8.55902715048984e-05,1.0481843369342097e-05,7.510842813546243e-05,0.0,0.0,0.0,0.9900718243700337,0.0002474269058625637
2025-05-18 00:00:00+00:00,3.095218124093968e-05,-2.1775482043882198e-05,5.2727663284737036e-05,0.0,0.0,0.0,0.986835019410937,0.00022564443963103646
2025-05-19 00:00:00+00:00,0.00010851527304200914,-1.818555398860801e-06,0.00011033382844085006,0.0,0.0,0.0,1.0185761033055558,0.000223801598340655
2025-05-20 00:00:00+00:00,6.0975989416123255e-05,-2.1724593895121084e-05,8.270058331115395e-05,0.0,0.0,0.0,1.0101091985276671,0.000202064683351585
2025-05-21 00:00:00+00:00,0.0001240576677381533,3.7178370581233217e-05,8.687929715691593e-05,0.0,0.0,0.0,1.0221587628226239,0.00023921337767902548
2025-05-22 00:00:00+00:00,4.0840350703730266e-05,-7.468241651145562e-05,0.00011552276721514348,0.0,0.0,0.0,1.0489249981784083,0.00016452424193990673
2025-05-23 00:00:00+00:00,0.00015243848414492334,-3.6837355713668122e-06,0.00015612221971639178,0.0,0.0,0.0,1.0684018492161307,0.0001608159918226652
2025-05-24 00:00:00+00:00,0.00016395917801359516,6.256612650350022e-05,0.00010139305151013045,0.0,0.0,0.0,1.0262888276015583,0.00022334549878162897
2025-05-25 00:00:00+00:00,0.00019234617637731155,7.747745353839124e-05,0.00011486872283897649,0.0,0.0,0.0,1.0302562705146618,0.00030076510130314847
2025-05-26 00:00:00+00:00,1.2886472332329646e-05,-7.029009521692598e-05,8.317656754925891e-05,0.0,0.0,0.0,1.0421935909944353,0.00023047203611446037
2025-05-27 00:00:00+00:00,0.00014301545532879878,-1.0519470529616198e-06,0.00014406740238173435,0.0,0.0,0.0,1.0461627287933613,0.00022938728313493756
2025-05-28 00:00:00+00:00,7.277020682150415e-05,4.733084833441956e-06,6.803712198809428e-05,0.0,0.0,0.0,1.041333738325737,0.00023410333222047353
2025-05-29 00:00:00+00:00,0.0001015531671320069,4.641910058946246e-05,5.5134066542614325e-05,0.0,0.0,0.0,1.0301263557083131,0.0002804939477610224
2025-05-30 00:00:00+00:00,2.8359797906052364e-05,-4.2207933857336076e-05,7.05677317633388e-05,0.0,0.0,0.0,1.0091838715336305,0.00023827925635249534
2025-05-31 00:00:00+00:00,3.060197760307304e-05,-6.825732759708091e-05,9.885930520018397e-05,0.0,0.0,0.0,0.9938850381707774,0.00017001672590739192
2025-06-01 00:00:00+00:00,0.00011390590685023128,5.597120776997845e-05,5.793469908017356e-05,0.0,0.0,0.0,0.9995122277356405,0.00022596219524847943
2025-06-02 00:00:00+00:00,8.800940508102428e-05,5.902354296364694e-05,2.898586211728981e-05,0.0,0.0,0.0,1.009410794861995,0.00028496065899397523
2025-06-03 00:00:00+00:00,-8.532839655961411e-07,-7.660438309034456e-05,7.575109912470466e-05,0.0,0.0,0.0,1.0115438212901542,0.0002083564536909998
2025-06-04 00:00:00+00:00,6.840402687635638e-05,1.529221678436483e-05,5.311181009188897e-05,0.0,0.0,0.0,1.0068614772593818,0.00022363337305224073
2025-06-05 00:00:00+00:00,5.781174212615703e-05,3.9470334645516084e-05,1.8341407480589834e-05,0.0,0.0,0.0,1.0002650499873649,0.00026308849809350684
2025-06-06 00:00:00+00:00,-1.0749565528822558e-06,-2.422554822601931e-05,2.3150591673087163e-05,0.0,0.0,0.0,0.9698227969135962,0.0002388632066348833
2025-06-07 00:00:00+00:00,-5.2284136718872e-05,-7.931844829459947e-06,-4.4352291889399625e-05,0.0,0.0,0.0,0.9964472444262916,0.0002309434364837633
2025-06-08 00:00:00+00:00,-7.679109715885701e-06,-1.7584768182678302e-05,9.905658466827466e-06,0.0,0.0,0.0,1.0085498692028327,0.00021336030671852512
2025-06-09 00:00:00+00:00,6.0558087169759744e-05,6.145159114017496e-05,-8.935039705120297e-07,0.0,0.0,0.0,1.0101652822493608,0.0002747952567833745
2025-06-10 00:00:00+00:00,-3.7890470195089954e-05,-0.00010746209920107556,6.957162900593214e-05,0.0,0.0,0.0,1.0535938502106326,0.0001673394981545047
2025-06-11 00:00:00+00:00,0.0001599004921821745,1.897024008223923e-05,0.00014093025209993868,0.0,0.0,0.0,1.053515083160878,0.0001862799519806299
2025-06-12 00:00:00+00:00,0.0001087463267961386,2.885690971938497e-05,7.988941707669495e-05,0.0,0.0,0.0,1.0378053525955182,0.00021511346890044534
2025-06-13 00:00:00+00:00,0.00011696988528009378,8.269185313467666e-05,3.427803214548111e-05,0.0,0.0,0.0,1.0091961658247064,0.00029777049185516347
2025-06-14 00:00:00+00:00,-8.211883866260372e-05,-0.0001100996124042697,2.7980773741655646e-05,0.0,0.0,0.0,1.0131615112406405,0.00018768629203143615
2025-06-15 00:00:00+00:00,8.094541363723451e-05,7.423377394184562e-05,6.711639695331833e-06,0.0,0.0,0.0,1.0067770252781503,0.0002618988664611012
2025-06-16 00:00:00+00:00,7.055145204093449e-05,2.14467610872959e-05,4.9104690953563634e-05,0.0,0.0,0.0,1.0083981692931336,0.00028332563851319193
2025-06-17 00:00:00+00:00,-2.146070034070302e-05,-7.111798309943345e-05,4.965728275873682e-05,0.0,0.0,0.0,1.0199589869068861,0.0002122122096363492
2025-06-18 00:00:00+00:00,2.5679881698215112e-05,-6.0181720492196305e-06,3.169805374733922e-05,0.0,0.0,0.0,0.9985093214966014,0.00020618874268471575
2025-06-19 00:00:00+00:00,0.00010790553726169883,5.1678531291385495e-05,5.622700597024445e-05,0.0,0.0,0.0,1.0015555489975116,0.00025783945167147235
2025-06-20 00:00:00+00:00,2.085378280392014e-05,-1.1939222618860888e-05,3.27930054226766e-05,0.0,0.0,0.0,0.9993670231560342,0.00024589510120983017
2025-06-21 00:00:00+00:00,7.312036648743359e-05,1.8624798887125947e-06,7.125788659882284e-05,0.0,0.0,0.0,0.9862976126874191,0.00024773946629802604
2025-06-22 00:00:00+00:00,4.695807544807806e-06,-5.567930179337325e-05,6.037510933815232e-05,0.0,0.0,0.0,0.9750986290072962,0.0001920592626314438
2025-06-23 00:00:00+00:00,0.00015384143292784813,9.049037858952938e-05,6.335105433841824e-05,0.0,0.0,0.0,0.9638181271918832,0.0002825061800652395
2025-06-24 00:00:00+00:00,-6.123188580020589e-05,-7.748986483810516e-05,1.6257979037936036e-05,0.0,0.0,0.0,1.0056868501020535,0.0002050288695317271
2025-06-25 00:00:00+00:00,1.6913249808903075e-05,2.4637842729123055e-05,-7.724592920263291e-06,0.0,0.0,0.0,1.0127982695548403,0.0002296628279158721
2025-06-26 00:00:00+00:00,7.876956735408669e-05,5.915847064176699e-05,1.9611096712241015e-05,0.0,0.0,0.0,1.0246676157466923,0.0002887985500210002
2025-06-27 00:00:00+00:00,-0.00010125347660350226,-0.00013000470353875622,2.875122693522521e-05,0.0,0.0,0.0,1.0211433393331373,0.00015880992653923256
2025-06-28 00:00:00+00:00,3.850787318726567e-05,1.7762264784251335e-05,2.0745608403116205e-05,0.0,0.0,0.0,1.022046146511682,0.00017656539216577848
2025-06-29 00:00:00+00:00,0.00015047637157428184,9.02880358532892e-05,6.018833572109446e-05,0.0,0.0,0.0,1.0241815087118167,0.00026681327892501294
2025-06-30 00:00:00+00:00,4.266747491610268e-05,-4.181936524208665e-05,8.448684015821258e-05,0.0,0.0,0.0,1.0343012020491142,0.00022498431417028656
2025-07-01 00:00:00+00:00,0.00010351234146477317,5.766625323948766e-05,4.584608822533972e-05,0.0,0.0,0.0,1.0225813306692326,0.00028262131261602615
2025-07-02 00:00:00+00:00,-3.9395042840006944e-05,-7.627577395017314e-05,3.688073111017772e-05,0.0,0.0,0.0,1.0087082339551017,0.00020635366797723827
2025-07-03 00:00:00+00:00,9.446953119196522e-05,3.035876308888188e-05,6.411076810316323e-05,0.0,0.0,0.0,1.0388283308045938,0.00023669007106599983
2025-07-04 00:00:00+00:00,2.4748627126758294e-05,-4.734756009203215e-05,7.209618721868193e-05,0.0,0.0,0.0,1.0458677339347262,0.0001893378251225776
2025-07-05 00:00:00+00:00,8.498400626377745e-05,4.4291782634832e-05,4.06922236290432e-05,0.0,0.0,0.0,1.0304578774842275,0.00023360975466481026
2025-07-06 00:00:00+00:00,2.622245187344774e-05,-2.0187318942441453e-05,4.6409770815801876e-05,0.0,0.0,0.0,1.032492343467641,0.00021341683940969824
2025-07-07 00:00:00+00:00,8.982856791273086e-05,6.361463482425274e-05,2.6213933088564918e-05,0.0,0.0,0.0,1.0419344051775317,0.0002770065911282956
2025-07-08 00:00:00+00:00,5.021105341018739e-05,4.724143414471809e-06,4.548690999579448e-05,0.0,0.0,0.0,1.0328980327212371,0.00028171658925627637
2025-07-09 00:00:00+00:00,1.4135890400446272e-05,-4.4137507632552734e-05,5.8273398032961316e-05,0.0,0.0,0.0,1.0392264986289397,0.00023757572327945078
2025-07-10 00:00:00+00:00,1.8404790204096244e-05,-7.438854239677979e-05,9.279333260091577e-05,0.0,0.0,0.0,1.061335576137979,0.00016318417751215843
2025-07-11 00:00:00+00:00,9.45174103943458e-05,-1.617527373565956e-05,0.00011069268412989523,0.0,0.0,0.0,1.1068242871668075,0.00014699501018869163
2025-07-12 00:00:00+00:00,4.7522765583618565e-05,-6.981322778078268e-06,0.000152243325512941,-7.716362716148211e-05,-2.057560998979406e-05,0.1028780499489703,1.0166620406725126,0.00011964920233210844
2025-07-13 00:00:00+00:00,0.00016504954279161765,1.2717594173999555e-05,0.00015233194861754247,0.0,0.0,0.0,1.015550294593209,0.0001323449530323366
2025-07-14 00:00:00+00:00,0.00022053095176666204,7.676872275591394e-05,0.0001437622290107099,0.0,0.0,0.0,1.0296629706992748,0.00020906756991789284
2025-07-15 00:00:00+00:00,5.4314587172754614e-05,-0.00010239338274336302,0.0001567079699161749,0.0,0.0,0.0,1.0362342381319338,0.00010666839352439206
2025-07-16 00:00:00+00:00,0.00012928572495196633,-2.2440574073572732e-05,0.00015172629902551887,0.0,0.0,0.0,1.0181112805659862,8.421693140394493e-05
2025-07-17 00:00:00+00:00,0.0002414223599933596,8.758906726114483e-05,0.0001538332927321853,0.0,0.0,0.0,1.0253190192184,0.00017176453086664625
2025-07-18 00:00:00+00:00,-1.3163153644080161e-05,-0.0001671829907880286,0.0001540198371439774,0.0,0.0,0.0,1.0302292957431218,4.58160038680147e-06
2025-07-19 00:00:00+00:00,0.0002713876843221108,0.0001179113759917599,0.00015347630833025645,0.0,0.0,0.0,1.0190056643710124,0.00012245974231287998
2025-07-20 00:00:00+00:00,0.0001415912899449534,-1.1364471499117668e-05,0.0001529557614440645,0.0,0.0,0.0,1.0181397526826008,0.00011107954291793549
2025-07-21 00:00:00+00:00,0.0002535559281853228,0.00010066718591963508,0.00015288874226566937,0.0,0.0,0.0,1.012814592353914,0.00021169305280903437
2025-07-22 00:00:00+00:00,0.00015829971095082662,4.96729260842008e-06,0.00015333241834241697,0.0,0.0,0.0,1.0136447835991442,0.0002166260535755726
2025-07-23 00:00:00+00:00,-0.00023210730186618012,-0.000386221450782958,0.00015411414891673618,0.0,0.0,0.0,1.0365048639350454,-0.00016963477067616389
2025-07-24 00:00:00+00:00,0.0005072503838137177,0.00035365415521407186,0.00015359622859958141,0.0,0.0,0.0,1.0252774120194528,0.00018392608795920066
2025-07-25 00:00:00+00:00,0.00017077347296412526,1.7183704931426476e-05,0.00015358976803268097,0.0,0.0,0.0,1.0215020737016591,0.00020107545453693096
2025-07-26 00:00:00+00:00,8.282154655403495e-05,-6.764388949304931e-05,0.0001504654360471491,0.0,0.0,0.0,1.015211892052449,0.00013342051495039047
2025-07-27 00:00:00+00:00,0.00015154446820142553,-9.49612206149584e-07,0.00015249408040757815,0.0,0.0,0.0,1.0176975012302782,0.0001324508305536495
2025-07-28 00:00:00+00:00,-1.3038832641809606e-05,-0.000166718005353069,0.00015367917271127748,0.0,0.0,0.0,1.0307867170767264,-3.4267621609341504e-05
2025-07-29 00:00:00+00:00,0.0002773638124757838,0.00012412302235318833,0.00015324079012270464,0.0,0.0,0.0,1.0186993595181393,8.983048501783462e-05
2025-07-30 00:00:00+00:00,0.0002944295540139308,0.00014164912695187708,0.00015278042706213464,0.0,0.0,0.0,1.0172954232111215,0.00023141147759150863
2025-07-31 00:00:00+00:00,0.00019776384516623224,6.702953144025897e-05,0.0001307343137260528,0.0,0.0,0.0,1.0160745445589467,0.0002983819998600426
2025-08-01 00:00:00+00:00,8.469461163529424e-05,-1.04362543669182e-05,9.513086600221809e-05,0.0,0.0,0.0,0.9980930427171982,0.00028792136010524994
2025-08-02 00:00:00+00:00,5.569248249237546e-07,-5.8860664451708995e-05,5.941758927668968e-05,0.0,0.0,0.0,0.9768826080292851,0.00022906056808404666
2025-08-03 00:00:00+00:00,-1.3837899986102187e-05,-6.713992931229654e-05,5.330202932624624e-05,0.0,0.0,0.0,0.9704814359998006,0.00016192287944439358
2025-08-04 00:00:00+00:00,0.0001674840827485813,8.779626699036163e-05,7.968781575813343e-05,0.0,0.0,0.0,0.9845664401347948,0.0002496773294563044
2025-08-05 00:00:00+00:00,6.135368752913095e-05,-2.147112935057936e-05,8.282481687970973e-05,0.0,0.0,0.0,0.9918239664670853,0.00022819219967275774
2025-08-06 00:00:00+00:00,0.0001220263686474432,3.112691633568809e-05,9.089945231183204e-05,0.0,0.0,0.0,0.9836946551779986,0.0002592874760990614
2025-08-07 00:00:00+00:00,7.258438897328467e-05,-3.827884933933665e-05,0.00011086323831270542,0.0,0.0,0.0,0.991097093402686,0.00022099258614789564
2025-08-08 00:00:00+00:00,8.483527895264409e-05,3.6638131116790805e-06,8.117146584096346e-05,0.0,0.0,0.0,1.0123848155547543,0.00022463734208789615
2025-08-09 00:00:00+00:00,6.898027297408404e-05,-2.4049815212105377e-05,9.303008818622346e-05,0.0,0.0,0.0,1.0054669500382485,0.0002005736912478211
2025-08-10 00:00:00+00:00,9.3518186478736e-05,-2.7539017771353564e-05,0.00012105720425007291,0.0,0.0,0.0,1.0035690984753913,0.0001730184931008286
2025-08-11 00:00:00+00:00,0.00014823625495852255,-5.0849768830412815e-06,0.00015332123184163619,0.0,0.0,0.0,1.0278298832109434,0.00016790862607186536
2025-08-12 00:00:00+00:00,0.00017783919118019575,2.2534311376603668e-05,0.00015530487980365247,0.0,0.0,0.0,1.0223838671894179,0.0001904090752527788
2025-08-13 00:00:00+00:00,0.00016062286889884092,3.872799969495762e-05,0.00012189486920397982,0.0,0.0,0.0,1.0346553968300585,0.00022910027620424246
2025-08-14 00:00:00+00:00,-0.0001476245253162478,-0.00030430408937430655,0.00015667956405801209,0.0,0.0,0.0,1.0624444723840818,-7.521491673658136e-05
2025-08-15 00:00:00+00:00,0.00041629059641712374,0.0003030566662326141,0.00011323393018459717,0.0,0.0,0.0,1.0185412012113504,0.00022774694058623766
2025-08-16 00:00:00+00:00,0.00014766644337749213,4.327579415576574e-05,0.0001043906492217727,0.0,0.0,0.0,1.0101410011658476,0.0002709827196874841
2025-08-17 00:00:00+00:00,7.698338180306408e-05,-5.200939392778657e-05,0.0001289927757308434,0.0,0.0,0.0,1.010447773004448,0.00021895646975000582
2025-08-18 00:00:00+00:00,4.8693354826045976e-05,1.0762704964298653e-06,4.761708432963294e-05,0.0,0.0,0.0,1.0106071443743436,0.00022002202663566863
2025-08-19 00:00:00+00:00,2.5809013919131374e-05,-3.297532232467995e-05,5.878433624383041e-05,0.0,0.0,0.0,1.0004723635865722,0.0001870418769443184
2025-08-20 00:00:00+00:00,9.179587566610081e-05,2.324571082828478e-05,6.855016483777459e-05,0.0,0.0,0.0,0.9714827402521203,0.00021026828601128638
2025-08-21 00:00:00+00:00,4.444323418839602e-05,8.092208346270276e-06,3.635102584206628e-05,0.0,0.0,0.0,0.983468357705856,0.0002183507901420312
2025-08-22 00:00:00+00:00,5.365050099404023e-05,-5.565298081126428e-05,0.00010930348180520522,0.0,0.0,0.0,0.9682246977073226,0.00016268908098048345
2025-08-23 00:00:00+00:00,0.00013134866157638037,3.0127607588099815e-06,0.00012833590081759184,0.0,0.0,0.0,1.0062741028370252,0.00016568007988253564
2025-08-24 00:00:00+00:00,0.00024409042062512043,9.66538855626695e-05,0.00014743653506254164,0.0,0.0,0.0,0.9930426505786735,0.0002622699478633922
2025-08-25 00:00:00+00:00,8.904692869937669e-05,-5.838259830215234e-05,0.00014742952700154803,0.0,0.0,0.0,0.9762826006533524,0.0002038691956354297
2025-08-26 00:00:00+00:00,0.0001117267453250026,2.1079532781199756e-06,0.00010961879204691084,0.0,0.0,0.0,0.947079674955633,0.00020595413832814806
2025-08-27 00:00:00+00:00,9.727761959865688e-05,2.296982244514274e-05,7.430779715352917e-05,0.0,0.0,0.0,0.9611687066575678,0.00022890169376138576
2025-08-28 00:00:00+00:00,0.000128108608772326,5.974153563236661e-05,6.83670731399659e-05,0.0,0.0,0.0,0.9566749518105255,0.0002886062564476536
2025-08-29 00:00:00+00:00,7.184283615502274e-05,-3.229672159030644e-05,0.00010413955774525754,0.0,0.0,0.0,0.9678610619282898,0.0002562911221762005
2025-08-30 00:00:00+00:00,2.9555381608759035e-06,-6.278272456001139e-05,6.573826272081534e-05,0.0,0.0,0.0,0.9318898267807479,0.00019350782569654083
2025-08-31 00:00:00+00:00,0.00012640419489362564,5.732131814540032e-05,6.908287674824365e-05,0.0,0.0,0.0,0.9354892063663286,0.00025079744199302647
2025-09-01 00:00:00+00:00,3.0460629374395864e-06,-8.758347151363364e-05,9.062953445107021e-05,0.0,0.0,0.0,0.9306726342573753,0.00016321347332081817
2025-09-02 00:00:00+00:00,0.00015259287469548966,4.97465723477065e-05,0.00010284630234782356,0.0,0.0,0.0,0.9390020461304813,0.0002129275544408717
2025-09-03 00:00:00+00:00,8.673952164062193e-05,1.1091320219148928e-05,7.564820142151324e-05,0.0,0.0,0.0,0.9561260488356973,0.000223999445055384
2025-09-04 00:00:00+00:00,1.827385664787684e-05,-2.617840376864575e-05,4.4452260416460864e-05,0.0,0.0,0.0,0.9601384730772953,0.00019781742639941524
2025-09-05 00:00:00+00:00,0.00011700305094763941,2.2997028058216835e-05,9.400602288949013e-05,0.0,0.0,0.0,0.9516233284304761,0.00022078862151518036
2025-09-06 00:00:00+00:00,6.561741172705915e-05,-2.6518703421189023e-05,9.213611514815861e-05,0.0,0.0,0.0,0.9509782468852362,0.00019425717144116672
2025-09-07 00:00:00+00:00,9.3077431488231e-05,3.257675574153913e-05,6.050067574663996e-05,0.0,0.0,0.0,0.9468003200484719,0.00022681281602853197
2025-09-08 00:00:00+00:00,0.00013436938436894863,3.897673818466573e-05,9.539264618433389e-05,0.0,0.0,0.0,0.9547925513844202,0.00026575384503252196
2025-09-09 00:00:00+00:00,4.553882823832289e-05,-4.0045688532243556e-05,8.558451677062338e-05,0.0,0.0,0.0,0.9627624865028206,0.00022569787848359125
2025-09-10 00:00:00+00:00,9.796396090755444e-05,-2.599413982138921e-05,0.0001239581007289494,0.0,0.0,0.0,0.9582360759927541,0.00019968417680921773
2025-09-11 00:00:00+00:00,0.0001736039541440082,7.183131317221908e-05,0.00010177264097181149,0.0,0.0,0.0,0.9787327890292877,0.0002714683620003231
2025-09-12 00:00:00+00:00,3.545326765230783e-05,-3.2258344914589845e-05,6.771161256687731e-05,0.0,0.0,0.0,0.9918109654514948,0.00023920153660946707
2025-09-13 00:00:00+00:00,2.4834409440233074e-05,-2.0101691351115963e-05,4.4936100791435925e-05,0.0,0.0,0.0,0.9965028993661791,0.00021909440417833758
2025-09-14 00:00:00+00:00,8.716882979453722e-05,1.967167949668967e-05,6.749715029784944e-05,0.0,0.0,0.0,0.9954419072609801,0.00023874527252916352
2025-09-15 00:00:00+00:00,8.027343082384064e-05,1.0393300225325237e-05,6.988013059848746e-05,0.0,0.0,0.0,0.9897664791416076,0.0002491185751516837
2025-09-16 00:00:00+00:00,4.857384818035548e-05,-3.77907854045205e-05,8.636463358479113e-05,0.0,0.0,0.0,0.9904578657514619,0.0002113175252416052
2025-09-17 00:00:00+00:00,6.950064427568847e-05,-3.242120129223771e-05,0.00010192184556796702,0.0,0.0,0.0,1.0027814443762575,0.00017888389140394294
2025-09-18 00:00:00+00:00,0.00011283532954653452,1.4341627395353029e-05,9.849370215127802e-05,0.0,0.0,0.0,0.9997227670077781,0.000193203718593965
2025-09-19 00:00:00+00:00,0.00011400792599736143,4.9073744522928324e-05,6.493418147448964e-05,0.0,0.0,0.0,1.0049338785506425,0.00024224984471444145
2025-09-20 00:00:00+00:00,8.26965516864675e-05,2.730301280155579e-05,5.539353888489839e-05,0.0,0.0,0.0,0.9924510869443417,0.0002695305682672819
2025-09-21 00:00:00+00:00,-4.0827068253701526e-05,-9.27195457040105e-06,-3.155511368333332e-05,0.0,0.0,0.0,0.9929579714815207,0.0002602692397272268
2025-09-22 00:00:00+00:00,1.1698544779781272e-05,-5.25432210827559e-05,6.424176586247065e-05,0.0,0.0,0.0,0.9891067959052442,0.0002077235885805008
2025-09-23 00:00:00+00:00,5.695539358319124e-05,-9.014662864501968e-06,6.597005644766614e-05,0.0,0.0,0.0,0.9668992649613914,0.0001986976088154535
2025-09-24 00:00:00+00:00,0.0001220804667902975,2.3651411202969303e-05,9.842905558738561e-05,0.0,0.0,0.0,0.9611592860745104,0.00022232187885935176
2025-09-25 00:00:00+00:00,5.858420039994705e-05,5.622425893874298e-06,5.296177450612812e-05,0.0,0.0,0.0,0.9723261873814426,0.00022793095160081566
2025-09-26 00:00:00+00:00,9.784783732791347e-05,2.9097568289424263e-05,6.875026903855314e-05,0.0,0.0,0.0,0.9351896999838007,0.00025700337266595734
2025-09-27 00:00:00+00:00,3.532241630366251e-05,-2.115589626365007e-05,5.6478312567320466e-05,0.0,0.0,0.0,0.9407474203221917,0.00023583914599365955
2025-09-28 00:00:00+00:00,8.4184352423744e-05,1.583417846997836e-05,6.835017395381794e-05,0.0,0.0,0.0,0.940587092806108,0.00025165213929136164
2025-09-29 00:00:00+00:00,-2.420284517579141e-06,-6.174380706577491e-05,5.932352254823848e-05,0.0,0.0,0.0,0.9623461117104785,0.0001899087918589704
2025-09-30 00:00:00+00:00,6.347285248375911e-05,4.5524904691006727e-05,1.794794779274229e-05,0.0,0.0,0.0,0.9806715077106164,0.00023541875385006458
2025-10-01 00:00:00+00:00,8.072023713001641e-05,2.3039888977004356e-05,5.768034815308459e-05,0.0,0.0,0.0,0.97831244718558,0.00025843778166823234
2025-10-02 00:00:00+00:00,3.291537607630346e-05,-7.400484285798088e-05,0.0001069202189343243,0.0,0.0,0.0,1.0173593091337907,0.00018442686833039257
2025-10-03 00:00:00+00:00,0.00017289993007696403,2.1707372732124297e-05,0.00015119255734492642,0.0,0.0,0.0,1.0337556534326402,0.00020609860662767755
2025-10-04 00:00:00+00:00,0.00016283771558445181,6.691234679068676e-06,0.00015614648090547136,0.0,0.0,0.0,1.0481862726653925,0.000212755196736767
2025-10-05 00:00:00+00:00,0.00013340324520494384,-7.805169483132151e-06,0.00014120841468817454,0.0,0.0,0.0,1.049415955758984,0.0002049226899017693
2025-10-06 00:00:00+00:00,0.0001779988279018152,3.357490399519122e-05,0.0001444239239067211,0.0,0.0,0.0,1.0585531677996856,0.00023845514915988818
2025-10-07 00:00:00+00:00,2.5901589569166106e-05,-0.00011009579702324923,0.00013599738659245085,0.0,0.0,0.0,1.0687210086884602,0.0001283560275115846
2025-10-08 00:00:00+00:00,0.00016157463280164208,7.039432103352475e-05,9.11803117680287e-05,0.0,0.0,0.0,1.0399683375116555,0.00019871824071835014
2025-10-09 00:00:00+00:00,0.00018282438398764533,9.537275358028766e-05,8.745163040734219e-05,0.0,0.0,0.0,1.0565944192826995,0.0002940372371218141
2025-10-10 00:00:00+00:00,0.00010129075339948557,6.171310617316973e-05,3.9577647226385656e-05,0.0,0.0,0.0,1.0423393960967804,0.0003557143127244357
2025-10-11 00:00:00+00:00,-2.7229053051636143e-05,-0.00010078786453750502,7.355881148588262e-05,0.0,0.0,0.0,0.9662934954747745,0.00025493338978150194
2025-10-12 00:00:00+00:00,5.9940950123849035e-05,2.4897680192068027e-05,3.5043269931890286e-05,0.0,0.0,0.0,0.9479555631498536,0.000279814297638696
2025-10-13 00:00:00+00:00,-6.287311273556195e-05,-4.242207575199413e-06,-5.863090516038123e-05,0.0,0.0,0.0,0.9849967306924422,0.00027558941722797745
2025-10-14 00:00:00+00:00,-6.29511620344747e-05,-4.418172743901155e-05,-1.876943459551204e-05,0.0,0.0,0.0,0.9868787916327993,0.00023142225808878549
2025-10-15 00:00:00+00:00,-8.647947390050259e-05,-4.187028632477421e-05,-4.4609187575693665e-05,0.0,0.0,0.0,0.9686803327772622,0.00018956836553679738
2025-10-16 00:00:00+00:00,9.272921638747711e-05,8.55050620043885e-05,7.224154383079575e-06,0.0,0.0,0.0,0.9490926697542761,0.00027504792256286546
2025-10-17 00:00:00+00:00,-2.289043525238732e-05,2.957043729771879e-06,-2.5847478982144632e-05,0.0,0.0,0.0,0.9270915866698002,0.00027801133009293665
2025-10-18 00:00:00+00:00,-7.626942702965156e-05,-5.009946737744218e-05,-2.6169959652205818e-05,0.0,0.0,0.0,0.9121034980776918,0.0002279292467482538
2025-10-19 00:00:00+00:00,8.888899757808488e-06,6.1375457191253e-05,-5.248655743339277e-05,0.0,0.0,0.0,0.9184914106741802,0.00028930213236204235
2025-10-20 00:00:00+00:00,-3.7201675643694365e-05,-4.6845515654802626e-05,9.643840011072842e-06,0.0,0.0,0.0,0.9310687740859515,0.00024246563683493852
2025-10-21 00:00:00+00:00,-5.5241310747966565e-06,2.4087977355469307e-05,-2.961210843028376e-05,0.0,0.0,0.0,0.9472456118344834,0.0002665550866758894
2025-10-22 00:00:00+00:00,-9.999621496059596e-05,-7.85649580120459e-05,-2.143125694855965e-05,0.0,0.0,0.0,0.9282628370825144,0.00018800892884510647
2025-10-23 00:00:00+00:00,4.24326536427877e-05,-3.647870461640518e-05,7.891135825913796e-05,0.0,0.0,0.0,0.9220000013650487,0.00015152379467206993
2025-10-24 00:00:00+00:00,0.00011920881995286514,7.218276385477302e-05,4.702605609798803e-05,0.0,0.0,0.0,0.9433393728407522,0.0002236798939109764
2025-10-25 00:00:00+00:00,-6.82930191586717e-06,-5.4387772633197106e-05,4.755847071730954e-05,0.0,0.0,0.0,0.9513437868278001,0.00016929327743257322
2025-10-26 00:00:00+00:00,0.0001172156274529268,7.444618301278147e-05,4.276944444013755e-05,0.0,0.0,0.0,0.9566549084911768,0.00024371089372008902
2025-10-27 00:00:00+00:00,0.00010513593648342479,1.988427196866023e-05,8.525166451480108e-05,0.0,0.0,0.0,0.9814997936825824,0.0002635674552775707
2025-10-28 00:00:00+00:00,3.769363816141791e-05,-7.738625007825283e-05,0.00011507988823959707,0.0,0.0,0.0,0.9776687873597085,0.00018617418761677636
2025-10-29 00:00:00+00:00,0.00014478641314497054,9.208016782229099e-05,5.270624532264467e-05,0.0,0.0,0.0,0.9670742626889337,0.00027821407382149654
2025-10-30 00:00:00+00:00,-7.876135290729724e-05,-0.00012526916412874088,4.650781122146946e-05,0.0,0.0,0.0,0.9426214536874546,0.0001529569567893047
2025-10-31 00:00:00+00:00,0.00013485503969556945,0.00010098586754931995,3.386917214627386e-05,0.0,0.0,0.0,0.9278414678608831,0.000253908583486809
2025-11-01 00:00:00+00:00,0.00010474952131089843,-3.6242055277561563e-05,0.0001409915765885148,0.0,0.0,0.0,0.9387902739565396,0.00021764373013273105
2025-11-02 00:00:00+00:00,0.00013193710633108147,-4.283482177908351e-08,0.00013197994115296226,0.0,0.0,0.0,0.9428645015514944,0.0002175721894657962
2025-11-03 00:00:00+00:00,7.265538612544198e-05,-2.145741474849629e-05,9.411280087394795e-05,0.0,0.0,0.0,0.9466083353443984,0.00019610052695780516
2025-11-04 00:00:00+00:00,7.24175330697463e-05,-2.8864764177765636e-05,0.00010128229724752087,0.0,0.0,0.0,0.9126730812639302,0.00016722365285565656
2025-11-05 00:00:00+00:00,0.0001191362047265887,3.4172720865145073e-05,8.496348386150931e-05,0.0,0.0,0.0,0.8689774101353472,0.0002013723829794841
2025-11-06 00:00:00+00:00,-7.28182891263085e-05,9.57206214101928e-06,4.9436300599930166e-05,-0.00010407517244632527,-2.7751479420982276e-05,0.13875739710491136,1.0328326767843587,0.00023946035278057205
2025-11-07 00:00:00+00:00,4.869723192668651e-05,-3.8385255886287114e-05,8.708248781288015e-05,0.0,0.0,0.0,1.0075720554160217,0.00020106530557066274
2025-11-08 00:00:00+00:00,7.154654147378814e-05,-3.3063409546312694e-05,0.00010460995102017578,0.0,0.0,0.0,1.0273502706234934,0.000167989876929859
2025-11-09 00:00:00+00:00,7.508441899539697e-05,4.901983387201191e-05,2.6064585123410776e-05,0.0,0.0,0.0,1.0170218026333029,0.00021699341797703407
2025-11-10 00:00:00+00:00,0.00015625148049314141,4.275242599318523e-05,0.00011349905449990594,0.0,0.0,0.0,1.0407776705609089,0.00025970526463817915
2025-11-11 00:00:00+00:00,4.285774943713072e-05,-3.6880632796555626e-05,7.973838223372999e-05,0.0,0.0,0.0,1.053575029025285,0.00022281508248880375
2025-11-12 00:00:00+00:00,6.969013541513469e-05,4.160076378399486e-05,2.8089371631068677e-05,0.0,0.0,0.0,1.0241165705120743,0.00026439742038055544
2025-11-13 00:00:00+00:00,1.5313726675403316e-05,-2.3010527375169137e-05,3.832425405068003e-05,0.0,0.0,0.0,1.0101624369290005,0.00024138319652903436
2025-11-14 00:00:00+00:00,7.414886746248683e-05,-5.387263434969721e-05,0.0001280215018122168,0.0,0.0,0.0,0.9906379793643181,0.0001874966595142439
2025-11-15 00:00:00+00:00,0.00018415462534648874,5.650243887290029e-05,0.00012765218647349449,0.0,0.0,0.0,0.9397397953182987,0.00024395417309787536
2025-11-16 00:00:00+00:00,4.699877987235368e-05,-6.593221745432047e-05,0.00011293099732669564,0.0,0.0,0.0,0.9497202849533118,0.00017801358922194972
2025-11-17 00:00:00+00:00,0.00014717323281066008,1.9475670380944793e-05,0.00012769756242964693,0.0,0.0,0.0,0.9362998807418312,0.0001974601987471039
2025-11-18 00:00:00+00:00,0.00015261453431647531,2.7768616628906667e-05,0.00012484591768763931,0.0,0.0,0.0,0.9158020440618025,0.00022519444743025448
2025-11-19 00:00:00+00:00,9.019540111609992e-05,-6.506500356020102e-06,9.670190147221391e-05,0.0,0.0,0.0,0.9231326657225314,0.00021866822420621055
2025-11-20 00:00:00+00:00,6.95674718986794e-05,9.585048210513939e-06,5.998242368809169e-05,0.0,0.0,0.0,0.9090957628508457,0.00022823739451847242
2025-11-21 00:00:00+00:00,5.398369804221481e-05,-5.035524761546353e-05,0.0001043389456577286,0.0,0.0,0.0,0.860256677194788,0.0001778725446850246
2025-11-22 00:00:00+00:00,-8.507602544860493e-05,3.660475341944759e-07,4.100997643931495e-05,-9.983198376747658e-05,-2.662006565468166e-05,0.13310032827340829,0.9751768876402285,0.00020520630003666079
2025-11-23 00:00:00+00:00,0.00015875683750721237,8.32397414719823e-05,7.551709603528744e-05,0.0,0.0,0.0,0.9704748805011797,0.0002884002559963159
2025-11-24 00:00:00+00:00,-0.00016382584015095514,-0.0001600950775592548,-3.73076259171809e-06,0.0,0.0,0.0,0.9947434669797837,0.00012832620158499946
2025-11-25 00:00:00+00:00,0.00017239129111401574,0.000174787161176746,-2.3958700626967424e-06,0.0,0.0,0.0,1.011237279853316,0.0003030611176644251
2025-11-26 00:00:00+00:00,-2.517406978230774e-05,-4.032414039605938e-05,1.5150070613795289e-05,0.0,0.0,0.0,1.0006485149761881,0.00026274359159390187
2025-11-27 00:00:00+00:00,1.2379034801890398e-05,8.019207067776888e-07,1.1577114095176216e-05,0.0,0.0,0.0,1.0363093582309408,0.0002635422499020547
2025-11-28 00:00:00+00:00,2.1483100978159086e-05,-2.44582787887271e-05,4.594137976697349e-05,0.0,0.0,0.0,1.0460480302859458,0.00023907883495841512
2025-11-29 00:00:00+00:00,1.8650348171167508e-05,6.7015389773678515e-06,1.1948809193864484e-05,0.0,0.0,0.0,1.0409444393505958,0.00024577579013138247
2025-11-30 00:00:00+00:00,2.3818473593451017e-05,-3.075777191829004e-05,5.457624551182285e-05,0.0,0.0,0.0,1.0399392584453104,0.00021501289693423922
2025-12-01 00:00:00+00:00,6.870240372425229e-05,1.1283308656153864e-05,5.7419095067992365e-05,0.0,0.0,0.0,1.0347887869755399,0.0002262806595652957
2025-12-02 00:00:00+00:00,4.6498352220814e-05,2.8635871876206048e-05,1.786248034460761e-05,0.0,0.0,0.0,0.9880491916349631,0.00025490467879387763
2025-12-03 00:00:00+00:00,-6.517501762037803e-05,-9.008426415253548e-05,2.490924653220885e-05,0.0,0.0,0.0,1.0453833700876551,0.0001648311575150683
2025-12-04 00:00:00+00:00,0.00015517686712551715,0.00013957384672143392,1.560302040416438e-05,0.0,0.0,0.0,1.06972881986297,0.00030435777495039373
2025-12-05 00:00:00+00:00,3.0082727435098988e-05,-5.6061385075654175e-05,8.614411251068543e-05,0.0,0.0,0.0,1.0542702597189384,0.00024828892066703647
2025-12-06 00:00:00+00:00,3.602181439354979e-05,-1.0994343350775315e-05,4.701615774421815e-05,0.0,0.0,0.0,1.0227728750378027,0.00023728602984300975
2025-12-07 00:00:00+00:00,1.1927407958189917e-05,-9.96326476646345e-06,2.189067272458461e-05,0.0,0.0,0.0,1.021702864901394,0.00022732005373749418
2025-12-08 00:00:00+00:00,9.096463880475802e-05,5.851916748613925e-05,3.24454713186725e-05,0.0,0.0,0.0,1.034817459713573,0.0002858132223270812
2025-12-09 00:00:00+00:00,-9.478721218503239e-05,-0.00015097946059212635,5.619224840710666e-05,0.0,0.0,0.0,1.0378039064493434,0.00013484654346269506
2025-12-10 00:00:00+00:00,0.000173764620856387,9.711241516447913e-05,7.665220569189708e-05,0.0,0.0,0.0,1.0609354655498222,0.0002319186593693821
2025-12-11 00:00:00+00:00,2.606408580008157e-05,-1.5056679193784996e-05,4.112076499394416e-05,0.0,0.0,0.0,1.0533268304505221,0.00021685632801378735
2025-12-12 00:00:00+00:00,4.780565556372629e-05,-1.2022130116955348e-05,5.98277856806169e-05,0.0,0.0,0.0,1.0589901514319515,0.00020482440613172614
2025-12-13 00:00:00+00:00,5.9768794973047434e-05,1.688742308774396e-05,4.288137188538676e-05,0.0,0.0,0.0,1.0332088524208587,0.00022169857856287672
2025-12-14 00:00:00+00:00,0.00017095111491904902,5.707035446106892e-05,0.00011388076045800729,0.0,0.0,0.0,1.0326497709658526,0.00027872128530934386
2025-12-15 00:00:00+00:00,6.180504920183516e-05,2.667025029867472e-05,3.513479890316034e-05,0.0,0.0,0.0,1.008891299625216,0.0003053726620355656
2025-12-16 00:00:00+00:00,-1.688216039530399e-05,-6.455404100022342e-05,4.7671880604888e-05,0.0,0.0,0.0,0.9890560270149255,0.0002408226866426735
2025-12-17 00:00:00+00:00,3.0159582422806253e-05,-2.8328714327240236e-05,5.848829674994502e-05,0.0,0.0,0.0,1.0054371858007483,0.0002124875637794656
2025-12-18 00:00:00+00:00,0.00013076069084139164,2.575259997355041e-05,0.00010500809086783697,0.0,0.0,0.0,0.9867382455253523,0.0002382090153773108
2025-12-19 00:00:00+00:00,9.334532736238188e-05,2.849581783772396e-05,6.484950952461494e-05,0.0,0.0,0.0,0.9783006265736113,0.00026667993988874596
2025-12-20 00:00:00+00:00,9.574118803956644e-05,-5.5269860959555557e-05,0.00015101104899915268,0.0,0.0,0.0,1.0082462977111293,0.0002113898402147538
2025-12-21 00:00:00+00:00,0.00010995828286031184,1.8650362086512638e-05,9.130792077377264e-05,0.0,0.0,0.0,1.010679051682816,0.00023001491025673024
2025-12-22 00:00:00+00:00,7.190975931736787e-05,-1.5101700151108411e-05,8.70114594685127e-05,0.0,0.0,0.0,1.0140301003111776,0.00021489775685958035
2025-12-23 00:00:00+00:00,8.03785792844458e-05,9.83827899373728e-06,7.054030029071547e-05,0.0,0.0,0.0,1.01350316824546,0.00022471797334205906
2025-12-24 00:00:00+00:00,-8.556351927091477e-06,-9.374211206607957e-05,8.518576013896084e-05,0.0,0.0,0.0,1.0006246775026812,0.00013097698196113053
2025-12-25 00:00:00+00:00,0.0002108120750787812,0.00010947159103638742,0.00010134048404228777,0.0,0.0,0.0,1.0024022644906359,0.00024039789421868583
2025-12-26 00:00:00+00:00,0.00010625108010575701,2.458874750582749e-06,0.00010379220535516358,0.0,0.0,0.0,0.997214044044463,0.00024283096791667902
2025-12-27 00:00:00+00:00,0.00013653222319987002,5.02586345180088e-05,8.627358868175057e-05,0.0,0.0,0.0,0.9986774493148974,0.0002930495917224128
2025-12-28 00:00:00+00:00,2.1537551238903774e-05,-2.149563918969169e-05,4.303319042854695e-05,0.0,0.0,0.0,1.0044793040947915,0.0002715481040513356
2025-12-29 00:00:00+00:00,5.0808404748803326e-05,-8.683822527463953e-05,0.00013764663002342127,0.0,0.0,0.0,1.0053806987182927,0.00018470049443944416
2025-12-30 00:00:00+00:00,0.00013449781770913383,9.260749024695e-06,0.0001252370686844601,0.0,0.0,0.0,0.9970560931534732,0.0001939351596085079
2025-12-31 00:00:00+00:00,5.9520060138984476e-05,-2.074814704915631e-05,8.026820718823168e-05,0.0,0.0,0.0,1.0112873735649721,0.0001731767050713012
2026-01-01 00:00:00+00:00,0.0001311932056482501,5.492502098158879e-05,7.626818466659711e-05,0.0,0.0,0.0,1.0015301553587461,0.00022807180458163232
2026-01-02 00:00:00+00:00,8.220944572601141e-05,-4.914601652351853e-06,8.712404737846056e-05,0.0,0.0,0.0,1.0150620972250568,0.00022313885880752401
2026-01-03 00:00:00+00:00,8.820826118594027e-05,2.62281014578319e-05,6.198015972817479e-05,0.0,0.0,0.0,1.0281573975457328,0.00024934496597929
2026-01-04 00:00:00+00:00,2.485333146884372e-05,-6.53073547468875e-05,9.016068621565494e-05,0.0,0.0,0.0,1.0354290035159228,0.00018403303739849937
2026-01-05 00:00:00+00:00,0.00010189626277257169,1.8854673188803258e-06,0.00010001079545369145,0.0,0.0,0.0,1.0456247088316344,0.00018589956224681842
2026-01-06 00:00:00+00:00,8.951194738582302e-05,2.7822091829914297e-05,6.16898555559534e-05,0.0,0.0,0.0,1.0721229473871992,0.00021370252514750997
2026-01-07 00:00:00+00:00,7.866940166412206e-05,1.4052611918161489e-05,6.461678974589519e-05,0.0,0.0,0.0,1.0707480427115348,0.00022773722111478552
2026-01-08 00:00:00+00:00,9.166642520774815e-05,-2.176269908289474e-05,0.0001134291242905595,0.0,0.0,0.0,1.0434415375890513,0.00020595564281413538
2026-01-09 00:00:00+00:00,9.406136209322291e-05,2.364548977379476e-05,7.041587231938113e-05,0.0,0.0,0.0,1.0403025554863832,0.00022957953802406184
2026-01-10 00:00:00+00:00,5.2913694165157565e-05,-1.5019755845688105e-05,6.793345001093191e-05,0.0,0.0,0.0,1.0350232550309069,0.00021454842962827938
2026-01-11 00:00:00+00:00,0.00010239344759166435,-1.467632324039639e-05,0.00011706977083215871,0.0,0.0,0.0,1.0333723188815214,0.00019985164288900144
2026-01-12 00:00:00+00:00,0.00012366472195335376,8.14252693598034e-05,4.223945259345384e-05,0.0,0.0,0.0,1.0389747800657132,0.00028124213251886656
2026-01-13 00:00:00+00:00,1.9414143888063506e-05,-3.174393537992862e-05,5.115807926793592e-05,0.0,0.0,0.0,1.0422125246904803,0.00024949335343915944
2026-01-14 00:00:00+00:00,4.266419243559305e-05,-2.8032319573829695e-05,7.069651200950778e-05,0.0,0.0,0.0,1.0892129074840586,0.00022145158581216034
2026-01-15 00:00:00+00:00,6.252378944848758e-05,2.8487842567951e-05,3.4035946880644424e-05,0.0,0.0,0.0,1.1066736708681157,0.0002499238021966991
2026-01-16 00:00:00+00:00,-7.815109692355104e-05,-3.2442459316701256e-05,5.2660722315274685e-05,-7.766128220188031e-05,-2.0708077720259497e-05,0.10354038860129748,0.9889927837935437,0.00019353346410404056
2026-01-17 00:00:00+00:00,9.79488571302145e-05,5.0336289915022945e-05,4.761256721521513e-05,0.0,0.0,0.0,0.9882882735587452,0.00024384586959498138
2026-01-18 00:00:00+00:00,9.119959949899226e-06,-3.760626796644121e-05,4.672622791625127e-05,0.0,0.0,0.0,0.9841458675765345,0.00020623772074852294
2026-01-19 00:00:00+00:00,0.00019605950681289563,9.967897865110985e-05,9.638052816178423e-05,0.0,0.0,0.0,0.9686004874136414,0.00030585673327932774
2026-01-20 00:00:00+00:00,-2.3459046081253376e-05,-9.179839390773803e-05,6.833934782653695e-05,0.0,0.0,0.0,0.9579352993278731,0.00021406336109381185
2026-01-21 00:00:00+00:00,8.053087342885235e-05,-2.291134790134172e-05,0.00010344222133010984,0.0,0.0,0.0,0.9144064887609088,0.0001911366207932655
2026-01-22 00:00:00+00:00,0.0001014954756501929,3.2942106992566686e-05,6.85533686577058e-05,0.0,0.0,0.0,0.9249025460178546,0.00022405598711699686
2026-01-23 00:00:00+00:00,8.000663075646841e-05,-1.0600387112709098e-05,9.06070178692591e-05,0.0,0.0,0.0,0.9259244425319068,0.00021343852350727918
2026-01-24 00:00:00+00:00,5.654558647205654e-05,1.4477419230791085e-06,5.5097844549063284e-05,0.0,0.0,0.0,0.9262902555016425,0.00021487411524740552
2026-01-25 00:00:00+00:00,8.134456507669086e-05,1.5924260706551476e-05,6.542030437013917e-05,0.0,0.0,0.0,0.9223224716686175,0.0002307796032874519
2026-01-26 00:00:00+00:00,6.113666963747377e-05,-1.64399448577948e-05,7.757661449517396e-05,0.0,0.0,0.0,0.8958667008585856,0.0002143265552178557
2026-01-27 00:00:00+00:00,-6.511728345315326e-06,2.6021267014107602e-05,6.438286978253318e-05,-7.65139583635479e-05,-2.040190677844157e-05,0.10200953389220783,1.0169454241370324,0.00026758134221677344
2026-01-28 00:00:00+00:00,0.00013354839099233295,3.2871976421069735e-05,0.00010067641457133346,0.0,0.0,0.0,1.0271713247258207,0.00030041319893868277
2026-01-29 00:00:00+00:00,8.478494838648487e-06,-7.99528517583624e-05,8.843134659691827e-05,0.0,0.0,0.0,1.027818292831885,0.00022045847802446884
2026-01-30 00:00:00+00:00,0.00011244837109924966,4.1213647588950726e-05,7.123472351024182e-05,0.0,0.0,0.0,0.9741376878414776,0.00026164270431747275
2026-01-31 00:00:00+00:00,7.757266366592575e-05,2.0949833781806634e-05,5.66228298840764e-05,0.0,0.0,0.0,0.9695561905605562,0.0002825706183436189
2026-02-01 00:00:00+00:00,-5.154596369050246e-05,-8.459853543094878e-05,3.305257174044739e-05,0.0,0.0,0.0,0.9061591773376961,0.00019798228810070863
2026-02-02 00:00:00+00:00,3.6185387927156754e-05,1.2776763941319988e-05,2.3408623985820066e-05,0.0,0.0,0.0,0.885707441666393,0.00021075142591993657
2026-02-03 00:00:00+00:00,-9.305488162747455e-05,6.273654199186865e-05,-5.5145990384130786e-05,-7.945814550950712e-05,-2.1187287725722753e-05,0.10593643862861377,1.013507057044253,0.00029678173708850154
2026-02-04 00:00:00+00:00,-4.374523517469697e-05,-5.336921042214732e-05,9.623975247424653e-06,0.0,0.0,0.0,0.9753834008974892,0.00024342317527045726
2026-02-05 00:00:00+00:00,2.174088845752209e-05,-6.096845992665073e-05,8.270934838412137e-05,0.0,0.0,0.0,0.941889693744032,0.0001824507487026706
2026-02-06 00:00:00+00:00,5.9828489717306255e-05,8.646131104726414e-05,-2.663282132987701e-05,0.0,0.0,0.0,0.8097004910981718,0.00026889597211003755
2026-02-07 00:00:00+00:00,-0.0004578067313325551,-5.76979882913862e-05,-0.00022691773316675193,-0.0001367334471770601,-3.645756269741134e-05,0.1822878134870567,1.1116147286177636,0.00028167518368408146
2026-02-08 00:00:00+00:00,-0.00016988882266510963,-1.255582158983999e-06,-7.170292295208187e-05,-7.652550118794061e-05,-2.040481636607254e-05,0.1020240818303627,0.9903993254949925,0.00025070293247681126
2026-02-09 00:00:00+00:00,-7.023858318078169e-06,5.082685628512644e-05,-5.7850714603249774e-05,0.0,0.0,0.0,1.005239178328936,0.00030153190667915256
2026-02-10 00:00:00+00:00,-0.00016175696043319032,-0.00010565769513319221,-5.609926530004708e-05,0.0,0.0,0.0,1.0027565074222526,0.0001959059006888867
2026-02-11 00:00:00+00:00,7.989910477679274e-07,6.134571634710725e-05,-6.054672529924218e-05,0.0,0.0,0.0,0.9841516673818088,0.00025725141149450493
2026-02-12 00:00:00+00:00,-0.0001115567233511694,-5.905771703554669e-05,-5.249900631562815e-05,0.0,0.0,0.0,0.9591680050888216,0.00019821580676476682
2026-02-13 00:00:00+00:00,4.508980574668975e-05,8.938302974675902e-06,3.61515027719112e-05,0.0,0.0,0.0,0.947527296859343,0.0002071447696219635
2026-02-14 00:00:00+00:00,2.8513547175146314e-05,2.502611990581052e-05,3.48742726942717e-06,0.0,0.0,0.0,0.9843955943425364,0.0002321642697010838
2026-02-15 00:00:00+00:00,-4.0310709790492005e-05,-3.5250072362927326e-05,-5.060637427556025e-06,0.0,0.0,0.0,0.9983275836993011,0.00019692213540921057
2026-02-16 00:00:00+00:00,8.325266307274148e-05,5.827579533698092e-05,2.497686773568053e-05,0.0,0.0,0.0,0.9840245793691967,0.0002551766866075571
2026-02-17 00:00:00+00:00,-4.884109542235837e-05,-4.189788129792324e-05,-6.943214124473406e-06,0.0,0.0,0.0,0.9849702734301204,0.00021328922258887317
2026-02-18 00:00:00+00:00,3.72223156517304e-05,-1.5801849879819494e-05,5.302416553165978e-05,0.0,0.0,0.0,0.9650882996832136,0.00019748002204523813
2026-02-19 00:00:00+00:00,7.333404579279446e-05,7.56458592770323e-05,-2.311813484317131e-06,0.0,0.0,0.0,0.9500351727075516,0.0002731058533652956
2026-02-20 00:00:00+00:00,-3.5730905456610174e-05,-5.984020923222866e-05,2.410930377566574e-05,0.0,0.0,0.0,0.9578895920481861,0.00021327326458005357
2026-02-21 00:00:00+00:00,0.0001024441039381152,7.771640583244053e-05,2.4727698105686464e-05,0.0,0.0,0.0,0.9722441704066922,0.00029095986329001465
2026-02-22 00:00:00+00:00,4.5964168042145204e-05,1.4512248709659727e-05,3.145191933251482e-05,0.0,0.0,0.0,0.9715548981935275,0.00030545807187358156
2026-02-23 00:00:00+00:00,-3.467735803608374e-05,-9.250239761384876e-05,5.782503957773324e-05,0.0,0.0,0.0,0.9669265651607266,0.00021296305925588537
2026-02-24 00:00:00+00:00,-3.977716300118672e-06,3.0025003318289116e-06,-6.980216631970894e-06,0.0,0.0,0.0,0.9242148130126875,0.0002159664186408761
2026-02-25 00:00:00+00:00,-2.0081495246793146e-05,-2.473498207528429e-05,4.65348682846806e-06,0.0,0.0,0.0,0.9157099273490317,0.00019123527685583876
2026-02-26 00:00:00+00:00,4.862517161297042e-05,6.283955452579358e-05,-1.421438291284118e-05,0.0,0.0,0.0,0.9717892625739365,0.0002540624775498664
2026-02-27 00:00:00+00:00,2.0128068044078518e-05,1.1080383798708147e-05,9.047684245351561e-06,0.0,0.0,0.0,0.9645693853452992,0.0002651375246424266
2026-02-28 00:00:00+00:00,-3.0507850780958634e-05,-7.148490823559289e-06,-2.335935995736716e-05,0.0,0.0,0.0,0.9415427971886117,0.0002579969047499835
2026-03-01 00:00:00+00:00,-3.9014273800042076e-05,1.2152805155906276e-06,-4.0229554315609564e-05,0.0,0.0,0.0,0.9573228187549911,0.0002592222986352737
2026-03-02 00:00:00+00:00,-3.463397211100894e-05,-6.920220217285427e-05,3.456823006187495e-05,0.0,0.0,0.0,0.9403130564282723,0.0001900266778410815
2026-03-03 00:00:00+00:00,-3.480237607433878e-06,1.2010715529413792e-05,-1.5490953136869194e-05,0.0,0.0,0.0,0.9839659948225418,0.0002020380965110496
2026-03-04 00:00:00+00:00,9.187200277738228e-05,0.00010402173758825841,-1.2149734810856363e-05,0.0,0.0,0.0,0.9767366512563042,0.0003060317183522354
2026-03-05 00:00:00+00:00,-6.90832305961786e-05,-0.00012467164606501214,5.5588415468811465e-05,0.0,0.0,0.0,1.038822266382931,0.00018137260209212029
2026-03-06 00:00:00+00:00,0.00011257971878420037,7.756770724077338e-05,3.5012011543490335e-05,0.0,0.0,0.0,1.0132406087692387,0.0002589111611871429
2026-03-07 00:00:00+00:00,-6.0349916550017646e-05,-3.717112198177742e-05,-2.3178794568277568e-05,0.0,0.0,0.0,0.973634921084048,0.00022175342200612193
2026-03-08 00:00:00+00:00,-2.647519650600394e-05,-1.5012320639143042e-06,-2.497396444208512e-05,0.0,0.0,0.0,0.9614931768761367,0.0002202580213165963
2026-03-09 00:00:00+00:00,-2.7960565728291087e-06,4.353688249954577e-05,-4.633293907242501e-05,0.0,0.0,0.0,0.9429836308184506,0.00026379564140383737
2026-03-10 00:00:00+00:00,-4.1678577342274536e-05,9.007656047913877e-06,-5.0686233390196304e-05,0.0,0.0,0.0,0.978201871364013,0.00027281466797905404
2026-03-11 00:00:00+00:00,2.1870942789048442e-05,6.205532804158146e-05,-4.018438525258555e-05,0.0,0.0,0.0,0.9998012821278464,0.00033486267225800583
2026-03-12 00:00:00+00:00,-0.00013009423270271547,-3.5602393420962904e-05,-9.449183928180725e-05,0.0,0.0,0.0,1.0034450229668848,0.0002992992159388033
2026-03-13 00:00:00+00:00,6.0518025179367996e-05,0.00013856709997352265,-7.804907479410302e-05,0.0,0.0,0.0,1.008243006596903,0.0004378398187112234
2026-03-14 00:00:00+00:00,-0.0001744860421204475,-0.00019110807240615787,1.6622030285713496e-05,0.0,0.0,0.0,1.0141687216276487,0.0002467748050640968
2026-03-15 00:00:00+00:00,-3.2443118050062836e-05,2.1738493404962738e-05,-5.418161145506313e-05,0.0,0.0,0.0,1.0182122216073068,0.000268522010160098
2026-03-16 00:00:00+00:00,-1.4200988867840714e-05,-7.866157421555474e-06,-6.334831446323582e-06,0.0,0.0,0.0,1.0411654373323087,0.0002606595543619715
2026-03-17 00:00:00+00:00,6.234504918900541e-05,1.3015099833901837e-05,4.9329949355176545e-05,0.0,0.0,0.0,1.070683151645187,0.0002736575929997475
2026-03-18 00:00:00+00:00,-6.32306435993657e-05,-8.580849532381115e-06,-5.464979406698202e-05,0.0,0.0,0.0,1.0568103843807983,0.0002650935055002692
2026-03-19 00:00:00+00:00,2.903291968925359e-05,4.705463356349191e-05,-1.8021713874307587e-05,0.0,0.0,0.0,1.0186492510251308,0.00031213907675501956
2026-03-20 00:00:00+00:00,-1.344399743963276e-05,-7.436990603074524e-06,-6.00700683653715e-06,0.0,0.0,0.0,0.9998410998603829,0.00030470618262098785
2026-03-21 00:00:00+00:00,-3.686123399526675e-05,-3.203669791481104e-05,-4.8245360804380725e-06,0.0,0.0,0.0,1.0082158145717213,0.00027267953601045803
2026-03-22 00:00:00+00:00,-5.040530631772455e-06,-1.0798481494448496e-05,5.7579508626829555e-06,0.0,0.0,0.0,0.985453077461541,0.00026188237454237727
2026-03-23 00:00:00+00:00,-0.00012502855327090057,-5.9499217809608844e-05,-6.552933546126547e-05,0.0,0.0,0.0,0.9704856430840602,0.0002024084635700447
2026-03-24 00:00:00+00:00,9.51498924068872e-05,8.689974672665364e-05,8.250145680260692e-06,0.0,0.0,0.0,1.0138944743770428,0.00028928068527094014
2026-03-25 00:00:00+00:00,-9.497488559828682e-06,-5.513854347149242e-05,4.5641054911713433e-05,0.0,0.0,0.0,1.0089572499454162,0.0002341443655825452
2026-03-26 00:00:00+00:00,8.681318528780402e-05,4.4983752581429676e-05,4.182943270638491e-05,0.0,0.0,0.0,1.0199772578041502,0.00027910388826625845
2026-03-27 00:00:00+00:00,-3.785837737491082e-05,-4.876988260249081e-05,1.0911505227623402e-05,0.0,0.0,0.0,0.9840762585830651,0.00023034272606567392
2026-03-28 00:00:00+00:00,-1.8394519701980805e-05,7.844954066864704e-05,-9.68440603705905e-05,0.0,0.0,0.0,0.9495027687426728,0.00030879794692426256
2026-03-29 00:00:00+00:00,-6.11821088188913e-05,-6.722326774331697e-06,-5.4459782044534405e-05,0.0,0.0,0.0,0.9491350437877648,0.0003020941029043325
2026-03-30 00:00:00+00:00,-5.249356748915357e-05,-6.658371444239708e-05,1.4090146953291965e-05,0.0,0.0,0.0,0.9440144552941083,0.00023552275189163367
2026-03-31 00:00:00+00:00,6.954481544640956e-06,3.5761122378859363e-07,6.596870320753539e-06,0.0,0.0,0.0,0.9552571882377783,0.00023587872270115496
2026-04-01 00:00:00+00:00,3.3041307822667676e-05,7.230848655268584e-05,-3.926717872994705e-05,0.0,0.0,0.0,0.9764247585352036,0.0003081770266817952
2026-04-02 00:00:00+00:00,-9.363134267159623e-05,-0.00011135568125886373,1.772433858728498e-05,0.0,0.0,0.0,0.9741875164277425,0.0001968397757956526
2026-04-03 00:00:00+00:00,6.701104436013239e-06,4.198580973551918e-05,-3.528470529959546e-05,0.0,0.0,0.0,0.9568021982394603,0.00023882398514662916
2026-04-04 00:00:00+00:00,2.324827861954759e-05,6.437304181676123e-06,1.681097443783833e-05,0.0,0.0,0.0,0.957664705880548,0.00024525558755819805
2026-04-05 00:00:00+00:00,3.702075274336636e-06,-3.5547397788301495e-05,3.9249473062646235e-05,0.0,0.0,0.0,0.9625049583500005,0.00020970741341714514
2026-04-06 00:00:00+00:00,0.00011198410932378167,4.978047740043647e-05,6.220363192323661e-05,0.0,0.0,0.0,0.987145610405231,0.0002594588355511681
2026-04-07 00:00:00+00:00,2.423904690007639e-05,-3.7188146221473145e-06,2.7957861522215015e-05,0.0,0.0,0.0,0.9845434632263433,0.0002557338221850623
2026-04-08 00:00:00+00:00,7.269556498545882e-05,-1.2443424233704395e-05,8.513898921917272e-05,0.0,0.0,0.0,1.028398710666015,0.000243272713103907
2026-04-09 00:00:00+00:00,1.1513470529633807e-05,-1.6375500088453167e-05,2.788897061819046e-05,0.0,0.0,0.0,1.0161855470681813,0.0002268946006711543
2026-04-10 00:00:00+00:00,6.027857880908094e-05,4.183212776328034e-05,1.8446451045815307e-05,0.0,0.0,0.0,1.0263510990113451,0.0002687105309454144
2026-04-11 00:00:00+00:00,1.8836799055232945e-05,5.527228324127723e-05,-3.643548418606847e-05,0.0,0.0,0.0,1.0430756634611615,0.00032397671150254993
2026-04-12 00:00:00+00:00,-0.00022030953050211632,-0.00011118600449937723,-0.00010912352600269589,0.0,0.0,0.0,1.0445674488918935,0.00021283759715438004
2026-04-13 00:00:00+00:00,-1.7492681008590694e-05,4.291080587722032e-06,-2.1783761596271137e-05,0.0,0.0,0.0,1.0116596841819387,0.00021713247597123915
2026-04-14 00:00:00+00:00,-4.0257892651052174e-05,1.9596277476097407e-05,-5.985417012715654e-05,0.0,0.0,0.0,1.0642701874587137,0.00023673828403131792
2026-04-15 00:00:00+00:00,-0.0001234143466491977,-6.0436208461222956e-05,-6.297813818796857e-05,0.0,0.0,0.0,1.0603639843839912,0.00017632383646132643
2026-04-16 00:00:00+00:00,-1.817618051369596e-05,6.466399519720135e-05,-8.284017571088611e-05,0.0,0.0,0.0,1.0700246633549964,0.0002409922119763317
2026-04-17 00:00:00+00:00,8.929936703117036e-05,9.864299801570966e-05,-9.343630984438104e-06,0.0,0.0,0.0,1.0747556142930166,0.0003396048834909427
2026-04-18 00:00:00+00:00,-0.00013309413226381128,-4.341620983147036e-05,-8.967792243233906e-05,0.0,0.0,0.0,1.1023792163027264,0.0002962280998815444
2026-04-19 00:00:00+00:00,-0.00022597846279426292,-2.8012128379517692e-05,-9.907557713701752e-05,-7.807282282773534e-05,-2.0817934449980367e-05,0.10408967224990183,0.9807838189465962,0.00024599700028991156
2026-04-20 00:00:00+00:00,-8.229625443212374e-05,3.525352164324448e-05,-0.00011754977607539497,0.0,0.0,0.0,0.9563317731813831,0.0002812736697027928
2026-04-21 00:00:00+00:00,-2.719591412525535e-05,4.841277218163085e-05,-7.560868630693596e-05,0.0,0.0,0.0,0.9827416459089041,0.00032969540825228595
2026-04-22 00:00:00+00:00,-8.024396896177954e-05,-1.9637843267035652e-05,-6.060612569479036e-05,0.0,0.0,0.0,0.9892591944505496,0.00031008244723128563
2026-04-23 00:00:00+00:00,-8.612165317190001e-05,-6.040903863278709e-05,-2.5712614539105724e-05,0.0,0.0,0.0,1.0132863290149103,0.0002496949127371822
2026-04-24 00:00:00+00:00,-6.126689591223755e-05,1.0112255033078637e-05,-7.137915094536291e-05,0.0,0.0,0.0,1.0143659244958942,0.00025982308632419406
2026-04-25 00:00:00+00:00,-4.957376387393353e-05,1.1344570884735664e-05,-6.091833475871092e-05,0.0,0.0,0.0,1.0037683190981463,0.0002711811006769402
2026-04-26 00:00:00+00:00,-7.051317120010392e-05,-1.1863767971567053e-05,-5.864940322854339e-05,0.0,0.0,0.0,1.0062870367209844,0.00025933561928248583
2026-04-27 00:00:00+00:00,2.345236421552599e-05,2.0422680018460038e-05,3.0296841969645273e-06,0.0,0.0,0.0,1.0196315509549754,0.0002797517384614664
2026-04-28 00:00:00+00:00,-0.00011124863178213484,-1.9644212457294593e-05,-9.160441932479445e-05,0.0,0.0,0.0,1.0030849154478678,0.00026013646582991024
2026-04-29 00:00:00+00:00,4.525469871152765e-05,2.891846055834943e-05,1.6336238153180747e-05,0.0,0.0,0.0,0.9896731856691077,0.00028904184588650643
2026-04-30 00:00:00+00:00,-0.00011121792045842849,-9.388348874906167e-05,-1.7334431709415914e-05,0.0,0.0,0.0,0.9825785940087745,0.0001951800646583773
2026-05-01 00:00:00+00:00,2.985262575161407e-05,7.184701383436202e-05,-4.199438808275889e-05,0.0,0.0,0.0,0.9898250466919554,0.0002670191072712249
2026-05-02 00:00:00+00:00,-4.183740075724973e-05,-1.264417822169137e-05,-2.9193222535579817e-05,0.0,0.0,0.0,1.0143197028245663,0.00025438557188042896
2026-05-03 00:00:00+00:00,-6.076646111230488e-05,-3.365437466394762e-05,-2.711208644832062e-05,0.0,0.0,0.0,1.0203254300858084,0.00022074461108539064
2026-05-04 00:00:00+00:00,5.4328577129281186e-05,3.592612060574297e-05,1.8402456523637145e-05,0.0,0.0,0.0,1.0187003604988922,0.0002566567878928966
2026-05-05 00:00:00+00:00,-4.9469413708314036e-05,-3.028264778831803e-05,-1.9186765920030238e-05,0.0,0.0,0.0,1.035543413690639,0.00022638533925453872
2026-05-06 00:00:00+00:00,-5.923564349230581e-05,5.654769860526201e-05,-0.00011578334209757607,0.0,0.0,0.0,1.049096074585686,0.00028294979857303247
2026-05-07 00:00:00+00:00,3.5330339889227957e-06,8.6772136257273e-05,-8.323910226836344e-05,0.0,0.0,0.0,1.0560287966268185,0.0003697206285947074
2026-05-08 00:00:00+00:00,-0.0002111679583258752,-0.00013301122772304291,-7.815673060279995e-05,0.0,0.0,0.0,1.0376904902476738,0.00023675939687039797
2026-05-09 00:00:00+00:00,2.3633167058445537e-05,9.600107050958402e-06,1.4033060007545776e-05,0.0,0.0,0.0,1.0400846178063388,0.0002463536818038108
2026-05-10 00:00:00+00:00,4.148628993405623e-05,4.17075875198822e-05,-2.2129758590197275e-07,0.0,0.0,0.0,1.046294300454995,0.00028804931922600334
2026-05-11 00:00:00+00:00,7.449230666978224e-06,-7.809308271736634e-05,8.554231338424592e-05,0.0,0.0,0.0,1.0662335623922108,0.00020995467250788083
2026-05-12 00:00:00+00:00,0.00012904683957359886,9.203759045034236e-05,3.7009249123357113e-05,0.0,0.0,0.0,1.0599803293208137,0.00030195329683971794
2026-05-13 00:00:00+00:00,5.8603802133294636e-05,-2.003942627231474e-05,7.864322840564646e-05,0.0,0.0,0.0,1.0438403378090195,0.0002818973503108678
2026-05-14 00:00:00+00:00,-5.943030558230866e-05,-0.00011711677355940191,5.768646797708384e-05,0.0,0.0,0.0,1.0285734356229663,0.0001647903702939295
2026-05-15 00:00:00+00:00,0.00011682639971843933,0.00010240220176868816,1.4424197949674909e-05,0.0,0.0,0.0,1.0513888933977136,0.0002671613605626044
2026-05-16 00:00:00+00:00,5.248955635472896e-06,-1.2968998085504898e-05,1.8217953721060014e-05,0.0,0.0,0.0,1.0257593628148707,0.000254191028239538
2026-05-17 00:00:00+00:00,7.400772604904127e-05,2.9504315777872686e-05,4.450341027105884e-05,0.0,0.0,0.0,1.0131379156644824,0.0002836743499238591
2026-05-18 00:00:00+00:00,-0.00010633346504140828,-0.0001068560751256178,5.226100841959432e-07,0.0,0.0,0.0,1.004398745615065,0.00017683707849760664
2026-05-19 00:00:00+00:00,0.0001641871289765895,7.399013808811051e-05,9.019699088852363e-05,0.0,0.0,0.0,0.9982495560044511,0.0002507860407454502
2026-05-20 00:00:00+00:00,3.985259047167844e-05,-2.8009195864272937e-05,6.786178633598984e-05,0.0,0.0,0.0,0.9960656006599505,0.0002227679670008213
2026-05-21 00:00:00+00:00,0.0001332238678699582,4.9143806457207844e-05,8.408006141283881e-05,0.0,0.0,0.0,1.0051910785550289,0.00027187555314517564
2026-05-22 00:00:00+00:00,-1.3644310564830953e-05,-8.24572493087836e-05,6.881293874395046e-05,0.0,0.0,0.0,1.0061076871507517,0.00018942088835386696
2026-05-23 00:00:00+00:00,7.197036151485037e-07,-1.828086602184267e-05,1.900056963695939e-05,0.0,0.0,0.0,0.9792093459155211,0.00017113989916197668
2026-05-24 00:00:00+00:00,0.0001531150735440967,6.67704909610687e-05,8.634458258295898e-05,0.0,0.0,0.0,0.994710507201642,0.00023787396803283292
2026-05-25 00:00:00+00:00,8.177533062214692e-05,-1.3222422201060181e-05,9.499775282327448e-05,0.0,0.0,0.0,0.9986990109292033,0.00022463317637931246
2026-05-26 00:00:00+00:00,0.00010313177446263921,3.7914139694693e-05,6.521763476794873e-05,0.0,0.0,0.0,1.0018896776877049,0.00026252024189574505
2026-05-27 00:00:00+00:00,-7.375665082132166e-06,-0.00010433413711490875,9.695847203277095e-05,0.0,0.0,0.0,0.9839598879580876,0.00015818727151715322
2026-05-28 00:00:00+00:00,0.00018535132327923698,4.471495999484545e-05,0.00014063636328439275,0.0,0.0,0.0,0.9645452508641045,0.00020286463028421002
2026-05-29 00:00:00+00:00,8.514011070714922e-05,-3.362719358573978e-05,0.00011876730429288966,0.0,0.0,0.0,0.953718964118026,0.00016922302903097126
2026-05-30 00:00:00+00:00,0.0001160313047956496,4.185224990567182e-05,7.417905489001703e-05,0.0,0.0,0.0,0.95153576843592,0.0002110507904380912
2026-05-31 00:00:00+00:00,4.044440928030468e-05,-3.303741655109256e-05,7.348182583148943e-05,0.0,0.0,0.0,0.9570181977191614,0.00017800617453251496
2026-06-01 00:00:00+00:00,4.2102129898857754e-05,-4.074449919250602e-05,8.284662909128303e-05,0.0,0.0,0.0,0.9542982753936077,0.00013725589657436732
2026-06-02 00:00:00+00:00,8.866836706133974e-05,-2.454930854259852e-05,0.00011321767560399928,0.0,0.0,0.0,0.9248918909771844,0.0001126965954086602
2026-06-03 00:00:00+00:00,0.00018091682537813014,8.640072314669907e-05,9.451610223145473e-05,0.0,0.0,0.0,0.8644398413864056,0.00019906130501599236
2026-06-04 00:00:00+00:00,-8.732852516635248e-05,-4.943413345583502e-05,8.853543212248376e-05,-9.981499222047624e-05,-2.6614831612516232e-05,0.13307415806258113,0.9581808702263086,0.00018713820822534118
2026-06-05 00:00:00+00:00,6.467550306288317e-05,5.6328227146155204e-05,8.347275916833562e-06,0.0,0.0,0.0,0.954226531002551,0.00024345069007584283
2026-06-06 00:00:00+00:00,-2.217730375897453e-06,1.4043795561358029e-05,-1.626152593725057e-05,0.0,0.0,0.0,0.9119408921815377,0.00025749505669183916
2026-06-07 00:00:00+00:00,3.720353272118615e-07,3.361554265019771e-06,-2.9895189378732053e-06,0.0,0.0,0.0,0.9093697118632854,0.0002608565139089089
2026-06-08 00:00:00+00:00,1.704822296422215e-05,-1.4267925016421698e-05,3.131614798074057e-05,0.0,0.0,0.0,0.9459324365729554,0.0002465843850670858
2026-06-09 00:00:00+00:00,-2.7146617053608324e-05,-3.667765315594295e-05,9.531036102330678e-06,0.0,0.0,0.0,0.9423193103017025,0.00020991243032346843
2026-06-10 00:00:00+00:00,7.108996774229936e-05,5.229135274976182e-05,1.8798614992518044e-05,0.0,0.0,0.0,0.9219423140057399,0.00026218514433962127
2026-06-11 00:00:00+00:00,-6.501757276311526e-05,-5.75910958082632e-05,-7.42647695486789e-06,0.0,0.0,0.0,0.9187877810021371,0.0002046073516050158
2026-06-12 00:00:00+00:00,2.3010844895754445e-05,4.5567902330812785e-06,1.8454054662749004e-05,0.0,0.0,0.0,0.9503602307363732,0.00020915932890504217
2026-06-13 00:00:00+00:00,7.829057048125421e-05,3.734988016147785e-05,4.094069031978098e-05,0.0,0.0,0.0,0.9495613013652471,0.0002464899112308887
2026-06-14 00:00:00+00:00,3.3207685885772165e-05,5.011961528376542e-05,-1.691192939808161e-05,0.0,0.0,0.0,0.9625956165989022,0.00029659967712564395
2026-06-15 00:00:00+00:00,1.0432388287684446e-05,3.465682452398749e-05,-2.4224436236241524e-05,0.0,0.0,0.0,0.9817978030501079,0.000331253045889573
2026-06-16 00:00:00+00:00,-4.088641529031989e-05,-1.12782885973832e-05,-2.9608126692937085e-05,0.0,0.0,0.0,0.9905479053544594,0.000319987840448035
2026-06-17 00:00:00+00:00,-8.895837058453537e-05,-9.426345813380222e-05,5.305087549296632e-06,0.0,0.0,0.0,0.9809636797255138,0.0002257444641737668
2026-06-18 00:00:00+00:00,1.4221961115445936e-05,4.691182114554804e-05,-3.268986003004052e-05,0.0,0.0,0.0,0.9634886203138682,0.0002726524076672163
2026-06-19 00:00:00+00:00,2.2976939496155424e-05,-1.8600123153318647e-05,4.157706264955113e-05,0.0,0.0,0.0,0.9403080688035891,0.0002540464473041912
2026-06-20 00:00:00+00:00,3.068868518552037e-05,-1.9496066670615424e-05,5.0184751856063925e-05,0.0,0.0,0.0,0.9490513519938428,0.00023454318281178265
2026-06-21 00:00:00+00:00,9.271347988892842e-06,-2.6068653121576663e-05,3.534000111054527e-05,0.0,0.0,0.0,0.9603342087479722,0.00020847259686836766
2026-06-22 00:00:00+00:00,4.246760061299426e-05,-2.3230017063949564e-05,6.569761767685532e-05,0.0,0.0,0.0,0.945587359671545,0.00018523471333041193
2026-06-23 00:00:00+00:00,8.80376920462389e-05,3.816731391604173e-05,4.987037813020579e-05,0.0,0.0,0.0,0.9560414786550119,0.0002233823611789194
2026-06-24 00:00:00+00:00,6.849235453154634e-05,5.944913390106606e-05,9.043220630448682e-06,0.0,0.0,0.0,0.9367172949947988,0.00028281212461179307
2026-06-25 00:00:00+00:00,-7.905563757670819e-05,-8.26704573396892e-05,3.6148197630221972e-06,0.0,0.0,0.0,0.9121296355052356,0.00020015749085016955
2026-06-26 00:00:00+00:00,-8.726466913633324e-06,-3.1069222460557005e-05,2.2342755546881465e-05,0.0,0.0,0.0,0.8929987871940444,0.00016908974394590025
2026-06-27 00:00:00+00:00,7.165078193649421e-06,1.7180552351884888e-05,9.331093732897548e-05,-8.157486885229548e-05,-2.1751542634981063e-05,0.10875771317490532,1.0070368633056523,0.00021260465743463302
2026-06-28 00:00:00+00:00,8.936082991617411e-05,2.7151718174525307e-05,6.220911174159256e-05,0.0,0.0,0.0,1.0057757751957963,0.00023973495269498786
2026-06-29 00:00:00+00:00,2.9496903478420933e-05,-1.5082940050582121e-05,4.457984352899891e-05,0.0,0.0,0.0,0.998186427057241,0.00022464538630099677
2026-06-30 00:00:00+00:00,0.00018478321727632974,7.281493498518756e-05,0.00011196828229105508,0.0,0.0,0.0,1.009376218416022,0.0002974053657658804
2026-07-01 00:00:00+00:00,-5.059221760173038e-05,-0.00013563360202101458,8.504138441932543e-05,0.0,0.0,0.0,0.9821585274181515,0.0001617799485511424
2026-07-02 00:00:00+00:00,0.00012760835639968882,4.2644222585700916e-05,8.496413381392318e-05,0.0,0.0,0.0,1.005434196015733,0.00020439808823254752
2026-07-03 00:00:00+00:00,6.402831805241149e-05,-4.104715706312034e-05,0.00010507547511556123,0.0,0.0,0.0,1.031143275190521,0.00016334047275366845
2026-07-04 00:00:00+00:00,0.0001089338594086886,-1.4574996030333125e-05,0.00012350885543907592,0.0,0.0,0.0,1.048186207950867,0.00014874927289100764
2026-07-05 00:00:00+00:00,0.00024779315692646797,9.506217608706048e-05,0.00015273098083931302,0.0,0.0,0.0,1.0572223213782843,0.00024375104913642735
2026-07-06 00:00:00+00:00,0.00016400501692315217,3.098175478565824e-05,0.00013302326213752126,0.0,0.0,0.0,1.06549052243852,0.0002746877537522014
2026-07-07 00:00:00+00:00,2.7076940536385763e-05,-0.00011201835249014797,0.0001390952930265597,0.0,0.0,0.0,1.0721526209496162,0.00016266499679161924
2026-07-08 00:00:00+00:00,0.00016956074163343438,7.676984151186207e-05,9.279090012156014e-05,0.0,0.0,0.0,1.0605282303178267,0.00023939424643755334
2026-07-09 00:00:00+00:00,0.00012574612540294794,5.2817401923849006e-05,7.2928723479055e-05,0.0,0.0,0.0,1.04236482721878,0.00029217490849872875
2026-07-10 00:00:00+00:00,9.186705422625785e-05,-1.6738751561319216e-05,0.00010860580578758398,0.0,0.0,0.0,1.0580187953677116,0.0002754108557536017
2026-07-11 00:00:00+00:00,0.00013761962089220425,-5.774338817294582e-06,0.00014339395970940324,0.0,0.0,0.0,1.0734710686460596,0.00026959941476723296
2026-07-12 00:00:00+00:00,8.305789039741995e-05,3.087591062967867e-05,5.218197976766503e-05,0.0,0.0,0.0,1.067616297459891,0.00030045037062301965
2026-07-13 00:00:00+00:00,3.391428428267673e-05,-4.8610878677797654e-05,8.25251629604931e-05,0.0,0.0,0.0,1.0669759479564165,0.0002518309512787516
2026-07-14 00:00:00+00:00,9.93998006177943e-05,-2.158551010967046e-05,0.00012098531072740429,0.0,0.0,0.0,1.0427067388933842,0.00023022255709296633
2026-07-15 00:00:00+00:00,0.00011855276188854624,1.5643756604898114e-05,0.00010290900528362373,0.0,0.0,0.0,1.087895051807936,0.0002458371690222721
2026-07-16 00:00:00+00:00,0.00013740984764587516,4.592194821157441e-05,9.148789943428355e-05,0.0,0.0,0.0,1.082887141533592,0.0002917190321659702
2026-07-17 00:00:00+00:00,6.61497566651903e-05,-4.8341055215476014e-05,0.00011449081188064046,0.0,0.0,0.0,1.0673743277966017,0.00024336187862138094
2026-07-18 00:00:00+00:00,-4.820994918497412e-06,-6.130043196906624e-05,5.6479437050522034e-05,0.0,0.0,0.0,1.0691379598447135,0.00018206232437389605
2026-07-19 00:00:00+00:00,0.00010524454792082416,4.8003571056746494e-05,5.724097686411317e-05,0.0,0.0,0.0,1.0840717322829234,0.00023004168479769246
2026-07-20 00:00:00+00:00,9.406966993918964e-05,2.0069067378945384e-06,9.206276320126632e-05,0.0,0.0,0.0,1.0821005058194233,0.0002320267648540939
2026-07-21 00:00:00+00:00,0.00011912469761221622,2.5585654070389833e-05,9.353904354187654e-05,0.0,0.0,0.0,1.0908574754927987,0.0002575817345783367
2026-07-22 00:00:00+00:00,0.00010719084640675725,2.5415399971295233e-05,8.177544643556315e-05,0.0,0.0,0.0,1.1124603709837781,0.00028296680309836234
2026-07-23 00:00:00+00:00,-8.992964962817318e-05,-1.4130992783264022e-05,3.2356761414367205e-05,-8.538716852889795e-05,-2.276824973038351e-05,0.11384124865191754,0.9922042352298451,0.00024392958697828262
2026-07-24 00:00:00+00:00,5.624562643991027e-05,-2.341724034994349e-05,7.966286678984717e-05,0.0,0.0,0.0,0.976928681478786,0.00022049994447088383
2026-07-25 00:00:00+00:00,3.866538491226201e-05,-4.413000930875679e-05,8.279539422099783e-05,0.0,0.0,0.0,0.9625411059192027,0.00017636311601438762
2026-07-26 00:00:00+00:00,0.00014967012401978508,0.0001013900296748359,4.8280094344852757e-05,0.0,0.0,0.0,0.9658225735217253,0.0002777115805624076
2026-07-27 00:00:00+00:00,-4.792622038896077e-06,-9.162005940757092e-05,8.682743736870588e-05,0.0,0.0,0.0,0.9813013117703828,0.00018609241302565698
2026-07-28 00:00:00+00:00,0.00015382248678097454,7.773860479603066e-05,7.608388198498012e-05,0.0,0.0,0.0,0.9564021037936903,0.0002637904409202116
2026-07-29 00:00:00+00:00,-9.765390411453634e-05,-0.00017826111707224554,8.060721295775992e-05,0.0,0.0,0.0,0.9590619397547206,8.55376769359721e-05
2026-07-30 00:00:00+00:00,0.00021158960261646875,0.0001049712368711524,0.00010661836574522993,0.0,0.0,0.0,0.95979369415763,0.00019046861262924934
2026-07-31 00:00:00+00:00,0.00016213343957138804,3.480797016943204e-05,0.00012732546940195705,0.0,0.0,0.0,0.9715402007324125,0.00022524006385239451
2026-08-01 00:00:00+00:00,7.578076557912539e-05,-1.5376028334980205e-05,9.11567939141645e-05,0.0,0.0,0.0,0.9430999596175503,0.000209848133065254
2026-08-02 00:00:00+00:00,7.830166226607815e-05,2.5274775140144195e-05,5.3026887126032604e-05,0.0,0.0,0.0,0.9420374803131366,0.0002351044991325572
2026-08-03 00:00:00+00:00,4.164118507210546e-05,-8.504258437526083e-05,0.0001266837694472841,0.0,0.0,0.0,0.9532772511609734,0.00015005566626159208
2026-08-04 00:00:00+00:00,7.802424396952112e-05,2.1672207670981376e-05,5.635203629845188e-05,0.0,0.0,0.0,0.9524312128676914,0.00017171447604038097
2026-08-05 00:00:00+00:00,0.0001351599391423708,6.03625123197624e-05,7.479742682260509e-05,0.0,0.0,0.0,0.9610373868121405,0.0002320456250877076
2026-08-06 00:00:00+00:00,5.192533150610856e-05,2.174256261084577e-06,4.9751075245087666e-05,0.0,0.0,0.0,0.9693623624415337,0.0002342077200350803
2026-08-07 00:00:00+00:00,-1.1051740401724075e-05,-5.645275710206814e-05,4.5401016700341374e-05,0.0,0.0,0.0,0.9643070407542506,0.00017775692745659684
2026-08-08 00:00:00+00:00,0.0001846485454433111,0.00010488483404103352,7.976371140227886e-05,0.0,0.0,0.0,0.9730128976008657,0.0002825895817425103
2026-08-09 00:00:00+00:00,4.84443023374137e-05,-2.7734256033051794e-05,7.617855837056898e-05,0.0,0.0,0.0,0.9735841319489159,0.0002548429800191462
2026-08-10 00:00:00+00:00,0.0001017325167944616,-1.574030170828731e-06,0.00010330654696527638,0.0,0.0,0.0,0.9725721772807294,0.000253243186781622
2026-08-11 00:00:00+00:00,5.093330617156333e-05,-2.308342750176913e-05,7.401673367328082e-05,0.0,0.0,0.0,0.9585827619889399,0.00023014803707935148
2026-08-12 00:00:00+00:00,7.703796355884585e-05,-1.94850177922163e-05,9.65229813510521e-05,0.0,0.0,0.0,0.9529830952965263,0.0002106467914871152
2026-08-13 00:00:00+00:00,8.322466470667145e-05,-2.0382756060067603e-05,0.00010360742076668945,0.0,0.0,0.0,0.9511255427259091,0.0001902482020843103
2026-08-14 00:00:00+00:00,0.00017810842463372722,6.571393195273612e-05,0.00011239449268097556,0.0,0.0,0.0,0.9510533368004865,0.000255916553142922
2026-08-15 00:00:00+00:00,2.2132644247108146e-05,-4.1204363064536105e-05,6.333700731164736e-05,0.0,0.0,0.0,0.9443715627787016,0.0002147074380349526
2026-08-16 00:00:00+00:00,8.631293279193208e-05,2.5845801159104008e-05,6.046713163282925e-05,0.0,0.0,0.0,0.9449001913254452,0.0002405324781305646
2026-08-17 00:00:00+00:00,-1.0446058879454156e-05,-6.0751117958231095e-05,5.0305059078733307e-05,0.0,0.0,0.0,0.9421840236527191,0.00017978323819854017
2026-08-18 00:00:00+00:00,0.00013314160980826273,3.0038782715618474e-05,0.00010310282709266248,0.0,0.0,0.0,0.9664774749111745,0.00020979408859163174
2026-08-19 00:00:00+00:00,7.447690225137471e-05,2.4791804114217415e-05,4.968509813726017e-05,0.0,0.0,0.0,0.9692762670134559,0.0002345684227762282
2026-08-20 00:00:00+00:00,7.007101063027932e-05,-4.972970393484117e-05,0.00011980071456506386,0.0,0.0,0.0,1.0382960459172494,0.000184825767913128
2026-08-21 00:00:00+00:00,0.00015703839870417902,2.651066525171263e-05,0.000130527733452522,0.0,0.0,0.0,1.0933993768353756,0.00021130325044088435
2026-08-22 00:00:00+00:00,4.0032251239274785e-05,3.05547659062122e-06,0.00013559752989299376,-7.785944438062038e-05,-2.076131086370053e-05,0.10380655431850265,1.0625597603443817,0.00019623630427677345
2026-08-23 00:00:00+00:00,-0.00010414375303080536,-0.00026108314385119155,0.00015693939082040413,0.0,0.0,0.0,1.045794318233021,-6.485359367100943e-05
2026-08-24 00:00:00+00:00,0.0003232254264853296,0.00016661132432646783,0.00015661410215883861,0.0,0.0,0.0,1.054228879991439,0.00010172485059719175
2026-08-25 00:00:00+00:00,0.00030578890018695404,0.00016859198572278107,0.00013719691446411697,0.0,0.0,0.0,1.0708058038683188,0.0002702342017006903
2026-08-26 00:00:00+00:00,0.00010680613857205756,-4.2236805735064837e-05,0.00014904294430712818,0.0,0.0,0.0,1.06458349161874,0.00022797304704485206
2026-08-27 00:00:00+00:00,9.866503180289143e-05,4.880778883927314e-06,9.378425291894605e-05,0.0,0.0,0.0,1.0710432781619015,0.00023283085366538104
2026-08-28 00:00:00+00:00,0.00016676856861930212,4.297372961402339e-05,0.00012379483900522252,0.0,0.0,0.0,1.0874369089336118,0.0002757585954131586
2026-08-29 00:00:00+00:00,0.00013327476735880417,-4.811713019115326e-06,0.00013808648037795705,0.0,0.0,0.0,1.054720976331594,0.00027091077682344164
2026-08-30 00:00:00+00:00,7.750877735879236e-05,-7.169174634305881e-05,0.00014920052370174313,0.0,0.0,0.0,1.0599162305040957,0.0001992035904536156
2026-08-31 00:00:00+00:00,0.00025079437069108756,0.00012196138191047825,0.00012883298878052775,0.0,0.0,0.0,1.0521043142509134,0.0003210844461924188
