time,ret,price,funding,fee,slip,traded,gross,net
2024-01-02 00:00:00+00:00,-0.007474620291491374,-0.00692605749189927,0.000422691570368161,-0.0005,-0.0004712543699602795,1.0,1.0437755213584146,0.03514899994563354
2024-01-03 00:00:00+00:00,-0.0011971938519903524,-0.0015166637215172762,0.000319469869526974,0.0,0.0,0.0,1.0199639785284305,0.03367264891237441
2024-01-04 00:00:00+00:00,0.006385923180417308,0.006204623639309046,0.00018129954110829906,0.0,0.0,0.0,0.9355533818418306,0.039624235229424924
2024-01-05 00:00:00+00:00,-0.0033528870804351296,-0.002975141538024342,0.00016270649274006466,-0.00028476119793310596,-0.0002556908372177174,0.569522395866212,0.9806570783914035,0.04440486107212566
2024-01-06 00:00:00+00:00,0.00826677828507738,0.007925937598703803,0.0003408406863735837,0.0,0.0,0.0,0.9428419534487347,0.051901738505990336
2024-01-07 00:00:00+00:00,-0.0012342023774480904,-0.001591922873763061,0.0003577204963149795,0.0,0.0,0.0,0.9138206066285507,0.05037198485569305
2024-01-08 00:00:00+00:00,-0.008351040268592347,-0.007642629738484184,0.0003684303476802741,-0.0005700291007542279,-0.0005068117770342373,1.140058201508456,0.9819070704312023,-0.03074113806536696
2024-01-09 00:00:00+00:00,-0.004745379563872776,-0.004944595331030923,0.00019921576715815683,0.0,0.0,0.0,1.0424411068706874,-0.035855883171645335
2024-01-10 00:00:00+00:00,0.0010033228110528647,0.0009584131035350467,4.4909707517911086e-05,0.0,0.0,0.0,1.026754820563758,-0.034862491734902516
2024-01-11 00:00:00+00:00,0.014347111328459894,0.014704576662885748,4.457175999474943e-05,-0.00020101854721031975,-0.00020101854721031975,0.4020370944206395,1.09374060879027,-0.01051809583600013
2024-01-12 00:00:00+00:00,0.019976777126923917,0.019948658670402047,2.8118456521762255e-05,0.0,0.0,0.0,1.1053719334424499,0.009245860342983385
2024-01-13 00:00:00+00:00,-0.003021559704237675,-0.003050666087890453,2.9106383652828994e-05,0.0,0.0,0.0,1.0602509158443254,0.006213970136861878
2024-01-14 00:00:00+00:00,-0.0021320478944917287,-0.0015699912912729831,9.737880491655135e-05,-0.0003297177040676748,-0.0003297177040676748,0.6594354081353497,1.023169398329689,-0.10496307652215471
2024-01-15 00:00:00+00:00,-0.002984066070711444,-0.0030356333744356364,5.15673037241531e-05,0.0,0.0,0.0,0.9963492602957386,-0.10832194975155791
2024-01-16 00:00:00+00:00,0.0031969497196941976,0.0031050877283462365,9.186199134798347e-05,0.0,0.0,0.0,1.0111756354979007,-0.10488156094634324
2024-01-17 00:00:00+00:00,-0.006173638419873839,-0.006171478986126177,0.0002275103424993968,-0.00011483488812355056,-0.00011483488812355056,0.2296697762471011,1.0190236705641573,-0.10657541360651075
2024-01-18 00:00:00+00:00,-0.006317744277150483,-0.006501216219309222,0.00018347194215875191,0.0,0.0,0.0,1.0166225529529913,-0.11379556108060174
2024-01-19 00:00:00+00:00,0.005088250607275802,0.00492315067698822,0.0001650999302875148,0.0,0.0,0.0,0.9762717749110895,-0.1083212447641618
2024-01-20 00:00:00+00:00,-0.020669070312163473,-0.02073241201502477,0.0002247138849073247,-8.068609102303899e-05,-8.068609102303899e-05,0.16137218204607798,1.0251684451106602,-0.11554812495246142
2024-01-21 00:00:00+00:00,0.004812359613406425,0.004624319844449085,0.0001880397689573366,0.0,0.0,0.0,1.0218174840893548,-0.11039255642783787
2024-01-22 00:00:00+00:00,0.000572871244255202,0.00036841195202285375,0.00020445929223228686,0.0,0.0,0.0,1.0122585203161403,-0.10996115089448336
2024-01-23 00:00:00+00:00,0.007717126140816211,0.007447339517484189,0.0002697866233321142,0.0,0.0,0.0,0.9549629701196549,-0.10172875772151281
2024-01-24 00:00:00+00:00,0.003610997291444873,0.0033486572127015874,0.0002623400787432603,0.0,0.0,0.0,0.9352334232340003,-0.09802612842457888
2024-01-25 00:00:00+00:00,0.0036822608744013774,0.003542617969148783,0.00013964290525265378,0.0,0.0,0.0,0.9367706823793333,-0.09413687392772759
2024-01-26 00:00:00+00:00,0.0032105802002129202,0.003527944479901446,5.078376642454589e-05,-0.0001840740230565609,-0.0001840740230565609,0.3681480461131218,0.9809945617004187,-0.03339482201328494
2024-01-27 00:00:00+00:00,-0.0027427710034119146,-0.0027853583521039106,4.2587348691948766e-05,0.0,0.0,0.0,1.0129586759715394,-0.036279687239562555
2024-01-28 00:00:00+00:00,-0.0013904314388902828,-0.0014319368626971784,4.150542380692192e-05,0.0,0.0,0.0,1.0192255085720767,-0.03776413253940505
2024-01-29 00:00:00+00:00,0.0012357100255540043,0.0020993073892086635,3.860807425961528e-05,-0.0004981079320355472,-0.0004040975058787064,0.9962158640710943,1.01159481217306,0.02678460894198038
2024-01-30 00:00:00+00:00,0.002028641272537657,0.0019827836295054522,4.5857643032120937e-05,0.0,0.0,0.0,1.035943659138013,0.02870915200083736
2024-01-31 00:00:00+00:00,0.013049529332202603,0.013028671704957435,2.08576272450849e-05,0.0,0.0,0.0,1.009204261021514,0.04120018073875253
2024-02-01 00:00:00+00:00,-0.00041162408854833465,0.0002795807960845657,7.876106508037035e-05,-0.0004015438476298981,-0.00036842210208332506,0.8030876952597962,0.985962231289001,0.041736935293993985
2024-02-02 00:00:00+00:00,-0.006752715950187782,-0.006801674414252802,4.895846406502844e-05,0.0,0.0,0.0,1.010339715678213,0.03517277262244093
2024-02-03 00:00:00+00:00,-0.006370936736041388,-0.006431287160852558,6.035042481117099e-05,0.0,0.0,0.0,1.0298490203891506,0.028925769710454935
2024-02-04 00:00:00+00:00,0.004083114530904597,0.004581268376114934,5.957751321017824e-05,-0.0002788656792103058,-0.0002788656792103058,0.5577313584206115,0.9867062617064966,0.2101152728678541
2024-02-05 00:00:00+00:00,0.0029550113671024114,0.002931902717434947,2.310864966741646e-05,0.0,0.0,0.0,0.9686157725140899,0.21241947362612976
2024-02-06 00:00:00+00:00,-0.008626868417945244,-0.008691214470650643,6.434605270543082e-05,0.0,0.0,0.0,0.9869733022522098,0.20550109001881592
2024-02-07 00:00:00+00:00,0.008412949793671798,0.008773498103230176,3.584046464278206e-05,-0.0001981943871006012,-0.0001981943871006012,0.39638877420120233,0.9854512505202018,0.21012902630880417
2024-02-08 00:00:00+00:00,0.005386451053203789,0.0053520309752131,3.442007799074778e-05,0.0,0.0,0.0,1.0010912717302831,0.21432659755687722
2024-02-09 00:00:00+00:00,0.004672576737571266,0.0042808191936963775,0.000391757543874937,0.0,0.0,0.0,1.006093125368187,0.2175907074725258
2024-02-10 00:00:00+00:00,-0.00042251513099766935,-0.0006910443055841408,0.0006699751392831364,-0.00020072298234834172,-0.00020072298234834172,0.40144596469668337,1.0238266348222147,0.1984801214450836
2024-02-11 00:00:00+00:00,-0.0009398093366823623,-0.001982654538361674,0.0010428452016793524,0.0,0.0,0.0,1.0230271257473174,0.19668231077875217
2024-02-12 00:00:00+00:00,0.01381914360566161,0.013309292064583651,0.0005098515410778754,0.0,0.0,0.0,1.0315553805913626,0.20712925393822973
2024-02-13 00:00:00+00:00,0.004792234902580406,0.004753956340059115,0.0004426779008991662,-0.000220670701093133,-0.00018372863728471542,0.44134140218626594,1.0166875002724023,0.15823576260311767
2024-02-14 00:00:00+00:00,0.003329453863268883,0.0030784103754777723,0.0002510434877910483,0.0,0.0,0.0,0.9944806768010033,0.16077886715820358
2024-02-15 00:00:00+00:00,0.0037875122002670736,0.003365432970014756,0.0004220792302522961,0.0,0.0,0.0,1.019284881021176,0.16352494739491205
2024-02-16 00:00:00+00:00,-0.0049155398684904705,-0.004590292548544765,0.00038354201626284974,-0.0003543946681042643,-0.0003543946681042643,0.7087893362085285,1.0509367794819138,0.1717890866820786
2024-02-17 00:00:00+00:00,0.003850110199322243,0.0036445216549324325,0.0002055885443897132,0.0,0.0,0.0,1.0400652240741157,0.1747607601519089
2024-02-18 00:00:00+00:00,-0.00905245975767166,-0.009182279187810184,0.0001298194301385602,0.0,0.0,0.0,1.0444479902783608,0.1670910661159802
2024-02-19 00:00:00+00:00,0.0014979054257444613,0.001856124579654036,7.248729699780363e-05,-0.00023408364657238285,-0.00019662280433497314,0.4681672931447657,1.0293352483133413,0.24213298065433378
2024-02-20 00:00:00+00:00,-0.0289748946373396,-0.02882843353963718,-0.0001464610977023663,0.0,0.0,0.0,1.0806395568557505,0.21966944617259032
2024-02-21 00:00:00+00:00,0.01034661653604152,0.010336524167369335,1.0092368672119081e-05,0.0,0.0,0.0,1.0843277992353706,0.22765055731916228
2024-02-22 00:00:00+00:00,0.016883284608431692,0.01735520885542678,0.00015507388634727112,-0.00031753034720342416,-0.00030946778613899603,0.6350606944068484,0.9914183708346096,0.19258804585063488
2024-02-23 00:00:00+00:00,-0.01108113484909845,-0.011466361272711955,0.0003852264236134979,0.0,0.0,0.0,1.0122339607786994,0.18315120780943459
2024-02-24 00:00:00+00:00,0.004227514226201823,0.003874874478325801,0.00035263974787607267,0.0,0.0,0.0,1.0141256058394084,0.18623875530025827
2024-02-25 00:00:00+00:00,0.01515195410587622,0.015332975078168179,0.00039646053394004925,-0.000288740753115964,-0.000288740753115964,0.5774815062319281,1.0021232139291698,0.1924921595125999
2024-02-26 00:00:00+00:00,0.006544354338973601,0.006337199739441245,0.00020715459953236866,0.0,0.0,0.0,1.006077708557645,0.19753660968335363
2024-02-27 00:00:00+00:00,0.01751253494485394,0.017465844761192003,4.669018366194814e-05,0.0,0.0,0.0,1.0078933935525227,0.2113020204278841
2024-02-28 00:00:00+00:00,0.0059590362968040544,0.00651526891527949,0.00017073809126116324,-0.0003634853548682536,-0.0003634853548682536,0.7269707097365072,0.9983206921627522,0.22996654073990597
2024-02-29 00:00:00+00:00,0.01784495337628722,0.017842571288414804,2.382087872458336e-06,0.0,0.0,0.0,1.0140834384688884,0.24346449938796141
2024-03-01 00:00:00+00:00,-0.014924387309601328,-0.014613155343879088,-0.00031123196572220785,0.0,0.0,0.0,1.033681365320534,0.23231855615535202
2024-03-02 00:00:00+00:00,-0.0014872079381704761,-0.0011225909351005037,-0.0001894862660433016,-9.153676814858893e-05,-8.359396887805705e-05,0.18307353629717785,1.0618834830577957,0.1951670020999168
2024-03-03 00:00:00+00:00,0.004209034655488608,0.004450113185079943,-0.0002410785295912514,0.0,0.0,0.0,1.129000132638116,0.1987804415178149
2024-03-04 00:00:00+00:00,0.006780791148278675,0.0071298255551449675,-0.00034903440686620963,0.0,0.0,0.0,1.1012745727035136,0.20452343636603348
2024-03-05 00:00:00+00:00,0.01270959509538061,0.013983106598482346,-4.3753287908538975e-05,-0.0006148791075966344,-0.0006148791075966344,1.229758215193269,1.0278697341933678,0.16534557505073577
2024-03-06 00:00:00+00:00,-0.014137647279873877,-0.014168189975025145,3.054269515124392e-05,0.0,0.0,0.0,0.9995414439007357,0.15334532722402064
2024-03-07 00:00:00+00:00,0.020333176579405254,0.020393782750120087,-6.0606170714735834e-05,0.0,0.0,0.0,1.0532341406815375,0.1702768409007227
2024-03-08 00:00:00+00:00,-0.013679542855645987,-0.013550989334781624,0.00032514874101115807,-0.00026615821638509805,-0.0001875440454903991,0.5323164327701961,1.0038276222360476,-0.00961600020782324
2024-03-09 00:00:00+00:00,-0.007769441294718238,-0.00819864224136835,0.00042920094665010636,0.0,0.0,0.0,1.0282695878089672,-0.01795413605526996
2024-03-10 00:00:00+00:00,-0.005844185929753776,-0.006535583543871692,0.0006913976141178656,0.0,0.0,0.0,1.0332677043389655,-0.024633683425213257
2024-03-11 00:00:00+00:00,0.005792080277761791,0.006319457152207978,0.00040639221674612175,-0.0005131914846863698,-0.00042057760650603246,1.0263829693727395,1.0034925115006608,0.006843350057882185
2024-03-12 00:00:00+00:00,-0.02476994222872897,-0.025321921410197176,0.00055197918146819,0.0,0.0,0.0,1.0919883338244554,-0.01894790998807457
2024-03-13 00:00:00+00:00,-0.00852190452498458,-0.008975341783864076,0.0004534372588794849,0.0,0.0,0.0,1.0951455090627296,-0.0281632563536974
2024-03-14 00:00:00+00:00,0.031190335037646788,0.03207116193725553,0.0001658655852409535,-0.0005388221538525172,-0.0005078703309972633,1.0776443077050344,1.0044967644832112,0.06734235605249239
2024-03-15 00:00:00+00:00,-0.0015864767005622227,-0.0018618170570364515,0.0002753403564742362,0.0,0.0,0.0,0.9892886924834166,0.06558458741530623
2024-03-16 00:00:00+00:00,-0.0005626747801824594,-0.0007362453822284178,0.00017357060204595853,0.0,0.0,0.0,0.9636223776052184,0.06488485110240921
2024-03-17 00:00:00+00:00,0.0036616483734319694,0.003980784058370746,6.246278781789604e-05,-0.0001907992363783879,-0.0001907992363783879,0.38159847275677583,0.9031557389021827,0.04311978537075144
2024-03-18 00:00:00+00:00,-0.015334834820204701,-0.015358260449859534,2.3425629654818123e-05,0.0,0.0,0.0,0.9602730805249485,0.028193873311058687
2024-03-19 00:00:00+00:00,-0.0031172305618145657,-0.003214633257826764,9.740269601220599e-05,0.0,0.0,0.0,0.9477296630697747,0.025057349589169282
2024-03-20 00:00:00+00:00,0.01792375624279341,0.018547693086933496,9.449785716960717e-05,-0.0004208415243182144,-0.00029759317699150367,0.841683048636429,0.9162252940360779,-0.06576897456845031
2024-03-21 00:00:00+00:00,-0.008773136284944694,-0.00885978152915299,8.664524420833924e-05,0.0,0.0,0.0,1.0222864968168466,-0.07528927920486339
2024-03-22 00:00:00+00:00,0.011559681768233965,0.011472991892333646,8.668987590030233e-05,0.0,0.0,0.0,0.997284848061258,-0.06308702142119556
2024-03-23 00:00:00+00:00,0.010427745047522086,0.01085678624830119,0.00014209609045718908,-0.0002855686456180983,-0.0002855686456180983,0.5711372912361966,0.9639285046997227,-0.09805206902930338
2024-03-24 00:00:00+00:00,0.014240511732623196,0.014190780148910306,4.9731583712849366e-05,0.0,0.0,0.0,0.9618944100401192,-0.08268382884561869
2024-03-25 00:00:00+00:00,-0.0023130298613490696,-0.0024353092349604422,0.00012227937361141593,0.0,0.0,0.0,1.002666876830432,-0.08531647764102805
2024-03-26 00:00:00+00:00,-0.006880040506975105,-0.00622973299846673,4.0726919073569985e-05,-0.00039226644604971496,-0.00029876798153226716,0.7845328920994299,1.0571138403811247,-0.05555218850065766
2024-03-27 00:00:00+00:00,0.0022435017005419944,0.002144276184125646,9.922551641636921e-05,0.0,0.0,0.0,1.0542107358226955,-0.053288359790722384
2024-03-28 00:00:00+00:00,0.020991951459621738,0.021047435825201535,-5.548436557975594e-05,0.0,0.0,0.0,1.0248823425707592,-0.03157803929739973
2024-03-29 00:00:00+00:00,0.0025798936199052935,0.0038119606842382963,0.00015125010097303074,-0.0007220159392989941,-0.0006613012260070242,1.4440318785979882,0.9923931160948386,-0.024008280745822366
2024-03-30 00:00:00+00:00,-0.010539919370621154,-0.010657149344460163,0.00011722997383903007,0.0,0.0,0.0,1.0139395271969627,-0.03503469292892809
2024-03-31 00:00:00+00:00,0.005217662065402973,0.005234248576688229,-1.6586511285279556e-05,0.0,0.0,0.0,0.9906485052282765,-0.029645762780380863
2024-04-01 00:00:00+00:00,-0.007934859490227097,-0.006970931466927384,0.0002446991657453075,-0.0006219991463864605,-0.0005866280426585993,1.2439982927729207,1.0376899745711639,0.13751773467086237
2024-04-02 00:00:00+00:00,-0.0029286468856264403,-0.003093656370159235,0.00016500948453283332,0.0,0.0,0.0,0.994292563371679,0.13481891529711143
2024-04-03 00:00:00+00:00,-0.014873189703632161,-0.01483883850637792,-3.4351197254237755e-05,0.0,0.0,0.0,0.9658108757610661,0.12179150494811794
2024-04-04 00:00:00+00:00,0.01189766714895879,0.012497171543324533,-6.551429587037133e-05,-0.00029846070279063137,-0.000235529395704723,0.5969214055812627,0.954644690493712,0.1304971177946265
2024-04-05 00:00:00+00:00,-0.0015397983124936232,-0.00163456628490037,9.476797240673563e-05,0.0,0.0,0.0,0.9840808771676126,0.12906127985064855
2024-04-06 00:00:00+00:00,-0.0010019868259056874,-0.0011396017295745903,0.00013761490366892042,0.0,0.0,0.0,0.9722735498371003,0.12804998251661318
2024-04-07 00:00:00+00:00,-0.004150403196834684,-0.003512708139481454,0.00011558723116969105,-0.00039366251640146616,-0.00035961977212144674,0.7873250328029322,1.0065136904014615,0.13749482716330255
2024-04-08 00:00:00+00:00,0.008232044639522096,0.008077253736640496,0.00015479090288169378,0.0,0.0,0.0,1.010597629580067,0.1443835094053078
2024-04-09 00:00:00+00:00,0.008939071851201241,0.00897301985976573,-3.394800856438355e-05,0.0,0.0,0.0,1.036862914387716,0.15199780992096495
2024-04-10 00:00:00+00:00,0.013176063943278304,0.01432278966027163,3.81123639850309e-05,-0.0006110943411433949,-0.0005737437398349885,1.2221886822867898,0.9626925085204976,0.04379746803332673
2024-04-11 00:00:00+00:00,-0.006322357311701943,-0.006513731951792066,0.00019137464009009444,0.0,0.0,0.0,0.9568189440171511,0.037520956978227424
2024-04-12 00:00:00+00:00,-0.004604006930857496,-0.004712560617396762,0.00010855368653925351,0.0,0.0,0.0,0.9434304742967392,0.032960145097300525
2024-04-13 00:00:00+00:00,-0.00886018709717018,-0.00724696742699975,-4.4013097458043216e-05,-0.0008018566218568641,-0.0007673499508554682,1.6037132437137283,0.8962033276249596,-0.15620879150169745
2024-04-14 00:00:00+00:00,0.0026747115437848468,0.002966028302713089,-0.0002913167589283512,0.0,0.0,0.0,0.7940418261990257,-0.15283397639802979
2024-04-15 00:00:00+00:00,-0.005783832805506539,-0.00567331703808988,-0.00011051576741664555,0.0,0.0,0.0,0.8422300158082211,-0.1594294064674083
2024-04-16 00:00:00+00:00,-0.005935968877397002,-0.004878045557070108,0.0003919625447818389,-0.0007249429325543803,-0.0007249429325543803,1.4498858651087605,0.9781847541777613,-0.12199821238463561
2024-04-17 00:00:00+00:00,-0.01355693655881951,-0.013861039062503255,0.0003041025036837971,0.0,0.0,0.0,0.9944232440832061,-0.13772639950774002
2024-04-18 00:00:00+00:00,0.0030860851697398495,0.0029457534387944814,0.0001403317309454745,0.0,0.0,0.0,0.9645244879045485,-0.1343659812070252
2024-04-19 00:00:00+00:00,0.005497437883125844,0.0058781175061543055,0.00021962004404734933,-0.00031567017596804693,-0.00028462949110780585,0.6313403519360938,1.0150677212640442,-0.06805057250932386
2024-04-20 00:00:00+00:00,-0.005836440954743782,-0.005993376372204599,0.0001569354174607629,0.0,0.0,0.0,1.0214817921282529,-0.07447863906079574
2024-04-21 00:00:00+00:00,0.0016983286920067009,0.0014541398473976578,0.00024418884460909973,0.0,0.0,0.0,1.0843250418804633,-0.07290068988010738
2024-04-22 00:00:00+00:00,0.006015437271007507,0.006246419600376617,0.00019674866032544892,-0.0002299000683710669,-0.00019783092132359516,0.45980013674213377,1.0021784055809215,0.020100314505537138
2024-04-23 00:00:00+00:00,0.009815781797864576,0.009650541049078377,0.0001652407487860948,0.0,0.0,0.0,1.027227647320711,0.0294616662671358
2024-04-24 00:00:00+00:00,-0.0017089906142656597,-0.0019178402761702246,0.00020884966190458213,0.0,0.0,0.0,1.0118496365019947,0.027590978714627033
2024-04-25 00:00:00+00:00,-0.0012654982169194584,-0.001059887573525547,0.00021692786097463518,-0.00021126925218426727,-0.00021126925218426727,0.4225385043685345,0.9526826643923071,0.03697071059930218
2024-04-26 00:00:00+00:00,-0.0025132470015655217,-0.0026977058296145996,0.0001844588280490697,0.0,0.0,0.0,0.9531804348076202,0.03435935832397093
2024-04-27 00:00:00+00:00,-0.006695778021511778,-0.006952034704738858,0.0002562566832270418,0.0,0.0,0.0,0.9525913065293554,0.027592074022036665
2024-04-28 00:00:00+00:00,-0.002001866093571558,-0.0013698675135443933,0.00020473910169719386,-0.0004339572582803486,-0.0004027804234440134,0.8679145165606972,1.023510208120788,-0.0780566509805422
2024-04-29 00:00:00+00:00,-0.0021728960211385706,-0.002444710314467815,0.00027181429332920397,0.0,0.0,0.0,1.0182191711148516,-0.08067666329568395
2024-04-30 00:00:00+00:00,0.007205950299334463,0.006937823911251597,0.00026812638808291404,0.0,0.0,0.0,1.0062270462414975,-0.07321128252123363
2024-05-01 00:00:00+00:00,-0.0026191225517369077,-0.0016862593527031827,0.00044098780315030256,-0.0007013433426251152,-0.0006725076595589347,1.4026866852502302,0.93952414837062,0.013481304630822685
2024-05-02 00:00:00+00:00,-0.004791652964224347,-0.004985200173126689,0.000193547208902349,0.0,0.0,0.0,0.9501505004729267,0.008537010851045457
2024-05-03 00:00:00+00:00,-0.0036159559769460836,-0.0037735642291104035,0.00015760825216428148,0.0,0.0,0.0,0.970495226347166,0.004780733543967024
2024-05-04 00:00:00+00:00,0.0012599369977124297,0.0020493043298663266,0.00015136287458721658,-0.0004994390006892402,-0.00044129120605196516,0.9988780013784806,1.010603695408792,-0.03245022386579522
2024-05-05 00:00:00+00:00,0.006636386604656819,0.006338344326409321,0.0002980422782475727,0.0,0.0,0.0,1.008354963228763,-0.025939733439857504
2024-05-06 00:00:00+00:00,0.0063139570478008,0.006147082650951327,0.0001668743968494466,0.0,0.0,0.0,1.0068286252308452,-0.01966846494604123
2024-05-07 00:00:00+00:00,-0.0017704429704830105,-0.0011930421092136401,0.00016753109754527175,-0.0004054032742189838,-0.00033952868459560906,0.8108065484379676,0.9895645389560331,0.01380814779999647
2024-05-08 00:00:00+00:00,0.0009567515166912788,0.000840755575662819,0.00011599594102842793,0.0,0.0,0.0,0.9709546483969146,0.014634901411537287
2024-05-09 00:00:00+00:00,-0.0017963195419229416,-0.0018767107292235673,8.03911873005786e-05,0.0,0.0,0.0,0.9695280788204691,0.012781149711308315
2024-05-10 00:00:00+00:00,-1.3009054485424443e-05,0.0006363090410807706,0.00011721990709852988,-0.0003832690013323881,-0.0003832690013323881,0.7665380026647761,0.9849953930205778,0.0579814519478937
2024-05-11 00:00:00+00:00,0.0014458892160382764,0.0013326977221588005,0.00011319149387940612,0.0,0.0,0.0,0.9437972092166879,0.05922851180355383
2024-05-12 00:00:00+00:00,0.004783740717567264,0.0047442429421954094,3.9497775371806594e-05,0.0,0.0,0.0,0.9371858078683549,0.06366818266790757
2024-05-13 00:00:00+00:00,0.004957620442603394,0.00577799722759952,0.0001186674940981598,-0.00048416981023317933,-0.0004548744688611623,0.9683396204663587,0.9598318383066476,0.027153660867566688
2024-05-14 00:00:00+00:00,-0.003393924286285599,-0.003494712750363599,0.00010078846407800564,0.0,0.0,0.0,0.9658482352738554,0.02373951824471794
2024-05-15 00:00:00+00:00,-0.005289811095564478,-0.005623873854908064,0.00033406275934359065,0.0,0.0,0.0,0.9487864859997704,0.018211982336043424
2024-05-16 00:00:00+00:00,-0.0005914954848773579,-0.00017613302363501834,0.00033762279136632706,-0.00039193467784674654,-0.0003610505747619079,0.783869355693493,1.024292217237926,0.017569428685964793
2024-05-17 00:00:00+00:00,0.014077677916817244,0.013939333850694397,0.00013834406612293567,0.0,0.0,0.0,1.0147762504682332,0.03107135007782296
2024-05-18 00:00:00+00:00,0.0033558616017328458,0.0032779401297876485,7.792147194520877e-05,0.0,0.0,0.0,1.048111741876585,0.034234404284812614
2024-05-19 00:00:00+00:00,0.0006503615155095677,0.0015264873812240053,7.304240919650734e-05,-0.0005062680424173082,-0.0004429002324935751,1.0125360848346163,1.0180713377488566,0.05033672042675778
2024-05-20 00:00:00+00:00,0.016547297430714147,0.016503353760471594,4.394367024247931e-05,0.0,0.0,0.0,0.9808799610125577,0.0657520553703352
2024-05-21 00:00:00+00:00,-0.019360989474842882,-0.019459707315166132,9.871784032326938e-05,0.0,0.0,0.0,1.086772868541938,0.04720630890502523
2024-05-22 00:00:00+00:00,0.003793850050708203,0.004812875261809431,5.177642226848962e-05,-0.0005354008166848672,-0.0005354008166848672,1.070801633369734,0.9854132415991496,0.11587975560300545
2024-05-23 00:00:00+00:00,-0.0032219076213196862,-0.003222715691127693,8.080698079718251e-07,0.0,0.0,0.0,0.9679424387749088,0.11302118372509198
2024-05-24 00:00:00+00:00,-0.0030421152593917977,-0.0030481234840863207,6.008224694577664e-06,0.0,0.0,0.0,0.9571458445059956,0.11030863181308671
2024-05-25 00:00:00+00:00,0.005620179730569941,0.007076024086455109,3.509806575785201e-05,-0.0007955050085921283,-0.0006954374130508909,1.5910100171842563,1.010435602213151,-0.08698724657127313
2024-05-26 00:00:00+00:00,0.007052033102125321,0.007011645590844986,4.038751128029401e-05,0.0,0.0,0.0,1.0231546516905088,-0.07941555982372779
2024-05-27 00:00:00+00:00,0.0030126686012541537,0.002955581586501501,5.708701475268656e-05,0.0,0.0,0.0,1.0098700276471246,-0.07623032154105609
2024-05-28 00:00:00+00:00,-0.009875384694370215,-0.008719339553198742,5.0620979770638956e-05,-0.00060333306047105,-0.00060333306047105,1.2066661209421,1.0407527415350666,-0.13201613708445475
2024-05-29 00:00:00+00:00,-0.002538192964064101,-0.002722296160780666,0.00018410319671652704,0.0,0.0,0.0,1.0236837437563773,-0.13508129563940424
2024-05-30 00:00:00+00:00,-0.0036575547654621454,-0.003761532651481108,0.000103977886019,0.0,0.0,0.0,1.0137720133787813,-0.13935251775628416
2024-05-31 00:00:00+00:00,-0.0005074585629296635,0.00037955533507597343,5.93448129953434e-05,-0.000505413355079344,-0.00044094535592167856,1.0108267101586876,1.007374828651247,-0.012920329268441081
2024-06-01 00:00:00+00:00,0.001002188321578501,0.0009467970301033958,5.539129147508757e-05,0.0,0.0,0.0,0.9955672054688932,-0.011961544518113836
2024-06-02 00:00:00+00:00,0.0010022382871075486,0.0009669420742997897,3.529621280776976e-05,0.0,0.0,0.0,1.0000387706712364,-0.01098359426511114
2024-06-03 00:00:00+00:00,0.0017314969590904727,0.002440335315763178,4.5086032945894665e-05,-0.0003926221645338947,-0.00036130222508475376,0.7852443290677895,0.9981567154656318,-0.029187030454829576
2024-06-04 00:00:00+00:00,0.002873203315481687,0.0028015280534405846,7.167526204116021e-05,0.0,0.0,0.0,1.0034695917376502,-0.026309908684526862
2024-06-05 00:00:00+00:00,0.007169684019138645,0.007139259577310263,3.04244418284156e-05,0.0,0.0,0.0,1.0231965953166544,-0.019034180050689874
2024-06-06 00:00:00+00:00,0.00042500048096005827,0.0010520133906770444,0.00012155816192155753,-0.00040449486272499705,-0.00034407620891364497,0.8089897254499939,1.0240654443767332,-0.04424399087687436
2024-06-07 00:00:00+00:00,-0.007101466479437213,-0.007186482834449904,8.501635501271131e-05,0.0,0.0,0.0,1.0164887227980295,-0.051798317728363616
2024-06-08 00:00:00+00:00,-0.011840792913385023,-0.01191437021517381,7.35773017888151e-05,0.0,0.0,0.0,0.9862814123064441,-0.06447613652397291
2024-06-09 00:00:00+00:00,0.0034089007474493727,0.003967471089017064,4.357542427171653e-05,-0.0003010728829196715,-0.0003010728829196715,0.602145765839343,0.9462584278759922,0.011515079742187656
2024-06-10 00:00:00+00:00,-0.004693761329193524,-0.004731736568356578,3.797523916305159e-05,0.0,0.0,0.0,0.9597491955073536,0.006815332718992768
2024-06-11 00:00:00+00:00,-0.003843869945961531,-0.0038986943635378316,5.4824417576296656e-05,0.0,0.0,0.0,0.9420317920339684,0.002927892794572444
2024-06-12 00:00:00+00:00,0.011808934783263725,0.01291893873149969,0.0001360861620443884,-0.0006692784821675402,-0.0005768116281128992,1.3385569643350805,0.9792883837928655,-0.05364193290698767
2024-06-13 00:00:00+00:00,-0.0032333073405876878,-0.0033513707730567863,0.00011806343246912023,0.0,0.0,0.0,1.0079339776626484,-0.05717817830367455
2024-06-14 00:00:00+00:00,-0.0026751155123999615,-0.0027748020076339658,9.968649523401015e-05,0.0,0.0,0.0,0.9813232757692985,-0.06011379164785434
2024-06-15 00:00:00+00:00,-0.000763944215686041,-0.0007443482547007605,0.00016394387902108617,-9.176992000320214e-05,-9.176992000320214e-05,0.18353984000640428,0.9596068648343479,-0.0700786834947942
2024-06-16 00:00:00+00:00,-0.005188638981991844,-0.005301644067391943,0.00011300508540006845,0.0,0.0,0.0,0.9782696326323499,-0.0757734888401842
2024-06-17 00:00:00+00:00,-0.0012732850193065692,-0.0014148691852803085,0.00014158416597373917,0.0,0.0,0.0,0.9851889934215254,-0.07728676610693885
2024-06-18 00:00:00+00:00,-0.0059636122709588735,-0.005694669498346226,0.00011953206334484207,-0.0001942374179787594,-0.0001942374179787594,0.3884748359575188,0.9767477356261126,-0.0818644110164933
2024-06-19 00:00:00+00:00,0.0014815650900432686,0.0013541724815400286,0.00012739260850332262,0.0,0.0,0.0,0.9335851433636484,-0.08039113383751073
2024-06-20 00:00:00+00:00,0.0008781979872098944,0.0008163115620501186,6.188642515983545e-05,0.0,0.0,0.0,0.9468766018711865,-0.07950500114348348
2024-06-21 00:00:00+00:00,-0.0072335517137489536,-0.006693705350578378,0.00010681121584123156,-0.0003233287895059088,-0.0003233287895059088,0.6466575790118175,1.0309328015610633,0.013298771839537238
2024-06-22 00:00:00+00:00,0.0002595444625523857,0.0002523370833485017,7.207379203898778e-06,0.0,0.0,0.0,1.0158372832464495,0.013547592720214593
2024-06-23 00:00:00+00:00,0.0038472753883354027,0.003739357849236937,0.00010791753909838555,0.0,0.0,0.0,1.0232511926338075,0.017220697802625903
2024-06-24 00:00:00+00:00,-0.0014070590836882113,-0.0003828777030776036,9.74297665364728e-05,-0.0006070224032825445,-0.0005145887438644977,1.214044806565089,0.977590723266414,0.026548880719574446
2024-06-25 00:00:00+00:00,-0.00800833796358602,-0.008137898180218485,0.00012956021663241112,0.0,0.0,0.0,0.9777275616414328,0.01855961420236217
2024-06-26 00:00:00+00:00,0.006251327174221277,0.0062244701653524775,2.6857008868693974e-05,0.0,0.0,0.0,0.993842490933096,0.024630113470075588
2024-06-27 00:00:00+00:00,0.007723008400169595,0.008357517141217961,0.00013840381880090446,-0.0004013552585091621,-0.0003715573013400455,0.8027105170183242,0.9686491100432372,0.06303126885726666
2024-06-28 00:00:00+00:00,0.01456744356902262,0.014527375161091339,4.006840793133048e-05,0.0,0.0,0.0,0.9791821240211779,0.07644503528077354
2024-06-29 00:00:00+00:00,0.0006561349477440803,0.0006191798114845708,3.695513625940341e-05,0.0,0.0,0.0,0.956160487996806,0.07701368372291309
2024-06-30 00:00:00+00:00,0.0015119611912839392,0.0022215966978911907,2.0568380529821304e-05,-0.00039452433461289516,-0.0003356795525241631,0.7890486692257904,0.9588664629044157,0.04536302117463645
2024-07-01 00:00:00+00:00,0.005649675330912762,0.005631820060194291,1.7855270718505773e-05,0.0,0.0,0.0,0.9836194323387147,0.05070835548974944
2024-07-02 00:00:00+00:00,-0.006519548968339728,-0.006610879497080813,9.133052874108376e-05,0.0,0.0,0.0,0.9864831839133469,0.04438685828883322
2024-07-03 00:00:00+00:00,0.001427166412542924,0.0024154750125418016,9.27522986838151e-06,-0.0004987919149335824,-0.0004987919149335824,0.9975838298671649,0.9969367320512612,0.012613688733627094
2024-07-04 00:00:00+00:00,0.005564666887745373,0.005538932367899372,2.5734519845926544e-05,0.0,0.0,0.0,0.9466931037783538,0.018052166806645314
2024-07-05 00:00:00+00:00,-0.012583980949904872,-0.012628072969083805,4.409201917888087e-05,0.0,0.0,0.0,0.8735943429796905,0.005493220418663705
2024-07-06 00:00:00+00:00,-0.00013822840907373735,0.0006046983510064589,0.0002110332896408869,-0.0004769800248605284,-0.0004769800248605284,0.9539600497210567,0.9511573848731937,0.05726372081540946
2024-07-07 00:00:00+00:00,0.0028640590455881743,0.002752786123583624,0.00011127292200461671,0.0,0.0,0.0,1.0092842538545763,0.05984510701890071
2024-07-08 00:00:00+00:00,-0.012281983944486874,-0.012410365811561921,0.00012838186707503526,0.0,0.0,0.0,0.9614980423114373,0.04802457830704653
2024-07-09 00:00:00+00:00,-0.0011326811336545006,-0.0008436368306627091,0.00012929912090388075,-0.0002091717119478299,-0.0002091717119478299,0.41834342389565976,1.044945105826286,0.08219713547077655
2024-07-10 00:00:00+00:00,0.001735163048137256,0.001637335006325741,9.782804181160785e-05,0.0,0.0,0.0,1.055787665245586,0.08368925597261256
2024-07-11 00:00:00+00:00,0.008477205908806074,0.008431818720405024,4.5387188401002845e-05,0.0,0.0,0.0,1.0594749534108978,0.0913467098247413
2024-07-12 00:00:00+00:00,0.012375072954950994,0.013236332798067263,-3.398158714721723e-05,-0.0004271724409990366,-0.0004001058149700424,0.8543448819980731,0.9894188175828215,0.14163690669744505
2024-07-13 00:00:00+00:00,0.012702396871045574,0.012670720564073982,3.167630697167686e-05,0.0,0.0,0.0,1.0111732224175167,0.1523721359189869
2024-07-14 00:00:00+00:00,0.012731060215688705,0.012682088788088504,4.897142760024693e-05,0.0,0.0,0.0,1.027115291101138,0.16297932510524832
2024-07-15 00:00:00+00:00,-0.001158082661591564,-0.0006368003906065716,0.00018991223626293766,-0.0003696006690077685,-0.00034159383824012467,0.7392013380155371,1.036937354561981,0.17191954404518756
2024-07-16 00:00:00+00:00,0.010228356590932686,0.010043576531605616,0.00018478005932707852,0.0,0.0,0.0,1.077691208532457,0.18012078099929532
2024-07-17 00:00:00+00:00,0.01969025360299237,0.019531808256264323,0.00015844534672807028,0.0,0.0,0.0,1.0509618871005044,0.19579729094213036
2024-07-18 00:00:00+00:00,-0.008919600897327795,-0.008233501331457449,0.00015822869497527603,-0.0004221641304228326,-0.0004221641304228326,0.844328260845665,0.9908230985222017,0.05530511828584564
2024-07-19 00:00:00+00:00,0.009989970741179244,0.009909846764616705,8.012397656257196e-05,0.0,0.0,0.0,0.972945433587108,0.06456991350379876
2024-07-20 00:00:00+00:00,0.002361574980394021,0.0022125839127920314,0.00014899106760209697,0.0,0.0,0.0,1.0089139427531142,0.06662515711248897
2024-07-21 00:00:00+00:00,-0.00027523768520787417,0.00019126295987700716,9.628909296000758e-05,-0.0002975783571155785,-0.00026521138092931105,0.595156714231157,1.003160845439924,0.05608566191755765
2024-07-22 00:00:00+00:00,0.011532055244729777,0.011479360880838927,5.2694363890755325e-05,0.0,0.0,0.0,1.013801232129889,0.06679474214195755
2024-07-23 00:00:00+00:00,0.0033446339556564286,0.0032753672130908635,6.926674256564263e-05,0.0,0.0,0.0,0.9731266820438471,0.06983653171971298
2024-07-24 00:00:00+00:00,0.0031389022312009462,0.003854114257475654,7.28842433700829e-05,-0.0003940481348223649,-0.0003940481348223649,0.7880962696447298,0.9677583209619993,0.03528696415310859
2024-07-25 00:00:00+00:00,-0.003162663999996651,-0.003176023656960985,1.3359656964324511e-05,0.0,0.0,0.0,0.9540177089213259,0.03221281881856309
2024-07-26 00:00:00+00:00,0.007921855310413894,0.007976436514524779,-5.4581204110830225e-05,0.0,0.0,0.0,0.9257890862227673,0.039873384153090975
2024-07-27 00:00:00+00:00,0.0009074350258486685,0.0018844328745113196,7.357286187592707e-05,-0.0005728465302899188,-0.000477724180248762,1.1456930605798377,1.0153481071247186,-0.021634764502565285
2024-07-28 00:00:00+00:00,0.0024744218977956756,0.002394067813605709,8.035408418995675e-05,0.0,0.0,0.0,1.0119054573882154,-0.019193204603200294
2024-07-29 00:00:00+00:00,0.0037403544785221676,0.0035762631769161372,0.00016409130160600506,0.0,0.0,0.0,1.0081486931868044,-0.015558746200253855
2024-07-30 00:00:00+00:00,0.008230617883420832,0.008856611267367349,0.00013152375554494161,-0.00039498146320424214,-0.0003625356762871903,0.7899629264084843,1.0090178280640547,-0.004167588765670677
2024-07-31 00:00:00+00:00,0.00019130352908081072,0.00011726891591759423,7.403461316319844e-05,0.0,0.0,0.0,0.9949907749836703,-0.004049545157473131
2024-08-01 00:00:00+00:00,-0.004160770268547109,-0.004241660570350512,8.089030180345054e-05,0.0,0.0,0.0,0.9772457316780697,-0.008325847667257545
2024-08-02 00:00:00+00:00,0.0027777305197851376,0.00359523394912771,0.00011965099703279081,-0.0004999850944165557,-0.0004371693319587248,0.9999701888331116,0.9740444970974409,-0.02615111570196257
2024-08-03 00:00:00+00:00,0.003306625026719523,0.003219160292527334,8.74647341920809e-05,0.0,0.0,0.0,0.9098058592970505,-0.022856377938124617
2024-08-04 00:00:00+00:00,-0.003952613529142668,-0.004052744135013864,0.00010013060587114357,0.0,0.0,0.0,0.887254518081072,-0.027015905506746683
2024-08-05 00:00:00+00:00,-0.014705207778044072,-0.014071454173203338,0.00013303983555653176,-0.0003987304255916412,-0.0003680630148055736,0.7974608511832822,0.9296636606032774,-0.024762624364751247
2024-08-06 00:00:00+00:00,0.015834434332905545,0.015611535348038774,0.00022289898486677341,0.0,0.0,0.0,0.8355288460854804,-0.009008445379902872
2024-08-07 00:00:00+00:00,0.00014736536881709839,-9.210666096892887e-05,0.00023947202978610928,0.0,0.0,0.0,0.8814402534811352,-0.00909921113226705
2024-08-08 00:00:00+00:00,0.0006394651100132265,0.0011123329453093752,0.0002861747346206909,-0.0003917379714366512,-0.0003673045984802975,0.7834759428733025,0.9239921299982613,-0.07816876839261121
2024-08-09 00:00:00+00:00,0.0011753573655306493,0.001030620700886118,0.00014473666464448462,0.0,0.0,0.0,1.0159663949494269,-0.07704758924021486
2024-08-10 00:00:00+00:00,-0.0007386374447563293,-0.0008996242776747061,0.00016098683291842123,0.0,0.0,0.0,0.99454806780061,-0.07800483080679528
2024-08-11 00:00:00+00:00,-0.006486950629997712,-0.005963976682740718,0.00025582476737227356,-0.00040464649170630175,-0.0003741522229229717,0.8092929834126035,0.9919397340999758,-0.05902804065195908
2024-08-12 00:00:00+00:00,0.0047576002357045954,0.004526998963648919,0.0002306012720556309,0.0,0.0,0.0,0.9360361210971775,-0.054242975296255
2024-08-13 00:00:00+00:00,-0.021672392281469666,-0.021832874597183975,0.00016048231571431817,0.0,0.0,0.0,1.0221453551017872,-0.07776111937682034
2024-08-14 00:00:00+00:00,-0.0068449604594497115,-0.006163776412547613,0.00015429354994589084,-0.00041773879842399886,-0.00041773879842399886,0.8354775968479978,1.0247930994139842,-0.09126823062522224
2024-08-15 00:00:00+00:00,-0.025903705332629312,-0.025979737825543033,7.603249291369525e-05,0.0,0.0,0.0,1.057017504789209,-0.12036589102394862
2024-08-16 00:00:00+00:00,-0.0057091486609344155,-0.0058644127971131796,0.00015526413617879316,0.0,0.0,0.0,1.0493494256793707,-0.12695510941397126
2024-08-17 00:00:00+00:00,0.0028359624943159467,0.0032420520248656994,0.00021115915637724258,-0.00032348306600543414,-0.00029376562092160827,0.6469661320108682,1.009843066440524,-0.0623932178413569
2024-08-18 00:00:00+00:00,0.0030260051117310116,0.0028962615015890726,0.00012974361014193462,0.0,0.0,0.0,1.0223448746899242,-0.05931746139836146
2024-08-19 00:00:00+00:00,0.0017212332945426567,0.0015784637150244706,0.00014276957951818862,0.0,0.0,0.0,1.0091540331613766,-0.057639786164300676
2024-08-20 00:00:00+00:00,-0.001260862463380863,-0.001064157834200622,0.00021924619395423723,-0.0002079754115672506,-0.0002079754115672506,0.4159508231345012,1.0116091280007358,-0.04364153068310254
2024-08-21 00:00:00+00:00,-0.003989530765287186,-0.004039484632101566,4.995386681438192e-05,0.0,0.0,0.0,1.02942981740393,-0.047872002140539424
2024-08-22 00:00:00+00:00,0.009953342566853873,0.009836785369654323,0.00011655719719959593,0.0,0.0,0.0,1.0610196965626602,-0.0376603702050401
2024-08-23 00:00:00+00:00,0.0005709770014179494,0.001256765700933246,0.0001411906976128175,-0.0004134896985640914,-0.0004134896985640914,0.8269793971281827,1.044480374006268,-0.02551122010351902
2024-08-24 00:00:00+00:00,9.578147610644905e-05,-0.0001374905413462575,0.0002332720174527935,0.0,0.0,0.0,1.0922405133975568,-0.02564625420878097
2024-08-25 00:00:00+00:00,-0.008643422286656377,-0.008878805957744741,0.0002353836710883331,0.0,0.0,0.0,1.1027936506811806,-0.03482607665363032
2024-08-26 00:00:00+00:00,0.007178131567352697,0.007708325520364153,0.00012389463081479823,-0.0003270442919130794,-0.0003270442919130794,0.6540885838261589,0.9745429845567233,0.07567148894410493
2024-08-27 00:00:00+00:00,-0.0016259886420698644,-0.0016341871253615727,8.198483291692444e-06,0.0,0.0,0.0,0.9379177879958736,0.07415788169209465
2024-08-28 00:00:00+00:00,-0.006137646199040558,-0.006195161511892678,5.7515312852133875e-05,0.0,0.0,0.0,0.8934437285794536,0.06838242732535675
2024-08-29 00:00:00+00:00,-0.009282184674770488,-0.008452530798006813,0.00010270022930166147,-0.0004813982600613812,-0.00045095584600392263,0.9627965201227623,0.9464624895397048,0.03776416269865806
2024-08-30 00:00:00+00:00,-0.0020545620722641766,-0.002121792073879433,6.723000161525469e-05,0.0,0.0,0.0,0.9448200469038931,0.0357157508518613
2024-08-31 00:00:00+00:00,-0.006212448054702335,-0.00624722287827462,3.477482357233221e-05,0.0,0.0,0.0,0.9631708224253116,0.02965274410602468
2024-09-01 00:00:00+00:00,0.0015050202053503714,0.002480913537392064,1.4812837300443863e-05,-0.0004953530846710647,-0.0004953530846710647,0.9907061693421292,0.9940994516295197,-0.08293217608461054
2024-09-02 00:00:00+00:00,-1.5171283649917378e-05,-9.729687658700945e-05,8.212559293712283e-05,0.0,0.0,0.0,0.9491701909792151,-0.08303073264399405
2024-09-03 00:00:00+00:00,-0.0035416254633996447,-0.003613629023753699,7.200356035410781e-05,0.0,0.0,0.0,0.9899304867229896,-0.08695231419781296
2024-09-04 00:00:00+00:00,-0.006029909954392121,-0.005471595796254146,0.00022061342486742942,-0.0004036197108295697,-0.00037530787217579493,0.8072394216591394,0.9437434027591298,-0.04077489197574708
2024-09-05 00:00:00+00:00,0.003418504663477817,0.0032827669075382255,0.00013573775593957136,0.0,0.0,0.0,0.9742275264284391,-0.037364394710642714
2024-09-06 00:00:00+00:00,-0.0008752922775251415,-0.0010314646866284394,0.00015617240910330174,0.0,0.0,0.0,0.9569983743344446,-0.038429496438732946
2024-09-07 00:00:00+00:00,0.010875402189054917,0.011161628827221132,0.00014493749509986216,-0.00021558206663303914,-0.00021558206663303914,0.4311641332660783,0.9643134967208331,0.039036812562547506
2024-09-08 00:00:00+00:00,0.0063792409862835076,0.006339608546701516,3.9632439582078016e-05,0.0,0.0,0.0,0.970146545007997,0.045088788859336225
2024-09-09 00:00:00+00:00,0.00898490537418728,0.00893400154990901,5.09038242783344e-05,0.0,0.0,0.0,0.9821340629421363,0.05354172309367786
2024-09-10 00:00:00+00:00,0.012434642369030913,0.013253568917128577,0.00014332972722510203,-0.0004967802771098807,-0.000465475998212777,0.9935605542197613,1.012210004657013,0.06054203587190399
2024-09-11 00:00:00+00:00,0.012435490892450218,0.01231839471738678,0.00011709617506349089,0.0,0.0,0.0,1.0144582104929698,0.0719655042170293
2024-09-12 00:00:00+00:00,0.00014023340213342728,-1.0511672114359587e-05,0.000150745074247881,0.0,0.0,0.0,1.0119642514647582,0.0719449034663359
2024-09-13 00:00:00+00:00,-0.010342701182030067,-0.010012908575210564,0.0002223982543402502,-0.0002886218283410039,-0.00026356903281872404,0.5772436566820078,1.0329046228231498,0.07186670698478961
2024-09-14 00:00:00+00:00,-0.004192041236250388,-0.0046295141967413935,0.0004374729604909577,0.0,0.0,0.0,1.0551225431991524,0.06752024042017081
2024-09-15 00:00:00+00:00,0.0016028456287278114,0.0012049511262557453,0.0003978945024720856,0.0,0.0,0.0,1.0403554191314754,0.068615211953882
2024-09-16 00:00:00+00:00,0.009208747216934876,0.009249809898560035,0.0001456358540434936,-0.00011021887997330284,-7.647965569538404e-05,0.22043775994660564,0.9986204155353865,0.07270509708580956
2024-09-17 00:00:00+00:00,0.0038302875483682275,0.0038159909169544924,1.429663141367364e-05,0.0,0.0,0.0,0.9769593826278202,0.07622910859728102
2024-09-18 00:00:00+00:00,0.004643414842010474,0.004570553790578803,7.286105143173205e-05,0.0,0.0,0.0,0.9858113512613729,0.08042621013005449
2024-09-19 00:00:00+00:00,0.0014843207629462452,0.00219803150653677,0.0002382146744221257,-0.0004899209833630584,-0.00046200443464951843,0.9798419667261168,1.012655879781616,0.08304194873339615
2024-09-20 00:00:00+00:00,0.015124292348807522,0.014969166968461487,0.00015512538034609998,0.0,0.0,0.0,1.0190224062020492,0.096550852383877
2024-09-21 00:00:00+00:00,-0.0041233303023948675,-0.00417226812395385,4.893782155901477e-05,0.0,0.0,0.0,1.0408543077827634,0.09276106878572976
2024-09-22 00:00:00+00:00,0.005158138776229393,0.005620328727230852,7.636748843361684e-05,-0.00029677991875959406,-0.00024177752067553235,0.5935598375191882,1.0306922133879277,0.11357042376645257
2024-09-23 00:00:00+00:00,0.002569408634226056,0.002455689120325825,0.00011371951390030175,0.0,0.0,0.0,1.0113104089042857,0.11572875841567695
2024-09-24 00:00:00+00:00,0.002750521995046551,0.0026375626600388235,0.00011295933500780776,0.0,0.0,0.0,1.0208694831350336,0.11804164493499021
2024-09-25 00:00:00+00:00,-0.01433120927724807,-0.013828568235258307,0.00022009180587658254,-0.00040803252466498665,-0.00031470032320132357,0.8160650493299731,1.0371725536293315,0.09694521389885256
2024-09-26 00:00:00+00:00,-0.00855794814553168,-0.00883927954743124,0.00028133140189957174,0.0,0.0,0.0,1.0327066493830321,0.08886644881223428
2024-09-27 00:00:00+00:00,-0.00037300258236772077,-0.00042129961375789334,4.829703139022713e-05,0.0,0.0,0.0,1.0588567576537051,0.08847815177757234
2024-09-28 00:00:00+00:00,-0.002858230948814211,-0.002767235557264855,8.663097299234658e-05,-8.881318227083725e-05,-8.881318227083725e-05,0.1776263645416745,1.0729949227992799,0.09701485468167004
2024-09-29 00:00:00+00:00,0.004138585993438637,0.004086298824022545,5.2287169416150606e-05,0.0,0.0,0.0,1.0564348254320541,0.1006844622006719
2024-09-30 00:00:00+00:00,0.005159085249258455,0.005091349678561786,6.773557069662825e-05,0.0,0.0,0.0,1.0434869469379904,0.1052329063443759
2024-10-01 00:00:00+00:00,0.0037840554166523876,0.004606650830774747,5.706406697451433e-05,-0.00044717357912465934,-0.00043248590197216604,0.8943471582493188,0.9387221640011266,-0.05386230365402591
2024-10-02 00:00:00+00:00,0.001316547267510959,0.0012585162711235126,5.803099638737485e-05,0.0,0.0,0.0,0.8885191112543618,-0.05253462306845228
2024-10-03 00:00:00+00:00,-0.0008975200842136211,-0.0010071239746715685,0.00010960389045795745,0.0,0.0,0.0,0.875464116321864,-0.0535898450053259
2024-10-04 00:00:00+00:00,0.0016534577159477148,0.002494437761638218,0.0002030999416875221,-0.0005784137559549655,-0.000465666231422988,1.1568275119099307,0.938237619468699,-0.06375123268249014
2024-10-05 00:00:00+00:00,0.005862359109961801,0.005594886628665972,0.0002674724812958343,0.0,0.0,0.0,0.9573586741902838,-0.057817399694013415
2024-10-06 00:00:00+00:00,-0.0008237376496856852,-0.000986925301913131,0.00016318765222742617,0.0,0.0,0.0,0.9507415427365522,-0.058852804266590654
2024-10-07 00:00:00+00:00,0.001369739778925183,0.0016530639831239782,0.0002717897440850597,-0.00029336363448164847,-0.000261750313802162,0.586727268963297,0.9744371956940276,-0.05872016395579241
2024-10-08 00:00:00+00:00,0.004947843523143591,0.004796082553483371,0.00015176096966027698,0.0,0.0,0.0,0.9580684074050674,-0.05365858710961806
2024-10-09 00:00:00+00:00,0.0035576363316816018,0.003424315704217182,0.0001333206274644084,0.0,0.0,0.0,0.9587719884992971,-0.05005618968634649
2024-10-10 00:00:00+00:00,-0.003101176378182191,-0.0028707759183994796,0.00015749014395158634,-0.00020979142961894914,-0.0001780991741153934,0.41958285923789823,0.9623328113570788,-0.01844966254173901
2024-10-11 00:00:00+00:00,-0.002042242988201326,-0.0021183402315397915,7.609724333851295e-05,0.0,0.0,0.0,0.9656693440449708,-0.020610093592404236
2024-10-12 00:00:00+00:00,0.0034242254589635923,0.0033316404057698035,9.25850531938813e-05,0.0,0.0,0.0,0.9821711251116977,-0.017219489771368585
2024-10-13 00:00:00+00:00,0.0020862569745641046,0.002951877222390821,8.755172907321077e-05,-0.0005066250377165831,-0.0004465469391833421,1.0132500754331664,0.9862235880708832,-0.04575674911572044
2024-10-14 00:00:00+00:00,0.004453948489737902,0.004375383377230742,7.856511250711353e-05,0.0,0.0,0.0,0.9718404584422704,-0.04119787253632556
2024-10-15 00:00:00+00:00,0.0006873425934357247,0.0006038300226854952,8.35125707501454e-05,0.0,0.0,0.0,1.0186271738061612,-0.0405661596642507
2024-10-16 00:00:00+00:00,0.0013716422897811498,0.002283401072555179,3.4560799928299e-05,-0.0005062021898158168,-0.00044011739288659973,1.0124043796316335,0.9769407234329137,0.017023301685438565
2024-10-17 00:00:00+00:00,0.012458152179575244,0.012414947155221937,4.320502435321322e-05,0.0,0.0,0.0,0.9581122073628493,0.029076015415834464
2024-10-18 00:00:00+00:00,0.007359963934314262,0.007345840263034184,1.412367128010728e-05,0.0,0.0,0.0,0.9413995891936267,0.03615575065800745
2024-10-19 00:00:00+00:00,-0.0030636475658937234,-0.002340329370989593,0.00015028684039461988,-0.0004851093506364812,-0.0003884956846622492,0.9702187012729623,1.0240570756323386,-0.1064457415677306
2024-10-20 00:00:00+00:00,-0.0067112203598955755,-0.006833387201725794,0.00012216684183016495,0.0,0.0,0.0,1.0339115320431997,-0.1140445065839769
2024-10-21 00:00:00+00:00,-0.003910075718917105,-0.0039781264806457595,6.80507617286206e-05,0.0,0.0,0.0,1.0609081596554428,-0.11848592199123434
2024-10-22 00:00:00+00:00,0.0010426014657254346,0.0013681506416149461,6.143820066262793e-05,-0.0002102375137123966,-0.00017674986283968655,0.4204750274247932,1.0104152061959644,-0.13536689529946835
2024-10-23 00:00:00+00:00,-0.0012791286054413264,-0.001364276481891705,8.514787645038765e-05,0.0,0.0,0.0,1.004103885661107,-0.13690629253640837
2024-10-24 00:00:00+00:00,0.003634693268716127,0.0035164293070320176,0.00011826396168419598,0.0,0.0,0.0,0.9769651383081337,-0.13290678782231127
2024-10-25 00:00:00+00:00,0.006237701295403131,0.006782121279340874,8.616055064757245e-05,-0.00031529026729264415,-0.00031529026729264415,0.6305805345852883,0.9898649022415782,-0.04714167841708375
2024-10-26 00:00:00+00:00,0.0011188781526059177,0.0010343726784872453,8.450547411872764e-05,0.0,0.0,0.0,0.9467076654991452,-0.04605577493821706
2024-10-27 00:00:00+00:00,-0.002387593760512452,-0.002562690294241396,0.00017509653372892392,0.0,0.0,0.0,0.9552036604171114,-0.04873482419462573
2024-10-28 00:00:00+00:00,0.005965953253032952,0.006742640484824699,0.0001866145511645513,-0.0004977365401721157,-0.0004655652427841026,0.9954730803442313,0.9805232845463772,-0.09391780612416173
2024-10-29 00:00:00+00:00,0.001505090233152151,0.0014214487707329099,8.364146241923793e-05,0.0,0.0,0.0,0.9988006814035826,-0.09235735120616874
2024-10-30 00:00:00+00:00,-0.009703315676727553,-0.009736149905957897,3.283422923029888e-05,0.0,0.0,0.0,1.0387016898552401,-0.10309385331517429
2024-10-31 00:00:00+00:00,-0.012061414976595963,-0.011571585900789218,5.67869058950122e-06,-0.0002515844144524875,-0.0002439233519437786,0.503168828904975,0.9996405644236179,0.004813602652083559
2024-11-01 00:00:00+00:00,0.006264985532521861,0.006141217046463094,0.00012376848605886984,0.0,0.0,0.0,0.949354312754158,0.010886615211746708
2024-11-02 00:00:00+00:00,-0.002305945041787494,-0.0024687380226105756,0.0001627929808231228,0.0,0.0,0.0,0.9421798761333421,0.008437333215830367
2024-11-03 00:00:00+00:00,-0.0004931358386190965,1.8624366863373403e-05,0.00037788910464377435,-0.0004688447053383188,-0.0004208046047879448,0.9376894106766376,1.0296903546972678,-0.20803904133980347
2024-11-04 00:00:00+00:00,0.0040193784375193164,0.0031747913561979554,0.000844587081321284,0.0,0.0,0.0,1.0097112088964197,-0.20404411944958695
2024-11-05 00:00:00+00:00,-0.004145767618546459,-0.004834613552879133,0.0006888459343326701,0.0,0.0,0.0,0.9918779063953399,-0.20974830071561826
2024-11-06 00:00:00+00:00,0.002539480545506567,0.0025041868247155513,0.0004407313068726575,-0.000202718793040767,-0.000202718793040767,0.4054375860815341,1.010215512014087,-0.1917895625872019
2024-11-07 00:00:00+00:00,-0.022588335277417437,-0.022672619673093013,8.428439567557323e-05,0.0,0.0,0.0,1.1678836649905338,-0.21941848046305648
2024-11-08 00:00:00+00:00,0.009550048953438361,0.00900593236111671,0.0005441165923217444,0.0,0.0,0.0,1.1797915595738486,-0.20842210677921916
2024-11-09 00:00:00+00:00,0.0006227182029359124,0.0011141274060925742,0.0002091577680428785,-0.000358681849732995,-0.00034188512146659676,0.71736369946599,1.0399608292205107,-0.13334466829818126
2024-11-10 00:00:00+00:00,0.006360191213032218,0.006285253037933305,7.493817509881268e-05,0.0,0.0,0.0,1.0611698937589702,-0.12625640041176045
2024-11-11 00:00:00+00:00,0.0016767288348393805,0.0015392187812615175,0.00013751005357779032,0.0,0.0,0.0,1.0940482167590875,-0.124508414781255
2024-11-12 00:00:00+00:00,0.013078688734707855,0.013905100021066612,0.0002077815491298759,-0.0005537475670907233,-0.00048044526839790663,1.1074951341814465,1.0654742896031357,-0.10752043869016807
2024-11-13 00:00:00+00:00,-0.01199934168320771,-0.01250681365847036,0.0005074719752626702,0.0,0.0,0.0,1.0527931505190653,-0.12148499228039254
2024-11-14 00:00:00+00:00,-0.006319801890763976,-0.006390247982829254,7.04460920652522e-05,0.0,0.0,0.0,1.0358839732071088,-0.12868852625476684
2024-11-15 00:00:00+00:00,-0.038930469654969824,-0.038031825156419966,8.14512436635864e-05,-0.0005261246228768513,-0.0004539711193365335,1.0522492457537027,1.0525625971961263,-0.25097296835711047
2024-11-16 00:00:00+00:00,-0.020495131853647708,-0.020589533714460838,9.440186081310967e-05,0.0,0.0,0.0,1.136726882565719,-0.27724466810000165
2024-11-17 00:00:00+00:00,-0.04468600644456622,-0.044860897568213196,0.00017489112364696465,0.0,0.0,0.0,1.3040270951260777,-0.337172456219782
2024-11-18 00:00:00+00:00,0.012799486135905536,0.013631818426059797,0.0001997996911027318,-0.0005362848239283914,-0.0004958471573286634,1.0725696478567828,0.9878338397685439,-0.1531905367368845
2024-11-19 00:00:00+00:00,-0.01598171976737628,-0.016247023354718584,0.0002653035873423506,0.0,0.0,0.0,1.0492593195194442,-0.17218944352491822
2024-11-20 00:00:00+00:00,0.003545379573171914,0.0034166232386294393,0.00012875633454237717,0.0,0.0,0.0,1.0183175356722605,-0.16817657050852208
2024-11-21 00:00:00+00:00,-0.003651966696929132,-0.0026680471300560464,4.013099102324539e-05,-0.0005316226146145121,-0.0004924279432817708,1.0632452292290244,0.9999941781790472,-0.0500544440782711
2024-11-22 00:00:00+00:00,-0.00723595993387427,-0.007295825685585948,5.9865751711689427e-05,0.0,0.0,0.0,1.073791665970944,-0.05776827871408083
2024-11-23 00:00:00+00:00,-0.005459985160238712,-0.005573165616783321,0.00011318045654457085,0.0,0.0,0.0,1.1891302059300293,-0.06368918634316616
2024-11-24 00:00:00+00:00,0.05985374607618077,0.06074892400663198,5.2587186290374345e-05,-0.0005047747336496373,-0.0004429903830918938,1.0095494672992746,1.012959408534991,0.0162315666403336
2024-11-25 00:00:00+00:00,0.007338485408687534,0.007271526925699315,6.695848298818396e-05,0.0,0.0,0.0,1.0041163279500576,0.023331872956782372
2024-11-26 00:00:00+00:00,-0.0035391926286878483,-0.003569767069503002,3.057444081516417e-05,0.0,0.0,0.0,0.9798323619374791,0.019832296203813382
2024-11-27 00:00:00+00:00,0.00031663009731408565,0.0012686659891007848,4.0511882105579464e-05,-0.0004962738869461539,-0.0004962738869461539,0.9925477738923074,0.9888937768084118,-0.05346185100799843
2024-11-28 00:00:00+00:00,-0.018067824610869088,-0.018205918968441023,0.000138094357571929,0.0,0.0,0.0,1.098698605932146,-0.07298647683893052
2024-11-29 00:00:00+00:00,0.011570338676579972,0.011493999805168683,7.63388714112262e-05,0.0,0.0,0.0,1.0678781000654187,-0.06078912625513687
2024-11-30 00:00:00+00:00,0.0013862373908615222,0.0019662061003881993,0.0001994458546142687,-0.00042144266364149734,-0.00035797190049944146,0.8428853272829946,0.9955084612443537,-0.20571114048487066
2024-12-01 00:00:00+00:00,-0.006966312091901128,-0.007154693363162271,0.00018838127126118877,0.0,0.0,0.0,1.0039217046587532,-0.2143591264224388
2024-12-02 00:00:00+00:00,-0.005469601119257539,-0.005675717860721689,0.00020611674146413345,0.0,0.0,0.0,1.0459180605469613,-0.22124496599680687
2024-12-03 00:00:00+00:00,-0.05413137675429669,-0.053484088224511346,0.0002779057864953643,-0.0005281247292709138,-0.0003970695870097518,1.0562494585418276,1.097223867720743,-0.13030369497873273
2024-12-04 00:00:00+00:00,-0.011898649438660924,-0.012165247371845414,0.00026659793318451315,0.0,0.0,0.0,1.1077230944750838,-0.14418454369042374
2024-12-05 00:00:00+00:00,-0.014841618317445238,-0.015210326740680654,0.0003687084232353737,0.0,0.0,0.0,1.138575012654552,-0.16179618769407794
2024-12-06 00:00:00+00:00,0.00731483092014007,0.008065236120657099,0.00017647061569028548,-0.0004634379081036389,-0.0004634379081036389,0.9268758162072778,1.009559017265866,-0.06300741028520994
2024-12-07 00:00:00+00:00,-0.015688224722842592,-0.015912098059048266,0.00022387333620565138,0.0,0.0,0.0,1.0893220281346028,-0.08017734860688469
2024-12-08 00:00:00+00:00,0.017465355819613615,0.017308919505604023,0.00015643631400963457,0.0,0.0,0.0,1.0705630034243054,-0.06178925772921066
2024-12-09 00:00:00+00:00,-0.008657125549752953,-0.008026036356408039,9.01545372217401e-05,-0.00036062186528333987,-0.00036062186528333987,0.7212437305666797,0.9903633463101105,0.10154145743781512
2024-12-10 00:00:00+00:00,0.022322896393054847,0.02235208353904348,-2.9187145988539956e-05,0.0,0.0,0.0,0.8458921653620624,0.12118826783003508
2024-12-11 00:00:00+00:00,-0.015280194996362462,-0.015254761563649218,-2.5433432713253797e-05,0.0,0.0,0.0,0.8497438103854043,0.1075773085177205
2024-12-12 00:00:00+00:00,0.005404711497705161,0.006194207466334798,-7.006974027852321e-05,-0.00036718624309568706,-0.0003522399852553868,0.7343724861913741,1.0679418786677226,0.24635616218084871
2024-12-13 00:00:00+00:00,-0.012330902458935977,-0.012282183666574463,-4.8718792361541583e-05,0.0,0.0,0.0,1.0829521847718488,0.2369963574815017
2024-12-14 00:00:00+00:00,0.011951647340991078,0.011995656071461601,-4.4008730470603645e-05,0.0,0.0,0.0,1.0810833056633113,0.2460512952444082
2024-12-15 00:00:00+00:00,0.0026930017847317522,0.004185646408022253,7.772799238681659e-05,-0.0008580705514023636,-0.0007123020642750555,1.7161411028047273,0.9763864571398627,-0.09477618637080217
2024-12-16 00:00:00+00:00,-0.0055391397499663375,-0.005602048948952847,6.290919898651106e-05,0.0,0.0,0.0,1.0020795843604882,-0.10093734135953591
2024-12-17 00:00:00+00:00,-0.0034899503133458687,-0.003522556862512047,3.260654916613248e-05,0.0,0.0,0.0,0.9929759589328139,-0.10482573482815911
2024-12-18 00:00:00+00:00,0.0060109913260728565,0.006894433441346681,-2.697410452201515e-05,-0.00048024976801718785,-0.0003762182427346695,0.9604995360343757,1.002243932018832,0.1953035611355229
2024-12-19 00:00:00+00:00,-0.003356473896293566,-0.0034900140845485817,0.0001335401882549932,0.0,0.0,0.0,0.9235839317911789,0.1924595324477279
2024-12-20 00:00:00+00:00,0.010742928883954672,0.010652048930519192,9.087995343542128e-05,0.0,0.0,0.0,0.8628284591547198,0.2009527601667415
2024-12-21 00:00:00+00:00,-0.007757930907496324,-0.00712221962632559,6.177808809521518e-05,-0.00037939317763435195,-0.00031809619163160314,0.7587863552687039,1.0346460778430895,0.041905227735320384
2024-12-22 00:00:00+00:00,-0.0059372318964145965,-0.005973711630637543,3.6479734222926904e-05,0.0,0.0,0.0,1.0108629001033698,0.036146124025177195
2024-12-23 00:00:00+00:00,-0.007878268990511361,-0.007861699891477536,-1.656909903386876e-05,0.0,0.0,0.0,1.013659901149486,0.02850902590846379
2024-12-24 00:00:00+00:00,0.013292748066568993,0.013996781409696174,7.737614722529161e-05,-0.00040648086047658487,-0.00037492862987591457,0.8129617209531699,1.0653226656348516,0.01042294587431788
2024-12-25 00:00:00+00:00,0.007563269668548145,0.007484580370490441,7.86892980576522e-05,0.0,0.0,0.0,1.0970038704607137,0.017773103470414928
2024-12-26 00:00:00+00:00,-0.0031613477572091098,-0.0031908878385801405,2.9540081371001976e-05,0.0,0.0,0.0,1.0922284741228083,0.014628461285109147
2024-12-27 00:00:00+00:00,0.0038278396445974305,0.004508034808701836,6.381718652647945e-05,-0.00040583926402747357,-0.0003381730866035192,0.8116785280549471,0.9612835119726597,0.10189871363730664
2024-12-28 00:00:00+00:00,0.0029926622402693948,0.0029505830466825915,4.207919358677271e-05,0.0,0.0,0.0,0.9461443184756747,0.10453645438422204
2024-12-29 00:00:00+00:00,0.011415795791763106,0.011395682509844168,2.011328191901925e-05,0.0,0.0,0.0,0.9703367273959381,0.11462361708847117
2024-12-30 00:00:00+00:00,0.0021383991151888715,0.002851682096423809,2.414235629353498e-05,-0.0003994453702305014,-0.00033797996729797,0.7988907404610028,0.9341530234060305,0.0883645694094564
2024-12-31 00:00:00+00:00,0.0026561200607824187,0.002588618435819475,6.750162496296066e-05,0.0,0.0,0.0,0.9215888718695587,0.09071224523095954
2025-01-01 00:00:00+00:00,0.005541037167351215,0.0055561017711703254,-1.5064603819089986e-05,0.0,0.0,0.0,0.9102093088513072,0.09573785996175942
2025-01-02 00:00:00+00:00,-0.007957575395322825,-0.007403410989248672,-2.6563661405844423e-05,-0.000277497390530578,-0.00025010335413770934,0.554994781061156,0.9962675563662103,0.11030758173372514
2025-01-03 00:00:00+00:00,0.0013640964540861944,0.0013815045729371493,-1.740811885088253e-05,0.0,0.0,0.0,1.0235337580685302,0.11153693916344982
2025-01-04 00:00:00+00:00,0.000900678629264684,0.0009112806937669121,-1.0602064502159107e-05,0.0,0.0,0.0,1.0700394626354057,0.11234703128707503
2025-01-05 00:00:00+00:00,-0.0069095328979892345,-0.006046310310075793,4.6585469593773936e-05,-0.00045490402875358383,-0.00045490402875358383,0.9098080575071676,1.0133876081765412,-0.026722324801369015
2025-01-06 00:00:00+00:00,-0.0010811056541308872,-0.0011177576076745867,3.665195354371085e-05,0.0,0.0,0.0,1.006686452696706,-0.027870213053958107
2025-01-07 00:00:00+00:00,0.0018379732217306266,0.0018106052447706515,2.7367976960061875e-05,0.0,0.0,0.0,1.0103609152466169,-0.02601179881950817
2025-01-08 00:00:00+00:00,0.005322133078791591,0.006176861204149402,0.0001237525777482501,-0.0005058669224375558,-0.0004726137806685282,1.0117338448751119,0.9331205062307087,0.03730467102841301
2025-01-09 00:00:00+00:00,-5.404129332409191e-05,-0.00015432637090536449,0.00010028507758128937,0.0,0.0,0.0,0.9213792572235643,0.03715235241868209
2025-01-10 00:00:00+00:00,-0.004643933373049913,-0.004768037020908982,0.0001241036478591219,0.0,0.0,0.0,0.8932287041170743,0.03253540766322611
2025-01-11 00:00:00+00:00,6.052652566612693e-05,0.0010541250688673525,7.039198498001342e-05,-0.000563070792191078,-0.000500919735990091,1.126141584382156,0.9840981156769617,-0.02660104475155214
2025-01-12 00:00:00+00:00,-0.007257704475433946,-0.007277685061638036,1.9980586204037987e-05,0.0,0.0,0.0,1.0013688428410314,-0.034126409206015104
2025-01-13 00:00:00+00:00,-0.005381655126600382,-0.005475282074625693,9.362694802530213e-05,0.0,0.0,0.0,0.9917724784635311,-0.039815967084018494
2025-01-14 00:00:00+00:00,-0.011905072522451321,-0.01068246932132628,0.0001515157363798225,-0.0007365086304791378,-0.000637610307025737,1.4730172609582757,0.9773358100979394,0.2412958238587967
2025-01-15 00:00:00+00:00,-0.005655848654067874,-0.005673199833215637,1.7351179147745314e-05,0.0,0.0,0.0,1.0135811978577955,0.23696285004205572
2025-01-16 00:00:00+00:00,0.005147954649783459,0.005168528519083813,-2.0573869300308804e-05,0.0,0.0,0.0,1.09607580880857,0.24089128117014735
2025-01-17 00:00:00+00:00,-0.0008172677074210766,0.0003729183919347507,4.336548303593618e-05,-0.0006685709187974913,-0.0005649806635942864,1.3371418375949824,0.9996894507557303,-0.04557034893518434
2025-01-18 00:00:00+00:00,-0.013543968919304428,-0.013578503091618488,3.453417231408961e-05,0.0,0.0,0.0,1.0565291887593118,-0.05996096142471088
2025-01-19 00:00:00+00:00,0.007286844988369401,0.0072324160402255575,5.442894814373966e-05,0.0,0.0,0.0,1.010932891024874,-0.05234710017988416
2025-01-20 00:00:00+00:00,0.0009638322360441265,0.002153212446599884,-1.6552491963102732e-05,-0.0006361107945824026,-0.000536716924010158,1.2722215891648052,0.9129035158678184,0.14111118437043518
2025-01-21 00:00:00+00:00,0.008476863235765686,0.008515252311141197,-3.8389075375600755e-05,0.0,0.0,0.0,0.9351092097074455,0.14836873520478203
2025-01-22 00:00:00+00:00,0.010447694966781329,0.010480502713826128,-3.280774704471152e-05,0.0,0.0,0.0,0.9534084679378801,0.15720678933690918
2025-01-23 00:00:00+00:00,0.003997270827067467,0.004880713378189398,1.0916340692827482e-05,-0.0004948310793178274,-0.0003995278124968835,0.9896621586356544,0.9793214085043854,0.024349764416392437
2025-01-24 00:00:00+00:00,-0.01586823887966493,-0.015899220635946194,3.098175628125447e-05,0.0,0.0,0.0,0.9906115797472186,0.008586801192988472
2025-01-25 00:00:00+00:00,-0.004216564284798219,-0.004227017867599554,1.0453582801374392e-05,0.0,0.0,0.0,0.9910699259393353,0.004378244474671315
2025-01-26 00:00:00+00:00,-0.0031755024624000594,-0.001922561406959913,4.6333828662261936e-05,-0.0006805460127359453,-0.0006187288713664979,1.3610920254718908,1.019824539926131,0.05041597382262569
2025-01-27 00:00:00+00:00,-0.003966813050827356,-0.003997660914115085,3.084786328770726e-05,0.0,0.0,0.0,0.9939120966304469,0.04660317900720642
2025-01-28 00:00:00+00:00,0.01443917437671649,0.014364295490329549,7.48788863868614e-05,0.0,0.0,0.0,0.9744303284735677,0.060099684670591555
2025-01-29 00:00:00+00:00,-0.003937086840523629,-0.00311444109060696,6.979025839783908e-05,-0.0004910163539011547,-0.00040141965441332184,0.9820327078023094,0.9511898576185973,0.01812878531560428
2025-01-30 00:00:00+00:00,-0.002903074172251774,-0.0029949718890106285,9.189771675882867e-05,0.0,0.0,0.0,0.9758884350166929,0.015177875926184588
2025-01-31 00:00:00+00:00,1.9634788554823146e-05,-9.579299881377084e-06,2.9214088436190813e-05,0.0,0.0,0.0,1.0293703684027207,0.01516799880585399
2025-02-01 00:00:00+00:00,-0.0015902614887982613,-0.0005954734436644759,2.1616362756065435e-05,-0.000508202203944925,-0.000508202203944925,1.0164044078898498,1.0117229966975425,0.023523402013623768
2025-02-02 00:00:00+00:00,-0.0007505605213831146,-0.0007866288711922564,3.6068349809107734e-05,0.0,0.0,0.0,0.9481536222429189,0.02275385128491538
2025-02-03 00:00:00+00:00,-0.005157720933597676,-0.00521904566547077,6.132473187307856e-05,0.0,0.0,0.0,0.8519492655890529,0.017625714134204187
2025-02-04 00:00:00+00:00,-0.0008500343637779517,0.00048016144902305073,-0.00011167258049767982,-0.0006538444732873709,-0.0005646787590159617,1.3076889465747417,1.0491088123152468,0.0701031209063083
2025-02-05 00:00:00+00:00,-0.011873984557374428,-0.011800940237598105,-7.304431977632883e-05,0.0,0.0,0.0,0.9919108383003106,0.05900277875245893
2025-02-06 00:00:00+00:00,-0.007454135593260136,-0.007449562081452181,-4.573511807998822e-06,0.0,0.0,0.0,0.9862189445833028,0.05194038736116363
2025-02-07 00:00:00+00:00,0.0017340344698275612,0.003018566464427049,4.4715104031979166e-05,-0.000711366258115473,-0.0006178808405160929,1.4227325162309459,0.9794232532586542,-0.06358789074523133
2025-02-08 00:00:00+00:00,0.0038542011998279335,0.003754929369697674,9.927183013030849e-05,0.0,0.0,0.0,0.9796169371784088,-0.05960323850218439
2025-02-09 00:00:00+00:00,-0.004444293762586149,-0.004539761201464469,9.546743887836583e-05,0.0,0.0,0.0,0.9971866854146743,-0.0644293426292231
2025-02-10 00:00:00+00:00,-0.01058980169839352,-0.009917085405347581,0.0001061447781544681,-0.0004033130828736003,-0.00037554798832677936,0.8066261657472006,1.0030688848078115,-0.010356795255749356
2025-02-11 00:00:00+00:00,-0.009969095720492538,-0.009988471631335693,1.9375910843166092e-05,0.0,0.0,0.0,1.0469705341739053,-0.020550133131340156
2025-02-12 00:00:00+00:00,0.010293302237015745,0.010276095565267734,1.7206671748067962e-05,0.0,0.0,0.0,1.0292162938959644,-0.010169361257095675
2025-02-13 00:00:00+00:00,-0.0010121141041141701,6.960495465165549e-05,8.983987512453738e-05,-0.0006160353768275214,-0.0005555235570628642,1.2320707536550428,1.0433680912484864,-0.006590195031119226
2025-02-14 00:00:00+00:00,-0.009856958909364666,-0.009942859175811974,8.590026644727797e-05,0.0,0.0,0.0,1.0408212311028024,-0.01669764217978055
2025-02-15 00:00:00+00:00,0.0030896867802647776,0.003083418812698538,6.267967566197291e-06,0.0,0.0,0.0,1.0457351788285123,-0.013572289244425587
2025-02-16 00:00:00+00:00,-0.00325802390706309,-0.0025913390531486927,9.541596874790176e-05,-0.0004118339540446647,-0.000350266868617681,0.8236679080893293,1.0312223592714145,-0.010247066081251031
2025-02-17 00:00:00+00:00,0.01103950562478695,0.01095151155511358,8.799406967342224e-05,0.0,0.0,0.0,1.0107645343871405,0.0006967536579365092
2025-02-18 00:00:00+00:00,-0.0037620706855492347,-0.003807950272996945,4.587958744775107e-05,0.0,0.0,0.0,1.0210013987664985,-0.0031229453562378402
2025-02-19 00:00:00+00:00,-0.01772134060384767,-0.017065392584695815,0.00013833349577066837,-0.0004121860769857284,-0.0003820954379367688,0.8243721539714567,0.986853571681046,-0.08509143462172351
2025-02-20 00:00:00+00:00,0.006382120941127223,0.006286146484617125,9.597445651003104e-05,0.0,0.0,0.0,1.0002767511545503,-0.07830553275669334
2025-02-21 00:00:00+00:00,0.012770589608992022,0.012796799554891545,-2.620994589960227e-05,0.0,0.0,0.0,1.0030471964626029,-0.06468269702331478
2025-02-22 00:00:00+00:00,-0.00302433049398787,-0.002185239738782004,0.00012532244338187178,-0.0005120595864054775,-0.0004523536121822129,1.024119172810955,0.9368732992466096,-0.006140266264856346
2025-02-23 00:00:00+00:00,0.009776680749464361,0.009739040498523536,3.7640250940811254e-05,0.0,0.0,0.0,0.9432398146101412,0.0035639308198283414
2025-02-24 00:00:00+00:00,-0.007829720226347203,-0.007866194577260368,3.647435091313259e-05,0.0,0.0,0.0,0.9459257927942829,-0.0043362151085734645
2025-02-25 00:00:00+00:00,0.006343826210881698,0.007510906537481022,-3.279499805760883e-05,-0.0005813031683664867,-0.0005529821601752359,1.1626063367329738,0.8757610996928569,0.04061086108191961
2025-02-26 00:00:00+00:00,-0.009552031026140662,-0.00965856213662805,0.00010653111048743897,0.0,0.0,0.0,0.8985531388589931,0.03125080762935912
2025-02-27 00:00:00+00:00,-0.0021794368633549777,-0.0023302279540498086,0.00015079109069488089,0.0,0.0,0.0,0.8845870584234043,0.028983747923973072
2025-02-28 00:00:00+00:00,0.0018573551063103544,0.0027306950443161033,6.512388612346719e-05,-0.000502225288429775,-0.00043623853569934446,1.00445057685955,0.9994354594740659,-0.09357296586314796
2025-03-01 00:00:00+00:00,0.014193818271555747,0.014116405884614786,7.741238694096486e-05,0.0,0.0,0.0,0.9653520796486692,-0.07834455164984924
2025-03-02 00:00:00+00:00,-0.0016494874912983404,-0.0017553326653549364,0.00010584517405663693,0.0,0.0,0.0,0.9795214241777793,-0.08023222636899896
2025-03-03 00:00:00+00:00,-0.03250907098023681,-0.03138548405327958,4.8602101495932915e-05,-0.0006180148602778232,-0.0005541741681753629,1.2360297205556465,1.2160360527467322,0.05641542545328298
2025-03-04 00:00:00+00:00,0.018912790472858543,0.018919219794997583,-6.4293221391002095e-06,0.0,0.0,0.0,1.0142831541432078,0.07393630343311225
2025-03-05 00:00:00+00:00,0.0008195835330484513,0.0007294061677771688,9.0177365271174e-05,0.0,0.0,0.0,1.028464084312722,0.0746045649279841
2025-03-06 00:00:00+00:00,-0.00035395968574269965,0.0007042360415422795,0.00019007665268733432,-0.0006241361899861789,-0.0006241361899861789,1.2482723799723574,1.0238203346086825,0.04514198567702325
2025-03-07 00:00:00+00:00,-0.010205919708348943,-0.010220690930030018,1.4771221681091857e-05,0.0,0.0,0.0,1.0224535534134804,0.03528137361329094
2025-03-08 00:00:00+00:00,0.012479359829311809,0.012473066753757435,6.293075554403562e-06,0.0,0.0,0.0,0.9848250157274093,0.047165840867213864
2025-03-09 00:00:00+00:00,-0.003962603243633733,-0.003064254215103638,2.586683934391368e-05,-0.0004809092292640108,-0.0004433066386100222,0.9618184585280215,1.0101454656033735,-0.24117840028851006
2025-03-10 00:00:00+00:00,0.02190505527951192,0.02189917702287503,5.878256636916338e-06,0.0,0.0,0.0,0.9033826935197369,-0.21457886144389204
2025-03-11 00:00:00+00:00,0.000399491309242217,0.00039925553493617966,2.357743059467786e-07,0.0,0.0,0.0,0.850737811479643,-0.2140940771857604
2025-03-12 00:00:00+00:00,0.003166998525626852,0.004092224811633119,0.00015863471494646707,-0.0005590466626988133,-0.0005248143382540311,1.1180933253976262,1.036706612644539,-0.13290318969256018
2025-03-13 00:00:00+00:00,0.002700143623725282,0.0025362249425934804,0.00016391868113175797,0.0,0.0,0.0,1.0480777839600286,-0.13001590313812528
2025-03-14 00:00:00+00:00,0.02244695818758946,0.02232837660009375,0.000118581587495733,0.0,0.0,0.0,1.0072123098665942,-0.10532333797434486
2025-03-15 00:00:00+00:00,-0.006888389010290208,-0.006524462234458261,0.00018983057903565446,-0.0002940764423782985,-0.000259680912489323,0.5881528847565969,1.0168944038381915,-0.1532823566005395
2025-03-16 00:00:00+00:00,-0.007363635168928573,-0.0075259297741411164,0.00016229460521250972,0.0,0.0,0.0,1.042367296268091,-0.1620012041388873
2025-03-17 00:00:00+00:00,0.0005839234970814733,0.00032783409277470333,0.00025608940430686054,0.0,0.0,0.0,1.0077703328266474,-0.1615790202595471
2025-03-18 00:00:00+00:00,-0.006597717575880679,-0.005806672962667322,0.00019780840309712572,-0.0005272811480515182,-0.0004615718682589546,1.0545622961030363,0.9955618615872722,-0.09823923074834709
2025-03-19 00:00:00+00:00,0.012081000190433455,0.012046184981149432,3.48152092840197e-05,0.0,0.0,0.0,0.9812634045825457,-0.08516417732471908
2025-03-20 00:00:00+00:00,-0.01286864295658452,-0.012904441930802493,3.5798974218007466e-05,0.0,0.0,0.0,1.0366405552836895,-0.099347081374509
2025-03-21 00:00:00+00:00,0.005753749809875419,0.006223504024089929,0.0001247004817950125,-0.0002972273480048101,-0.0002972273480048101,0.5944546960096202,0.9992998412652722,-0.08738858468354659
2025-03-22 00:00:00+00:00,0.007910105762031217,0.007717756948205709,0.00019234881382546718,0.0,0.0,0.0,0.9824903092355022,-0.07904556892512338
2025-03-23 00:00:00+00:00,-0.00413441777997281,-0.004253996243347325,0.000119578463374502,0.0,0.0,0.0,0.9920930252889691,-0.08364539015674768
2025-03-24 00:00:00+00:00,0.0010269614188158638,0.0018940422795264387,7.149381290588367e-05,-0.0005027108879292713,-0.0004358637856872663,1.0054217758585426,1.0269515792870838,-0.12724170332542087
2025-03-25 00:00:00+00:00,0.006062948208489516,0.00599068116572224,7.226704276717181e-05,0.0,0.0,0.0,1.0491863447335197,-0.12052031373942564
2025-03-26 00:00:00+00:00,0.011736501666916421,0.011762007238108281,-2.5505571191817295e-05,0.0,0.0,0.0,1.0442219724637178,-0.10749667163547973
2025-03-27 00:00:00+00:00,0.01415369337560679,0.015516027907462327,6.524325190191014e-05,-0.0007669042548062206,-0.0006606735289512343,1.5338085096124412,0.979333223608432,0.1915321128524105
2025-03-28 00:00:00+00:00,0.008859828378836365,0.008765936882321489,9.389149651491192e-05,0.0,0.0,0.0,0.9864556982377665,0.19853902801997408
2025-03-29 00:00:00+00:00,-0.0048509522561818175,-0.004793241018089177,-5.771123809262345e-05,0.0,0.0,0.0,0.9329382482162601,0.19469021996367397
2025-03-30 00:00:00+00:00,0.003538929756493392,0.004552694572228415,0.00016593270870463972,-0.000622504541652414,-0.0005571929827872039,1.245009083304828,0.9861206854655257,-0.03687415750884128
2025-03-31 00:00:00+00:00,-0.007532326164637282,-0.007728838995678477,0.00019651283104122559,0.0,0.0,0.0,0.9840896334332326,-0.044941510620847565
2025-04-01 00:00:00+00:00,0.002777513074153193,0.0026708397601431333,0.00010667331401001123,0.0,0.0,0.0,0.990081990710848,-0.04215358871692098
2025-04-02 00:00:00+00:00,0.001636137840197227,0.002070179363016977,0.00017671101092682492,-0.00033998003796788554,-0.0002707724957787121,0.679960075935771,1.0309319862444994,-0.10515530901772226
2025-04-03 00:00:00+00:00,-0.004913916427295439,-0.005017668585716148,0.00010375215842069267,0.0,0.0,0.0,0.9808232611038026,-0.11071703184500337
2025-04-04 00:00:00+00:00,0.003812533403483531,0.0036630499609923623,0.0001494834424911052,0.0,0.0,0.0,0.9947455977764127,-0.10664738516567239
2025-04-05 00:00:00+00:00,-0.0016276129470310652,-0.0007119537919647735,5.8770726083384424e-05,-0.000521683027928497,-0.000452746853221194,1.0433660558569937,0.9696765371741176,-0.10035311529088581
2025-04-06 00:00:00+00:00,-0.0005818864653945877,-0.0005900949708534411,8.208505458879001e-06,0.0,0.0,0.0,0.9596994154700115,-0.10100198194801303
2025-04-07 00:00:00+00:00,0.02261996111416309,0.02256346478238792,5.64963317751842e-05,0.0,0.0,0.0,0.8413597629719324,-0.07670348726633947
2025-04-08 00:00:00+00:00,0.007966816303385693,0.00851965145892704,0.0002058573021993172,-0.0003950027226175978,-0.00036368973512304137,0.7900054452351957,0.9580860071374616,-0.04792272004454402
2025-04-09 00:00:00+00:00,0.009316678468034967,0.009119814104156368,0.0001968643638785583,0.0,0.0,0.0,0.9181456824035327,-0.03844472876370557
2025-04-10 00:00:00+00:00,-0.0003057853399688337,-0.0004344175337863844,0.00012863219381750837,0.0,0.0,0.0,1.0279566376192422,-0.03889103860695443
2025-04-11 00:00:00+00:00,0.028789894018756756,0.029092637531188747,9.34927115902735e-05,-0.00019811811201117093,-0.00019811811201117093,0.39623622402234177,0.962660120090123,-0.027588899251726934
2025-04-12 00:00:00+00:00,0.00940280240420055,0.009388228706231405,1.4573697969253656e-05,0.0,0.0,0.0,0.9953920134428307,-0.01803112741726615
2025-04-13 00:00:00+00:00,0.00022596085454051895,9.540119270923868e-05,0.00013055966183117516,0.0,0.0,0.0,1.0566594281146986,-0.017931674368093804
2025-04-14 00:00:00+00:00,-0.009710735439980023,-0.009037835649226436,0.00017951922551217542,-0.0004262095081329009,-0.0004262095081329009,0.8524190162658017,0.9876865829084602,-0.1211697100570271
2025-04-15 00:00:00+00:00,-0.002524762101714151,-0.002700820520109171,0.0001760584183950648,0.0,0.0,0.0,0.9888558000138188,-0.12418406580010491
2025-04-16 00:00:00+00:00,0.0017760365492875962,0.001706030290553866,7.000625873380312e-05,0.0,0.0,0.0,0.9623718625592047,-0.12226089569025671
2025-04-17 00:00:00+00:00,-0.005936426855563726,-0.004978831589829047,-3.18110826920316e-05,-0.0004787892207612421,-0.0004469949622813834,0.9575784415224841,1.0143002979166555,0.16834190697331444
2025-04-18 00:00:00+00:00,0.016998216471126648,0.017099950842778107,-0.0001017343716515205,0.0,0.0,0.0,1.006670188802787,0.1823423628603359
2025-04-19 00:00:00+00:00,-0.005193523878993966,-0.005225700959317353,3.217708032338183e-05,0.0,0.0,0.0,1.0092293168252289,0.17804132376745246
2025-04-20 00:00:00+00:00,-0.007517756834271694,-0.006373801045808901,0.0001511476044075121,-0.0006643368818346725,-0.0006307665110356739,1.3286737636693449,1.032632907240935,-0.1361982262266537
2025-04-21 00:00:00+00:00,-0.010256874945096972,-0.010412046953658088,0.00015517200856109996,0.0,0.0,0.0,1.0438637124507082,-0.1481296201700609
2025-04-22 00:00:00+00:00,0.00023474011022450725,0.00012656804923985324,0.00010817206098467496,0.0,0.0,0.0,1.047306660597847,-0.14796831802153906
2025-04-23 00:00:00+00:00,0.0029747322245812224,0.0037638069331148638,-5.5220054284319576e-05,-0.0004016627904812009,-0.00033219186376811104,0.8033255809624018,1.0673713493976982,0.12276200981772394
2025-04-24 00:00:00+00:00,-0.02570212457335197,-0.02575929381496328,5.716924161131508e-05,0.0,0.0,0.0,1.1026603451989094,0.0995616622486043
2025-04-25 00:00:00+00:00,-0.004314619682990517,-0.0044095374114106935,9.491772842013661e-05,0.0,0.0,0.0,1.1191806028905706,0.09556444909023257
2025-04-26 00:00:00+00:00,-0.0035246480551524018,-0.002675803875205141,9.342478184287342e-05,-0.00047113448089506504,-0.00047113448089506504,0.94226896179013,0.9774140852638736,0.22854420225743527
2025-04-27 00:00:00+00:00,0.0027131088956651173,0.0027722717757859353,-5.9162880120776965e-05,0.0,0.0,0.0,0.9840224719298423,0.23069058535395123
2025-04-28 00:00:00+00:00,-0.0027953196321715,-0.002855589865509331,6.027023333785871e-05,0.0,0.0,0.0,0.9641305254859287,0.22847365237435777
2025-04-29 00:00:00+00:00,0.005240245350409456,0.005857621237527808,0.00016858479962883553,-0.00039298034337356685,-0.00039298034337356685,0.7859606867471337,0.9938870472578483,0.2113744030221368
2025-04-30 00:00:00+00:00,-0.0004691682958307686,-0.0005315766868628996,6.240839103215399e-05,0.0,0.0,0.0,0.983201308679394,0.2109417935370672
2025-05-01 00:00:00+00:00,0.004969649986247715,0.004882347145714347,8.730284053335778e-05,0.0,0.0,0.0,0.9695991579753518,0.21475687418593697
2025-05-02 00:00:00+00:00,-0.007050629983844758,-0.0067564164643687755,0.00018799574199180672,-0.0002768806380643116,-0.00020532862340344823,0.5537612761286231,1.007270548471027,0.17721168397234066
2025-05-03 00:00:00+00:00,0.00305579896837882,0.0030354028232745032,2.0396145104256806e-05,0.0,0.0,0.0,1.0162154102648533,0.17969796593668605
2025-05-04 00:00:00+00:00,-0.003538863477141163,-0.0037207093821269386,0.00018184590498573374,0.0,0.0,0.0,0.9975687674728615,0.17660222772824852
2025-05-05 00:00:00+00:00,-0.000615521323296786,0.00019640197593755914,0.00025841760857161914,-0.0005698069111959025,-0.0005005339966101165,1.139613822391805,0.98774455014275,0.14353514076202895
2025-05-06 00:00:00+00:00,0.0055166767661181115,0.005370370064149072,0.00014630670196909824,0.0,0.0,0.0,0.9810279431458274,0.14808855414022465
2025-05-07 00:00:00+00:00,-0.0023572233211406335,-0.002517729875704549,0.00016050655456395182,0.0,0.0,0.0,1.0073054880936962,0.1459147779820788
2025-05-08 00:00:00+00:00,-0.017274948031631765,-0.016416559217629204,8.969569158384447e-05,-0.000521069039974974,-0.0004270154656114844,1.042138079949948,1.0348055768142361,0.026095712235811842
2025-05-09 00:00:00+00:00,-0.007285225836892062,-0.007319993847267675,3.476801037564164e-05,0.0,0.0,0.0,1.1684785280962806,0.018913507562504803
2025-05-10 00:00:00+00:00,0.0026346400352403876,0.0025362818160887804,9.83582191515558e-05,0.0,0.0,0.0,1.1896411439649095,0.021393425403535147
2025-05-11 00:00:00+00:00,-0.007176195561511278,-0.005929295898749143,1.4144026489583202e-05,-0.00066908266509686,-0.0005919610241548093,1.3381653301937197,1.0715137835269397,0.10241121370227141
2025-05-12 00:00:00+00:00,0.0019487638569388732,0.0018201979201692222,0.00012856593676956746,0.0,0.0,0.0,1.034843885430462,0.10402868428242594
2025-05-13 00:00:00+00:00,-0.018287769371511886,-0.018341593969886074,5.38245983741364e-05,0.0,0.0,0.0,1.0532659178199735,0.08728330730654495
2025-05-14 00:00:00+00:00,0.004684219844347082,0.005725790849962225,0.00011215174481238373,-0.000606039659637129,-0.0005476830907904514,1.212079319274258,1.0707516022529338,0.028673102401555774
2025-05-15 00:00:00+00:00,0.01034004605220562,0.010232085623130657,0.00010796042907488225,0.0,0.0,0.0,1.0282813558765649,0.03850702362704913
2025-05-16 00:00:00+00:00,0.009890404543003273,0.009714207026229549,0.00017619751677361748,0.0,0.0,0.0,0.9957049372565387,0.047748973984062755
2025-05-17 00:00:00+00:00,-0.008203040894785962,-0.0075780682495299395,0.00012133919427229015,-0.00038785378027425804,-0.0003584580592540724,0.7757075605485161,1.0229630471043283,0.06765465905604907
2025-05-18 00:00:00+00:00,0.0037653916948736654,0.003675164388024937,9.02273068487775e-05,0.0,0.0,0.0,0.9988600987208901,0.07106224625221642
2025-05-19 00:00:00+00:00,0.003829302520692801,0.0038462228315662536,-1.692031087344486e-05,0.0,0.0,0.0,1.0245604143133542,0.07462271612881008
2025-05-20 00:00:00+00:00,-0.0018881318084663645,-0.0008210377763479612,9.9225274145783e-05,-0.0006000813140107257,-0.0005662379922534516,1.2001626280214515,1.0059685732824972,0.010710316101350186
2025-05-21 00:00:00+00:00,0.0002448174393285818,0.00022366023500126103,2.1157204327320394e-05,0.0,0.0,0.0,1.0112269621936147,0.010931300163437447
2025-05-22 00:00:00+00:00,-0.0059225244438582125,-0.005939927472842174,0.00010960198507064255,-4.609947804334368e-05,-4.609947804334368e-05,0.09219895608668736,0.945466394378001,-0.0877271495838929
2025-05-23 00:00:00+00:00,0.015718041489036105,0.016974627065449697,2.842711301478584e-05,-0.0006560295037862902,-0.0006289831856420166,1.3120590075725802,1.0445880332559996,0.10212786537979006
2025-05-24 00:00:00+00:00,-0.0039713570064928705,-0.003947309688809904,-2.4047317683010105e-05,0.0,0.0,0.0,0.992868672422682,0.09857202037473956
2025-05-25 00:00:00+00:00,-0.004525965686858147,-0.004535259707906776,9.294021048678072e-06,0.0,0.0,0.0,0.9992336595785928,0.0944643028602112
2025-05-26 00:00:00+00:00,0.0019511206967044448,0.002853468919578952,8.77285584182322e-05,-0.0004950383906464137,-0.0004950383906464137,0.9900767812928275,1.0117851651476253,0.0602846122633197
2025-05-27 00:00:00+00:00,-0.009178603840307553,-0.009251853718989575,7.324987868207011e-05,0.0,0.0,0.0,1.0223527448216356,0.05150550719042486
2025-05-28 00:00:00+00:00,0.0032738718376976728,0.0032734064355440257,4.6540215362600865e-07,0.0,0.0,0.0,1.0249793766066384,0.05460015970079067
2025-05-29 00:00:00+00:00,-0.003200534336185723,-0.0027193390944036553,9.59805557782522e-05,-0.00030206097655022696,-0.00027511482101010454,0.6041219531004539,1.013583033673173,0.08310920639515312
2025-05-30 00:00:00+00:00,-0.008290111568184044,-0.008337640612621494,4.752904443748127e-05,0.0,0.0,0.0,0.986430609947868,0.07539661210877677
2025-05-31 00:00:00+00:00,-0.005734202178340642,-0.005835093247945566,0.00010089106960496755,0.0,0.0,0.0,0.9371294156318218,0.06996269912254223
2025-06-01 00:00:00+00:00,0.005658306188273121,0.006334303131419245,4.612800841998042e-05,-0.00037403020139980007,-0.0003480947501664015,0.7480604027996,0.987462802619993,0.03846848117544859
2025-06-02 00:00:00+00:00,-0.008079380285518245,-0.008166080715629504,8.670043011126619e-05,0.0,0.0,0.0,0.9983965259001182,0.03054921921931743
2025-06-03 00:00:00+00:00,-0.004109863956676785,-0.004123986746159154,1.4122789482400854e-05,0.0,0.0,0.0,1.0161716540330383,0.026534284773766282
2025-06-04 00:00:00+00:00,-0.006739042752552882,-0.005696642966437433,-5.264839598254428e-05,-0.0005088233417667578,-0.0004809280483660956,1.0176466835335158,1.026894345400562,0.03764048267310956
2025-06-05 00:00:00+00:00,-0.00046765446220853324,-0.0004916238719551094,2.3969409746574778e-05,0.0,0.0,0.0,1.0117387900750237,0.037166239759021495
2025-06-06 00:00:00+00:00,0.007393990131928652,0.007319899135496372,7.409099643237554e-05,0.0,0.0,0.0,0.9521103172967237,0.044159623077255156
2025-06-07 00:00:00+00:00,0.00119051080599486,0.002392795018433683,7.79398928923462e-05,-0.0006809893081638121,-0.0005992347971673056,1.3619786163276242,1.009117626865574,-0.00349482372220595
2025-06-08 00:00:00+00:00,0.00023716471802126549,0.00014919837063278,8.796634738852186e-05,0.0,0.0,0.0,1.042578846186094,-0.003344832075417221
2025-06-09 00:00:00+00:00,0.004868595424160738,0.00482839102373529,4.0204400425467744e-05,0.0,0.0,0.0,1.037109966516459,0.001476371094761536
2025-06-10 00:00:00+00:00,-0.01358157441658736,-0.012657338565363739,6.488756386037207e-05,-0.0005225335689579957,-0.0004665898461259694,1.0450671379159915,1.0657209005223098,0.11543315609261602
2025-06-11 00:00:00+00:00,-0.021011395874264593,-0.021037841713954553,2.6445839690011328e-05,0.0,0.0,0.0,1.151723427163892,0.09642125963555925
2025-06-12 00:00:00+00:00,-0.006319843765743238,-0.0064203476938684756,0.00010050392812526616,0.0,0.0,0.0,1.125157988161148,0.09057332118089838
2025-06-13 00:00:00+00:00,0.0054552688581965825,0.005952101525168366,0.00011082991607368474,-0.0003371096108999677,-0.00027055297214542364,0.6742192217999354,0.9520092576246779,0.2211147567292766
2025-06-14 00:00:00+00:00,0.0018264304030870537,0.0018147339738100506,1.1696429277002325e-05,0.0,0.0,0.0,0.9527587737333415,0.2225230678066566
2025-06-15 00:00:00+00:00,0.0038862924456597447,0.0037752332683129814,0.00011105917734670821,0.0,0.0,0.0,0.9265210643725037,0.2254222443098246
2025-06-16 00:00:00+00:00,0.010229022093265705,0.010637223401287721,4.1932666255674875e-05,-0.0002680541893880123,-0.00018207978488978454,0.5361083787760246,0.9590445368373989,0.1969901334055246
2025-06-17 00:00:00+00:00,0.002034194074747697,0.0020347803960923828,-5.863213447471063e-07,0.0,0.0,0.0,0.9664526662066553,0.19862088038361989
2025-06-18 00:00:00+00:00,-0.004044114496566276,-0.004013518246288024,-3.059625027827066e-05,0.0,0.0,0.0,0.9514610361979513,0.19539757229203192
2025-06-19 00:00:00+00:00,-0.0031099251205971568,-0.0021948051836329276,0.00011296844105020055,-0.0005302160196490949,-0.0004978723583652917,1.0604320392981899,1.0102015620070735,-0.07132966167867742
2025-06-20 00:00:00+00:00,-0.009632660492141287,-0.009722931111516567,9.027061937526421e-05,0.0,0.0,0.0,1.0232547849208846,-0.08184093876770138
2025-06-21 00:00:00+00:00,0.005106362634568651,0.005065814035841825,4.054859872692748e-05,0.0,0.0,0.0,0.9841945148622641,-0.076385074839858
2025-06-22 00:00:00+00:00,0.0009142820396736973,0.001902286084641166,3.8114235379033364e-05,-0.0005130591401732719,-0.0005130591401732719,1.0261182803465438,0.9891097092709491,0.05491415992542819
2025-06-23 00:00:00+00:00,-0.004880537179660083,-0.00479807432973798,-8.246284992208541e-05,0.0,0.0,0.0,0.9615881081194035,0.050361878616716815
2025-06-24 00:00:00+00:00,0.011380278778373665,0.011423384609095293,-4.310583072157012e-05,0.0,0.0,0.0,1.0210434847097383,0.061090041522701415
2025-06-25 00:00:00+00:00,-0.005127245926410229,-0.003593071758452136,4.556862275338268e-05,-0.0008221174373141673,-0.0007576253533972743,1.6442348746283346,1.0378436146438,-0.10620873742451264
2025-06-26 00:00:00+00:00,0.0016254922091365476,0.0015909739928927755,3.451821624374461e-05,0.0,0.0,0.0,1.0244043911735754,-0.10444798404729053
2025-06-27 00:00:00+00:00,0.002955479265913441,0.002933626255594982,2.1853010318374745e-05,0.0,0.0,0.0,1.0041279679675936,-0.10121521831257788
2025-06-28 00:00:00+00:00,0.0020558820601688232,0.003290460155586213,3.3544883256372294e-05,-0.0006699050488307397,-0.0005982179298430524,1.3398100976614795,1.0151048431188456,0.25213249211616906
2025-06-29 00:00:00+00:00,-0.00964182119164958,-0.00971724638736045,7.54251957108859e-05,0.0,0.0,0.0,1.033898178706813,0.24477532565086174
2025-06-30 00:00:00+00:00,-0.001424376337600175,-0.0014436746258290362,1.9298288228906963e-05,0.0,0.0,0.0,1.0564902442431807,0.24367874125805664
2025-07-01 00:00:00+00:00,-0.002828906550728094,-0.0019916172091000803,-1.413902632206577e-05,-0.00044481448474927205,-0.0003783358305566532,0.8896289694985441,0.9583946771804402,0.10420049143881843
2025-07-02 00:00:00+00:00,-0.003099068706148622,-0.0031741555497781754,7.508684362953382e-05,0.0,0.0,0.0,0.9288820728769001,0.10134039674124966
2025-07-03 00:00:00+00:00,0.004026677465161388,0.003928958448177791,9.771901698362225e-05,0.0,0.0,0.0,0.9746777261578973,0.10484716945489746
2025-07-04 00:00:00+00:00,-0.006330619468066789,-0.005472980739619516,8.696059617506063e-05,-0.00048657222724427093,-0.000458027097378043,0.9731444544885419,0.9912252040513819,0.11586124491493012
2025-07-05 00:00:00+00:00,0.0006849162917657026,0.0006416444885106406,4.327180325496788e-05,0.0,0.0,0.0,0.9536414115129368,0.11642314929175233
2025-07-06 00:00:00+00:00,-0.002892817941101411,-0.002983447954106122,9.063001300467503e-05,0.0,0.0,0.0,0.9662691128149896,0.11376881380335432
2025-07-07 00:00:00+00:00,-0.0051012283512563705,-0.004487976500268416,0.00014493292544486962,-0.0003920990676013075,-0.0003660857088315228,0.784198135202615,1.0023391562158868,0.11269197046779483
2025-07-08 00:00:00+00:00,0.00539345295767335,0.0053454840020386125,4.796895563471125e-05,0.0,0.0,0.0,0.9942944315758427,0.11740424022315822
2025-07-09 00:00:00+00:00,-0.007786150484190513,-0.007882335552663352,9.618506847285528e-05,0.0,0.0,0.0,1.0192220106702221,0.11038135047594878
2025-07-10 00:00:00+00:00,-0.0013798810587599686,-0.0008533907930275054,0.0001099754429220575,-0.00033182295695436954,-0.0003046427517001209,0.6636459139087391,1.0120084046264066,0.16202446284219643
2025-07-11 00:00:00+00:00,0.0009694837472744577,0.0009449299386041449,2.4553808670386588e-05,0.0,0.0,0.0,1.055893145477772,0.16281154962956598
2025-07-12 00:00:00+00:00,0.010992592225760767,0.010996899689286906,-4.307463526035036e-06,0.0,0.0,0.0,1.0601715690207245,0.17191861805456302
2025-07-13 00:00:00+00:00,-0.006850801938900752,-0.00617004816031755,9.145949734312666e-05,-0.0004235703577387184,-0.0003486429181875601,0.8471407154774369,1.0084247148829755,0.18369109579305684
2025-07-14 00:00:00+00:00,-0.0051247025013768654,-0.005227714125875879,0.00010301162449904919,0.0,0.0,0.0,1.0280553164363668,0.1793826644564244
2025-07-15 00:00:00+00:00,0.0007528988664655678,0.0007271073595470973,2.5791506918573948e-05,0.0,0.0,0.0,1.0291843580761388,0.17997426939255307
2025-07-16 00:00:00+00:00,-0.0027797060260031925,-0.0019324195497723497,8.995978268994359e-05,-0.0004879026268765364,-0.0004493436320442243,0.9758052537530729,1.041735440073499,0.14358276905431605
2025-07-17 00:00:00+00:00,0.0072676906754074455,0.007227630776003676,4.005989940386473e-05,0.0,0.0,0.0,1.0572410191585577,0.14972226472309108
2025-07-18 00:00:00+00:00,-0.005966083576014136,-0.006004828420129304,3.874484411521695e-05,0.0,0.0,0.0,1.1159317990798194,0.1445800127424039
2025-07-19 00:00:00+00:00,0.03388466372099508,0.03491437867810148,4.455654365226026e-06,-0.0005560590562571629,-0.0004781115552144296,1.1121181125143258,0.957664868291512,-0.02203912228702101
2025-07-20 00:00:00+00:00,-0.0017433528646733087,-0.001780931402065636,3.7578537392357175e-05,0.0,0.0,0.0,0.9684249722392434,-0.023861652970147845
2025-07-21 00:00:00+00:00,0.006840211584640876,0.006825222623277874,1.498896136293369e-05,0.0,0.0,0.0,0.9863837229439646,-0.016920689252226354
2025-07-22 00:00:00+00:00,-0.007982184938301384,-0.0070401482306724685,7.877823132903297e-06,-0.0004887240150010012,-0.0004611905157607781,0.9774480300020023,1.001817644556968,0.033066444005646775
2025-07-23 00:00:00+00:00,0.00012465141478790187,0.0001182452928806015,6.406121907281589e-06,0.0,0.0,0.0,1.0124906236792686,0.03318055329561576
2025-07-24 00:00:00+00:00,-0.007885056465534723,-0.007895683583167782,1.0627117633007098e-05,0.0,0.0,0.0,0.9618999567064555,0.025485826896598493
2025-07-25 00:00:00+00:00,-0.007046457674326656,-0.006304201619076374,5.179459991978146e-05,-0.0003970253275850364,-0.0003970253275850364,0.7940506551700728,0.9459541589156645,-0.02839422802440931
2025-07-26 00:00:00+00:00,0.0009373523576949871,0.000910063140161678,2.72892175332352e-05,0.0,0.0,0.0,0.9645936852805844,-0.02745842666327591
2025-07-27 00:00:00+00:00,-0.0016107521598124341,-0.0016345754882234548,2.3823328411028e-05,0.0,0.0,0.0,0.9804070348449017,-0.029139939371779392
2025-07-28 00:00:00+00:00,0.00921371603785226,0.010002605554830223,9.033865479321527e-07,-0.00039489645176298406,-0.00039489645176298406,0.7897929035259681,1.0149633015079862,0.010554727191415108
2025-07-29 00:00:00+00:00,0.0017782168535982468,0.0017968759081386572,-1.8659054540317624e-05,0.0,0.0,0.0,0.9758312682629708,0.012329678257876264
2025-07-30 00:00:00+00:00,-0.007025419276175948,-0.00707127757887117,4.585830269518452e-05,0.0,0.0,0.0,0.9720244904756555,0.00529560452108663
2025-07-31 00:00:00+00:00,-0.015605216798937671,-0.01453212911006653,7.203141692226851e-05,-0.0005867014991687306,-0.0005584176066246828,1.1734029983374612,1.013720123894106,-0.02903749487198626
2025-08-01 00:00:00+00:00,0.012957074948227287,0.012882048941319786,7.502600690745112e-05,0.0,0.0,0.0,0.9598065072226066,-0.015948796183186953
2025-08-02 00:00:00+00:00,0.0030040514274320973,0.0029595811042190975,4.447032321297686e-05,0.0,0.0,0.0,0.9212502902100415,-0.012950311676689828
2025-08-03 00:00:00+00:00,-0.0069356931309989545,-0.006203959381325036,3.035474536381099e-06,-0.0003829115259224823,-0.00035185769828785166,0.7658230518449646,0.9502641200962777,0.02161297291396167
2025-08-04 00:00:00+00:00,-0.0025991530639570826,-0.0026538494839653012,5.469642000816917e-05,0.0,0.0,0.0,0.9872646364643843,0.019008529507707473
2025-08-05 00:00:00+00:00,0.0041369353822040544,0.0040545544799457794,8.238090225823542e-05,0.0,0.0,0.0,1.0285020149556723,0.022968066580355915
2025-08-06 00:00:00+00:00,-0.005588987473456153,-0.0048946995432114,9.361733816094099e-05,-0.0004093174995305286,-0.0003785877688751747,0.8186349990610572,0.9907669954761147,-0.006249199157899524
2025-08-07 00:00:00+00:00,0.0032217028700252115,0.003152125261268805,6.957760875649293e-05,0.0,0.0,0.0,1.0032206894770048,-0.003087128087212397
2025-08-08 00:00:00+00:00,0.015603259252610968,0.015549682196269775,5.357705634129973e-05,0.0,0.0,0.0,1.034827524345286,0.012271085185595667
2025-08-09 00:00:00+00:00,0.00036690103707792687,0.0007336794404368066,3.383410624151343e-05,-0.00020030625480017662,-0.00020030625480017662,0.4006125096003532,1.0493095620832247,0.005933074531183584
2025-08-10 00:00:00+00:00,0.01474337371781953,0.014757454464881779,-1.4080747062147282e-05,0.0,0.0,0.0,1.0392007132194974,0.0203899128902506
2025-08-11 00:00:00+00:00,-0.007684580533799501,-0.007711416350822402,2.683581702286871e-05,0.0,0.0,0.0,1.0480144938132607,0.012776679965578488
2025-08-12 00:00:00+00:00,0.008924524927760968,0.01034871718634804,-2.030041011930887e-05,-0.0007505057103597201,-0.0006533861381079496,1.50101142071944,0.9803727854440398,0.2577300282285523
2025-08-13 00:00:00+00:00,-0.0070051391705467925,-0.006975368850484347,-2.977032006242118e-05,0.0,0.0,0.0,1.0399138386196198,0.2525236224975139
2025-08-14 00:00:00+00:00,-0.005456830485749853,-0.005373092456747398,-8.373802900243448e-05,0.0,0.0,0.0,1.0701061455042864,0.24850658836808315
2025-08-15 00:00:00+00:00,0.023486686326357864,0.024658625436114502,0.00010994866650644926,-0.0006892210935834629,-0.0005926666826795394,1.378442187166926,0.9197931002410089,-0.05382618385428063
2025-08-16 00:00:00+00:00,0.008968924173192061,0.008902767882427673,6.615629076444839e-05,0.0,0.0,0.0,0.9073116945578936,-0.044524082848900026
2025-08-17 00:00:00+00:00,-0.0012891308019743475,-0.0013226078482764388,3.347704630208363e-05,0.0,0.0,0.0,0.9113623613486787,-0.04590586936736899
2025-08-18 00:00:00+00:00,-0.00799640369413035,-0.007301970466134131,3.2316844177232526e-05,-0.0003782597842826548,-0.00034849028789079504,0.7565195685653097,0.9825223974932373,-0.03805443889706601
2025-08-19 00:00:00+00:00,0.001587231948362966,0.0015118772628268805,7.535468553613345e-05,0.0,0.0,0.0,0.9606352484950339,-0.03648465202891385
2025-08-20 00:00:00+00:00,0.00747853394248188,0.007430077358809915,4.845658367189299e-05,0.0,0.0,0.0,0.9089062899217383,-0.028838901962910075
2025-08-21 00:00:00+00:00,-0.006162462534589075,-0.0053629510250302465,1.5365013126348898e-05,-0.00042176880104695657,-0.0003931077216381853,0.843537602093913,1.009466150708191,0.023686133929087336
2025-08-22 00:00:00+00:00,-0.002437764772419193,-0.0024436069663930945,5.842193973908003e-06,0.0,0.0,0.0,0.982848535575576,0.021294437792994437
2025-08-23 00:00:00+00:00,-0.00552841844529306,-0.005511251256174411,-1.7167189118697746e-05,0.0,0.0,0.0,1.0850789631483968,0.015870927666073054
2025-08-24 00:00:00+00:00,-0.0047929213221109546,-0.003687906540939683,-3.892591446017531e-05,-0.000549480633138743,-0.0005166082335723922,1.0989612662774861,1.0119029549517096,0.09071901075009398
2025-08-25 00:00:00+00:00,0.0027232879204708293,0.002734283990581468,-1.0996070110570347e-05,0.0,0.0,0.0,0.9958659954914167,0.09319948570705544
2025-08-26 00:00:00+00:00,0.010503974492887203,0.010500942184562533,3.0323083246011442e-06,0.0,0.0,0.0,0.9055059315052802,0.10262248393793741
2025-08-27 00:00:00+00:00,-0.006148950474113679,-0.004855699407731854,3.3734132274175295e-05,-0.0006934723298075775,-0.0006335128688484469,1.3869446596151551,1.0437934544375251,-0.193285548494522
2025-08-28 00:00:00+00:00,0.003304364213577493,0.0032778641038864655,2.650010969110982e-05,0.0,0.0,0.0,1.0260175644034917,-0.18938189762542257
2025-08-29 00:00:00+00:00,-0.003771347165125505,-0.0038274703194424134,5.612315431690479e-05,0.0,0.0,0.0,1.0392774257162614,-0.19394078597826575
2025-08-30 00:00:00+00:00,-0.002133585893049572,-0.0012133207325079726,5.785224215155249e-05,-0.0005119445608518356,-0.0004661728418413036,1.0238891217036714,0.9698929758022053,0.1426028977502248
2025-08-31 00:00:00+00:00,-0.007222716417934816,-0.0072632863746035494,4.056995666872388e-05,0.0,0.0,0.0,0.9831775732399834,0.13632424272168975
2025-09-01 00:00:00+00:00,0.0038139239432677385,0.003784047159325634,2.987678394217032e-05,0.0,0.0,0.0,0.9691265190798561,0.13957595779368137
2025-09-02 00:00:00+00:00,-0.0029728882797945833,-0.0026319810918202374,5.297587935439524e-05,-0.00019694153366435057,-0.00019694153366435057,0.39388306732870115,0.9666861775228665,0.13809198378225224
2025-09-03 00:00:00+00:00,-0.00894411879792778,-0.009010902827718678,6.678402979092163e-05,0.0,0.0,0.0,1.0015316120413156,0.13024601680176537
2025-09-04 00:00:00+00:00,-0.0027050763304014014,-0.0028233710870843413,0.00011829475668297278,0.0,0.0,0.0,1.021197350510391,0.12776826863393928
2025-09-05 00:00:00+00:00,-0.003469452617929525,-0.0029487370505839796,5.746282835488834e-05,-0.0002890891978501952,-0.0002890891978501952,0.5781783957003904,0.9794923540521027,0.1401817922788916
2025-09-06 00:00:00+00:00,-0.005699141763219728,-0.005810920283320491,0.00011177852010077544,0.0,0.0,0.0,0.9904424352828514,0.13514106005485543
2025-09-07 00:00:00+00:00,-0.003942566019560001,-0.004066621669615877,0.0001240556500559222,0.0,0.0,0.0,0.9840676443194344,0.13159325347479267
2025-09-08 00:00:00+00:00,0.004619505862674345,0.005359362770453849,0.00022322012305910424,-0.00048153851541934256,-0.00048153851541934256,0.963077030838685,0.9975752073299321,0.1777024450497325
2025-09-09 00:00:00+00:00,-0.0069536271209844625,-0.007118332835131956,0.00016470571414746639,0.0,0.0,0.0,1.0158641313727517,0.17177859652218166
2025-09-10 00:00:00+00:00,-0.004547463725803169,-0.004644633012484416,9.716928668128844e-05,0.0,0.0,0.0,1.0216544142028479,0.16789747116949458
2025-09-11 00:00:00+00:00,-0.0074092984612584845,-0.006891181207794517,9.829917178595496e-05,-0.0003252569719167445,-0.0002911594533332267,0.6505139438334891,1.0562612904512834,0.1816497658317861
2025-09-12 00:00:00+00:00,-0.001075370174913881,-0.0010710671630809506,-4.303011832901601e-06,0.0,0.0,0.0,1.0768044790872433,0.180773096665286
2025-09-13 00:00:00+00:00,0.006015569307063373,0.006080663941655261,-6.509463459198786e-05,0.0,0.0,0.0,1.0906404759633423,0.1857364501184062
2025-09-14 00:00:00+00:00,-0.00806275222075159,-0.0073365510138613055,-1.2573003123309784e-05,-0.0003755301404280102,-0.0003380980633389566,0.7510602808560204,1.049137679746879,0.2172663491303846
2025-09-15 00:00:00+00:00,0.011541443223608727,0.011535666111813666,5.777111794968764e-06,0.0,0.0,0.0,1.015002954517763,0.22619143958456708
2025-09-16 00:00:00+00:00,0.007493866210084965,0.007489372109246916,4.494100837945184e-06,0.0,0.0,0.0,0.98712094031067,0.23194266439840186
2025-09-17 00:00:00+00:00,-0.003751868484690779,-0.0031469053728525953,5.230835652451953e-05,-0.0003286357341813266,-0.0003286357341813266,0.6572714683626533,1.0052615810199979,0.17758893157332484
2025-09-18 00:00:00+00:00,-0.0003924944034260358,-0.0004957007495001043,0.00010320634607410456,0.0,0.0,0.0,1.0308285454380623,0.17716276621806074
2025-09-19 00:00:00+00:00,0.010443062616764864,0.010438902790796817,4.159825967999958e-06,0.0,0.0,0.0,1.0450721405217351,0.185662780961672
2025-09-20 00:00:00+00:00,-0.006027754732019663,-0.004641730961272185,1.3635778973294755e-05,-0.0007329440144863398,-0.0006667155352344325,1.4658880289726794,0.9551552932656017,-0.019813493711555615
2025-09-21 00:00:00+00:00,-0.002013983919830098,-0.0020022057777263017,-1.1778142103797747e-05,0.0,0.0,0.0,0.963466605978022,-0.021859724623164784
2025-09-22 00:00:00+00:00,-0.004403201467815143,-0.004426781225393693,2.357975757850971e-05,0.0,0.0,0.0,0.9580629965182426,-0.026402762531290355
2025-09-23 00:00:00+00:00,0.005878686567256208,0.007069313945211932,-2.5018919549953492e-05,-0.0006051272114302336,-0.0005604812469756137,1.2102544228604672,0.9775737980593391,0.194629705354981
2025-09-24 00:00:00+00:00,0.005223480687949422,0.005220095049027952,3.3856389214451534e-06,0.0,0.0,0.0,0.9651180590773507,0.19881131334818883
2025-09-25 00:00:00+00:00,-0.002102484018132733,-0.002141780332970826,3.9296314838121595e-05,0.0,0.0,0.0,0.974356720911975,0.19708389876259746
2025-09-26 00:00:00+00:00,0.006279668278367456,0.0073509473814291305,6.135075116301054e-05,-0.0005989463473058456,-0.0005336835069187332,1.197892694611691,0.9627372177211995,0.05476457388998711
2025-09-27 00:00:00+00:00,0.006426996019162745,0.006399244690262309,2.7751328900367332e-05,0.0,0.0,0.0,0.9816972610412057,0.06077322927761042
2025-09-28 00:00:00+00:00,-0.0011468614304203095,-0.0011816712432338318,3.480981281355899e-05,0.0,0.0,0.0,0.9767830844096956,0.05965997976410777
2025-09-29 00:00:00+00:00,-0.006090047816030952,-0.005586059840031176,6.952084013156571e-05,-0.0003010579388847404,-0.00027245087724657587,0.6021158777694808,1.0545928224191925,0.13948963308210194
2025-09-30 00:00:00+00:00,0.010511510038136329,0.0104834224597784,2.8087578358038274e-05,0.0,0.0,0.0,1.0486505171638436,0.14841301069022045
2025-10-01 00:00:00+00:00,-0.0034119581989776604,-0.0034648334707426086,5.287527176497829e-05,0.0,0.0,0.0,1.0417620009475113,0.1454444275264726
2025-10-02 00:00:00+00:00,-0.003011930494369097,-0.0025014762898468226,3.5945670681968494e-05,-0.00029120603606802147,-0.0002551938391362757,0.582412072136043,1.068228845112581,0.16050474840922335
2025-10-03 00:00:00+00:00,0.00842741567129801,0.00845274764964417,-2.5331978346250884e-05,0.0,0.0,0.0,1.0881315705812775,0.16754552031530687
2025-10-04 00:00:00+00:00,0.008975398667113721,0.00901119038212664,-3.57917150129331e-05,0.0,0.0,0.0,1.0988763643871626,0.17498614032678117
2025-10-05 00:00:00+00:00,0.022360021528172735,0.023540306547819127,7.294948254610627e-05,-0.0006455948957044734,-0.0006076396064879588,1.2911897914089467,0.9863863893445666,0.08346785213828865
2025-10-06 00:00:00+00:00,0.011019889142933392,0.010968441527812782,5.1447615120664735e-05,0.0,0.0,0.0,0.9833032002946737,0.09340695932911594
2025-10-07 00:00:00+00:00,-0.010902376655697266,-0.010874831161486848,-2.754549421036751e-05,0.0,0.0,0.0,1.0140918945392376,0.08344184256410851
2025-10-08 00:00:00+00:00,0.016982057036086573,0.017960349185879274,2.379023610222073e-05,-0.0005204693844889985,-0.0004816130014058386,1.040938768977997,0.927326139645704,0.014693141669902994
2025-10-09 00:00:00+00:00,-0.028099139516569283,-0.028153156816754444,5.4017300185168546e-05,0.0,0.0,0.0,1.0019815172893631,-0.01384916475962018
2025-10-10 00:00:00+00:00,-0.03428028155987517,-0.034303282259748595,2.3000699873424965e-05,0.0,0.0,0.0,1.0477706570792107,-0.049861720849137245
2025-10-11 00:00:00+00:00,-0.02407520309318001,-0.02322206962206195,-2.500509229949859e-05,-0.0004298872893191222,-0.00039824108949945177,0.8597745786382445,0.8438046167097114,0.012643412454859426
2025-10-12 00:00:00+00:00,-0.015433326547160897,-0.015472682907230905,3.935636007004869e-05,0.0,0.0,0.0,0.8813368283528791,-0.002873619967705515
2025-10-13 00:00:00+00:00,0.03537066026996727,0.03529314408579812,7.75161841692134e-05,0.0,0.0,0.0,0.8995802088227196,0.03131199807191671
2025-10-14 00:00:00+00:00,-0.0013130768519460378,-0.00010698599162357803,0.000156858743329699,-0.000697430374328617,-0.0006655192293235375,1.394860748657234,1.0161365806495368,-0.08584591265526186
2025-10-15 00:00:00+00:00,-0.0010398890701046604,-0.0011196097497697532,7.972067966509176e-05,0.0,0.0,0.0,0.9828750148422134,-0.08705605104099569
2025-10-16 00:00:00+00:00,0.001507958945290433,0.0013975336907136007,0.00011042525457682891,0.0,0.0,0.0,0.9467741911216282,-0.08552954231186623
2025-10-17 00:00:00+00:00,0.005546170134987705,0.006451933472047146,0.00017970785756396345,-0.0006010358941973817,-0.00048443530042612253,1.2020717883947634,0.9620844014152501,0.02563988021428527
2025-10-18 00:00:00+00:00,-0.009062554031400216,-0.009168823536252115,0.00010626950485187887,0.0,0.0,0.0,0.9424336792490955,0.016621691656765903
2025-10-19 00:00:00+00:00,0.005033219397829303,0.004934172321375329,9.90470764540547e-05,0.0,0.0,0.0,0.9464143541849724,0.021447911931763267
2025-10-20 00:00:00+00:00,-0.016824251738674523,-0.01613776110620473,6.340397497905606e-05,-0.0004040044570612316,-0.0003458901503876243,0.8080089141224632,1.0531037171524558,0.06464964538625839
2025-10-21 00:00:00+00:00,-0.023300564926516998,-0.02340180150480354,0.0001012365782865005,0.0,0.0,0.0,1.114893467864918,0.042231870317762155
2025-10-22 00:00:00+00:00,0.011876667422703546,0.011698739344727285,0.00017792807797628195,0.0,0.0,0.0,1.0658883125177057,0.05329761165444498
2025-10-23 00:00:00+00:00,0.0005008261367656086,0.0011479049245671827,0.00010840144009380589,-0.0004077197640490566,-0.00034776046384634877,0.815439528098113,1.0118289938966973,0.035425447506683264
2025-10-24 00:00:00+00:00,-0.003190048097092668,-0.003185568622893747,-4.479474198879444e-06,0.0,0.0,0.0,1.039271593813443,0.03234305478415797
2025-10-25 00:00:00+00:00,-0.003187051882979186,-0.0033052283743574746,0.00011817649137828976,0.0,0.0,0.0,1.069275829952674,0.029130667358056687
2025-10-26 00:00:00+00:00,0.00012040762140230754,0.0005387591770940431,0.00020677363341960924,-0.0003434117291161122,-0.00028171345999531224,0.6868234582322243,0.9863126262860543,-0.03186683944805568
2025-10-27 00:00:00+00:00,0.005280517207824742,0.005080431227453934,0.0002000859803707299,0.0,0.0,0.0,1.0391736204008828,-0.02664570511622074
2025-10-28 00:00:00+00:00,0.009999979667653758,0.009853908224753362,0.00014607144290044432,0.0,0.0,0.0,1.021527462898228,-0.016625541811389866
2025-10-29 00:00:00+00:00,-0.001938053130271955,-0.001402730627955531,9.626288699547488e-05,-0.0003321196586360461,-0.00029946573067583283,0.6642393172720922,0.9797469779966281,-0.05931505691471581
2025-10-30 00:00:00+00:00,0.012649747757053964,0.012467992418179991,0.0001817553388740335,0.0,0.0,0.0,0.9767888779625018,-0.046261863591334725
2025-10-31 00:00:00+00:00,0.008483209058691488,0.008152892290625621,0.0003303167680658124,0.0,0.0,0.0,0.92016346330518,-0.03778840436647409
2025-11-01 00:00:00+00:00,0.0037474358695077647,0.0038398238866125113,0.0006078286369234088,-0.0003790083721451434,-0.0003212082818830096,0.7580167442902868,0.999027522623769,0.029300559590636058
2025-11-02 00:00:00+00:00,0.015619613998007154,0.014996355205627747,0.0006232587923793116,0.0,0.0,0.0,0.9936934201506775,0.04361565509934164
2025-11-03 00:00:00+00:00,-0.012900132726816338,-0.013582476996786953,0.0006823442699705822,0.0,0.0,0.0,1.017104853106154,0.03042567332677278
2025-11-04 00:00:00+00:00,0.05889118583158215,0.059082356866430055,0.00038636718392144587,-0.00030480849648900366,-0.0002727297222803654,0.6096169929780074,0.9202998289553663,0.05297543436102609
2025-11-05 00:00:00+00:00,0.01462579846342904,0.013343600145833336,0.001282198317595662,0.0,0.0,0.0,0.8760432249541463,0.06536304774360659
2025-11-06 00:00:00+00:00,-0.017045608034860882,-0.01793042484892686,0.0008848168140660025,0.0,0.0,0.0,0.9084211837314793,0.04825516146263039
2025-11-07 00:00:00+00:00,0.06794685456692129,0.06471374295347518,0.003899350303739036,-0.0003404179099090435,-0.0003258207803839596,0.6808358198180868,0.9864788358325992,-0.02531822453229988
2025-11-08 00:00:00+00:00,0.10137265009714458,0.09849730414103307,0.0028753459561114665,0.0,0.0,0.0,1.0340822285410112,0.06644352354516807
2025-11-09 00:00:00+00:00,-0.04052401893412039,-0.04067395125218487,0.00014993231806449746,0.0,0.0,0.0,1.0198788765722997,0.026857964974125972
2025-11-10 00:00:00+00:00,-0.0274448074489817,-0.027732405294142257,0.0007371056193148698,-0.00023918303894630106,-0.00021032473520803124,0.47836607789260216,1.0371522058556886,-0.05569554912293495
2025-11-11 00:00:00+00:00,-0.0939551930204201,-0.09421478136763459,0.00025958834721453484,0.0,0.0,0.0,1.1818408461638017,-0.16545575818740743
2025-11-12 00:00:00+00:00,0.010137260687945071,0.010086837063237236,5.0423624707823e-05,0.0,0.0,0.0,1.0732836878885523,-0.15380971197751628
2025-11-13 00:00:00+00:00,0.020651601538320463,0.021273470311124004,0.00012204226021248847,-0.0003885179500576029,-0.00035539308295846043,0.7770359001152058,0.9654308524240007,0.14078297794774236
2025-11-14 00:00:00+00:00,0.0013235317342457087,0.0012585193754017445,6.501235884405654e-05,0.0,0.0,0.0,0.9455612893206864,0.14185374938421197
2025-11-15 00:00:00+00:00,0.05079896082078528,0.050575483651350596,0.0002234771694346439,0.0,0.0,0.0,0.9029869817819324,0.1831265924409129
2025-11-16 00:00:00+00:00,0.0064212841471451565,0.007553224899228953,-8.107302270214355e-05,-0.000538107232049757,-0.000512760497331972,1.076214464099514,0.9887784420690214,0.19272384827363281
2025-11-17 00:00:00+00:00,-0.006062345321103835,-0.006050382602282264,-1.19627188215673e-05,0.0,0.0,0.0,0.9752570529467522,0.1878120471566777
2025-11-18 00:00:00+00:00,0.0008246250593595406,0.0008502898104822626,-2.566475112276107e-05,0.0,0.0,0.0,0.950454459859952,0.18850688946224756
2025-11-19 00:00:00+00:00,-0.0015245442529749909,-0.0009241054908133424,0.0003560178836871681,-0.0004932066673751729,-0.00046324997847364954,0.9864133347503456,1.0470672190085137,0.06027529983297396
2025-11-20 00:00:00+00:00,0.0070617916066777475,0.006431708691694207,0.0006300829149836233,0.0,0.0,0.0,1.0207727747578612,0.06623924080988447
2025-11-21 00:00:00+00:00,0.009265860243229618,0.00850616826150232,0.0007596919817273276,0.0,0.0,0.0,0.9592354986612568,0.0740591869949645
2025-11-22 00:00:00+00:00,-0.012653838480467972,-0.012405069308942893,0.00026818892447542545,-0.0002639148792220671,-0.00025304321677840143,0.527829758444134,0.9548854311986635,-0.09907085443568163
2025-11-23 00:00:00+00:00,-0.0031260883921931937,-0.003223900156536798,9.781176434362496e-05,0.0,0.0,0.0,0.9469035080610493,-0.10261553984017154
2025-11-24 00:00:00+00:00,-0.004742764994086102,-0.005266376242324759,0.0005236112482386503,0.0,0.0,0.0,0.963726686706131,-0.10839601289796731
2025-11-25 00:00:00+00:00,-0.01343863672179213,-0.012937941753265543,0.00014696207059804924,-0.0003238285195623435,-0.0003238285195623435,0.647657039124687,1.056915202534264,-0.032645895916540435
2025-11-26 00:00:00+00:00,0.0016404239977483304,0.0014203579128677325,0.00022006608488053602,0.0,0.0,0.0,1.0531271353452516,-0.03117439877181187
2025-11-27 00:00:00+00:00,0.025670444869825282,0.023565796882060005,0.002104647987765207,0.0,0.0,0.0,1.0721293614487666,-0.0074181740614717795
2025-11-28 00:00:00+00:00,-0.013687730686114619,-0.014281350989233992,0.0012122577303158013,-0.00032693644167750653,-0.00029170098551888036,0.653872883355013,1.0147895076923705,-0.04175317906518722
2025-11-29 00:00:00+00:00,-0.005541667716096432,-0.006426126749611402,0.0008844590335149943,0.0,0.0,0.0,1.002300430324933,-0.048447787353894475
2025-11-30 00:00:00+00:00,-0.004545838152852366,-0.0048836361640567545,0.000337798011204367,0.0,0.0,0.0,0.9883146686696196,-0.053574966645365554
2025-12-01 00:00:00+00:00,-0.013974261552431977,-0.01397515630582937,0.0003839655145582416,-0.00022062174737454656,-0.0001624490137863276,0.44124349474909313,1.0172088827141315,-0.0007190824193390715
2025-12-02 00:00:00+00:00,-0.015235812346248712,-0.015409505738056583,0.0001736933918078357,0.0,0.0,0.0,0.9522798870658283,-0.016378122153104545
2025-12-03 00:00:00+00:00,-0.026756788599017423,-0.026961110086600557,0.0002043214875831126,0.0,0.0,0.0,1.0299150559372807,-0.044530731611596194
2025-12-04 00:00:00+00:00,-0.008165342985659518,-0.007673068743499145,0.0002848389543796313,-0.00040417465636549655,-0.0003729385401745528,0.8083493127309931,1.108071484206362,-0.0159948554702208
2025-12-05 00:00:00+00:00,-0.0108845014521326,-0.011114482045483631,0.00022998059335106199,0.0,0.0,0.0,1.1074826801542708,-0.02740765618929651
2025-12-06 00:00:00+00:00,-0.009187205711093771,-0.009525202389925066,0.00033799667883131925,0.0,0.0,0.0,1.0694169294378102,-0.03727531456204879
2025-12-07 00:00:00+00:00,-0.00153430529448495,-0.0010867444697548003,0.0005285256613621458,-0.000503080167715791,-0.00047300631837650495,1.006160335431582,1.0030212359605843,0.06871062208592336
2025-12-08 00:00:00+00:00,-0.000698626123880941,-0.0008814507969808886,0.00018282467309993624,0.0,0.0,0.0,0.9976159234203946,0.06787659164906854
2025-12-09 00:00:00+00:00,0.01556626220632329,0.015546732673918913,1.9529532404441377e-05,0.0,0.0,0.0,1.0248074349342933,0.08214463932835829
2025-12-10 00:00:00+00:00,-0.0024501797077404186,-0.0016495076324282824,8.246492925660435e-05,-0.0004591813024010085,-0.000423955702167748,0.918362604802017,1.076916943960106,-0.13436931762681678
2025-12-11 00:00:00+00:00,-0.006584957365709632,-0.006954148676890202,0.00036919131118054395,0.0,0.0,0.0,1.048485598388637,-0.1422602439449194
2025-12-12 00:00:00+00:00,-0.024280588180970786,-0.024652642558224157,0.00037205437725336,0.0,0.0,0.0,1.0743210539052281,-0.1710664812868377
2025-12-13 00:00:00+00:00,0.002418355179034215,0.002820741294966506,0.0002780394576546321,-0.0003402127867934916,-0.0003402127867934916,0.6804255735869831,1.011688535347088,-0.16600211272039492
2025-12-14 00:00:00+00:00,-0.007592888073749915,-0.007832918414273604,0.00024003034052371225,0.0,0.0,0.0,1.0199022494449064,-0.1751650396753575
2025-12-15 00:00:00+00:00,-0.008203916955209167,-0.0084209856873873,0.0002170687321781116,0.0,0.0,0.0,0.9892276449925074,-0.18510460819641492
2025-12-16 00:00:00+00:00,0.004038541108840832,0.0044211735023433705,0.00021686340734248995,-0.00031676695617035986,-0.0002827288446746332,0.6335339123407198,0.9640546918577265,-0.17419320330284024
2025-12-17 00:00:00+00:00,-0.0015365898759905905,-0.0016894210148260323,0.00015283113883544984,0.0,0.0,0.0,0.9707319996912934,-0.1761532996945994
2025-12-18 00:00:00+00:00,0.002774963331222402,0.002648233437673997,0.00012672989354830987,0.0,0.0,0.0,0.9283484850227629,-0.17302492842515835
2025-12-19 00:00:00+00:00,-0.00463979447232199,-0.00421086545397734,0.00018639511476542918,-0.0003076620665550239,-0.0003076620665550239,0.6153241331100477,0.9595509253402271,-0.12192819467319382
2025-12-20 00:00:00+00:00,-0.006346353083181433,-0.006439043729088881,9.269064590742476e-05,0.0,0.0,0.0,1.0392028815594703,-0.12918710538686143
2025-12-21 00:00:00+00:00,-0.017558367533910824,-0.01773088469916631,0.00017251716525550103,0.0,0.0,0.0,1.0828930416868938,-0.14954373392874207
2025-12-22 00:00:00+00:00,-0.0007789736433687633,-0.0005654163109079261,0.00023239192557059413,-0.000222974629015711,-0.000222974629015711,0.44594925803142194,1.0166732867253157,-0.09646708024226294
2025-12-23 00:00:00+00:00,0.001351502505356983,0.001165231806113068,0.00018627069924384083,0.0,0.0,0.0,1.0176454171767104,-0.09517322158872968
2025-12-24 00:00:00+00:00,0.005057777128626206,0.0048411988310019935,0.0002165782976242613,0.0,0.0,0.0,0.995802702163369,-0.08987744268374252
2025-12-25 00:00:00+00:00,-0.014949470200124937,-0.014302330345823058,0.0001892408481382582,-0.0004181903512200444,-0.0004181903512200444,0.8363807024400887,1.0131756806519994,-0.12020823671801442
2025-12-26 00:00:00+00:00,-0.007924399423725359,-0.00799029713798331,6.58977142579183e-05,0.0,0.0,0.0,1.0143823099686389,-0.12922254491646584
2025-12-27 00:00:00+00:00,0.005068695064732287,0.0049890915308313044,7.960353390102368e-05,0.0,0.0,0.0,1.0188121324162944,-0.12360692756193434
2025-12-28 00:00:00+00:00,-0.0027876543025495693,-0.0020171480320601,4.6413212895846674e-06,-0.000403700797965115,-0.0003714467938139092,0.8074015959302299,1.0624069963965477,-0.10995590434680612
2025-12-29 00:00:00+00:00,-0.008436365337403329,-0.00851265795443103,7.629261702766809e-05,0.0,0.0,0.0,1.0798217090624342,-0.1194765097870381
2025-12-30 00:00:00+00:00,-0.0025235090140579564,-0.0026227976807370696,9.928866667914778e-05,0.0,0.0,0.0,1.0695149559978858,-0.12240820567819893
2025-12-31 00:00:00+00:00,-0.003027320061745997,-0.0023998954373513548,0.00016116740536038494,-0.00041070500926881654,-0.00037788702048616456,0.8214100185376332,1.0493840911040755,-0.11011408429808461
2026-01-01 00:00:00+00:00,0.009315332852875224,0.009154469100258586,0.00016086375261667568,0.0,0.0,0.0,1.0147436133519148,-0.10002782273450604
2026-01-02 00:00:00+00:00,-0.00017662549739572153,-0.00042401873762389335,0.0002473932402282109,0.0,0.0,0.0,1.0549823408321934,-0.10046958696290104
2026-01-03 00:00:00+00:00,-0.010986713496771827,-0.010349640956092893,0.00020019136399653306,-0.00041863195233772624,-0.00041863195233772624,0.8372639046754525,1.0650733190809145,-0.15172515931253527
2026-01-04 00:00:00+00:00,0.0016861615934540275,0.0014953054630753827,0.0001908561303786168,0.0,0.0,0.0,1.068418390008374,-0.14997696844536443
2026-01-05 00:00:00+00:00,0.005039902304216026,0.004846348913810415,0.00019355339040568142,0.0,0.0,0.0,1.0713695451431893,-0.14440284330882616
2026-01-06 00:00:00+00:00,-0.019811402329305117,-0.018931990938564732,0.00016541299185969156,-0.0005422099902890654,-0.0005026143923110529,1.0844199805781305,1.0625275518250028,-0.15512226878410926
2026-01-07 00:00:00+00:00,0.004784682929914075,0.004707125710338279,7.755721957569029e-05,0.0,0.0,0.0,1.05660578742522,-0.1496988813913501
2026-01-08 00:00:00+00:00,0.006346865488005449,0.006264639758177828,8.222572982751047e-05,0.0,0.0,0.0,1.0122752438261582,-0.1425296252735055
2026-01-09 00:00:00+00:00,-0.007373193535726075,-0.00668351496353626,-5.3296258917959595e-05,-0.0003332276877911534,-0.0003031546254807031,0.6664553755823068,0.9695949276077631,-0.06520447043041475
2026-01-10 00:00:00+00:00,0.002445924666871324,0.002479967843291124,-3.4043176419878224e-05,0.0,0.0,0.0,0.9612757203376696,-0.0625714575157441
2026-01-11 00:00:00+00:00,-0.007282068851422796,-0.007294266319255481,1.2197467832675144e-05,0.0,0.0,0.0,0.9588759419580982,-0.0703782228997968
2026-01-12 00:00:00+00:00,-0.002969830756350933,-0.001623101133918784,1.8954020698655702e-05,-0.0006828418215653912,-0.0006828418215653912,1.3656836431307824,1.0155031554951852,0.04808338953402776
2026-01-13 00:00:00+00:00,-0.010145360341328513,-0.010206293323079346,6.0932981750847723e-05,0.0,0.0,0.0,1.022017386449042,0.038265311585557314
2026-01-14 00:00:00+00:00,0.005908817136747402,0.0059183341123216,-9.516975574164972e-06,0.0,0.0,0.0,1.0840903891940672,0.043924106186527936
2026-01-15 00:00:00+00:00,-0.010546419587489142,-0.00941041884940128,0.00010808658747853878,-0.0006220436627832249,-0.0006220436627832249,1.24408732556645,1.0381076043374768,-0.03662460716738748
2026-01-16 00:00:00+00:00,0.0007916543002397525,0.0006984160121414755,9.323828809834847e-05,0.0,0.0,0.0,0.9974343320220364,-0.03589777252925376
2026-01-17 00:00:00+00:00,0.00599270503434246,0.005831726878218255,0.00016097815612413566,0.0,0.0,0.0,0.9864605290385795,-0.02988694202311256
2026-01-18 00:00:00+00:00,-0.004828122705999083,-0.004538683207028505,0.0005454167935113395,-0.0004174281462409401,-0.0004174281462409401,0.8348562924818803,1.0099843401901245,-0.16888314992199002
2026-01-19 00:00:00+00:00,0.004796197756860243,0.003352018495620009,0.001444179261240204,0.0,0.0,0.0,0.9801528087501534,-0.16474100100687816
2026-01-20 00:00:00+00:00,-0.01019294884747901,-0.010985636601053773,0.0007926877535747087,0.0,0.0,0.0,0.9789099114980736,-0.1775362555796278
2026-01-21 00:00:00+00:00,0.02939443279262277,0.02965626798073783,0.00033165961657450683,-0.0003143703782205884,-0.0002791244264689681,0.6287407564411768,0.8907421227618636,-0.1355773405745066
2026-01-22 00:00:00+00:00,-0.008456085576852956,-0.008668569154278114,0.00021248357742511073,0.0,0.0,0.0,0.9168500644416337,-0.14547606780754946
2026-01-23 00:00:00+00:00,0.002018432379740087,0.0018757759857257455,0.00014265639401426846,0.0,0.0,0.0,0.9063115048542404,-0.14331102820212638
2026-01-24 00:00:00+00:00,0.006224892323941411,0.0057872737406547406,0.000644360973979438,-0.0001175342514260037,-8.920813926669668e-05,0.23506850285200742,0.9510979278240987,-0.13040105075789296
2026-01-25 00:00:00+00:00,-0.00442514915189951,-0.004637130578190135,0.00021198142629062764,0.0,0.0,0.0,0.9441942294351544,-0.1356384014934172
2026-01-26 00:00:00+00:00,0.007809154932247209,0.007689649084226456,0.00011950584802079619,0.0,0.0,0.0,0.8844053161572122,-0.12695732300406845
2026-01-27 00:00:00+00:00,-0.007680993359708621,-0.007349249320377599,0.00011342533505753145,-0.0002406728752078816,-0.00020449649918072464,0.48134575041576316,0.991841908931404,-0.20392839745059535
2026-01-28 00:00:00+00:00,0.005489822398051292,0.005245579005353593,0.0002442433926978025,0.0,0.0,0.0,1.0125516494588216,-0.19759804029780403
2026-01-29 00:00:00+00:00,-0.011396090986443341,-0.01159572817877196,0.00019963719232866375,0.0,0.0,0.0,1.0113218660375962,-0.21160524105686893
2026-01-30 00:00:00+00:00,-0.0005617092855381145,-7.414337544699853e-05,0.00013811040535074252,-0.0003128381577209144,-0.0003128381577209144,0.6256763154418287,0.9468791374634864,-0.17351642196711756
2026-01-31 00:00:00+00:00,0.0035794028466062944,0.003502055289998695,7.734755660756824e-05,0.0,0.0,0.0,0.9222563532170095,-0.169407987245335
2026-02-01 00:00:00+00:00,-0.0020902492021890318,-0.0021371371799025936,4.688797771358931e-05,0.0,0.0,0.0,0.8564236550779067,-0.17190444755960288
2026-02-02 00:00:00+00:00,0.007712992703784671,0.008752614790401144,9.220216254228768e-05,-0.0005817189846310562,-0.0005501052645276494,1.1634379692621122,0.9666144385263051,-0.08039874683263178
2026-02-03 00:00:00+00:00,0.016010096124037032,0.015877257821566678,0.0001328383024703133,0.0,0.0,0.0,0.964701137123239,-0.06350477151477851
2026-02-04 00:00:00+00:00,0.013298242748317701,0.01316405950178661,0.00013418324653107015,0.0,0.0,0.0,0.9187108395249275,-0.04968005458733993
2026-02-05 00:00:00+00:00,0.0012584530593542365,0.0016906895721294022,8.715778703986752e-05,-0.0002889782948128341,-0.0002304160050021017,0.5779565896256681,0.9042151193354933,-0.019115911703566205
2026-02-06 00:00:00+00:00,0.014853906401173012,0.014684171549430244,0.00016973485174275263,0.0,0.0,0.0,0.7464068479928482,-0.004366875001596579
2026-02-07 00:00:00+00:00,-0.0034957923657037426,-0.003654341213718348,0.00015854884801456788,0.0,0.0,0.0,0.8384899763597754,-0.008049355089385563
2026-02-08 00:00:00+00:00,-0.0038619670751559587,-0.0035035283287322997,7.602738896850452e-05,-0.00021723306769608035,-0.00021723306769608035,0.43446613539216067,0.9497174919199013,0.07933471469506057
2026-02-09 00:00:00+00:00,-0.003354861582492985,-0.003506216621261972,0.00015135503876897584,0.0,0.0,0.0,0.9437035394557064,0.0760837485187565
2026-02-10 00:00:00+00:00,-0.0027665498248842235,-0.0029454933351196863,0.00017894351023549246,0.0,0.0,0.0,0.9515928384159088,0.07334115714910446
2026-02-11 00:00:00+00:00,-0.009780071756652742,-0.009419603604417896,0.00016684655971920082,-0.0002933697481240184,-0.00023394496383003684,0.5867394962480367,0.9557022502507336,0.05025333711838554
2026-02-12 00:00:00+00:00,-0.007074293282026467,-0.007218344912938781,0.0001440516309123654,0.0,0.0,0.0,0.9481698847382145,0.04334160341934847
2026-02-13 00:00:00+00:00,0.00732840280533642,0.007268059422328585,6.034338300787022e-05,0.0,0.0,0.0,0.9488890785634544,0.05024147308934492
2026-02-14 00:00:00+00:00,-0.0139458729650076,-0.013853035601619714,7.727136646934086e-05,-0.00010030303072742158,-6.980569912983753e-05,0.20060606145484314,1.02013278941584,0.03965088623921769
2026-02-15 00:00:00+00:00,-0.010042655831675962,-0.01009575538020626,5.3099548530307765e-05,0.0,0.0,0.0,1.0865722325895288,0.029854953885756597
2026-02-16 00:00:00+00:00,0.003562963928680496,0.0034603666450856055,0.00010259728359499622,0.0,0.0,0.0,1.0394364535198684,0.033197040672387435
2026-02-17 00:00:00+00:00,-0.0003512633580057267,0.00035199583768563073,0.0001348530560860714,-0.00043441473422130554,-0.0004036975175561198,0.8688294684426112,1.0238752057697977,-0.09361916498469014
2026-02-18 00:00:00+00:00,-0.0005862713088167215,-0.0006410231143631243,5.475180554636495e-05,0.0,0.0,0.0,1.017651184673767,-0.0943154825604566
2026-02-19 00:00:00+00:00,-0.011177505492089512,-0.011221942073300524,4.4436581211025494e-05,0.0,0.0,0.0,0.9986863271553471,-0.10673040431415141
2026-02-20 00:00:00+00:00,-0.006778632950200536,-0.006207835196596999,3.385438807367371e-05,-0.0003230015629927162,-0.0002816505786844956,0.6460031259854324,0.9874960643760587,-0.15086133603200802
2026-02-21 00:00:00+00:00,-0.005778184326163172,-0.005965452775335707,0.0001872684491725164,0.0,0.0,0.0,1.0122055611082905,-0.15773822937193677
2026-02-22 00:00:00+00:00,-0.004520501811812516,-0.004617356560305918,9.685474849338117e-05,0.0,0.0,0.0,1.013458547111624,-0.1630928474446096
2026-02-23 00:00:00+00:00,0.0044593125795369115,0.004966502735110314,0.00028656139016277916,-0.00039687577286806857,-0.00039687577286806857,0.7937515457361372,0.9870447808992865,-0.12186745934365957
2026-02-24 00:00:00+00:00,0.004507446602547649,0.004139305616985239,0.0003681409855624879,0.0,0.0,0.0,0.9441618396437313,-0.11719988151890341
2026-02-25 00:00:00+00:00,-0.002795121734232575,-0.0029207024440586057,0.0001255807098260623,0.0,0.0,0.0,0.943267364833516,-0.1204572767151547
2026-02-26 00:00:00+00:00,0.012685193488032764,0.013205697168020872,1.8662675072880903e-06,-0.0002732597153691621,-0.00024911023212629787,0.5465194307383243,1.0866664345178572,-0.10791629949501941
2026-02-27 00:00:00+00:00,0.000504311036040983,0.000553480452622761,-4.91694165818325e-05,0.0,0.0,0.0,1.0592739410732825,-0.10730870207967445
2026-02-28 00:00:00+00:00,0.0037657587467174736,0.003687784764359379,7.797398235810073e-05,0.0,0.0,0.0,1.026917928665751,-0.10323216986868936
2026-03-01 00:00:00+00:00,-0.006410001864134762,-0.005383322346686409,0.0003738116239213068,-0.0007335136535510515,-0.0006669774878185983,1.467027307102103,1.034570829557464,0.05440809826311723
2026-03-02 00:00:00+00:00,-0.0013186426040959764,-0.0014407013002742577,0.00012205869617827318,0.0,0.0,0.0,1.0118720833585781,0.05303733425139463
2026-03-03 00:00:00+00:00,0.004703491814785465,0.004571473344840763,0.00013201846994465128,0.0,0.0,0.0,1.0371432318661706,0.057339113545009354
2026-03-04 00:00:00+00:00,-0.004997946029788758,-0.004857482310383674,1.2269488031271166e-05,-0.00010909514816881505,-4.3638059267526025e-05,0.21819029633763012,1.0174778070652606,0.04453840595186523
2026-03-05 00:00:00+00:00,0.01709406105360789,0.01705690692632011,3.71541272878248e-05,0.0,0.0,0.0,1.0541619836358713,0.06056009491824065
2026-03-06 00:00:00+00:00,-0.009866463716462825,-0.00985739309296716,-9.070623495715128e-06,0.0,0.0,0.0,1.040971612885313,0.05120794313824149
2026-03-07 00:00:00+00:00,0.009314901683599608,0.010661663868964893,4.066678622739266e-05,-0.000724071601817921,-0.0006633573697748195,1.448143203635842,0.9612422008352436,0.05618988372862614
2026-03-08 00:00:00+00:00,0.0030036807338240656,0.002932040695549561,7.164003827449863e-05,0.0,0.0,0.0,0.9432869155883492,0.05894487284525261
2026-03-09 00:00:00+00:00,0.0016569896101370496,0.0016346954709247847,2.2294139212272573e-05,0.0,0.0,0.0,0.9314188954977805,0.06047935465388835
2026-03-10 00:00:00+00:00,-0.0009287881788310193,8.669241080422457e-05,0.0001399526922137858,-0.0005777166409245158,-0.0005777166409245158,1.1554332818490318,1.0169356308495467,-0.007664158857162032
2026-03-11 00:00:00+00:00,0.012558009047709318,0.012650371943624577,-9.236289591517901e-05,0.0,0.0,0.0,1.0075276365797263,0.004924372768679069
2026-03-12 00:00:00+00:00,-0.006861346718724515,-0.006757462592828671,-0.00010388412589583648,0.0,0.0,0.0,1.0211492352617324,-0.0018457541835607
2026-03-13 00:00:00+00:00,-0.007678234384805305,-0.006676992755044752,0.0001665821778550588,-0.0005978235712376587,-0.0005700002363779433,1.195647142475317,1.0198555978526553,0.015196361389176662
2026-03-14 00:00:00+00:00,-0.006850492104672257,-0.0070902602069497275,0.00023976810227750798,0.0,0.0,0.0,1.02985147124743,0.00816201500155341
2026-03-15 00:00:00+00:00,0.006333650530182755,0.0060067014774412356,0.00032694905274141474,0.0,0.0,0.0,1.0250207608875794,0.014079541582982849
2026-03-16 00:00:00+00:00,-0.00483490017005217,-0.004347279347894173,0.00028872784217991203,-0.00040233705967724015,-0.00037401160466069813,0.8046741193544804,1.0281377533223368,-0.03051074756954426
2026-03-17 00:00:00+00:00,0.02255462430244548,0.022603330275529836,-4.87059730844104e-05,0.0,0.0,0.0,1.0645233798751688,-0.007733002331692942
2026-03-18 00:00:00+00:00,0.004929942575323754,0.00497128003986821,-4.133746454438009e-05,0.0,0.0,0.0,1.0401075889871998,-0.002748173952054352
2026-03-19 00:00:00+00:00,0.0035634953659458013,0.004630882440594506,-2.7466980313395928e-05,-0.0005199600471676151,-0.0005199600471676151,1.03992009433523,0.9775445775014112,0.06751331751183859
2026-03-20 00:00:00+00:00,0.0023403000634421023,0.002305496906005698,3.4803157436452566e-05,0.0,0.0,0.0,0.9512623626777885,0.06965579894714932
2026-03-21 00:00:00+00:00,0.0005796346995832202,0.0005730414664082753,6.593233175028569e-06,0.0,0.0,0.0,0.9555023705613787,0.0701881569223058
2026-03-22 00:00:00+00:00,-0.0033905044447157806,-0.002175198213147563,-3.026897844190609e-05,-0.0006208936687614573,-0.0005641435843648709,1.2417873375229147,0.9883185110576934,-0.00833028192217826
2026-03-23 00:00:00+00:00,0.0015329376366481906,0.0015062986269796888,2.6639009668595294e-05,0.0,0.0,0.0,0.9724777313734372,-0.00681353856549275
2026-03-24 00:00:00+00:00,0.003024273546935463,0.003127131294751589,-0.0001028577478161653,0.0,0.0,0.0,1.0034073519588378,-0.0036752921818181874
2026-03-25 00:00:00+00:00,-0.0030381067050162525,-0.0018010339492586535,8.160930220094284e-05,-0.0006914255019773858,-0.0006272565559811232,1.3828510039547717,0.9960423282410884,-0.1271992998248152
2026-03-26 00:00:00+00:00,-0.008334078657208033,-0.008459601664585002,0.00012552300737697235,0.0,0.0,0.0,1.005321093142408,-0.13679899507457857
2026-03-27 00:00:00+00:00,0.0033792227152733556,0.0033891598065327374,-9.937091259332702e-06,0.0,0.0,0.0,0.9583834246396736,-0.13296053201801586
2026-03-28 00:00:00+00:00,0.00983612703799941,0.011359218036968585,6.538351493442417e-06,-0.0007974224614457258,-0.0007322068890169507,1.5948449228914516,0.9761330620732128,0.0356056076940425
2026-03-29 00:00:00+00:00,0.006408042562056515,0.006371447791170992,3.6594770885585816e-05,0.0,0.0,0.0,0.9627816021253213,0.04170977745602153
2026-03-30 00:00:00+00:00,-0.0018364792524343532,-0.0018883873774867869,5.190812505243298e-05,0.0,0.0,0.0,0.9507372945393376,0.03989465578616928
2026-03-31 00:00:00+00:00,-0.007658994830363808,-0.006916449467301658,0.00016746837977104064,-0.0004858600614097264,-0.00042415368142350684,0.9717201228194527,1.0113622493473224,-0.03155073013156627
2026-04-01 00:00:00+00:00,-0.004321773224571723,-0.0044188122364538385,9.7039011882132e-05,0.0,0.0,0.0,1.0293293593083066,-0.03612566931840035
2026-04-02 00:00:00+00:00,0.0005485090844350449,0.0004924018306546373,5.6107253780446016e-05,0.0,0.0,0.0,1.0316130576585265,-0.035613733031647235
2026-04-03 00:00:00+00:00,0.011869823045780992,0.012830135128800435,2.611068238031466e-05,-0.0005264805664220879,-0.00045994219897761116,1.0529611328441757,0.9531540169542545,0.07486387119935864
2026-04-04 00:00:00+00:00,-0.002897986294917443,-0.0029612424599066815,6.325616498919672e-05,0.0,0.0,0.0,0.9606388785917754,0.0721116071887898
2026-04-05 00:00:00+00:00,0.00320054061172681,0.0031669152746395864,3.3625337087145934e-05,0.0,0.0,0.0,0.9609143136518565,0.07503835914754026
2026-04-06 00:00:00+00:00,-0.004353271996297869,-0.0033567824159398104,0.0001549584969810906,-0.0006043870192904924,-0.0005470610580486999,1.2087740385809849,1.0211861381882315,-0.11641501081378501
2026-04-07 00:00:00+00:00,0.0028586997251665025,0.0028273998406848203,3.129988448169189e-05,0.0,0.0,0.0,1.0153549446362256,-0.11326382371138538
2026-04-08 00:00:00+00:00,0.01884693149009453,0.01875063938480168,9.629210529290995e-05,0.0,0.0,0.0,1.0646541643684906,-0.0927648515251993
2026-04-09 00:00:00+00:00,0.01055365359782856,0.01095766782575979,0.00016244184565390764,-0.0003120244956279053,-0.0002544315779573256,0.6240489912558106,1.0052114287987965,-0.045499109601540744
2026-04-10 00:00:00+00:00,0.009907466935476394,0.009783305006999898,0.00012416192847655515,0.0,0.0,0.0,1.0195052213914164,-0.03536542283712314
2026-04-11 00:00:00+00:00,0.00023816493543127315,0.00011003798291117998,0.00012812695252012376,0.0,0.0,0.0,1.0298328822654759,-0.035246990257053905
2026-04-12 00:00:00+00:00,-0.0016485369675819372,-0.0009123424206702776,8.724111104576506e-05,-0.0004269581815641419,-0.0003964774763932967,0.8539163631282838,0.9945256928690637,-0.06729137454049308
2026-04-13 00:00:00+00:00,0.009806458777945615,0.009607704192629367,0.00019875458531619242,0.0,0.0,0.0,0.949728662277385,-0.05712349118629344
2026-04-14 00:00:00+00:00,-0.024346778077370512,-0.024869360362010276,0.0005225822846397589,0.0,0.0,0.0,1.0267398471361178,-0.08403892869510393
2026-04-15 00:00:00+00:00,0.003669972102269492,0.003933859202645029,0.0005159045626333667,-0.0004055391791179823,-0.00037425248389099384,0.8110783582359644,1.0022006678407722,-0.04201544093586083
2026-04-16 00:00:00+00:00,-0.0020997349078786254,-0.002413670473303896,0.0003139355654252771,0.0,0.0,0.0,1.0241173042433447,-0.04452259706040168
2026-04-17 00:00:00+00:00,0.0014105400795003664,0.00141669537500198,-6.155295501522114e-06,0.0,0.0,0.0,1.0731655701689493,-0.043045184727112815
2026-04-18 00:00:00+00:00,0.009576098966928903,0.010401110385481147,4.0759520332200606e-05,-0.00045049526703540434,-0.00041527567184896903,0.9009905340708088,0.9652663534665903,0.13921536964123343
2026-04-19 00:00:00+00:00,-3.4888528704146715e-05,-9.278494540505055e-05,5.7896416700859856e-05,0.0,0.0,0.0,0.9387892197962985,0.13912743864746524
2026-04-20 00:00:00+00:00,0.003722494884548677,0.0036382463984866225,8.424848606211169e-05,0.0,0.0,0.0,0.9069931155625324,0.14223621147633342
2026-04-21 00:00:00+00:00,0.005367132214117554,0.006247169509858241,2.9407869250302666e-05,-0.0004547225824954841,-0.0004547225824954841,0.9094451649909683,0.9692520354031585,0.18486706484027002
2026-04-22 00:00:00+00:00,0.0010072951887001302,0.0009941045160500434,1.3190672650060952e-05,0.0,0.0,0.0,0.9770206633382,0.18567414068773944
2026-04-23 00:00:00+00:00,-0.00047961274552654753,-0.0004973959946615596,1.778324913498033e-05,0.0,0.0,0.0,0.9860317809022503,0.1852656004363544
2026-04-24 00:00:00+00:00,0.003831644509819876,0.004763063575240674,4.976382316250483e-05,-0.0004905914442916201,-0.0004905914442916201,0.9811828885832399,0.9982533459871185,0.11755785718228305
2026-04-25 00:00:00+00:00,0.0008684831598417819,0.0006391452053004966,0.0002293379545412428,0.0,0.0,0.0,1.0001453673281195,0.11809443935573195
2026-04-26 00:00:00+00:00,0.0028954267786054366,0.0027597812230767214,0.0001356455555288131,0.0,0.0,0.0,0.9953321178334084,0.12050530628801855
2026-04-27 00:00:00+00:00,-0.0011366288925145351,-0.0003554459817156702,0.00019187608713770623,-0.00048652949896826853,-0.00048652949896826853,0.973058997936537,0.9961842060480081,0.15799947184283167
2026-04-28 00:00:00+00:00,-0.004148698801627604,-0.004259030017367736,0.00011033121574014595,0.0,0.0,0.0,0.985431824232445,0.15438092177060772
2026-04-29 00:00:00+00:00,-0.0006257194241872099,-0.0007268406686849602,0.00010112124449770353,0.0,0.0,0.0,0.9769457868178643,0.1537502856421237
2026-04-30 00:00:00+00:00,0.0022404429086395616,0.002694232545283276,0.00010107579838216682,-0.0002774327175129403,-0.0002774327175129403,0.5548654350258806,0.9648233036611141,0.16472888824882276
2026-05-01 00:00:00+00:00,-0.002992842441819521,-0.00306370383289683,7.086139107726183e-05,0.0,0.0,0.0,0.973382660963871,0.16215047524018614
2026-05-02 00:00:00+00:00,-0.0039636639205709034,-0.004024696032983043,6.103211241219095e-05,0.0,0.0,0.0,0.9901108468719637,0.158755030794974
2026-05-03 00:00:00+00:00,0.005027315974479585,0.005571053520943278,2.5485296460875828e-05,-0.00028461142146225137,-0.00028461142146225137,0.5692228429245028,0.971918297029937,0.19044022204058106
2026-05-04 00:00:00+00:00,-0.007789653799890051,-0.007732751043012502,-5.690275687754474e-05,0.0,0.0,0.0,0.9889405470438035,0.18414187243389205
2026-05-05 00:00:00+00:00,-0.013763501051285765,-0.01373737013447645,-2.613091680926827e-05,0.0,0.0,0.0,1.0289344439518233,0.17278259573749252
2026-05-06 00:00:00+00:00,0.014226599927330108,0.015212220380120543,0.00010394454451324288,-0.0005625115011090167,-0.0005270534961947632,1.1250230022180332,1.0366212594164246,-0.004168939962495449
2026-05-07 00:00:00+00:00,-0.008634619568179347,-0.008602966215861691,-3.165335231767797e-05,0.0,0.0,0.0,1.0845342646701952,-0.012883147253734357
2026-05-08 00:00:00+00:00,0.0037991529280609893,0.0037393649303959177,5.978799766516997e-05,0.0,0.0,0.0,1.0771649164395511,-0.009109175173804652
2026-05-09 00:00:00+00:00,0.011212857449595992,0.012144339579966345,0.00010539053110870219,-0.0005350820626470711,-0.0005017905988320207,1.070164125294142,1.0110368691849343,-0.08584141473868306
2026-05-10 00:00:00+00:00,-0.0026942180164242213,-0.002721792695693266,2.7574679269046305e-05,0.0,0.0,0.0,0.9996182364041999,-0.08880246062369185
2026-05-11 00:00:00+00:00,-0.006907232076355685,-0.006924747030160004,1.7514953804275695e-05,0.0,0.0,0.0,1.0180636777637107,-0.09639301658997866
2026-05-12 00:00:00+00:00,-0.002681851601204821,-0.0019077410354462073,5.545934011388745e-05,-0.00042842451484258437,-0.00040114539102989737,0.8568490296851689,0.948860453596805,0.019946863356647672
2026-05-13 00:00:00+00:00,0.0031055151137457937,0.003051087662662275,5.442745108351914e-05,0.0,0.0,0.0,0.9249027103681882,0.02292675164556574
2026-05-14 00:00:00+00:00,0.0015529777180744997,0.0015343103261376157,1.866739193694589e-05,0.0,0.0,0.0,0.9005541045657859,0.02442313338974349
2026-05-15 00:00:00+00:00,-0.008670400710210746,-0.007562679546090464,-1.0359247283720299e-05,-0.0005618722889307381,-0.0005354896279058165,1.1237445778614763,1.0128783613366896,0.07138083547847139
2026-05-16 00:00:00+00:00,0.0020193617367332273,0.0019401089948152574,7.925274191803801e-05,0.0,0.0,0.0,0.9695179466279281,0.07317318135071221
2026-05-17 00:00:00+00:00,-0.001672807594536141,-0.001744667932957711,7.186033842158894e-05,0.0,0.0,0.0,0.9429917632828139,0.07154819978973784
2026-05-18 00:00:00+00:00,-0.008555300439407665,-0.008073406847416628,3.5340871496035484e-05,-0.0002886527319737005,-0.0002285817315133836,0.577305463947401,0.9644261519391707,0.03305464482364851
2026-05-19 00:00:00+00:00,-0.010874961609305234,-0.011003466943409356,0.00012850533410409994,0.0,0.0,0.0,0.9790967114651622,0.02229362014343165
2026-05-20 00:00:00+00:00,-0.008878796906953479,-0.008934032575913249,5.5235668959823234e-05,0.0,0.0,0.0,0.9769499657606059,0.01347926724383068
2026-05-21 00:00:00+00:00,0.008906398495346579,0.009912144333777833,0.0001746081165421133,-0.0005901769774866552,-0.0005901769774866552,1.1803539549733102,1.0166745651274058,0.01917700495812282
2026-05-22 00:00:00+00:00,-3.0434330416828637e-05,-0.00017788319400374467,0.00014744886358687421,0.0,0.0,0.0,1.0202322388265335,0.018999700007266893
2026-05-23 00:00:00+00:00,-0.011403088367641145,-0.011509363845005807,0.0001062754773646233,0.0,0.0,0.0,0.9859572112700272,0.007576734333402785
2026-05-24 00:00:00+00:00,0.004100957163115648,0.0046498813118708475,0.00022347090766688957,-0.00040117514422290026,-0.00037121991219917795,0.8023502884458005,1.0100857116230895,-0.033553311172819136
2026-05-25 00:00:00+00:00,0.012888794042456464,0.012644324908524518,0.00024446913393196196,0.0,0.0,0.0,0.9881081986825435,-0.020642923870099177
2026-05-26 00:00:00+00:00,-0.004233446779412953,-0.004410871505457218,0.00017742472604430137,0.0,0.0,0.0,0.9922714329032094,-0.02516031020978296
2026-05-27 00:00:00+00:00,-0.008372030801768515,-0.0080138861777431,0.00014787986888753312,-0.0002748911761174036,-0.00023113331679557617,0.5497823522348071,1.008140375858999,-0.18530002299474044
2026-05-28 00:00:00+00:00,-0.0003406492905039249,-0.00044034422170338445,9.969493119944564e-05,0.0,0.0,0.0,0.9860455038403317,-0.18580366110177163
2026-05-29 00:00:00+00:00,-0.007632629761017085,-0.007758846246231605,0.00012621648521453762,0.0,0.0,0.0,0.9713368144626651,-0.19505126141077145
2026-05-30 00:00:00+00:00,0.03757927985229559,0.038333289710737704,0.00015001178200270385,-0.00045978955098712935,-0.00044423208945778994,0.9195791019742587,1.0045677055325928,0.09062215905955708
2026-05-31 00:00:00+00:00,-0.024158272052829832,-0.024249031321079143,9.075926824926768e-05,0.0,0.0,0.0,1.0316522154524965,0.06801628362224636
2026-06-01 00:00:00+00:00,0.007288291585866746,0.007165444588393393,0.00012284699747340408,0.0,0.0,0.0,1.0392560441862446,0.07463774655046775
2026-06-02 00:00:00+00:00,-0.014972433828805198,-0.014282148239334816,0.0002683520552107814,-0.0004876539719433072,-0.00047098367273786245,0.9753079438866143,0.9676101466534072,-0.192413124695697
2026-06-03 00:00:00+00:00,0.030769509912645265,0.030676041218477126,9.346869416813323e-05,0.0,0.0,0.0,0.8818829312449965,-0.15690906834344245
2026-06-04 00:00:00+00:00,-0.005793266373343986,-0.00585248800931176,5.922163596775225e-05,0.0,0.0,0.0,0.8712676189177846,-0.16370997182752378
2026-06-05 00:00:00+00:00,-0.022951136915132175,-0.022567498454879657,0.00025685092053074135,-0.00032024469039163624,-0.00032024469039163624,0.6404893807832724,0.907655678219682,-0.23497590114478428
2026-06-06 00:00:00+00:00,0.005177646095575028,0.0050193006353068505,0.0001583454602681062,0.0,0.0,0.0,0.8267639407047094,-0.22877209954151032
2026-06-07 00:00:00+00:00,0.003108797056279533,0.002920932750766256,0.00018786430551321798,0.0,0.0,0.0,0.827191914037928,-0.2251512173490309
2026-06-08 00:00:00+00:00,0.006217380126252836,0.006667266855848234,0.0002397529945157309,-0.0003735874769022964,-0.0003160522472087805,0.7471749538045928,0.9757976052961659,-0.2210229876623952
2026-06-09 00:00:00+00:00,0.0014869457425030763,0.0012168429763306128,0.0002701027661723631,0.0,0.0,0.0,0.9694500764528315,-0.2194797901465409
2026-06-10 00:00:00+00:00,0.0001761036102598812,9.124945897399872e-07,0.00017519111567015466,0.0,0.0,0.0,0.9458043449396055,-0.21944023343460653
2026-06-11 00:00:00+00:00,0.002099558878383645,0.0026990553994583584,0.0002769647637785594,-0.0004550071787408197,-0.00042145410611252885,0.9100143574816394,0.9856069366644564,-0.15068195734441683
2026-06-12 00:00:00+00:00,-0.005718104180514327,-0.006006146125475331,0.0002880419449610268,0.0,0.0,0.0,1.0266623982034881,-0.15758921501909634
2026-06-13 00:00:00+00:00,-0.005559811467008902,-0.005872108057079483,0.0003122965900705313,0.0,0.0,0.0,1.0249719943913633,-0.164375218299772
2026-06-14 00:00:00+00:00,-0.0025489793422642792,-0.001876378105342376,0.00011155330457040818,-0.0004060017925491476,-0.0003781527489431102,0.8120035850982953,1.030315420217423,-0.12367594436829508
2026-06-15 00:00:00+00:00,0.001903177256272759,0.00173983848883035,0.00016333876744247837,0.0,0.0,0.0,1.0616017758112744,-0.12170448067984811
2026-06-16 00:00:00+00:00,0.021648836742719002,0.021625157354886952,2.3679387832146035e-05,0.0,0.0,0.0,1.0629819128777407,-0.09795863287432538
2026-06-17 00:00:00+00:00,-0.0006056218151846426,0.00015561502137108365,0.00017965350814970482,-0.0005187088194603478,-0.00042218152524505545,1.0374176389206955,1.0360762564685775,-0.08239722884554408
2026-06-18 00:00:00+00:00,0.0038336808272385614,0.003696753043286588,0.00013692778395198792,0.0,0.0,0.0,1.0181386069728815,-0.07839991554915986
2026-06-19 00:00:00+00:00,0.008075473703425429,0.007927115646305022,0.00014835805712039792,0.0,0.0,0.0,0.997372724100113,-0.0699082576068979
2026-06-20 00:00:00+00:00,-0.006962510582101178,-0.00651920677378652,0.0002670808787772518,-0.00037023347419401975,-0.0003401512128979169,0.7404669483880395,0.9971373651619831,-0.10046082126175328
2026-06-21 00:00:00+00:00,0.004673577614490387,0.004496025061205842,0.00017755255328458426,0.0,0.0,0.0,0.9959797441929549,-0.09551838362108317
2026-06-22 00:00:00+00:00,-0.011928787189008916,-0.01220333031331048,0.00027454312430159916,0.0,0.0,0.0,0.984648933100309,-0.10902221675696182
2026-06-23 00:00:00+00:00,-0.0031514499359963644,-0.0027544121105848884,0.00020546149325539255,-0.0003350524999476713,-0.00026744681871924145,0.6701049998953427,1.001254000411414,-0.11810062947771262
2026-06-24 00:00:00+00:00,0.003137264113820537,0.003066941098843883,7.032301497658952e-05,0.0,0.0,0.0,0.9740113656400545,-0.11467392598608195
2026-06-25 00:00:00+00:00,-0.0062998913168671455,-0.006400368085706876,0.00010047676883968653,0.0,0.0,0.0,0.9692636902337445,-0.12184188470326125
2026-06-26 00:00:00+00:00,6.405258624453403e-05,0.0003903380718030503,6.345658298459958e-05,-0.00019487103427151369,-0.00019487103427151369,0.3897420685430274,0.9664754439316311,-0.1381775908338034
2026-06-27 00:00:00+00:00,-0.01998591973202779,-0.020038315131130666,5.239539910291701e-05,0.0,0.0,0.0,1.0165043342230227,-0.16144248246073364
2026-06-28 00:00:00+00:00,-0.00467095989491606,-0.004761060902857787,9.010100794168307e-05,0.0,0.0,0.0,1.0069515173585117,-0.16698351667308386
2026-06-29 00:00:00+00:00,0.004968390839423131,0.005738609800649286,0.00014311882673926458,-0.0005068893270433215,-0.0004064484609221312,1.0137786540866427,0.9839049153384607,0.19536392587035564
2026-06-30 00:00:00+00:00,0.005939768680066848,0.00587179861346998,6.797006659679497e-05,0.0,0.0,0.0,1.0001304624593703,0.20004748867606129
2026-07-01 00:00:00+00:00,0.003070201193880129,0.003041686731963359,2.8514461916828526e-05,0.0,0.0,0.0,0.9729080703599513,0.20246755926584442
2026-07-02 00:00:00+00:00,0.010444914227366375,0.010978863175470997,3.364430329740371e-05,-0.00031415817032898517,-0.00025343508107294316,0.6283163406579703,0.9879794313511405,0.20133982448812246
2026-07-03 00:00:00+00:00,-0.004033157859162806,-0.004028698149192705,-4.459709970049992e-06,0.0,0.0,0.0,1.034033974702682,0.19811013579007125
2026-07-04 00:00:00+00:00,0.020101176262441456,0.02011655333352507,-1.5377071083616964e-05,0.0,0.0,0.0,1.0552939794141105,0.21392651454746814
2026-07-05 00:00:00+00:00,-0.004507721952084154,-0.003425717954547831,5.253667985138413e-05,-0.0005672703386938525,-0.0005672703386938525,1.134540677387705,0.9994375285390625,-0.058994336588834066
2026-07-06 00:00:00+00:00,0.0010910896361950861,0.0010462154896011592,4.487414659384549e-05,0.0,0.0,0.0,1.0001808766458136,-0.05788496341555925
2026-07-07 00:00:00+00:00,0.0005726879798242379,0.0005104146047460755,6.227337507818396e-05,0.0,0.0,0.0,0.9891480318433755,-0.05734170990280925
2026-07-08 00:00:00+00:00,-0.012947812764830036,-0.012154420403101183,8.084458301304772e-05,-0.0004371184723709657,-0.0004371184723709657,0.8742369447419313,0.9642665608960467,0.08266435778119686
2026-07-09 00:00:00+00:00,-0.0023983792909295643,-0.002410690497144069,1.2311206214491012e-05,0.0,0.0,0.0,0.9497642033232014,0.08044660876453935
2026-07-10 00:00:00+00:00,-0.0004703533769530033,-0.0004329315725828862,-3.7421804370129416e-05,0.0,0.0,0.0,0.9678998282982895,0.08005132960516578
2026-07-11 00:00:00+00:00,-0.0021209280653419205,-0.00133117065354908,3.113324531131378e-05,-0.00041044532855207477,-0.00041044532855207477,0.8208906571041495,1.0125966321029527,0.0743201457253009
2026-07-12 00:00:00+00:00,-0.015704283244238892,-0.015738238951841454,3.395570760254761e-05,0.0,0.0,0.0,1.0240502970002516,0.05951657187592521
2026-07-13 00:00:00+00:00,-0.008980874434121544,-0.009155546574374703,0.00017467214025320657,0.0,0.0,0.0,1.028073214211714,0.05081741008055081
2026-07-14 00:00:00+00:00,0.006686272535807447,0.007414522792092114,5.883830980365383e-05,-0.0004083726725860248,-0.00037871589350226096,0.8167453451720496,0.9816020600685734,0.010710588760369143
2026-07-15 00:00:00+00:00,-0.005131309270269835,-0.005172798636031589,4.148936576180838e-05,0.0,0.0,0.0,1.0319315601800225,0.005566352802072175
2026-07-16 00:00:00+00:00,-0.005969321888519841,-0.006071329844481634,0.00010200795596183683,0.0,0.0,0.0,1.034967917199593,-0.0005080095147253213
2026-07-17 00:00:00+00:00,0.004415855447343686,0.005275761434642213,0.00012172302682027895,-0.0005223074631799904,-0.00045932155093885135,1.0446149263599809,0.9811427403654654,-0.024680117554963264
2026-07-18 00:00:00+00:00,0.004341732820364541,0.004324437797583022,1.729502278153665e-05,0.0,0.0,0.0,0.9776734808247017,-0.020267682893369512
2026-07-19 00:00:00+00:00,-0.0034512648086177933,-0.003505729529262676,5.446472064487042e-05,0.0,0.0,0.0,0.9852024393941757,-0.02385574491554297
2026-07-20 00:00:00+00:00,-0.0010398382428286057,-0.00031400172657381024,4.5255165470789366e-05,-0.0004008967318676799,-0.0003701949498578825,0.8017934637353596,0.9737764161568525,-0.007803441017408619
2026-07-21 00:00:00+00:00,0.007344286174216785,0.007349906618965732,-5.620444748840923e-06,0.0,0.0,0.0,0.9786210166666405,-0.00045022779666063995
2026-07-22 00:00:00+00:00,0.004619875092954251,0.004605603379704284,1.4271713250028449e-05,0.0,0.0,0.0,0.9924252953304812,0.004136266548239887
2026-07-23 00:00:00+00:00,-0.0033308653791584986,-0.00237355637192588,3.8350078848277324e-05,-0.0005123855541296102,-0.0004832735319512629,1.0247711082592201,0.9883704639440293,-0.07901139213932543
2026-07-24 00:00:00+00:00,-0.00787305477021949,-0.007936435556337643,6.338078611812633e-05,0.0,0.0,0.0,0.9746629662589333,-0.0876378049338489
2026-07-25 00:00:00+00:00,-0.00011549675176858454,-0.00012525560545675505,9.758853688150605e-06,0.0,0.0,0.0,0.9646561156582429,-0.08777319805857359
2026-07-26 00:00:00+00:00,0.00974603673325114,0.01064714085548611,7.147466281975739e-05,-0.0004862893925274149,-0.0004862893925274149,0.9725787850548298,0.9964048613222846,-0.007929217279732205
2026-07-27 00:00:00+00:00,-0.020112744258332205,-0.020199674625589092,8.693036725690418e-05,0.0,0.0,0.0,1.0523625330053055,-0.02870625343936224
2026-07-28 00:00:00+00:00,-0.005805998034846049,-0.00597334459365973,0.00016734655881364032,0.0,0.0,0.0,1.0064931283972887,-0.03488212357394343
2026-07-29 00:00:00+00:00,-0.005658333065570398,-0.004752476700332401,0.00010099604970419128,-0.0005213459391433315,-0.00048550647579888176,1.042691878286663,1.0248825473662584,-0.1485186475970285
2026-07-30 00:00:00+00:00,0.0001584978481601329,0.0001511930521230918,7.304796036976503e-06,0.0,0.0,0.0,1.021806897212932,-0.1483439423492551
2026-07-31 00:00:00+00:00,-0.010617304948259076,-0.010666470791735778,4.91658434766551e-05,0.0,0.0,0.0,1.0604113643808806,-0.1607167923355227
2026-08-01 00:00:00+00:00,0.0037501367885854897,0.004457121388458907,9.141793969392396e-05,-0.0003992012697836227,-0.0003992012697836227,0.7984025395672454,0.9850329389677672,-0.13642282222924673
2026-08-02 00:00:00+00:00,0.007018237834813812,0.007006871697829743,1.1366136984109275e-05,0.0,0.0,0.0,0.9644352219747664,-0.12851400865358092
2026-08-03 00:00:00+00:00,-0.0022105095464264313,-0.002251652462636274,4.11429162098555e-05,0.0,0.0,0.0,0.9867917622313789,-0.13105536024114037
2026-08-04 00:00:00+00:00,-0.002117832868767877,-0.0008607141299073963,2.6361083930988472e-05,-0.0006597536912289752,-0.0006237261315624706,1.3195073824579504,1.0034189810789023,0.17836812868776536
2026-08-05 00:00:00+00:00,-0.005952556121455288,-0.006017777610725357,6.522148927007135e-05,0.0,0.0,0.0,1.0138501321403974,0.17338241966054319
2026-08-06 00:00:00+00:00,-0.004387803553764447,-0.004503221868359367,0.00011541831459489737,0.0,0.0,0.0,1.0191100251582672,0.16962347226659674
2026-08-07 00:00:00+00:00,-0.0025695064071710183,-0.002004806849110226,3.789074534053335e-05,-0.00031809208624511914,-0.0002844982171561562,0.6361841724902383,1.0006349942131123,0.14444824482746949
2026-08-08 00:00:00+00:00,0.0012953119724750106,0.001317761314404108,-2.2449341929182974e-05,0.0,0.0,0.0,0.9979581190372572,0.1455774379435828
2026-08-09 00:00:00+00:00,0.00391545742249777,0.003950614973098767,-3.5157550601100496e-05,0.0,0.0,0.0,1.0023201864740479,0.1489448656369803
2026-08-10 00:00:00+00:00,-0.0032419195664588063,-0.0019020220431744087,1.3415684536894499e-05,-0.0006903278170615819,-0.0006629853907597658,1.3806556341231637,0.9992180070809814,0.09886429223869134
2026-08-11 00:00:00+00:00,-0.0010544726181541675,-0.001071245934997151,1.677331684297843e-05,0.0,0.0,0.0,0.9912392926374738,0.09789627524536001
2026-08-12 00:00:00+00:00,0.004908390443355115,0.004860817066270509,4.757337708464013e-05,0.0,0.0,0.0,0.988244037088591,0.1022551839439765
2026-08-13 00:00:00+00:00,0.005986698338783514,0.007085979613634653,5.854751359533819e-05,-0.0005923175525289045,-0.0005655112359174881,1.184635105057809,0.9767980702069853,0.054752443965745266
2026-08-14 00:00:00+00:00,-0.0038546905807670395,-0.00395061915833053,9.592857756346193e-05,0.0,0.0,0.0,0.9790231557578425,0.05099840788994229
2026-08-15 00:00:00+00:00,0.0021883085611369424,0.0019880811610437075,0.0002002274000931287,0.0,0.0,0.0,0.9658583119795273,0.052870791445431824
2026-08-16 00:00:00+00:00,-0.011607504602058172,-0.010576519350842407,4.663165202268776e-05,-0.0005838442700744744,-0.0004937726331639439,1.1676885401489487,0.9919384262453939,0.0124186079406266
2026-08-17 00:00:00+00:00,0.0001244111263685177,9.320614386933545e-05,3.12049824991878e-05,0.0,0.0,0.0,0.9864631707834973,0.012510257669248155
2026-08-18 00:00:00+00:00,-0.006321260386337624,-0.0063779036338250114,5.664324748735416e-05,0.0,0.0,0.0,1.0114390654729295,0.006171364839513036
2026-08-19 00:00:00+00:00,-0.0027854327402009327,-0.0020639476376140874,7.156118903114e-05,-0.00039652314580898747,-0.00039652314580898747,0.793046291617975,1.0087291282713302,-0.006923331976975894
2026-08-20 00:00:00+00:00,-0.013580530002046287,-0.013589217920271261,8.687918224931257e-06,0.0,0.0,0.0,1.108938252357689,-0.020794956426893968
2026-08-21 00:00:00+00:00,0.025414586215829926,0.025421253690382388,-6.667474552462251e-06,0.0,0.0,0.0,1.1240593713110674,0.004511635903836055
2026-08-22 00:00:00+00:00,-0.01168418479518274,-0.010576914077464784,0.00018030342500898995,-0.0006437870713634805,-0.0006437870713634805,1.2875741427269611,1.1184548771670908,-0.11497717876292435
2026-08-23 00:00:00+00:00,-0.014173795931144761,-0.0143927508925095,0.00021895496136474486,0.0,0.0,0.0,1.113519811447597,-0.13122995627573963
2026-08-24 00:00:00+00:00,-0.0012794336043410182,-0.0013419808723969893,6.25472680560168e-05,0.0,0.0,0.0,1.1254173242144128,-0.13274177143120564
2026-08-25 00:00:00+00:00,-0.00017994663991427462,0.0008073334271369778,-9.770175279780346e-06,-0.0005553246071227551,-0.0004221852846487491,1.1106492142455102,1.000673254086625,-0.029304592761653765
2026-08-26 00:00:00+00:00,0.0006090494105706057,0.0005246540998560353,8.439531071463926e-05,0.0,0.0,0.0,0.977686201146485,-0.02876242092628574
2026-08-27 00:00:00+00:00,0.0018524332064584481,0.0018407083465242216,1.1724859934136626e-05,0.0,0.0,0.0,0.9908591233109775,-0.02687193411668255
2026-08-28 00:00:00+00:00,-0.01198086030597123,-0.011211289607230435,0.00018714342601367466,-0.0004929270303396968,-0.0004637870944148276,0.9858540606793934,1.030625572160782,-0.021900989377668944
2026-08-29 00:00:00+00:00,-0.0007396478353229874,-0.000996585682203386,0.0002569378468803994,0.0,0.0,0.0,0.9999941283433768,-0.02291452373775239
2026-08-30 00:00:00+00:00,-0.007900338070226276,-0.00815843758716724,0.00025809951694101075,0.0,0.0,0.0,1.01574454440942,-0.0313204030978888
2026-08-31 00:00:00+00:00,-0.022693894641610535,-0.022563980891334115,0.000286181918061962,-0.00020804783416921593,-0.00020804783416921593,0.4160956683384318,1.0189834314472255,-0.028969223288901905
