time,ret,price,funding,fee,slip,traded,gross,net
2024-01-02 00:00:00+00:00,0.005841347160611576,0.0066468197799885494,0.00016285910440661685,-0.0005,-0.00046833172378363177,1.0,1.0302645487704911,-0.04867804208934099
2024-01-03 00:00:00+00:00,-0.006378703472005753,-0.00644936906774965,0.00024510721517755383,-0.00010395418661921889,-7.04874328143884e-05,0.20790837323843778,0.9938019114474665,-0.040180391163949204
2024-01-04 00:00:00+00:00,0.005724226762577889,0.005915725079800031,0.00021200877561323585,-0.00020175354641773866,-0.00020175354641773866,0.4035070928354773,0.9030074031290202,-0.01375851184772371
2024-01-05 00:00:00+00:00,0.00013091927607322695,0.00016641061579156073,0.00015772789902795248,-9.660961937312472e-05,-9.660961937312472e-05,0.19321923874624944,0.9330950716022369,-0.005603912945927001
2024-01-06 00:00:00+00:00,0.0060290399217277635,0.006112173374262248,0.00031501306578398774,-0.000215263452793654,-0.0001828830655247276,0.430526905587308,0.9506743021551447,0.04483247207884283
2024-01-07 00:00:00+00:00,-0.002123259601965355,-0.002093459383684932,0.00034053018479598333,-0.00020120689387123267,-0.0001691235092051514,0.40241378774246533,0.923999638982622,0.03252535060053021
2024-01-08 00:00:00+00:00,0.0045150860655283065,0.0046114557636480116,0.00029821388493715277,-0.0002132521886102954,-0.00018133139444655532,0.4265043772205908,0.9167271680841326,0.06792556110862442
2024-01-09 00:00:00+00:00,0.003047334841477456,0.002893164521632652,0.00015417031984471129,0.0,0.0,0.0,0.970198776702283,0.07060357290261823
2024-01-10 00:00:00+00:00,-0.0022093060263812525,-0.0020118321312685233,8.81282762140498e-06,-0.00010314336136707404,-0.00010314336136707404,0.20628672273414808,0.9539325587994217,0.09697053469636874
2024-01-11 00:00:00+00:00,0.01087132692978754,0.011421308137143775,1.852787730172785e-05,-0.0003023405798688315,-0.0002661685047892218,0.604681159737663,1.0568220894563487,0.16102400017783428
2024-01-12 00:00:00+00:00,0.017293904142324346,0.01749589130100665,2.0789402912103746e-05,-0.0001280032059854314,-9.477335560887742e-05,0.2560064119708628,1.0423475655481622,0.14246967452068332
2024-01-13 00:00:00+00:00,0.00018891781997232293,0.0007786517025203968,-1.560911229903439e-05,-0.0002870623851244867,-0.0002870623851244867,0.5741247702489733,0.9817550316908811,0.16685153116285475
2024-01-14 00:00:00+00:00,-0.0007259967028779846,-0.0005890978527299867,2.664775939066729e-05,-8.177330476935445e-05,-8.177330476935445e-05,0.1635466095387089,0.9997048735873743,0.15301270434049552
2024-01-15 00:00:00+00:00,-0.013544176502349181,-0.013347984610581816,-2.2033344624638377e-05,-8.707927357137917e-05,-8.707927357137917e-05,0.17415854714275836,0.9776265698142077,0.1455404583086711
2024-01-16 00:00:00+00:00,0.0006571319383239516,0.0008027421262596356,2.3669516026954636e-05,-8.463985198131166e-05,-8.463985198131166e-05,0.16927970396262332,1.0054447929616213,0.1436845178886754
2024-01-17 00:00:00+00:00,0.0023696828911181633,0.00237408645283164,0.00017642558849765688,-9.04145751056188e-05,-9.04145751056188e-05,0.1808291502112376,1.0083623747709651,0.14678898753955288
2024-01-18 00:00:00+00:00,-0.00930745036757108,-0.009431258561469475,0.00012380819389843723,0.0,0.0,0.0,0.9996077995541663,0.13864819012623653
2024-01-19 00:00:00+00:00,0.0020315366312610994,0.0021430324324162677,0.00010475684761592054,-0.00010812632438555863,-0.00010812632438555863,0.21625264877111725,0.9566064781468975,0.1398645978995219
2024-01-20 00:00:00+00:00,0.011816371185274122,0.012033651080801884,0.00016513302562748956,-0.00019421063359055296,-0.00018820228756474383,0.3884212671811059,0.9965240952350728,0.07226921056868778
2024-01-21 00:00:00+00:00,-0.01063561707054439,-0.010404815848698463,0.00012434580092139758,-0.00017757351138363776,-0.00017757351138363776,0.35514702276727556,1.0053236552992477,0.06688471578175557
2024-01-22 00:00:00+00:00,0.0022927318160530508,0.002559522769204534,0.00010107263470163714,-0.00020125589972156714,-0.0001666076881315985,0.4025117994431343,0.9889846593227882,0.09448684607212175
2024-01-23 00:00:00+00:00,-0.0051395557897951916,-0.004936939866396201,0.0001752188904523103,-0.00020620524593282846,-0.00017162956791850134,0.4124104918656569,0.9246782622936454,0.10143713222471692
2024-01-24 00:00:00+00:00,-0.007475302453035959,-0.007467442742893324,0.00021169530091012437,-0.00010977750552638676,-0.00010977750552638676,0.2195550110527735,0.9234602792207812,0.09896821111756503
2024-01-25 00:00:00+00:00,-0.0062095193817591765,-0.006304983703850471,9.546432209127587e-05,0.0,0.0,0.0,0.9354374082869644,0.09324221676592068
2024-01-26 00:00:00+00:00,0.0013577538750770834,0.0017551841771339407,-2.900970343871453e-06,-0.00021144418802272773,-0.0001830851436902871,0.4228883760454555,0.9855477968605334,0.16728296197139786
2024-01-27 00:00:00+00:00,-0.004939979207263301,-0.004938512092608457,-1.4671146548549643e-06,0.0,0.0,0.0,1.0198385620043922,0.16315040950942236
2024-01-28 00:00:00+00:00,-0.005139853304221287,-0.005123208414458108,-1.6644889763196876e-05,0.0,0.0,0.0,1.0304287984920166,0.15884363407240604
2024-01-29 00:00:00+00:00,-0.008498889217116834,-0.008310473027451052,-1.189414809873372e-05,-8.826102078350124e-05,-8.826102078350124e-05,0.1765220415670025,1.0206879176165355,0.16344512750558213
2024-01-30 00:00:00+00:00,0.0020708345092901315,0.00237448427348489,2.16877058417626e-05,-0.00017597982897922052,-0.00014935764105740397,0.351959657958441,1.051378172017879,0.1624802943127452
2024-01-31 00:00:00+00:00,0.015693662479875803,0.016155265989906093,-3.376736121492545e-05,-0.00021391807440769562,-0.00021391807440769562,0.4278361488153911,1.0035388876472806,0.14472102950851964
2024-02-01 00:00:00+00:00,-0.001664160277417781,-0.0013150709655093574,6.657460525268651e-05,-0.00020783195858057818,-0.00020783195858057818,0.41566391716115636,0.9654494528908393,0.11967745849504895
2024-02-02 00:00:00+00:00,0.012226856200019842,0.012726213474953115,3.0090687140095334e-05,-0.0002918739120307679,-0.00023757405004269053,0.5837478240615358,0.9717575281815503,0.12121240704512473
2024-02-03 00:00:00+00:00,-0.0013106667899643876,-0.0006020806334630639,3.428688525975761e-05,-0.0004008332923917745,-0.0003420397493693334,0.8016665847835491,0.9889918674087436,0.10690660149657928
2024-02-04 00:00:00+00:00,-0.006654031244222369,-0.006313410696932252,6.190807839178111e-05,-0.00020126431284093278,-0.00020126431284093278,0.40252862568186554,0.9943713408043492,0.10770351526810128
2024-02-05 00:00:00+00:00,0.009233821814717214,0.009460866176502254,0.00011428821700691842,-0.0001994232538410392,-0.0001419093249510073,0.39884650768207836,0.9810810413176507,0.13137163426416607
2024-02-06 00:00:00+00:00,0.000737347464152105,0.001081901369698882,0.00015175599678638583,-0.00027983547728472106,-0.0002164744250483583,0.5596709545694422,0.9837668508765817,0.19045043138845386
2024-02-07 00:00:00+00:00,-0.004227003121838102,-0.004256807945320821,2.9804823482673315e-05,0.0,0.0,0.0,0.9873524109329694,0.1869840054177677
2024-02-08 00:00:00+00:00,0.004570496834659599,0.005062538668243298,1.4259050377267279e-05,-0.0002855328493420759,-0.00022076803461884418,0.5710656986841519,1.0122203940261558,0.15382724632636843
2024-02-09 00:00:00+00:00,0.00262068709490082,0.0019277161372677101,0.001444047147052687,-0.0004072918483890221,-0.0003437843410305448,0.8145836967780443,0.9981812180067791,0.18694377703068013
2024-02-10 00:00:00+00:00,-0.003178264140867193,-0.003467419963636017,0.0006506544905009538,-0.00019353450261109246,-0.00016796416512103872,0.3870690052221849,1.0384336546568869,0.18139837735134914
2024-02-11 00:00:00+00:00,0.013699432366591546,0.012842889286017631,0.0010436738941680128,-9.661174614411228e-05,-9.051906745007587e-05,0.19322349228822452,1.0222613404825607,0.16039754180260754
2024-02-12 00:00:00+00:00,0.007222023895438134,0.006949480448442428,0.0004668262097544898,-0.00011021326588527655,-8.406949687352676e-05,0.2204265317705531,0.9857247171027427,0.12034316269552282
2024-02-13 00:00:00+00:00,0.003062669022513287,0.0028209916860471927,0.0004184248034177344,-8.837373347576613e-05,-8.837373347576613e-05,0.1767474669515323,1.0066933279515506,0.12892741405841254
2024-02-14 00:00:00+00:00,-0.0027747955394226143,-0.003043783488810174,0.00026898794938753456,0.0,0.0,0.0,0.99882402111238,0.12623390384290925
2024-02-15 00:00:00+00:00,0.006318575911256286,0.00605809751395421,0.0004337609431093336,-8.664127290366997e-05,-8.664127290366997e-05,0.17328254580733993,1.0191003695343999,0.1324600066840414
2024-02-16 00:00:00+00:00,-0.00909368354971185,-0.009137772288327415,0.00022252384391204625,-8.921755264825468e-05,-8.921755264825468e-05,0.17843510529650938,1.0306528328792082,0.13548627366573085
2024-02-17 00:00:00+00:00,-0.001217845764599379,-0.0010649025565213268,0.00021299057439987817,-0.00020039348049831205,-0.00016554030197961467,0.40078696099662414,1.0241278337160247,0.13609526219999074
2024-02-18 00:00:00+00:00,-0.007434466083535707,-0.0074258264496133075,0.00021849816923151177,-0.00011356890157693765,-0.00011356890157693765,0.2271378031538753,1.0445688326751847,0.14436274960812642
2024-02-19 00:00:00+00:00,-0.0015978808610840334,-0.0016367468682649557,0.00020906535047454417,-8.509967164679345e-05,-8.509967164679345e-05,0.1701993432935869,1.0585368730791682,0.14468245969637755
2024-02-20 00:00:00+00:00,-0.015731406664345915,-0.015884869836094377,0.0003213175225468098,-8.39271753991816e-05,-8.39271753991816e-05,0.1678543507983632,1.0938464228632805,0.1328135427666776
2024-02-21 00:00:00+00:00,-0.010314203290142654,-0.01023746922704549,0.00012908147260696611,-0.00010290776785204328,-0.00010290776785204328,0.20581553570408656,1.07078228709664,0.16545508040977794
2024-02-22 00:00:00+00:00,0.010697216115383767,0.011016467379843077,9.986060024023392e-05,-0.00020955593234980196,-0.00020955593234980196,0.41911186469960393,1.0268847824440663,0.13667861587881738
2024-02-23 00:00:00+00:00,-0.0010055521139327173,-0.00116812283653779,0.00037563895313095727,-0.00010653411526291765,-0.00010653411526291765,0.21306823052583534,1.0355091874035756,0.1417610335760219
2024-02-24 00:00:00+00:00,4.260440333925253e-05,0.00014669106979269488,0.0003066757773061912,-0.00020538122187979045,-0.00020538122187979045,0.41076244375958093,1.027155422889035,0.13757594782313878
2024-02-25 00:00:00+00:00,-0.007531545106593374,-0.0076970745710008,0.00039997937652129186,-0.00011722495605692733,-0.00011722495605692733,0.23444991211385469,1.0352423179444994,0.1237740314936149
2024-02-26 00:00:00+00:00,-0.002376081271166619,-0.0023755873758817057,0.00019634803668947486,-9.842096598719267e-05,-9.842096598719267e-05,0.19684193197438538,1.0439722806409961,0.1316604115835023
2024-02-27 00:00:00+00:00,-0.005710784377035205,-0.005938242973706193,0.0002455449847418175,-1.291884862204483e-05,-5.167539448817932e-06,0.025837697244089658,1.0462010188769706,0.1004581662923141
2024-02-28 00:00:00+00:00,-0.006710940837686308,-0.006797795577341839,0.00028629928965378485,-0.0001032717248949437,-9.617282510330086e-05,0.20654344978988737,1.0436789262136232,0.06404585964828594
2024-02-29 00:00:00+00:00,0.010564153959441658,0.01082231807631897,0.00015137972934517547,-0.0002047719231112319,-0.0002047719231112319,0.4095438462224638,1.055731631692232,0.09791940126451343
2024-03-01 00:00:00+00:00,-0.0035924173320037722,-0.003381997013090304,1.296747595762936e-05,-0.000111693897435554,-0.000111693897435554,0.22338779487110802,1.061400633722975,0.09056351984280173
2024-03-02 00:00:00+00:00,-0.01362543803449845,-0.013505245893404827,7.545596979083522e-05,-9.782405544223334e-05,-9.782405544223334e-05,0.19564811088446668,1.0909356763497795,0.10298296924654277
2024-03-03 00:00:00+00:00,0.030797659640371178,0.03126311476504819,-4.3021907856609246e-06,-0.00023057646694566177,-0.00023057646694566177,0.46115293389132356,1.0952812585214622,0.17763236214308595
2024-03-04 00:00:00+00:00,0.002500731490540975,0.0025389312002818774,1.0108419857313508e-05,-2.4154064799154553e-05,-2.4154064799154553e-05,0.0483081295983091,1.0382262684411045,0.1315342319491396
2024-03-05 00:00:00+00:00,0.0005669070305027724,0.0009093214666694177,2.455413435878807e-05,-0.00018348428526269425,-0.00018348428526269425,0.3669685705253885,1.0690314921991364,0.12721232497176244
2024-03-06 00:00:00+00:00,0.008544943739521527,0.008753588552578294,-2.1383032727295963e-05,-9.363089016468628e-05,-9.363089016468628e-05,0.18726178032937255,0.9896477824684355,0.14199628592918218
2024-03-07 00:00:00+00:00,0.01917715537437492,0.019353779090853635,3.156879135576462e-05,-0.00010409625391723606,-0.00010409625391723606,0.2081925078344721,1.0746924613280053,0.1290722550855482
2024-03-08 00:00:00+00:00,0.006614414221177256,0.006920734435507455,0.0003301161939274438,-0.00033944576929408884,-0.0002969906389635248,0.6788915385881777,0.9941897946582648,0.05009850569732308
2024-03-09 00:00:00+00:00,0.003646774535256858,0.003659347745260433,0.00034976104187275887,-0.00019716560188437458,-0.00016516864999198478,0.3943312037687491,0.9900058425842732,0.02826860439675518
2024-03-10 00:00:00+00:00,-0.0004865714957424938,-0.000890879000703726,0.00042531752750588645,-1.0505011272306775e-05,-1.0505011272306775e-05,0.02101002254461355,0.9733429418919931,0.006370802702437935
2024-03-11 00:00:00+00:00,0.00644042879832063,0.006196804397129381,0.0002436244011912307,0.0,0.0,0.0,0.9693698307214933,0.012487184278331176
2024-03-12 00:00:00+00:00,-0.027334880610483947,-0.027624480776432744,0.00044362587780667713,-9.228497503583905e-05,-6.17407368220633e-05,0.18456995007167815,1.0820191939234345,0.0040312005751644234
2024-03-13 00:00:00+00:00,-0.007041480355578833,-0.007171866929167155,0.0003754348747581751,-0.00012252415058493476,-0.00012252415058493476,0.24504830116986953,1.0448013299900545,-0.01395195530463756
2024-03-14 00:00:00+00:00,0.02607174464560269,0.025978007631820888,0.00013122385427860337,-1.8743420248356374e-05,-1.8743420248356374e-05,0.03748684049671275,1.001291733331319,0.048254805847906375
2024-03-15 00:00:00+00:00,-0.0027161918713620725,-0.0028946989720517393,0.00020174087237397463,-1.1616885842131667e-05,-1.1616885842131667e-05,0.023233771684263334,0.9636467270190091,0.02218659824940945
2024-03-16 00:00:00+00:00,-0.004069238424488808,-0.004129873706928564,6.063528243971301e-05,0.0,0.0,0.0,0.9387992746261724,0.018130501877375603
2024-03-17 00:00:00+00:00,0.0015072875797643714,0.0019214513129452875,-2.3438385722975836e-05,-0.00019536267372892386,-0.00019536267372892386,0.3907253474578477,0.86835458309145,0.03423733792108356
2024-03-18 00:00:00+00:00,-0.011606196259687396,-0.0112481637843218,4.1104149930908825e-05,-0.00019956831264824902,-0.00019956831264824902,0.39913662529649807,1.012505447164782,-0.031171064406284157
2024-03-19 00:00:00+00:00,0.006691297281415709,0.0071859776591932855,9.130636914008715e-05,-0.00030837578125127315,-0.0002776109656663825,0.6167515625025464,0.9658783777293128,-0.008013647220237655
2024-03-20 00:00:00+00:00,0.014148950400543425,0.014842143782644715,4.482409885816244e-05,-0.00038434992437299793,-0.00035366755658643954,0.768699848745996,0.8825659523922247,-0.04787822280574323
2024-03-21 00:00:00+00:00,0.0021829015890721948,0.0025115603990004884,5.4734216194303604e-05,-0.00021151628931318032,-0.00017187673680945693,0.4230325786263607,1.038319922307891,-0.09704427687869423
2024-03-22 00:00:00+00:00,-0.01221334931566298,-0.012165130619328012,0.00016778262346047753,-0.00010800065989771076,-0.00010800065989771076,0.2160013197954215,1.0526807595104983,-0.11564299534229297
2024-03-23 00:00:00+00:00,0.01388305147750013,0.014419416555488182,0.00010661518660211807,-0.0003214901322951273,-0.0003214901322951273,0.6429802645902546,1.003451202385633,-0.09432070841679034
2024-03-24 00:00:00+00:00,0.008033383057152177,0.008341700703341438,9.780735362405775e-05,-0.00021980714452811382,-0.00018631785528530273,0.4396142890562276,1.0059901103723836,-0.08492991915646152
2024-03-25 00:00:00+00:00,0.0008861094173089334,0.0010318432479211278,4.088171479836081e-05,-0.00011045785853895285,-7.615768687164499e-05,0.2209157170779057,1.0327245327485473,-0.07607856793555728
2024-03-26 00:00:00+00:00,-0.0043747253048382895,-0.004222167387146042,1.1903446248705581e-05,-9.678938714036227e-05,-6.767197680059126e-05,0.19357877428072454,1.0673785664140307,-0.08011391705181706
2024-03-27 00:00:00+00:00,0.0009865655489813552,0.0018560276896853259,1.6823016878757043e-05,-0.00045849338585501285,-0.00042779177172765,0.9169867717100257,0.9460628948531895,0.063300646323743
2024-03-28 00:00:00+00:00,-0.01493174716220158,-0.014624140813283133,9.290371299360897e-05,-0.00020025503095602947,-0.00020025503095602947,0.400510061912059,0.9493120568609877,0.04674442444440642
2024-03-29 00:00:00+00:00,0.00022438292235271717,0.0006520475881068499,7.208073889367832e-07,-0.00021419273657155875,-0.00021419273657155875,0.4283854731431174,0.9940381919110564,0.07994460161268765
2024-03-30 00:00:00+00:00,0.0016460439664107707,0.002138265224260549,-9.983383389178556e-05,-0.00021350397647821887,-0.00017888344747976439,0.4270079529564377,1.0411100932170436,0.13408324057458618
2024-03-31 00:00:00+00:00,-0.0010147865990978167,-0.0006740595150431777,5.899464693901746e-05,-0.0001998608654968047,-0.0001998608654968047,0.39972173099360947,1.0156183484763561,0.13071756495322442
2024-04-01 00:00:00+00:00,0.002610087917315651,0.0031464556549400304,5.3229936991101835e-05,-0.0002947988373077783,-0.0002947988373077783,0.5895976746155566,1.0655483591980353,0.0954634486636329
2024-04-02 00:00:00+00:00,-0.002054414746003985,-0.0018073139552587272,-4.00870802590274e-05,-0.00010350685524311782,-0.00010350685524311782,0.20701371048623562,1.0117968829229953,0.09942437926350953
2024-04-03 00:00:00+00:00,0.0020423236521285304,0.00250269931996496,-7.514458483255719e-05,-0.00019261554150188433,-0.00019261554150188433,0.3852310830037687,0.9605089296277761,0.08853395466911962
2024-04-04 00:00:00+00:00,-0.0048692696959212745,-0.004453735264117318,-1.732792890538419e-05,-0.00019910325144925872,-0.00019910325144925872,0.3982065028985174,0.9861095600656922,0.03869681484471705
2024-04-05 00:00:00+00:00,0.011113514963834392,0.011183543266459588,0.00010520431782107907,-0.00010385415493206209,-7.137846551423212e-05,0.20770830986412417,0.9968142598935373,0.04063250193812716
2024-04-06 00:00:00+00:00,0.004231288443768966,0.005010012781981535,-0.00014813908118145336,-0.0003291179695826882,-0.0003014672874484586,0.6582359391653764,0.9773893664332816,-0.043845653448005076
2024-04-07 00:00:00+00:00,0.006008563373474329,0.006445285457949295,0.00017067284993730632,-0.00030369746720614277,-0.00030369746720614277,0.6073949344122854,0.9900298163700437,-0.02345443558818502
2024-04-08 00:00:00+00:00,-0.012699732987580203,-0.012503872469583888,0.0002033162030652332,-0.00019958836053078172,-0.00019958836053078172,0.3991767210615634,1.0189716325527072,-0.03999576756184818
2024-04-09 00:00:00+00:00,-0.007969609142836509,-0.007654607948196034,9.733200064328494e-05,-0.00020616659764187992,-0.00020616659764187992,0.41233319528375983,1.0394194592766246,-0.03736690562734299
2024-04-10 00:00:00+00:00,-0.008943852299993504,-0.008649489885830412,7.084301708763567e-05,-0.00019715915315062722,-0.0001680462781000611,0.3943183063012544,1.0116685824310774,-0.047519240403838044
2024-04-11 00:00:00+00:00,0.004176641404267656,0.004358059719903871,0.0002221057628028482,-0.00020176203921948963,-0.00020176203921948963,0.4035240784389792,0.9993415054153277,-0.05222228114199661
2024-04-12 00:00:00+00:00,0.016310039414737743,0.016448441599031003,6.909283475102767e-05,-0.00010374750952212567,-0.00010374750952212567,0.20749501904425136,0.9784438945344583,-0.03701583901117006
2024-04-13 00:00:00+00:00,0.02518543870181511,0.025238974209211465,0.0001529484672708414,-0.00010324198733360898,-0.00010324198733360898,0.20648397466721796,0.8271823700875939,-0.011185176078854926
2024-04-14 00:00:00+00:00,0.007504694922471522,0.00787652030022975,0.00022186728944792323,-0.0003110414039677715,-0.00028265126323837996,0.622082807935543,0.8489319126513158,-0.05596562304040857
2024-04-15 00:00:00+00:00,-0.012414721859213329,-0.012062568654395076,0.00020786944245958312,-0.00029579221999034735,-0.00026423042728751083,0.5915844399806947,1.0435473650337803,0.023223796286065357
2024-04-16 00:00:00+00:00,0.00354980542925154,0.003316057281852325,0.00041568541158525557,-0.00010772728232847846,-7.420998185758381e-05,0.21545456465695692,1.0011344522966432,0.01848014749101383
2024-04-17 00:00:00+00:00,-0.003182644052278083,-0.003268181341481004,0.0002473742681131714,-9.434477344101715e-05,-6.74922054692601e-05,0.1886895468820343,1.0065949331665283,0.024963844250278106
2024-04-18 00:00:00+00:00,0.001991657587539386,0.0021308895944095853,7.501547992593966e-05,-0.00010712374339808656,-0.00010712374339808656,0.21424748679617311,0.9641087767073788,0.01764885732827521
2024-04-19 00:00:00+00:00,-0.013514354839877174,-0.0134331923049454,0.00012282490455911294,-0.00010199371974543816,-0.00010199371974543816,0.2039874394908763,1.0063749474990658,0.006384083227648874
2024-04-20 00:00:00+00:00,-0.007363958350036781,-0.007331550667510334,0.0001343617540848955,-9.891839447242757e-05,-6.785104213891169e-05,0.19783678894485515,1.03057935984006,0.008393233258863472
2024-04-21 00:00:00+00:00,-0.014349157666718959,-0.013922699890284163,0.00015401464615371003,-0.0003060507921966547,-0.0002744216303918238,0.6121015843933094,1.1058079629165092,0.004444129043889641
2024-04-22 00:00:00+00:00,0.007257288950808682,0.007396380118100682,7.503070266996935e-05,-0.00010706093498097796,-0.00010706093498097796,0.21412186996195592,1.0738798981213458,0.002522333246418477
2024-04-23 00:00:00+00:00,0.00686883806320826,0.007182082036606137,0.00012732100864046195,-0.0002202824910191322,-0.0002202824910191322,0.44056498203826444,1.0615644141386158,0.06738545376058429
2024-04-24 00:00:00+00:00,-0.0002331846013842176,-0.00022490471105713068,0.00021398626546935683,-0.0001111330778981996,-0.0001111330778981996,0.22226615579639922,1.0106462462601187,0.10602946572815339
2024-04-25 00:00:00+00:00,-0.004805591567859202,-0.004623733480242965,0.0002244433455699075,-0.0002031507165930754,-0.0002031507165930754,0.40630143318615075,0.9750760331273718,0.0845700756912521
2024-04-26 00:00:00+00:00,4.776297236852578e-05,0.00023045315638305487,0.00020831821847598557,-0.0001955042012452216,-0.0001955042012452216,0.39100840249044316,0.9844787507307589,0.09329828637529267
2024-04-27 00:00:00+00:00,0.002988362864302374,0.003166342881762984,0.0002191374612143326,-0.00019855873933751945,-0.00019855873933751945,0.39711747867503877,0.9774216104289062,0.08818818419757866
2024-04-28 00:00:00+00:00,-0.005480578164560934,-0.005672463639305026,0.00019188547474413003,0.0,0.0,0.0,0.9864817102513539,0.08297044657608225
2024-04-29 00:00:00+00:00,0.002316707671653484,0.002259732075946716,0.000248913670556951,-0.0001119661458083034,-7.997192904183734e-05,0.2239322916166068,0.989261245696309,0.051009875345950445
2024-04-30 00:00:00+00:00,-0.0010066124607570615,-0.0010964118426157155,0.00025803212736854214,-9.935695523789891e-05,-6.887579027196068e-05,0.19871391047579784,0.98742571436048,0.054462141737638116
2024-05-01 00:00:00+00:00,0.0005028364780290673,0.0006602739033822208,0.00041468970349302863,-0.0003031080887812442,-0.00026901904006496204,0.6062161775624884,0.9326057123906151,0.05256982901677715
2024-05-02 00:00:00+00:00,-0.010273604892092725,-0.010052272156535586,0.0001905831581732483,-0.00022047987287944455,-0.00019143602085093634,0.44095974575888913,0.9928116867581919,-0.005500296187748033
2024-05-03 00:00:00+00:00,0.0011196520220138062,0.0013079878076208546,0.00017285689319786256,-0.0001963286440159393,-0.000164864034788982,0.3926572880318785,1.01757677806271,-0.020788063405079413
2024-05-04 00:00:00+00:00,-0.00495947273849584,-0.004716266710400251,0.00016123162142942248,-0.00020221882476247863,-0.00020221882476247863,0.40443764952495725,1.053190765099537,-0.01904291872426827
2024-05-05 00:00:00+00:00,-0.008258766298758324,-0.008403216382376318,0.0003493843795202991,-0.00010246714795117526,-0.00010246714795117526,0.20493429590235052,1.0643361230760744,-0.03231357373173811
2024-05-06 00:00:00+00:00,-0.002834146720790076,-0.0016813717636680104,9.497463088265887e-05,-0.0006269251162815147,-0.0006208244717231655,1.2538502325630294,1.0216430733887003,0.019935302865751677
2024-05-07 00:00:00+00:00,0.007577393872120863,0.008227867163948023,0.00012379885392438202,-0.0004021220669444434,-0.0003721500788071891,0.8042441338888866,0.9993207537647447,0.016193918187414485
2024-05-08 00:00:00+00:00,-0.0028720831082099663,-0.002491422614125945,1.6361668253518376e-05,-0.0001985110811687578,-0.0001985110811687578,0.3970221623375156,0.9815178547050422,0.014502166052552409
2024-05-09 00:00:00+00:00,-0.002282479837991347,-0.001924535000800584,3.939758446898983e-05,-0.0001986712108298766,-0.0001986712108298766,0.39734242165975314,0.9810972942878003,0.013648073756029746
2024-05-10 00:00:00+00:00,-0.007813337102478224,-0.0075022599677613145,8.70219062587404e-05,-0.0001990495204878076,-0.0001990495204878076,0.3980990409756152,1.0151326402933905,0.000273345078352322
2024-05-11 00:00:00+00:00,0.002978171828224685,0.0032479149895371278,0.00013396494109308772,-0.00020185405120281175,-0.00020185405120281175,0.40370810240562344,0.9668043342602162,0.00455032567261075
2024-05-12 00:00:00+00:00,0.0009312506798992981,0.0010882224011640735,3.758539416522181e-05,-9.727855771495449e-05,-9.727855771495449e-05,0.19455711542990897,0.9676694084229378,0.008864484585271382
2024-05-13 00:00:00+00:00,-0.0007020133857711386,-0.00022137246667159723,7.466535974847473e-05,-0.0002915968109214719,-0.00026370946792651106,0.5831936218429437,0.9809184976445551,0.006762229283028881
2024-05-14 00:00:00+00:00,-0.00031063406140019456,7.241187281909183e-06,8.32228096630444e-05,-0.0002005490291725472,-0.0002005490291725472,0.4010980583450944,0.9792167238347966,0.011665566402193768
2024-05-15 00:00:00+00:00,-0.0042957993447708676,-0.004441829444869391,0.00030687962360244375,-9.448482522081536e-05,-6.63646982831017e-05,0.18896965044163075,0.9578961020739163,0.0057462843181933934
2024-05-16 00:00:00+00:00,-0.009392679068782384,-0.009183085771739498,0.0003455074644304718,-0.0002918463020433638,-0.00026325445942999105,0.5836926040867276,1.039873289905258,0.010969793614712967
2024-05-17 00:00:00+00:00,-0.017858009739256886,-0.017430524616758127,0.0001745196284021784,-0.00031679164558242435,-0.0002852131053184851,0.6335832911648487,1.052671023882875,-0.008627282991799073
2024-05-18 00:00:00+00:00,-0.0010377625026731785,-0.0004774772216884238,3.49637567951729e-05,-0.00031356011353893005,-0.0002816889242410464,0.6271202270778602,1.0781276663523984,0.022035634803972522
2024-05-19 00:00:00+00:00,-0.006704225463699975,-0.006332809064947872,1.7697196891264896e-05,-0.00021080952031924457,-0.0001783040753241024,0.42161904063848915,1.067900369132834,0.030253456099879415
2024-05-20 00:00:00+00:00,0.012019796751189027,0.012383673028345322,6.280598798934212e-05,-0.000213341132572796,-0.000213341132572796,0.426682265145592,1.029171794228981,0.03498379591983994
2024-05-21 00:00:00+00:00,-0.02654011155585101,-0.026439333466880408,0.00010736560185363273,-0.00010407184541210305,-0.00010407184541210305,0.20814369082420603,1.1454239127748786,0.02583077424095612
2024-05-22 00:00:00+00:00,-0.005407297831097613,-0.004839317233940101,9.069678244624537e-05,-0.0003486816363203527,-0.00030999574328346063,0.6973632726407054,1.0533370301627676,0.057445648021127435
2024-05-23 00:00:00+00:00,0.0025250128589744403,0.002870369052944356,5.0314072068028994e-05,-0.00022941827604169369,-0.00016625198999616723,0.4588365520833874,0.9719464440737648,-0.010669051907201008
2024-05-24 00:00:00+00:00,0.0048830234030072805,0.005216449734952017,3.154090815944384e-05,-0.00019720133409416142,-0.00016776590600997945,0.39440266818832287,0.9488805548294347,-0.010982592775157373
2024-05-25 00:00:00+00:00,0.0020033012266276184,0.0021236584218348085,3.922449045065374e-05,-9.408435193764948e-05,-6.549733372019147e-05,0.18816870387529894,0.9540863863505038,-0.011247819157827712
2024-05-26 00:00:00+00:00,0.006442475615277665,0.0065880896717198404,4.183088730549069e-05,-9.372247187383914e-05,-9.372247187383914e-05,0.18744494374767826,0.9773079346385277,0.0029112470268931236
2024-05-27 00:00:00+00:00,0.0017698542830930641,0.0021357753605766527,4.739992778283798e-05,-0.00020666050263325625,-0.00020666050263325625,0.4133210052665125,0.990955959634481,0.06274046577683909
2024-05-28 00:00:00+00:00,0.000629520940075512,0.000868878453129724,-4.5626752142088805e-05,-9.686538045604625e-05,-9.686538045604625e-05,0.1937307609120925,1.006337601087682,0.07122556173938094
2024-05-29 00:00:00+00:00,0.005774075720054839,0.005652154294623261,0.00012192142543153713,0.0,0.0,0.0,0.9814363087256914,0.07643636666511401
2024-05-30 00:00:00+00:00,-0.004177576927143711,-0.004014216947609656,1.6666034604632656e-05,-9.001300706932289e-05,-9.001300706932289e-05,0.18002601413864577,0.9712558480651827,0.06780428705043208
2024-05-31 00:00:00+00:00,0.0011878389223882735,0.0015955634518153127,-1.4297512257889567e-05,-0.00019671350858453958,-0.00019671350858453958,0.39342701716907913,0.9711336499527219,0.03760672764011182
2024-06-01 00:00:00+00:00,-0.007859558266637534,-0.007491168594194212,1.2743148580625684e-05,-0.00019056641051194568,-0.00019056641051194568,0.38113282102389134,0.9882945684898287,0.040224142564739954
2024-06-02 00:00:00+00:00,0.0026085279549719065,0.0027952495418214107,-1.349792367240189e-06,-9.268589724114921e-05,-9.268589724114921e-05,0.1853717944822984,0.9863176913676244,0.047732583165136656
2024-06-03 00:00:00+00:00,-0.002531583669454829,-0.0022221502149774516,1.3864253538421806e-05,-0.0001922585841638812,-0.00013103912385191004,0.3845171683277624,0.991295626241352,0.06423518728372077
2024-06-04 00:00:00+00:00,-0.005934165455502183,-0.0056535941405583484,8.682632979089481e-05,-0.00019836515071035995,-0.0001690324940243264,0.39673030142071986,1.0085153108852,0.03152673989322627
2024-06-05 00:00:00+00:00,0.011347206020354328,0.011296053092636057,5.115292771820243e-05,0.0,0.0,0.0,1.0429779285184917,0.04234232589060046
2024-06-06 00:00:00+00:00,-0.001630481564387054,-0.0016897331739001568,8.377538958853837e-05,-1.2261890037723821e-05,-1.2261890037723821e-05,0.024523780075447643,1.0291153170880931,0.016155153320912392
2024-06-07 00:00:00+00:00,-0.0020441816657599254,-0.001707553527803249,7.84519589577972e-05,-0.00020754004845722465,-0.00020754004845722465,0.41508009691444925,0.979223474725854,0.04982786521928414
2024-06-08 00:00:00+00:00,-0.002499633449614902,-0.0023957484023435817,8.381719764076813e-05,-0.00011116716349941429,-7.653508141266242e-05,0.22233432699882857,0.9288863723901345,0.03898334063298033
2024-06-09 00:00:00+00:00,0.009700500208293938,0.009872121651617728,2.2831538787788475e-05,-0.00011375594141232135,-8.069704069915152e-05,0.22751188282464269,0.9522463184183446,0.09008921066761869
2024-06-10 00:00:00+00:00,-0.008707722699983877,-0.008387212813115266,4.728618727369398e-05,-0.0001838980370711603,-0.0001838980370711603,0.3677960741423205,0.9774612889478038,0.07070218323780855
2024-06-11 00:00:00+00:00,0.0014167614061331157,0.0019331540624404468,4.0122900342540796e-05,-0.0002948124735051871,-0.0002617030831447209,0.5896249470103743,0.970069057994195,0.05420863276562641
2024-06-12 00:00:00+00:00,-0.022240262188836457,-0.02216634758638843,0.00010990497450287322,-9.190978847546227e-05,-9.190978847546227e-05,0.18381957695092455,0.9621028064052533,0.023041410447398415
2024-06-13 00:00:00+00:00,0.012272241888631408,0.012342741287119652,9.497369698328782e-05,-9.65950465867478e-05,-6.88780488848512e-05,0.19319009317349561,0.9954900324766213,0.043263322272864724
2024-06-14 00:00:00+00:00,0.015569263973904457,0.016105558774118303,4.320204026365605e-05,-0.0003053079712842872,-0.0002741888691933191,0.6106159425685744,0.9301170553577467,0.0602891478281316
2024-06-15 00:00:00+00:00,0.004613264823851271,0.0049731611020192,8.395959025927124e-05,-0.00022192793421356972,-0.00022192793421356972,0.4438558684271395,0.9693893073570221,0.009998215062459858
2024-06-16 00:00:00+00:00,0.003499941179607946,0.0039388052625630955,8.165940850148e-05,-0.00028974806523845206,-0.00023077542621816876,0.5794961304769042,1.0180393480069774,0.005014484860405883
2024-06-17 00:00:00+00:00,-0.0020200945188142416,-0.0020815158980251364,8.939850568671842e-05,-1.3988563237886133e-05,-1.3988563237886133e-05,0.027977126475772263,1.0034935215010135,-0.02509485148532752
2024-06-18 00:00:00+00:00,-0.008160780292496894,-0.007658066135797949,6.708965605542764e-05,-0.00030012283566505007,-0.0002696809770893393,0.6002456713301,0.9633042394472942,-0.039353021041965724
2024-06-19 00:00:00+00:00,-0.0034681742753795985,-0.002934215327304732,6.521303777455462e-05,-0.0002995859929247177,-0.0002995859929247177,0.5991719858494354,0.9164733614213169,-0.019950221639492165
2024-06-20 00:00:00+00:00,0.0027318453460265513,0.0029542527511315195,2.058903735881877e-05,-0.00012149822123185819,-0.00012149822123185819,0.24299644246371638,0.9319766739806978,-0.02278767373375403
2024-06-21 00:00:00+00:00,-0.009390660253880134,-0.009288352970278519,9.972201401488457e-05,-0.00010101464880822869,-0.00010101464880822869,0.2020292976164574,0.9443143084539734,-0.03241602669325207
2024-06-22 00:00:00+00:00,0.001982755391479518,0.0023159195316396664,6.178541305451165e-05,-0.00019747477660732405,-0.00019747477660732405,0.3949495532146481,0.9325341081504053,-0.04725064987524392
2024-06-23 00:00:00+00:00,0.0007687419311870336,0.001145961290997811,3.892348516589443e-05,-0.0002080714224883628,-0.0002080714224883628,0.4161428449767256,0.9627787058968649,-0.009398594744305887
2024-06-24 00:00:00+00:00,0.002012385867199651,0.002370165200819037,1.0579904199459558e-05,-0.0001995882454609102,-0.00016877099235787572,0.3991764909218204,0.9409218209216506,-0.011261691447575576
2024-06-25 00:00:00+00:00,-0.010730811803626783,-0.010660446875158281,0.0001269801106994743,-9.867251958398293e-05,-9.867251958398293e-05,0.1973450391679659,0.9482688651143097,-0.030455710930551654
2024-06-26 00:00:00+00:00,0.004435721196076159,0.004602115563998061,3.838762337938981e-05,-0.00010239099565063236,-0.00010239099565063236,0.2047819913012647,0.9690985088835545,-0.03132020755121008
2024-06-27 00:00:00+00:00,0.00032295014788830123,0.0006234708701736866,9.741966609644219e-05,-0.0001989701941909018,-0.0001989701941909018,0.3979403883818036,0.9562688072027165,-0.005363619612416087
2024-06-28 00:00:00+00:00,0.002613734516751176,0.0029556646786482333,4.5824670002662096e-05,-0.00019387741594982045,-0.00019387741594982045,0.3877548318996409,0.9985531181575045,0.015098744105442425
2024-06-29 00:00:00+00:00,0.0015099654499275417,0.0020802847108503733,6.0797057497849005e-05,-0.00033205885940916816,-0.0002990574590114351,0.6641177188183363,0.9785881459602769,-0.05433923943630859
2024-06-30 00:00:00+00:00,0.0014950896240901734,0.0015543851391578668,0.00010305909368927615,-9.606754783395547e-05,-6.628706092298058e-05,0.19213509566791095,0.9601714823974037,-0.05909798125715674
2024-07-01 00:00:00+00:00,-0.0008890639836810488,-0.0007250258028306839,4.9529430625857435e-05,-0.00010678380573812445,-0.00010678380573812445,0.21356761147624886,0.9933485983501874,-0.057914043775886104
2024-07-02 00:00:00+00:00,-0.0009004189539444374,-0.0009814289991688428,8.101004522444265e-05,0.0,0.0,0.0,0.9857679918605223,-0.058948551167834096
2024-07-03 00:00:00+00:00,-0.00021467383375473048,-6.75920766496301e-05,4.5558759220482056e-05,-9.63202581628163e-05,-9.63202581628163e-05,0.19264051632563262,0.9992695669874079,-0.05232970161013334
2024-07-04 00:00:00+00:00,0.005605413729409703,0.00597531583109106,4.519578018117757e-05,-0.00020754894093127089,-0.00020754894093127089,0.4150978818625418,0.9309721825474305,-0.03242621584406692
2024-07-05 00:00:00+00:00,0.0028429523654376343,0.0031824156008252347,4.067889671817594e-05,-0.0002044784684348394,-0.0001756636636708907,0.4089569368696788,0.8777898145158751,-0.06513798650921337
2024-07-06 00:00:00+00:00,0.018979572057349126,0.019537949809096886,5.0017146810796544e-05,-0.0003176868714056829,-0.0002907080271528688,0.6353737428113658,0.9345448717109284,-0.14150852367940797
2024-07-07 00:00:00+00:00,-0.004213738828395597,-0.003579404804562273,0.00011384688044527415,-0.0003896135892014994,-0.00035856731507709713,0.7792271784029986,1.0625692677602607,-0.07171800298132744
2024-07-08 00:00:00+00:00,-0.004260118035736449,-0.0038997108939345547,0.00010346347696421394,-0.00023193530938306795,-0.00023193530938306795,0.4638706187661359,0.9400333655729223,-0.005251373578138906
2024-07-09 00:00:00+00:00,-0.005688579524613435,-0.0055816452714061646,8.183742443331516e-05,-0.00010951814363354532,-7.925353400701402e-05,0.2190362872670906,0.9973777597873829,0.011971829486623313
2024-07-10 00:00:00+00:00,-0.0011932096563526118,-0.0008578669980799729,6.802436834294031e-05,-0.00020168351330780493,-0.00020168351330780493,0.40336702661560997,1.0128347949892893,0.014420365565773842
2024-07-11 00:00:00+00:00,0.003329210214501721,0.003854227191844354,3.383971077631257e-05,-0.00029442993554299076,-0.0002644267525760489,0.5888598710859814,1.027789646493324,0.01467973269179985
2024-07-12 00:00:00+00:00,0.007947938735716642,0.008090268845808593,6.266326639748081e-05,-0.00010249668824476451,-0.00010249668824476451,0.20499337648952898,1.0094735492172613,0.022459625863152
2024-07-13 00:00:00+00:00,0.002545644209303699,0.0028490732313209803,6.921003281095832e-05,-0.00020144896669529197,-0.0001711900881330287,0.4028979333905839,1.0421953221227032,0.03221939472984415
2024-07-14 00:00:00+00:00,-0.0014068230079871125,-0.0013269987548728403,9.703002719476606e-05,-0.00010242568961586139,-7.442859069318984e-05,0.20485137923172275,1.0479923834781704,0.049165616375870205
2024-07-15 00:00:00+00:00,-0.008002108827874665,-0.007716569727428455,0.00012356459183877623,-0.00020455184614247447,-0.00020455184614247447,0.409103692284949,1.0566642965061261,0.05218133351645106
2024-07-16 00:00:00+00:00,-0.00572802539139583,-0.0056636524031128226,0.0001269612450422758,-9.56671166626257e-05,-9.56671166626257e-05,0.1913342333252514,1.1102786825089996,0.050993820231939664
2024-07-17 00:00:00+00:00,0.010011846246325229,0.0102485123608219,9.03807668546951e-05,-0.00019638523217599982,-0.0001306616491752993,0.39277046435199964,1.0456843853023172,0.10557211644765886
2024-07-18 00:00:00+00:00,0.011177718050461305,0.01140217149557007,0.0001407453654154284,-0.00020011555073164332,-0.0001650832597924973,0.40023110146328666,1.0255790155621514,0.12437531219799633
2024-07-19 00:00:00+00:00,-0.006612808432631678,-0.006692220098779348,7.941166614765303e-05,0.0,0.0,0.0,1.012404997606884,0.11846648829197864
2024-07-20 00:00:00+00:00,-0.0014053259376808347,-0.0010334390330324125,2.7379225735420102e-05,-0.00019963306519190177,-0.00019963306519190177,0.39926613038380354,1.04282609883241,0.13892933309010347
2024-07-21 00:00:00+00:00,0.002484381998565821,0.0029973293234102027,6.616561712047705e-05,-0.00028955647098240754,-0.00028955647098240754,0.5791129419648151,1.0397816406175278,0.1488471452296924
2024-07-22 00:00:00+00:00,0.012881802151783583,0.013084227460104614,3.003614320915466e-05,-0.00011623072576510019,-0.00011623072576510019,0.23246145153020037,1.0393650886434402,0.14695462061184145
2024-07-23 00:00:00+00:00,0.01008268219338393,0.01023270787213862,2.1916188175547588e-05,-8.597093346516917e-05,-8.597093346516917e-05,0.17194186693033833,1.0012821506006981,0.15435775148511738
2024-07-24 00:00:00+00:00,-0.017792769931391783,-0.017701327348197668,7.891049390399148e-05,-8.517653854906138e-05,-8.517653854906138e-05,0.17035307709812275,1.006036032339296,0.1318533483416792
2024-07-25 00:00:00+00:00,0.006269034639739379,0.006565536990461769,5.515466368968124e-05,-0.00017582850720608328,-0.00017582850720608328,0.35165701441216657,0.9842333496647311,0.1368326810434371
2024-07-26 00:00:00+00:00,0.003401106112050023,0.0036557842329945516,6.274952625626217e-05,-0.00017196738907632712,-0.00014546025812436824,0.3439347781526542,0.9704014106572395,0.13055081356634654
2024-07-27 00:00:00+00:00,-0.0036497620350078863,-0.0033729450100483858,8.789627660853885e-05,-0.00019975736412964804,-0.0001649559374384408,0.39951472825929607,1.0101802627848047,0.10514715480290521
2024-07-28 00:00:00+00:00,-3.0319401978951e-05,0.0003208998777394121,5.476153282143785e-05,-0.00020299040626992496,-0.00020299040626992496,0.40598081253984986,1.0033842974989988,0.10907039650112133
2024-07-29 00:00:00+00:00,0.012409187451145609,0.012486029715964604,7.416035152945003e-05,-8.844561360683872e-05,-6.255700274159756e-05,0.17689122721367745,0.9934119781275448,0.1158187218749182
2024-07-30 00:00:00+00:00,-1.7519854442316074e-05,5.651808768087035e-05,0.00010975385418840525,-0.00010888265771634767,-7.490913859525246e-05,0.2177653154326953,1.0039594468693014,0.12460223501689263
2024-07-31 00:00:00+00:00,0.011255957530354577,0.011568227681103107,3.332478901830208e-05,-0.0001727974698834609,-0.0001727974698834609,0.3455949397669218,0.9747346036898233,0.14600592832811363
2024-08-01 00:00:00+00:00,-0.007881331229593669,-0.007580544763780359,1.1268140697628669e-05,-0.00016926592833277563,-0.00014278867817815773,0.3385318566655512,0.9784223942933722,0.1249117087191827
2024-08-02 00:00:00+00:00,-0.010650429370310799,-0.010711040590859242,6.061122054847016e-05,0.0,0.0,0.0,0.99041087234395,0.11543004769854845
2024-08-03 00:00:00+00:00,-0.008059252164485997,-0.007547073176280951,4.135613783842939e-05,-0.0002929320788519026,-0.0002606030471915536,0.5858641577038052,0.937684627541115,0.09654453713680601
2024-08-04 00:00:00+00:00,-0.008488976854485242,-0.008037517872578689,0.0001346753494598612,-0.00029306716568318304,-0.00029306716568318304,0.5861343313663661,0.9797573875508322,0.034836366584314465
2024-08-05 00:00:00+00:00,-0.008897423589276587,-0.008809943319849065,9.972400356376684e-05,-9.360213649565392e-05,-9.360213649565392e-05,0.18720427299130785,0.9310238681002643,0.020827711287116923
2024-08-06 00:00:00+00:00,-0.0018954552985962492,-0.0016026184241789713,0.00010540123417752404,-0.00020413667247324942,-0.00019410143612155938,0.40827334494649886,0.9089381171903163,-0.021266708014489565
2024-08-07 00:00:00+00:00,0.003971659781317305,0.004250544379090449,0.0001131992628384863,-0.00021246777797801313,-0.0001796160826335609,0.4249355559560263,0.9698860083654448,-0.04632589177468575
2024-08-08 00:00:00+00:00,0.001115058631053767,0.0014500994484799817,0.0001217088892438548,-0.00022837485333506528,-0.00022837485333506528,0.4567497066701305,0.9698109053558812,-0.10365111463637411
2024-08-09 00:00:00+00:00,-0.01982442146377006,-0.019489819117762583,6.177577582808168e-05,-0.0001981890609178042,-0.0001981890609178042,0.39637812183560844,1.0957413107540486,-0.10635449611825154
2024-08-10 00:00:00+00:00,-0.007708318539411674,-0.007566201356359986,6.528748654294213e-05,-0.00012191658415243271,-8.54880854421465e-05,0.24383316830486543,1.0360661917755782,-0.07480785531019053
2024-08-11 00:00:00+00:00,-0.004528536066446098,-0.004451197472588485,0.00017970725522191105,-0.00012852292453976587,-0.00012852292453976587,0.25704584907953176,0.9921072839496652,-0.031313518986151596
2024-08-12 00:00:00+00:00,-0.004869543827193956,-0.004552675609498799,6.591643928554229e-05,-0.00019139232849035165,-0.00019139232849035165,0.38278465698070324,0.9705937581165006,-0.02719801986710509
2024-08-13 00:00:00+00:00,0.017766881160393933,0.017840819527312264,0.00012222163764437645,-9.80800022813555e-05,-9.80800022813555e-05,0.196160004562711,1.0157487038908275,-0.012498282369289175
2024-08-14 00:00:00+00:00,-0.0010703331369368296,-0.0008304477372836236,0.00014982269224525502,-0.00021151153007282532,-0.00017819656182567424,0.42302306014565066,0.9997416560750872,-0.04903708320941703
2024-08-15 00:00:00+00:00,0.006250814847090558,0.006550084422640752,7.995099450563287e-05,-0.00020656163281858263,-0.00017265893723713327,0.4131232656371653,0.9807104413361428,-0.04161863038218745
2024-08-16 00:00:00+00:00,0.0025990748497555227,0.0027403942477040822,6.661908073475282e-05,-0.00010396923934167366,-0.00010396923934167366,0.20793847868334733,0.9591140260156364,-0.036136247642975385
2024-08-17 00:00:00+00:00,0.007914821909903225,0.008325078344623522,0.00017459210453068684,-0.0002924242696254562,-0.0002924242696254562,0.5848485392509123,0.9823163290916502,-0.025379825122619278
2024-08-18 00:00:00+00:00,-0.00844579903812348,-0.00812967947497756,5.256264888380193e-05,-0.00019964486290147002,-0.00016903734912824037,0.39928972580294003,0.9932667864210731,-0.02528333838705014
2024-08-19 00:00:00+00:00,-0.00026124036621089086,-9.282630755318177e-05,5.0729293133714715e-06,-0.0001023069193948756,-7.118006857624548e-05,0.20461383878975123,0.9819258613159919,-0.02828205310963137
2024-08-20 00:00:00+00:00,0.007753896892190859,0.007833407534140637,0.0001230086135793011,-0.00010125962776453369,-0.00010125962776453369,0.20251925552906738,0.9930802078772747,-0.02138761569859
2024-08-21 00:00:00+00:00,0.01870208469270218,0.018957041889880025,0.00011011430087653481,-0.0001990512682877672,-0.00016602022976671752,0.3981025365755344,0.9949605639344904,0.018058280239502615
2024-08-22 00:00:00+00:00,0.005628270526490953,0.005885032311396813,0.00011022385194959807,-0.00019896547792528746,-0.0001680201589302272,0.3979309558505749,1.0336730325247727,0.009067960597005148
2024-08-23 00:00:00+00:00,-0.0048539558933229365,-0.0044927217554323945,7.114534917784862e-05,-0.00021618974353422037,-0.00021618974353422037,0.43237948706844076,1.0171576492038643,-0.01145009152309564
2024-08-24 00:00:00+00:00,-0.003244467215123392,-0.0030524932910648396,0.00020259636465121627,-0.0001972851443548729,-0.0001972851443548729,0.3945702887097458,1.0698604777535936,-0.01706639397948907
2024-08-25 00:00:00+00:00,-0.010775014186693022,-0.010512353457911875,0.00020343513127731104,-0.00023647434617695358,-0.0002296215138814814,0.47294869235390713,1.0043874885800246,0.07784054712713505
2024-08-26 00:00:00+00:00,0.010489649549380253,0.010734789107145686,0.00011237175015099217,-0.00017875565395826602,-0.00017875565395826602,0.357511307916532,0.9904908820748066,0.08029470488764998
2024-08-27 00:00:00+00:00,-0.00464174972116016,-0.004728235857440449,8.64861362803119e-05,0.0,0.0,0.0,0.9575517114448605,0.07591886540252243
2024-08-28 00:00:00+00:00,-0.00276829838398307,-0.002494091510606139,0.00010089418382734461,-0.00020040877699235423,-0.0001746922802118971,0.4008175539847084,0.9145719311091536,0.06555855282249047
2024-08-29 00:00:00+00:00,0.0003319446236782486,0.0006256766126919657,4.579558155703891e-05,-0.00018354689116852627,-0.00015598067940214675,0.3670937823370526,0.9484281900591044,0.07785277563458474
2024-08-30 00:00:00+00:00,-0.004658354586032365,-0.004122631788423007,5.566304292469149e-05,-0.00029569292026701896,-0.00029569292026701896,0.5913858405340381,0.9606055391250529,0.05765868621635069
2024-08-31 00:00:00+00:00,0.011848689356455555,0.011959370265131218,5.0206426454178794e-05,-9.552161857297616e-05,-6.536571655680773e-05,0.19104323714595234,0.9672801899747062,0.05892377731980628
2024-09-01 00:00:00+00:00,-0.0038373764177118685,-0.0037954797609882126,0.00016402957216808691,-0.0001029631144458867,-0.0001029631144458867,0.2059262288917734,0.9636379404001805,0.057658857130781636
2024-09-02 00:00:00+00:00,-0.002020371095397433,-0.0018559635367303992,0.00020797710241981832,-0.00020108168685239257,-0.00017130297423444737,0.40216337370478517,0.9218042488992952,0.07547056954804272
2024-09-03 00:00:00+00:00,0.005811304963617481,0.0058862404249666695,0.00010229429828016594,-8.861487981472536e-05,-8.861487981472536e-05,0.17722975962945073,0.9614084074735846,0.07190190489380953
2024-09-04 00:00:00+00:00,-0.007486637595126355,-0.007558370577391817,0.00023937566840348862,-8.382134306899266e-05,-8.382134306899266e-05,0.16764268613798528,0.9358188431730592,0.053133065177706475
2024-09-05 00:00:00+00:00,0.002807407932068129,0.002799899101252814,0.00014951343778311146,-8.526769393015506e-05,-5.6736913037721716e-05,0.17053538786031008,0.9797140166522703,0.03616162575473366
2024-09-06 00:00:00+00:00,-0.0011681116101974753,-0.0009397216411035724,0.00014675716443871565,-0.00020201661818141842,-0.00017313051535123943,0.40403323636283683,0.9540885201776831,0.023924107297100445
2024-09-07 00:00:00+00:00,0.006722375150820303,0.007025769019298266,9.484385482235697e-05,-0.0001991188616501196,-0.0001991188616501196,0.39823772330023915,0.9199481528425594,0.04590969305870193
2024-09-08 00:00:00+00:00,0.008573913959815105,0.009117409162247061,1.0419889398785444e-05,-0.00029213309417475163,-0.0002617819976559675,0.5842661883495034,0.9400323248064562,0.03093310577240761
2024-09-09 00:00:00+00:00,0.003589230154310785,0.0037621708818013,1.6829635292824848e-05,-9.488518139168329e-05,-9.488518139168329e-05,0.18977036278336656,0.9687898654959431,0.024231850936181534
2024-09-10 00:00:00+00:00,0.007370401289693129,0.007684000817839152,5.0914314914105556e-05,-0.0001975615460725575,-0.0001669522969876359,0.395123092145115,0.982273467919079,0.046120367133294635
2024-09-11 00:00:00+00:00,0.009749800649608398,0.010445058793424973,8.801695240143462e-05,-0.0004087662509919885,-0.0003745088452259808,0.8175325019839771,1.0149835541092547,-0.026006603337983995
2024-09-12 00:00:00+00:00,-0.0025830431855389246,-0.002068100578147752,0.0001372436233115266,-0.0003423977401284462,-0.0003097884905742167,0.6847954802568925,1.0075123413699296,-0.08154634328770431
2024-09-13 00:00:00+00:00,-0.014536873665331518,-0.014297094870531978,0.0001893544272759821,-0.0002145666110377473,-0.0002145666110377473,0.4291332220754947,1.0052077261014989,-0.03745663989504291
2024-09-14 00:00:00+00:00,0.002013535306344183,0.0022178843039995554,0.00018639317837938608,-0.0002102777196482298,-0.00018046445638644543,0.42055543929645955,1.0013912217887302,-0.026339189359255485
2024-09-15 00:00:00+00:00,0.0019225977945349637,0.002086309804712266,0.0002742057115502613,-0.00023363403111612525,-0.0002042836906113376,0.4672680622322505,1.0145926516424342,0.054151169628801524
2024-09-16 00:00:00+00:00,0.011109466095790221,0.011210044138451378,0.0001173540113305083,-0.00010896602699583374,-0.00010896602699583374,0.21793205399166746,0.9845653364714562,0.0706747459459793
2024-09-17 00:00:00+00:00,0.0026095063488238424,0.002634635004085058,-2.5128655261243114e-05,0.0,0.0,0.0,0.9660555998757081,0.07311857755771071
2024-09-18 00:00:00+00:00,0.00584835572758724,0.006145220886218989,0.0001151903694922978,-0.00020602776406206,-0.00020602776406206,0.41205552812412,1.008563641095529,0.11286067156657487
2024-09-19 00:00:00+00:00,0.0006554789477846157,0.0008959317091695097,0.00012694424181179634,-0.00019860743078692027,-0.00016878957240967183,0.3972148615738405,1.0329379632652527,0.09436511680022074
2024-09-20 00:00:00+00:00,0.012864660572842634,0.013043260384319248,6.769929176765807e-05,-0.0001231495516220987,-0.0001231495516220987,0.24629910324419735,1.0099727550933957,0.049881723495931514
2024-09-21 00:00:00+00:00,-0.011433521970636185,-0.010965698779357986,8.566108226897365e-05,-0.0002920722535944277,-0.00026141201995273953,0.5841445071888555,1.0283849876360274,0.09202744563426066
2024-09-22 00:00:00+00:00,0.0004897431375665562,0.0008546121282215727,3.4564652719556976e-05,-0.00019971682168729132,-0.00019971682168729132,0.39943364337458265,1.0382376800927602,0.08890711039173677
2024-09-23 00:00:00+00:00,0.010484215248961037,0.010777091462164896,0.00012463614934195232,-0.00021203614756906862,-0.00020547621497674749,0.42407229513813716,0.9966313155555545,0.12982366486655214
2024-09-24 00:00:00+00:00,-0.0018378590710894649,-0.0017663754815692263,0.00011143403639943169,-9.145881295982601e-05,-9.145881295982601e-05,0.182917625919652,1.0184312982338806,0.13156651717139578
2024-09-25 00:00:00+00:00,-0.009944827998599082,-0.0097541709821252,0.00016158395094198529,-0.00017612048370790827,-0.00017612048370790827,0.35224096741581656,1.0384611776784505,0.12607186528208203
2024-09-26 00:00:00+00:00,-0.007678596754899236,-0.0077263394564134535,0.00023318090958633023,-9.271910403604099e-05,-9.271910403604099e-05,0.185438208072082,1.0204063677324033,0.1300092849301962
2024-09-27 00:00:00+00:00,0.0021092598559850906,0.0022566781559034514,3.8950369416229484e-05,-9.318433466724108e-05,-9.318433466724108e-05,0.18636866933448215,1.0466527823021945,0.13100817636530876
2024-09-28 00:00:00+00:00,0.0008822961162902043,0.00084136799936187,4.0928116928301085e-05,0.0,0.0,0.0,1.0751606433428378,0.13173331657107418
2024-09-29 00:00:00+00:00,-0.005350597102653842,-0.0051767321459765155,9.466972446340874e-06,-9.166596456182883e-05,-9.166596456182883e-05,0.18333192912365764,1.0525093670891517,0.1346213502320819
2024-09-30 00:00:00+00:00,0.0022243392930942907,0.002330896635749551,8.685968221595939e-05,-0.00011260572972461889,-8.081129514659061e-05,0.2252114594492378,1.0263631662275112,0.12342913632760313
2024-10-01 00:00:00+00:00,-0.006805611456926042,-0.006266607969796431,2.7386818439306997e-05,-0.0002963214722592281,-0.0002700688333097326,0.5926429445184562,0.9775213087826755,0.10477784565413753
2024-10-02 00:00:00+00:00,0.0046257009498955615,0.005147096015739116,6.67145285916427e-05,-0.00029405479721762007,-0.00029405479721762007,0.5881095944352401,0.9096645869953839,0.09872590544909043
2024-10-03 00:00:00+00:00,-0.007818504995660946,-0.007547167937246757,0.0001171768408325827,-0.00019425694962338816,-0.00019425694962338816,0.38851389924677626,0.9435263513475768,0.04565766624671854
2024-10-04 00:00:00+00:00,-0.00636893565912644,-0.00579072376821313,0.00015106898231072706,-0.00037872103910179667,-0.0003505598341221998,0.7574420782035934,0.9677979009317352,0.05228624221191553
2024-10-05 00:00:00+00:00,0.010151347104019326,0.010426694781407236,0.0002884111593499595,-0.00029586146804488,-0.00026789736869304545,0.59172293608976,0.9882747900278875,0.05287411292806434
2024-10-06 00:00:00+00:00,-0.0046472601536694524,-0.004426595614762394,0.0003039352055935096,-0.0002908859969662564,-0.00023371374753433134,0.5817719939325128,0.9828868310646045,0.06969832139410023
2024-10-07 00:00:00+00:00,0.005062365731517859,0.005186946310690637,0.00029258293939184724,-0.00020858175928227616,-0.00020858175928227616,0.41716351856455236,1.030922674672949,0.031551569265453716
2024-10-08 00:00:00+00:00,0.0053963295398669064,0.005472580943254841,0.00012740860938880808,-0.00010183000638840461,-0.00010183000638840461,0.20366001277680923,1.0115054785581672,0.04334955877615037
2024-10-09 00:00:00+00:00,0.003707444977878449,0.003807660977011295,6.489190958603858e-05,-9.601785893834279e-05,-6.909004978045102e-05,0.19203571787668555,1.0176990624077134,0.03451227722687444
2024-10-10 00:00:00+00:00,-0.0027035755071030954,-0.0024959679837961704,0.00019490844469947336,-0.0002012579840031824,-0.0002012579840031824,0.40251596800636474,1.0018298116146735,0.051714461401395954
2024-10-11 00:00:00+00:00,0.009014533865273622,0.009125808138461852,9.899095786797907e-05,-0.00010513261552815297,-0.00010513261552815297,0.21026523105630593,1.019403619539695,0.07093983801979238
2024-10-12 00:00:00+00:00,-0.0018452854370859528,-0.0016089769760274254,9.492449585577624e-05,-0.0001787028665959166,-0.00015253009031843744,0.3574057331918332,1.0277157824914942,0.07791001007620613
2024-10-13 00:00:00+00:00,-0.0009962390622715311,-0.0006447620845879242,5.2135012864039195e-05,-0.0002018059952738002,-0.0002018059952738002,0.4036119905476004,1.0442080709937687,0.0713449446778348
2024-10-14 00:00:00+00:00,-0.00352924127298071,-0.0031716449900779124,4.397361044440722e-05,-0.00020078494667362116,-0.00020078494667362116,0.4015698933472423,1.0328000849356243,0.07001372781135273
2024-10-15 00:00:00+00:00,-0.01891095609126714,-0.017836269364906062,0.0001168720651800046,-0.0006226743063189986,-0.0005688844852221282,1.2453486126379971,1.0588644059113963,-0.10851450023043657
2024-10-16 00:00:00+00:00,-0.015023368569789697,-0.01445564294724606,8.392207881493976e-05,-0.00032582385067929744,-0.00032582385067929744,0.651647701358595,1.0092172507238237,-0.07843635622306497
2024-10-17 00:00:00+00:00,0.0003910409519585212,0.0007432944531409468,4.2548048805514636e-05,-0.00019740077499395752,-0.00019740077499395752,0.39480154998791495,1.0039377152705624,-0.05811140861801931
2024-10-18 00:00:00+00:00,0.0016222355482411466,0.002129221031392691,7.280196424915349e-05,-0.00030486523535339457,-0.0002749222120473916,0.6097304707067892,0.9654033514640422,-0.06096937336955456
2024-10-19 00:00:00+00:00,-0.009274441172769543,-0.00904758262760565,0.00013105194943769708,-0.00019496084204224766,-0.00016294965255939293,0.3899216840844953,1.0281604282730228,-0.033432851323093676
2024-10-20 00:00:00+00:00,-0.0022745966363413306,-0.002144469565055302,9.106102800914623e-05,-0.00011059404964756487,-0.00011059404964756487,0.22118809929512973,0.9991988119664778,0.0007419422049419381
2024-10-21 00:00:00+00:00,-0.010091287897909362,-0.009942738262153394,3.62509437249316e-05,-9.24002897404593e-05,-9.24002897404593e-05,0.1848005794809186,1.0317615110335334,-0.009144620032620896
2024-10-22 00:00:00+00:00,0.0016127469485864854,0.0017665855598573337,2.727831527080655e-05,-0.0001073938468789048,-7.372307966282188e-05,0.21478769375780962,0.9956612868885961,-0.017034649576382264
2024-10-23 00:00:00+00:00,0.002815802934916567,0.0031627082933172023,3.129183832648842e-05,-0.00020562829311151031,-0.00017256890361559625,0.41125658622302064,0.9780498040870398,0.030471329649968827
2024-10-24 00:00:00+00:00,0.002902881129458912,0.0032017715226378934,6.565203671948485e-05,-0.0001987604624912539,-0.00016578196740725298,0.39752092498250785,0.9565695044894825,0.0215510066284229
2024-10-25 00:00:00+00:00,0.009784976587340566,0.010092727076029873,6.915679677269803e-05,-0.00018845364273095528,-0.00018845364273095528,0.3769072854619105,0.9705347706699432,0.02005216478522946
2024-10-26 00:00:00+00:00,0.0024803943818820784,0.002611487836357161,6.130141900288397e-05,-9.619743673899141e-05,-9.619743673899141e-05,0.19239487347798281,0.9002559895997158,0.034943613752468586
2024-10-27 00:00:00+00:00,-0.004127713068788674,-0.003809409369799492,4.2633660976116e-05,-0.00019617759366284842,-0.00016475976630246744,0.3923551873256968,0.9250261568734183,0.028918486322760895
2024-10-28 00:00:00+00:00,-0.0007019412307394113,-0.0004904901929736553,0.0001641231294623474,-0.0001877870836140668,-0.0001877870836140668,0.37557416722813364,0.9600177812808782,0.006513741808596507
2024-10-29 00:00:00+00:00,0.00538928604982547,0.005525358572125936,7.035499539024625e-05,-0.00010321375884531771,-0.00010321375884531771,0.20642751769063544,0.9781167964429018,0.0213293381048307
2024-10-30 00:00:00+00:00,-0.0023134025077385933,-0.0020358668806667764,-1.5648894664300302e-05,-0.00013094336620373908,-0.00013094336620373908,0.2618867324074781,1.062120671934393,0.06714178458443182
2024-10-31 00:00:00+00:00,-0.00978854459739309,-0.009269436258221124,-4.1388970317093876e-05,-0.00023885968442742653,-0.00023885968442742653,0.47771936885485305,0.981932782763648,0.18307903863090408
2024-11-01 00:00:00+00:00,-0.004113831028623172,-0.003855899614511832,-2.2228973551137565e-05,-0.00011785122028008431,-0.00011785122028008431,0.23570244056016865,0.945194130173463,0.17448153131638403
2024-11-02 00:00:00+00:00,-0.0005415363279200891,0.00012795346280786968,0.00015887976065955215,-0.0004141847756937609,-0.0004141847756937609,0.8283695513875218,1.0191011121107343,0.033842641289100035
2024-11-03 00:00:00+00:00,0.0031243104649592013,0.0036089766080376518,-0.00012367866538269502,-0.0001804937388478605,-0.0001804937388478605,0.360987477695721,0.9899659571082209,0.05194196512291622
2024-11-04 00:00:00+00:00,0.00047520188659877505,-8.475875636183826e-05,0.0009401647103783022,-0.00019010203370880402,-0.00019010203370880402,0.3802040674176081,0.986396386222677,0.05260956270970174
2024-11-05 00:00:00+00:00,-0.0034355226960557372,-0.003867830390405934,0.0008208268648424863,-0.00019425958524616,-0.00019425958524616,0.38851917049232004,0.9768327781262596,0.043195754612102406
2024-11-06 00:00:00+00:00,-0.009783944138647027,-0.009733442526010902,0.000354135087088435,-0.0002023183498622532,-0.0002023183498622532,0.4046366997245064,1.0142625162300178,0.05531748097703276
2024-11-07 00:00:00+00:00,-0.014525585809553543,-0.014135645444524296,7.180105979561287e-06,-0.00019856023550441506,-0.00019856023550441506,0.3971204710088301,1.1498572086909309,0.05436333905408228
2024-11-08 00:00:00+00:00,-0.0009547110692467164,-0.0005661786909522154,0.0005501184413144756,-0.0004726004690490961,-0.00046605035055986306,0.9452009380981923,1.0389668080074617,-0.019600140897245395
2024-11-09 00:00:00+00:00,-0.015877272749720395,-0.015488206944115769,0.00019594367394317686,-0.0003078539416999439,-0.00027715553784788386,0.6157078833998877,1.0103092007215349,-0.13177885964363198
2024-11-10 00:00:00+00:00,-0.006218815429699598,-0.0058968663459334015,6.309316060411219e-05,-0.0001925211221851713,-0.0001925211221851713,0.3850422443703427,1.0714417038844823,-0.15319101892468168
2024-11-11 00:00:00+00:00,-0.02183143817570332,-0.02176450086039418,0.00013793520527716256,-0.00010243626029316229,-0.00010243626029316229,0.20487252058632455,1.0937761436236315,-0.22724204838435696
2024-11-12 00:00:00+00:00,-0.009092755799111285,-0.008782739550190688,0.000255765549535077,-0.00029530001689217583,-0.00027048178156348807,0.5906000337843518,1.1458683877832347,-0.20531067116631505
2024-11-13 00:00:00+00:00,0.01208179398182363,0.012492492436406967,0.00035755186727725555,-0.00038412516093025423,-0.00038412516093025423,0.7682503218605083,0.9419382303039711,-0.05571971955089399
2024-11-14 00:00:00+00:00,0.007567289234801322,0.007535013360771947,3.227587402933533e-05,0.0,0.0,0.0,0.917251626121328,-0.04782281710109537
2024-11-15 00:00:00+00:00,0.0038588493365849796,0.004058924888858976,-1.6625240767757488e-05,-9.17251557530933e-05,-9.17251557530933e-05,0.18345031150618663,0.9235249551257892,-0.029298648910324295
2024-11-16 00:00:00+00:00,0.03478642703484858,0.035258384341994777,-5.115061488096409e-05,-0.00022374460713050904,-0.0001970620851347936,0.44748921426101806,1.023509083080556,0.07886210598660916
2024-11-17 00:00:00+00:00,0.01540498683051994,0.016037543556485248,-7.018071252445778e-05,-0.0003112156794967384,-0.0002511603339441085,0.6224313589934769,1.0854174162516654,0.12345903366296897
2024-11-18 00:00:00+00:00,-0.02140896602998188,-0.020876281434111296,-2.361552956296654e-05,-0.00027162406680908175,-0.00023744499949857937,0.5432481336181634,0.9779357274256096,0.12874966600123322
2024-11-19 00:00:00+00:00,0.008909232948606238,0.00923425131632698,0.00011233655436780932,-0.00021867746104429675,-0.00021867746104429675,0.4373549220885935,1.0173249662540351,0.1230686682982447
2024-11-20 00:00:00+00:00,0.000639367465999463,0.001051895577129159,-1.7178998977972812e-06,-0.00022077888695414368,-0.00019003132427783108,0.4415577739082874,1.0158564644909474,0.03969521530227422
2024-11-21 00:00:00+00:00,0.01532143406227715,0.01574504136374657,-1.0464923367797186e-05,-0.0002065711890507663,-0.0002065711890507663,0.4131423781015325,0.9810083071537911,0.0407024448172777
2024-11-22 00:00:00+00:00,0.006346251466138986,0.006529302777840213,3.94981189319725e-05,-0.0001143167983169011,-0.00010823263231618996,0.2286335966338022,1.05173855330067,0.01184835579561931
2024-11-23 00:00:00+00:00,0.060358528144944135,0.0605494135166117,1.949400833249525e-05,-0.0001051896900000481,-0.0001051896900000481,0.21037938000009623,1.0777049283082965,0.05649659059276439
2024-11-24 00:00:00+00:00,0.06166007430415532,0.062165794131479254,0.000138760690193798,-0.00035322739210665656,-0.000291253125411018,0.706454784213313,1.0049048863098968,0.02165854560127314
2024-11-25 00:00:00+00:00,-0.012770226049308664,-0.012260218169089473,0.00012869154305984224,-0.0003193497116395034,-0.0003193497116395034,0.6386994232790069,0.9825997907910103,-0.04331201999097643
2024-11-26 00:00:00+00:00,-0.02041768634929675,-0.020193132983098598,0.0001758069221082273,-0.0002001801441531939,-0.0002001801441531939,0.40036028830638776,0.9687074825839607,-0.08108274943167221
2024-11-27 00:00:00+00:00,-0.0009185894555939766,-0.0006625982200683681,0.00010985972385601676,-0.00019741580465754382,-0.00016843515472410872,0.3948316093150876,0.9579254776266445,-0.12162773314880916
2024-11-28 00:00:00+00:00,-0.03272848402976458,-0.03266869814622901,0.0001880314469801674,-0.00014607237191559,-0.00010174495860014819,0.29214474383117994,1.132415553826055,-0.21528416550518012
2024-11-29 00:00:00+00:00,0.023182007640766944,0.02308906036063796,0.00013614000258326312,-2.159636122718683e-05,-2.159636122718683e-05,0.04319272245437365,1.0600329863435674,-0.23005469783588978
2024-11-30 00:00:00+00:00,0.026157138195864738,0.026243522751002744,0.00016577010273505514,-0.0001260773289365715,-0.0001260773289365715,0.25215465787314295,1.0603832211524769,-0.1918363748309588
2024-12-01 00:00:00+00:00,-0.024059649219981827,-0.023666545947007823,0.00020671655510490683,-0.00033921241989711245,-0.0002606074081817782,0.6784248397942249,1.0520516627252832,-0.14497781994353384
2024-12-02 00:00:00+00:00,0.013742710328648267,0.013932918345076302,0.00018580076621904933,-0.00020154885713599967,-0.00017445992551098482,0.40309771427199936,1.0741683709086172,-0.13269974564098316
2024-12-03 00:00:00+00:00,-0.05401505776051074,-0.054333451119528246,0.0003769950482437214,-2.930084461308768e-05,-2.930084461308768e-05,0.058601689226175355,1.173462040875887,-0.2000440497019005
2024-12-04 00:00:00+00:00,-0.02174319225471144,-0.02169270569805037,0.0002859530356489229,-0.0001682197961549688,-0.0001682197961549688,0.3364395923099376,1.085670549274163,-0.11098829413684781
2024-12-05 00:00:00+00:00,-0.02593984908610847,-0.02582732820477617,0.0003185519298262507,-0.000215536405579252,-0.000215536405579252,0.43107281115850404,1.0893126636009038,-0.1003159875137727
2024-12-06 00:00:00+00:00,0.0012045148394048688,0.0016002944056515659,5.4823542636071114e-05,-0.00022530155444141483,-0.00022530155444141483,0.4506031088828297,1.014749408995253,-0.014965927686468419
2024-12-07 00:00:00+00:00,-0.021127055327640698,-0.021011676822707458,4.5337051637120533e-05,-0.00011050089050627851,-5.0214666064046905e-05,0.221001781012557,1.0813852223786986,-0.015167610481249991
2024-12-08 00:00:00+00:00,0.01421017296814786,0.014347670523547717,-0.00011418982766081544,-1.165386386957335e-05,-1.165386386957335e-05,0.0233077277391467,1.04148819660741,0.022172709740854203
2024-12-09 00:00:00+00:00,-0.006547942872262902,-0.005518356086898607,-0.00013977263418387203,-0.00046358782048767396,-0.0004262263306927951,0.9271756409753479,0.9667428875495286,0.21124760824730743
2024-12-10 00:00:00+00:00,0.0015611329257465556,0.0017790355399927322,-4.782654861781334e-05,-8.50380328141436e-05,-8.50380328141436e-05,0.17007606562828714,0.8616057933942652,0.23337673629911176
2024-12-11 00:00:00+00:00,-0.0035802848282705524,-0.0030845643129372023,-7.257432443958268e-05,-0.0002154061168627037,-0.00020774007403104053,0.4308122337254074,0.9278847268049589,0.27983502504816726
2024-12-12 00:00:00+00:00,0.008785394869829766,0.009429750671097047,-7.688184694005857e-05,-0.0003199650289136358,-0.0002475089254136346,0.6399300578272716,0.9815325447056482,0.2933259617867685
2024-12-13 00:00:00+00:00,0.028421171573961068,0.02915317338950227,-3.43290246511597e-05,-0.0003620704725387011,-0.0003356023183512467,0.7241409450774021,1.0256145932711287,0.17462147685256152
2024-12-14 00:00:00+00:00,-0.004266006170853487,-0.003471712768740096,1.1554131557776039e-05,-0.0004181610422785837,-0.0003876864913926322,0.8363220845571675,1.001226915570441,0.03382281074782112
2024-12-15 00:00:00+00:00,0.011993795662091022,0.012140195872981912,2.2429078903899688e-05,-9.978309104354974e-05,-6.904619875117595e-05,0.19956618208709948,0.9628277633138451,0.050701338324536646
2024-12-16 00:00:00+00:00,-0.012071848143861863,-0.011747122986394739,4.073583278644722e-05,-0.0001955851590390159,-0.00016987583121450315,0.39117031807803176,1.035634685731385,0.09449601083870446
2024-12-17 00:00:00+00:00,0.007643319036716001,0.007885497378686716,-3.262436656682961e-05,-0.00010477698770196986,-0.00010477698770196986,0.20955397540393972,0.9740084937941667,0.14553376803874687
2024-12-18 00:00:00+00:00,0.0013569079056861,0.0015920332717563278,-1.8983232552398783e-05,-0.0001080710667589057,-0.0001080710667589057,0.21614213351781136,0.9833331748999702,0.16958220048034983
2024-12-19 00:00:00+00:00,-0.012701723507734242,-0.01259662273357526,6.72554577854282e-05,-8.617811597221709e-05,-8.617811597221709e-05,0.17235623194443417,0.9055667385313488,0.16369060739465202
2024-12-20 00:00:00+00:00,0.0053867361515309575,0.005572080681269412,-2.3991792980303015e-05,-9.403777093925022e-05,-6.731496581897623e-05,0.18807554187850042,0.8684862640605994,0.13705410244073774
2024-12-21 00:00:00+00:00,-0.01449961876050021,-0.01403891106665479,3.091617015295719e-05,-0.00025984545633369997,-0.00023177840766465914,0.5196909126674,0.9995606201684315,0.03480986109489286
2024-12-22 00:00:00+00:00,-0.005604327860517233,-0.005113590233718616,0.0001384267554280979,-0.00031800078370945885,-0.0003111635985173002,0.6360015674189176,0.993807527403017,-0.021920511334228766
2024-12-23 00:00:00+00:00,0.018045271387540085,0.018168021426093965,7.855289747302406e-05,-0.00010065146801339769,-0.00010065146801339769,0.20130293602679536,0.9555488455742118,-0.023674713108683444
2024-12-24 00:00:00+00:00,0.028506889687966108,0.02862411719330944,7.048225556053796e-05,-9.385488045197482e-05,-9.385488045197482e-05,0.18770976090394964,1.0215161367391397,0.018590491343766755
2024-12-25 00:00:00+00:00,-0.008093780841500697,-0.0075819355130869745,4.696295522269874e-05,-0.0003080632526824656,-0.00025074503095392435,0.6161265053649311,1.0511582786919416,0.1050985704545142
2024-12-26 00:00:00+00:00,-0.0036714192015633307,-0.003254804519202506,8.21035565591439e-06,-0.0002124125190083792,-0.0002124125190083792,0.42482503801675836,1.0171004409087645,0.05606575644505242
2024-12-27 00:00:00+00:00,-0.006216104350373786,-0.006079578697686193,7.889697458486311e-05,-0.00010771131363620328,-0.00010771131363620328,0.21542262727240655,0.9506104991022917,0.03766756893779251
2024-12-28 00:00:00+00:00,-0.01197697252070451,-0.011836753970889093,3.4984503757960906e-05,-8.760152678667247e-05,-8.760152678667247e-05,0.17520305357334495,0.9624753905927595,0.010664928167563965
2024-12-29 00:00:00+00:00,-0.00043779033116686517,-2.5184706537242e-05,-2.8667634939125543e-05,-0.00019196899484527326,-0.00019196899484527326,0.38393798969054643,1.0197571417520817,0.01669198551237217
2024-12-30 00:00:00+00:00,-0.009610472480469645,-0.009046388283757631,2.0153384652371615e-05,-0.00030620518162268915,-0.00027803239974169433,0.6124103632453785,0.9633619062078256,0.040627959154693846
2024-12-31 00:00:00+00:00,-0.0033257880668785544,-0.002822458319208066,-7.493499109733902e-07,-0.00028014854156952065,-0.00022243185618996486,0.5602970831390413,0.9867365433291649,0.011462420235896153
2025-01-01 00:00:00+00:00,-0.0028487205428415763,-0.0021156355668153245,2.301676260659547e-05,-0.0004055318057225634,-0.00035056993291024115,0.8110636114451267,1.0320547465333538,0.08617500020352593
2025-01-02 00:00:00+00:00,-0.02961406279160017,-0.02917778554566968,-3.8083949178221584e-05,-0.00021221153574620404,-0.00018598176100603834,0.424423071492408,1.09772840494743,0.09580473371356664
2025-01-03 00:00:00+00:00,-0.012653520308746669,-0.011817306956302892,5.753581496885609e-05,-0.00047898245234871076,-0.00041476671506393255,0.9579649046974215,1.0236831647694307,-0.045440643256463666
2025-01-04 00:00:00+00:00,-0.008591753323738072,-0.00828395751181924,4.8565033300829765e-05,-0.00021127463153599923,-0.0001450862136836538,0.42254926307199847,1.062469300099601,-0.03532121599960854
2025-01-05 00:00:00+00:00,-0.010453706065576163,-0.010293158075669767,5.821776498154223e-05,-0.00010938287744394738,-0.00010938287744394738,0.21876575488789474,1.046971107116654,-0.06619901642789904
2025-01-06 00:00:00+00:00,-0.00790687021047587,-0.007326281646384905,3.4767129404321915e-05,-0.00032241975300541096,-0.0002929359404898708,0.644839506010822,1.007325157901203,-0.026716227338552962
2025-01-07 00:00:00+00:00,-0.005042390290005527,-0.004671125883659817,3.101439980981619e-05,-0.00020113940307775303,-0.00020113940307775303,0.4022788061555061,1.0218768737032717,-0.03523800086359821
2025-01-08 00:00:00+00:00,0.011951767686761539,0.011834252677900932,0.00011751500886052722,0.0,0.0,0.0,0.9266574081051903,-0.023127335642879474
2025-01-09 00:00:00+00:00,0.011402980289939357,0.01187764956183373,0.00010082562817146332,-0.00030807283139878695,-0.00026742206866695213,0.616145662797574,0.9553371152499478,-0.06781194365333096
2025-01-10 00:00:00+00:00,-0.003628568670612675,-0.003181090275900807,0.00011788610667503704,-0.00029918204905340315,-0.0002661824523334578,0.5983640981068062,0.91828758860216,-0.027191455024699336
2025-01-11 00:00:00+00:00,-0.0005023436693156746,1.079138798541685e-05,5.0096542674238686e-05,-0.0002983489807988679,-0.00026488261917649163,0.5966979615977357,0.9692299722385325,-0.07806165069510128
2025-01-12 00:00:00+00:00,0.01389297713999249,0.014222822515621158,2.9805020577438875e-05,-0.00017982519810301947,-0.00017982519810301947,0.3596503962060389,0.9853031196009808,-0.05198248994009642
2025-01-13 00:00:00+00:00,-0.009994361975376953,-0.009625830707633252,-6.045649159350975e-07,-0.0002007756668338048,-0.00016715103599394018,0.40155133366760953,0.9701699556864647,-0.052815140459444465
2025-01-14 00:00:00+00:00,0.007893559872027778,0.008197041217176345,9.392868631864014e-05,-0.00019870501573364806,-0.00019870501573364806,0.39741003146729614,0.9468583741892037,-0.026293540308852857
2025-01-15 00:00:00+00:00,-0.006633729060897764,-0.006312185174332757,7.247746651441464e-05,-0.00019701067653968814,-0.00019701067653968814,0.3940213530793763,0.9935403761521391,-0.0025036759950087333
2025-01-16 00:00:00+00:00,0.013958951932444341,0.013933855639481527,2.5096292962885794e-05,0.0,0.0,0.0,1.0769185351258295,0.011272822852137241
2025-01-17 00:00:00+00:00,0.007221005108341005,0.007405469015495301,4.2234956810872654e-05,-0.00011334943198255459,-0.00011334943198255459,0.22669886396510916,1.04287582021613,-0.0017734546367408153
2025-01-18 00:00:00+00:00,-0.020816430336192515,-0.02030030127296145,7.132607468630044e-05,-0.0003097582531017536,-0.000277696884815643,0.6195165062035072,1.1193102175411334,0.0011299431657647394
2025-01-19 00:00:00+00:00,0.015194827494347418,0.015536279348140811,-1.6079453910455033e-05,-0.0001799023899182385,-0.0001454700099647649,0.35980477983647696,0.9362024639207887,0.14770092196399132
2025-01-20 00:00:00+00:00,-0.009577508638488053,-0.009393600189906346,-1.7264904092958758e-05,-8.332177224439675e-05,-8.332177224439675e-05,0.16664354448879348,0.8875989459148091,0.12706560961814736
2025-01-21 00:00:00+00:00,-0.0024350172079243837,-0.002055396438122182,-4.955806492278078e-06,-0.00020134365452319794,-0.0001733213087867036,0.4026873090463959,1.0036706097654304,0.038103399318714565
2025-01-22 00:00:00+00:00,0.0061897580280749764,0.0065664352798500665,-1.0515355327188334e-05,-0.0001996828766046833,-0.0001664790198433118,0.39936575320936657,1.0250826127618964,0.029780388914662857
2025-01-23 00:00:00+00:00,0.0046262032389075,0.005237859878339714,3.185188644248255e-05,-0.00032175426293734306,-0.00032175426293734306,0.6435085258746861,0.9469153175833451,-0.020646198651678365
2025-01-24 00:00:00+00:00,-0.007260269077740356,-0.006907669875869061,4.1772094083521816e-05,-0.00019718564797743267,-0.00019718564797743267,0.3943712959548653,0.9573674838604582,0.0020294539568598553
2025-01-25 00:00:00+00:00,0.002101084516966445,0.0024465048628620647,2.363565403326643e-05,-0.00021597978597571012,-0.00015307621395317696,0.4319595719514203,1.0056047097583214,0.07935288327201469
2025-01-26 00:00:00+00:00,-0.0011833946364091519,-0.0006637253690379832,3.3498063074507304e-05,-0.0002902229531214645,-0.00026294437732421894,0.5804459062429289,1.0175010573395016,0.07280648368215833
2025-01-27 00:00:00+00:00,-0.005006314090723163,-0.004719081560249775,5.730172797985198e-05,-0.00020324417667915118,-0.00014129008177408015,0.40648835335830236,0.985368882344319,0.052316066817517076
2025-01-28 00:00:00+00:00,0.018603845279891562,0.01895508876095368,4.0660807170871145e-05,-0.00019595214411644395,-0.00019595214411644395,0.3919042882328879,0.963645241647887,0.07998607650803188
2025-01-29 00:00:00+00:00,0.0037325329010964303,0.003715604887441562,1.6928013654862944e-05,0.0,0.0,0.0,0.9155022059386329,0.08339042389465028
2025-01-30 00:00:00+00:00,-0.0009290058365142295,-0.0006611212790862698,8.557008561340216e-05,-0.00019126133533373587,-0.00016219330770767776,0.3825226706674718,0.9521745914178718,0.07142822943178787
2025-01-31 00:00:00+00:00,0.0021342034210827254,0.002322053670883865,1.8597302373247692e-05,-0.00010322377608714252,-0.00010322377608714252,0.20644755217428506,1.0092969941889554,0.0767521729224268
2025-02-01 00:00:00+00:00,-0.010142367819233167,-0.009969498423932082,1.705905781345234e-05,-9.496422655726098e-05,-9.496422655726098e-05,0.18992845311452197,1.024027517019588,0.06216490823061739
2025-02-02 00:00:00+00:00,0.002391388214001866,0.0027599929665704038,-1.511728337141638e-05,-0.00019238392221890502,-0.00016110354697824138,0.38476784443781004,0.9289805172682247,0.08728714470974533
2025-02-03 00:00:00+00:00,0.018122191029126045,0.018568100454821695,-6.613889464117796e-05,-0.00020731691034929018,-0.00017245362070521017,0.4146338206985804,0.8575192522624611,0.139686259254889
2025-02-04 00:00:00+00:00,0.010433757549777267,0.0110604931598934,-0.0001685353455063891,-0.00022910013230491378,-0.00022910013230491378,0.45820026460982755,0.9966416432395535,0.25660414586098285
2025-02-05 00:00:00+00:00,-0.002211363418528345,-0.0012707691280526077,0.00015262106178527915,-0.0005795256906768334,-0.0005136896615842221,1.1590513813536667,0.9577335914712534,-0.06835390979028298
2025-02-06 00:00:00+00:00,-0.003024050859617544,-0.0027427517592509367,0.00011234781980577463,-0.00019682346008617884,-0.00019682346008617884,0.3936469201723576,0.9541789105855788,-0.06367558663330529
2025-02-07 00:00:00+00:00,0.006119594865805933,0.006309756650191407,-9.422331861017386e-06,-9.036972626223033e-05,-9.036972626223033e-05,0.18073945252446066,0.9312728240917512,-0.05017079913931792
2025-02-08 00:00:00+00:00,-0.004356362848910722,-0.004027598807819265,5.723541758163674e-05,-0.00020826737294009972,-0.00017773208573294242,0.4165347458801994,0.9590793952572917,-0.030874646751539742
2025-02-09 00:00:00+00:00,-0.008050164138465155,-0.007507833572450932,9.654999816313248e-05,-0.0003194402820886663,-0.0003194402820886663,0.6388805641773326,1.0208907702942784,0.037535664966883
2025-02-10 00:00:00+00:00,-0.0050545056664828,-0.00466601757005325,-1.5152381495136984e-05,-0.0002010432484604548,-0.00017229246647395842,0.40208649692090964,1.0225631386581886,0.025336011196099083
2025-02-11 00:00:00+00:00,0.008553551209175225,0.009265448141989329,-2.740472722544268e-05,-0.0003422461027943606,-0.0003422461027943606,0.6844922055887211,0.9972010782371101,0.10604896763456467
2025-02-12 00:00:00+00:00,0.005646475060003153,0.006094270084592509,-3.802284384749972e-05,-0.00022635772953012102,-0.0001834144512116787,0.45271545906024196,0.9725370783558186,0.17707188206028338
2025-02-13 00:00:00+00:00,-0.001879149420211057,-0.0014141861525475714,6.654371389755362e-05,-0.0002946958508649163,-0.00023681113069608855,0.5893917017298326,1.0563248465767694,0.11773895866441451
2025-02-14 00:00:00+00:00,-0.007797818533811562,-0.007730903167984168,0.0001502972905019947,-0.0001086063281646726,-0.0001086063281646726,0.2172126563293452,1.0259318070624999,0.09338725646413777
2025-02-15 00:00:00+00:00,-0.015743909969114456,-0.015729686435401288,0.00017630957425515144,-0.00011010259224045788,-8.043051572788163e-05,0.22020518448091572,1.0369107509373086,0.05207062670911409
2025-02-16 00:00:00+00:00,0.018253954703593145,0.018853983327930705,-6.575819727400118e-06,-0.0002967264023050344,-0.0002967264023050344,0.5934528046100689,0.9904304362756954,0.10772344489371816
2025-02-17 00:00:00+00:00,-0.00087155583567744,-0.0006914768008955077,-8.882540032089299e-06,-8.559824737492527e-05,-8.559824737492527e-05,0.17119649474985052,0.9880655400220294,0.09945432499196517
2025-02-18 00:00:00+00:00,-0.012759554515352822,-0.012764452220563077,4.897705210235316e-06,0.0,0.0,0.0,1.008224957561089,0.08781029299184068
2025-02-19 00:00:00+00:00,0.013780662737205907,0.014407351846048579,-6.605712482688312e-05,-0.00029532738959852425,-0.00026530459441724454,0.5906547791970485,0.9818426080664544,0.06422546828648555
2025-02-20 00:00:00+00:00,-0.004641562854043935,-0.0036725019022134254,9.217671887096493e-06,-0.0004891393118588295,-0.0004891393118588295,0.9782786237176592,1.02026832209681,-0.04206702656394764
2025-02-21 00:00:00+00:00,-6.869121440145065e-05,0.0007018328269038424,5.628824928226017e-05,-0.00041340614529375517,-0.00041340614529375517,0.8268122905875103,1.0039334134998734,-0.003721756325449106
2025-02-22 00:00:00+00:00,0.0033979734771991676,0.003670038329382263,0.00012418110960031185,-0.00019812298089165963,-0.00019812298089165963,0.3962459617833193,0.9724943148605669,0.020286184280613063
2025-02-23 00:00:00+00:00,-0.006470855293998934,-0.005789865866932554,5.483231662761266e-05,-0.0003976595636623317,-0.00033816218003168333,0.7953191273246635,1.0081722418537504,0.1419085854561129
2025-02-24 00:00:00+00:00,0.007154566187644429,0.007477284406045145,9.605976594019823e-05,-0.00020938899217043123,-0.00020938899217043123,0.41877798434086244,0.9832265202369348,0.15001325680718205
2025-02-25 00:00:00+00:00,-0.0034886742667035175,-0.0028183217333826774,-9.363952184714063e-05,-0.00028835650573685824,-0.00028835650573685824,0.5767130114737163,0.8865029496865466,0.13584261147444657
2025-02-26 00:00:00+00:00,0.0023503890475475853,0.003063041516541089,0.00018838016647700371,-0.00048179643314366036,-0.0004192362023268182,0.9635928662873208,1.0206938818042182,-0.020734813196663777
2025-02-27 00:00:00+00:00,0.028019933760531357,0.02837608412811343,4.632788148645116e-05,-0.0002012391245343154,-0.0002012391245343154,0.40247824906863083,0.9518559735468343,-0.025044611117367287
2025-02-28 00:00:00+00:00,0.009031374898516242,0.009190874905808548,3.150343522190709e-05,-9.550172125705226e-05,-9.550172125705226e-05,0.19100344251410456,0.9494916432064638,-0.01566514790614161
2025-03-01 00:00:00+00:00,0.015403808368599003,0.01554508865569372,5.387730972299675e-05,-9.757879840890574e-05,-9.757879840890574e-05,0.19515759681781147,0.9273312508920486,0.0072539811935417465
2025-03-02 00:00:00+00:00,0.003455506451293111,0.003540654858689592,0.00010291470230687245,-9.403155485163143e-05,-9.403155485163143e-05,0.18806310970326284,0.9394290875485898,0.018529943101974995
2025-03-03 00:00:00+00:00,-0.02693758238440702,-0.026772333446512215,3.3560724695563505e-05,-9.940483129520505e-05,-9.940483129520505e-05,0.1988096625904101,1.069951319063061,-0.001579001681505818
2025-03-04 00:00:00+00:00,0.0007752866988215423,0.0013761543513028597,-1.2170472200464533e-05,-0.00030975914655671246,-0.000278938033724065,0.6195182931134249,0.8980390319313164,0.007047230823795212
2025-03-05 00:00:00+00:00,-0.0016708976323176472,-0.0011569280696728465,9.686466444519972e-05,-0.0003183073899523769,-0.00029252683713758016,0.6366147799047539,1.0158429281400538,-0.10121672396711251
2025-03-06 00:00:00+00:00,-0.012215810981040076,-0.011807528939779863,0.0001986074756848374,-0.000319282631684039,-0.00028760688526099313,0.6385652633680782,1.0533278747682795,-0.07783955507432783
2025-03-07 00:00:00+00:00,-0.00019173142367090446,0.0005189649435460867,8.823485383031442e-05,-0.0004170811136781865,-0.00038185010736916227,0.834162227356373,1.0034979345536141,-0.1274764095659319
2025-03-08 00:00:00+00:00,-0.013225902975193993,-0.013142002986441309,0.0001425596517625898,-0.0001132298202576361,-0.0001132298202576361,0.2264596405152722,0.9918435713553333,-0.15392562888789027
2025-03-09 00:00:00+00:00,-0.0002949634483321306,8.62301713602973e-05,5.971174305861111e-08,-0.00019062666571773896,-0.00019062666571773896,0.38125333143547796,1.0054904811512702,-0.1570003284157057
2025-03-10 00:00:00+00:00,0.0034824198821670205,0.003865691907770553,2.6611086752634305e-05,-0.00020494155617806854,-0.00020494155617806854,0.40988311235613706,0.9137523104189103,-0.14791342371905056
2025-03-11 00:00:00+00:00,0.009080719741673127,0.009405962539652818,6.272000526401619e-05,-0.0001939814016218854,-0.0001939814016218854,0.3879628032437708,0.8625530313812239,-0.13780143104492584
2025-03-12 00:00:00+00:00,-0.002385330567678201,-0.0020391616741150557,0.00012182276180757812,-0.00023719676582049926,-0.00023079488955021928,0.4743935316409985,1.020735239032082,-0.11792792639154014
2025-03-13 00:00:00+00:00,0.005834312661932239,0.0058707024923020466,0.00020187798227657135,-0.0001191339063231832,-0.0001191339063231832,0.23826781264636637,1.0155077328451805,-0.1097626123596209
2025-03-14 00:00:00+00:00,0.012264282237333779,0.012311663129682049,0.00014277377612373146,-9.507733423605059e-05,-9.507733423605059e-05,0.1901546684721012,0.954186914675567,-0.12369500245433895
2025-03-15 00:00:00+00:00,-0.007761657059198068,-0.007567486455040631,0.00018724064054871794,-0.0001907056223530735,-0.0001907056223530735,0.38141124470614707,1.0123526627253858,-0.14254428046985648
2025-03-16 00:00:00+00:00,-0.006641715632976997,-0.0066948923145323915,0.00021728431886603114,-8.205381865532885e-05,-8.205381865532885e-05,0.1641076373106577,1.0352648011059213,-0.14900516168946962
2025-03-17 00:00:00+00:00,0.00027158316260433857,0.0001436520074551325,0.00033482583499565104,-0.00011992857793372644,-8.696610191272702e-05,0.23985715586745285,0.9761701052557705,-0.12800444618752907
2025-03-18 00:00:00+00:00,-0.006297854233319855,-0.0062315701573513104,0.0001384184740348328,-0.00011961205440983339,-8.509049559353928e-05,0.2392241088196668,1.0016496589533788,-0.12594884040490026
2025-03-19 00:00:00+00:00,0.0025933584586750325,0.0026854951099769355,7.18349950725491e-05,-8.198582318724066e-05,-8.198582318724066e-05,0.16397164637448128,1.0019296403443763,-0.1210896255724137
2025-03-20 00:00:00+00:00,-0.004406168042036307,-0.003997727325901692,9.089024823888354e-06,-0.000226099713323695,-0.00019143002763481802,0.45219942664739,1.0489661249163607,-0.12675550459487472
2025-03-21 00:00:00+00:00,0.002912162650883232,0.0030348783813851027,5.405031096122267e-05,-8.838302073154839e-05,-8.838302073154839e-05,0.1767660414630968,1.0286890834566151,-0.1181443032241036
2025-03-22 00:00:00+00:00,0.0023936214209361317,0.00256869545824248,0.000201975642656651,-0.00020687371587338563,-0.00017017596408970637,0.41374743174677125,0.9933490904710324,-0.10782067342147995
2025-03-23 00:00:00+00:00,-0.009628672166952512,-0.009392685579217953,0.0001942123711647052,-0.0002334169370209514,-0.00019678202187831283,0.4668338740419028,1.0279262425448186,-0.1401949110317754
2025-03-24 00:00:00+00:00,-0.0004557778999326745,-0.00011867686342673492,7.401792355796717e-05,-0.00020555948003196087,-0.00020555948003196087,0.4111189600639218,1.027509567172385,-0.1297579345000675
2025-03-25 00:00:00+00:00,-0.005319614265107742,-0.004775202593008615,0.00010274960322554982,-0.0003278079556647498,-0.00031935331965995874,0.6556159113294995,0.99673057424814,-0.05793381724287675
2025-03-26 00:00:00+00:00,-0.0013986837901018845,-0.0010148414618485692,9.704625963496245e-05,-0.00024044429394413195,-0.00024044429394413195,0.48088858788826394,0.970365070428273,0.02831239665384
2025-03-27 00:00:00+00:00,0.016737682458006775,0.017502787739813078,2.390247061983454e-05,-0.0003945038762130446,-0.0003945038762130446,0.789007752426089,1.0028114376401245,0.130574388775523
2025-03-28 00:00:00+00:00,0.00606851291722843,0.006246653861776303,0.00018303562813070816,-0.00021335290855286604,-0.00014782366412569714,0.4267058171057321,0.9893522144684195,0.18616035627500102
2025-03-29 00:00:00+00:00,-0.00948041611158812,-0.009109154991154394,1.4795244400861348e-05,-0.0002112554575099449,-0.00017480090732459167,0.42251091501988974,0.9201125100452286,0.1411847793685402
2025-03-30 00:00:00+00:00,0.0016826250793637865,0.0021160017308631427,0.00021800046136921474,-0.0003420332104140552,-0.0003093439024546191,0.6840664208281105,1.0016873115459866,-0.05401135703560591
2025-03-31 00:00:00+00:00,-0.004036363264954601,-0.0035797487745819066,0.00019447513081917537,-0.0003474185343060145,-0.0003036710868858279,0.694837068612029,0.9891774611928925,-0.18704242909567753
2025-04-01 00:00:00+00:00,0.0036606784289370253,0.003980894950573721,9.404296099338535e-05,-0.0002071297413150188,-0.0002071297413150188,0.41425948263003753,1.0178710504027901,-0.12867582181623707
2025-04-02 00:00:00+00:00,0.002707710546733022,0.0029190110127453543,0.00019154854496935688,-0.00020142450549084389,-0.00020142450549084389,0.4028490109816878,1.0466815378224164,-0.14505847888578052
2025-04-03 00:00:00+00:00,0.01916946487537019,0.019542390859651603,0.00027235848113051547,-0.0003326126154861757,-0.0003126718499257783,0.6652252309723513,0.9381217758689193,0.031242228901300594
2025-04-04 00:00:00+00:00,0.009169221710015663,0.009648706903407103,0.00011792970990279069,-0.0003259786074522862,-0.000271436295841873,0.6519572149045724,0.994634690386585,-0.06615751361341246
2025-04-05 00:00:00+00:00,-0.01224575190445576,-0.011898922887821824,6.168001569569899e-05,-0.00020425451616483045,-0.00020425451616483045,0.40850903232966096,0.9945514728305144,-0.07917450003069784
2025-04-06 00:00:00+00:00,-0.00034986824807126116,-0.00025537708936200894,8.848558961504787e-05,-0.00010691899074409265,-7.605775758018224e-05,0.21383798148818528,0.9751031706204807,-0.07135841610196998
2025-04-07 00:00:00+00:00,0.020458504774079955,0.020543066156575654,6.151659017836821e-05,-0.00010434140905291354,-4.173656362116542e-05,0.2086828181058271,0.8559407015982187,-0.053980951144363076
2025-04-08 00:00:00+00:00,0.016598627790279874,0.016895946563949084,0.00015269864657424957,-0.00022500871012168916,-0.00022500871012168916,0.4500174202433784,0.9834814784429184,0.0792946737608757
2025-04-09 00:00:00+00:00,-0.0017517860948792485,-0.0018877784047873197,0.00013599230990809355,0.0,0.0,0.0,0.946439633103869,0.07754273363863497
2025-04-10 00:00:00+00:00,-0.017477599530642984,-0.016874189969219924,0.00011139579892420887,-0.0003793096190894292,-0.0003354957412578708,0.7586192381788585,1.1504196961939752,-0.2096323135389455
2025-04-11 00:00:00+00:00,0.011360169138924014,0.011702379480214832,0.0001473860306372241,-0.0002690543466347941,-0.00022054202529323618,0.5381086932695882,0.9594463086929483,-0.054811916810859014
2025-04-12 00:00:00+00:00,-0.0023218821738473228,-0.002057046051038978,6.162504619421278e-05,-0.0001953996443314438,-0.00013106152467110715,0.3907992886628876,1.0100320902517315,-0.06897322702609207
2025-04-13 00:00:00+00:00,0.01271901855539559,0.012878476606825716,0.00021267273811215295,-0.00020364072569197518,-0.0001684900638502494,0.40728145138395033,1.0520161289247945,-0.03610870689243089
2025-04-14 00:00:00+00:00,-0.008094531503302416,-0.007850996643822787,0.00013090382764431005,-0.00020124432854213528,-0.00017319435858181633,0.40248865708427056,1.0146329052858978,-0.020530349085620826
2025-04-15 00:00:00+00:00,-0.006504361647107659,-0.0064744749478623485,0.0001762929758870081,-0.0001030898375661831,-0.0001030898375661831,0.2061796751323662,1.0084063902417448,-0.017652555580870265
2025-04-16 00:00:00+00:00,0.004831781795634482,0.004792524653199921,3.925714243452905e-05,0.0,0.0,0.0,0.975703382620803,-0.012798192852429262
2025-04-17 00:00:00+00:00,0.010159155290509148,0.010251731210203511,0.0001345971122635359,-0.00011358651597900093,-0.00011358651597900093,0.22717303195800187,0.9915438841551898,0.01771772920543875
2025-04-18 00:00:00+00:00,-0.001815596050610102,-0.0015766304143252515,0.00015495467285606541,-0.0001969601545704307,-0.0001969601545704307,0.3939203091408614,1.0085207495533712,-0.007665368767640096
2025-04-19 00:00:00+00:00,-0.0041131345842178035,-0.00426943352474945,0.0001562989405316483,0.0,0.0,0.0,1.0175936625364055,-0.01198409448587982
2025-04-20 00:00:00+00:00,-0.00919621153723782,-0.008972587953590428,0.00013464000754802465,-0.00019275863594062358,-0.0001655049552547563,0.38551727188124707,1.0742279574398959,-0.03453013680501878
2025-04-21 00:00:00+00:00,-0.0014636889803367747,-0.0007698550263602222,7.455011795075311e-06,-0.000363360248288367,-0.00033792871748321876,0.726720496576734,0.9825329985612401,0.12845830459849936
2025-04-22 00:00:00+00:00,0.00036721265280470483,0.0004732550297416742,6.972490080817984e-05,-8.788363887254232e-05,-8.788363887254232e-05,0.17576727774508466,0.9773854260048573,0.13037012479720003
2025-04-23 00:00:00+00:00,0.002130918659505765,0.002380096894649818,-5.6719979744701354e-05,-0.0001137760783835416,-7.86821770157001e-05,0.2275521567670832,1.049744542735843,0.13886150480536677
2025-04-24 00:00:00+00:00,-0.0254495542826354,-0.02511978296643618,7.331582880658507e-05,-0.00020154357250290898,-0.00020154357250290898,0.4030871450058179,1.0806537747205949,0.10639866805534524
2025-04-25 00:00:00+00:00,-0.000512660168418333,0.00010491406313014421,2.5255050040763862e-05,-0.0003246510700141317,-0.00031817821157506716,0.6493021400282633,0.9887375383232989,0.22958603708973463
2025-04-26 00:00:00+00:00,0.0021159117909359537,0.0019817384272767676,0.00013417336365915397,0.0,0.0,0.0,0.9910166930850024,0.23107883308944163
2025-04-27 00:00:00+00:00,-0.0010340046429918592,-0.0007445193253048127,0.00014155309406911187,-0.00022679554454036304,-0.00020424286721584453,0.4535910890807261,0.988161220052361,0.23445520289963795
2025-04-28 00:00:00+00:00,-0.009082436293692542,-0.008992369574763496,0.00015033758066191653,-0.00012020214979550282,-0.00012020214979550282,0.24040429959100565,0.9720017864886782,0.2254812257257168
2025-04-29 00:00:00+00:00,0.0005123870025518507,0.0003540982234152565,0.00015828877913666675,0.0,0.0,0.0,0.9889930308178001,0.22571966812496458
2025-04-30 00:00:00+00:00,0.0009419835779005403,0.0009311006860627625,1.0882891837761098e-05,0.0,0.0,0.0,0.9764021906916451,0.22643746843434054
2025-05-01 00:00:00+00:00,0.01080284608702864,0.011039796942970036,1.7004434127215272e-06,-0.00011932564967706442,-0.00011932564967706442,0.23865129935412885,0.9553691701376122,0.22344546620878802
2025-05-02 00:00:00+00:00,-0.012523277681982137,-0.012123890662763542,0.00021736854672916363,-0.00030837778297387945,-0.00030837778297387945,0.6167555659477588,1.0164700161888252,0.24139220450535798
2025-05-03 00:00:00+00:00,0.0026584697780251965,0.003250519726714905,2.6651732946466855e-05,-0.00032717659305126694,-0.00029152508858486237,0.6543531861025338,1.00466424555079,0.22569529836023713
2025-05-04 00:00:00+00:00,-0.0051860251147757275,-0.0047635712974831495,0.00014083931993333685,-0.0002816465686129727,-0.0002816465686129727,0.5632931372259454,0.9928469489886416,0.21425669686207963
2025-05-05 00:00:00+00:00,-0.0011466220485659706,-0.0012937540024151974,0.00016196531561835776,-1.0595258406498786e-05,-4.238103362599514e-06,0.021190516812997568,0.9535393673673925,0.19199256895939618
2025-05-06 00:00:00+00:00,0.0075120425416908,0.008164479616336328,8.29132514695437e-05,-0.0003707651410651404,-0.00036458518504984443,0.7415302821302807,1.0146765746942203,0.007580453685788383
2025-05-07 00:00:00+00:00,0.005011843087939338,0.005181222531960575,0.00019228767732677962,-0.00019520722742776814,-0.00016645989392017845,0.3904144548555362,1.0297658206632472,0.021502910466925384
2025-05-08 00:00:00+00:00,0.0006927363800204311,0.0010024300008848732,8.987282872021499e-05,-0.0001997832247923767,-0.0001997832247923767,0.39956644958475346,1.024284660517445,0.036439110682740215
2025-05-09 00:00:00+00:00,-0.01635837498766257,-0.016020319535505277,4.336732986517705e-05,-0.00020752479831217066,-0.00017389798371025128,0.4150495966243413,1.1372042120078396,0.034956934511506985
2025-05-10 00:00:00+00:00,0.002894707728853252,0.003098965554136511,8.241518591718866e-05,-0.0001597841918403207,-0.000126888819360081,0.31956838368064133,1.0575312912175623,0.0861580348288868
2025-05-11 00:00:00+00:00,-0.002137405620631916,-0.002158608410848977,2.12027902170702e-05,0.0,0.0,0.0,1.1365935508999379,0.08417935183779718
2025-05-12 00:00:00+00:00,-0.00020651502434410052,-0.00032077167462442124,0.0001423029648560986,-1.4023157287906667e-05,-1.4023157287906667e-05,0.028046314575813334,1.074144878102738,0.11192800955460433
2025-05-13 00:00:00+00:00,-0.010799131488976599,-0.010856008009882411,5.687652090580204e-05,0.0,0.0,0.0,1.0873690395792965,0.10217540720203624
2025-05-14 00:00:00+00:00,0.007730352330199031,0.00786515438521073,6.235998351809962e-05,-9.858101926491517e-05,-9.858101926491517e-05,0.19716203852983033,1.092593175953451,0.12571301098176318
2025-05-15 00:00:00+00:00,-0.008582016461213593,-0.00865675667893561,0.00011575286777092296,-2.42199123079547e-05,-1.6792737740984223e-05,0.0484398246159094,1.016588927046164,0.06921039443121388
2025-05-16 00:00:00+00:00,0.014738613816832835,0.015068690799400911,8.18480423342323e-05,-0.0002059625124511348,-0.0002059625124511348,0.4119250249022696,0.9609527032381044,0.1046338974170394
2025-05-17 00:00:00+00:00,0.006461801364169295,0.006373681810815536,8.811955335373045e-05,0.0,0.0,0.0,0.9504580193149725,0.11029487564991924
2025-05-18 00:00:00+00:00,0.00031599456226660827,0.00042336771340486655,0.00011492395361204622,-0.00011114855237519504,-0.00011114855237519504,0.22229710475039005,0.9240730014286519,0.10932124900534346
2025-05-19 00:00:00+00:00,-0.0019415068943353653,-0.001985898810422841,4.439191608748765e-05,0.0,0.0,0.0,0.9524328141635856,0.107544147899513
2025-05-20 00:00:00+00:00,0.011378733772285932,0.01150593326755912,5.1908960953741126e-05,-8.955422811349011e-05,-8.955422811349011e-05,0.17910845622698024,0.9330237535608116,0.11342742988168675
2025-05-21 00:00:00+00:00,0.0027872983661469952,0.0032300667282758096,-4.994298188737447e-05,-0.00019641269012069215,-0.00019641269012069215,0.39282538024138436,0.95003876882852,0.11670816175242386
2025-05-22 00:00:00+00:00,-0.014863657755333493,-0.014625126677291468,7.98469428154078e-05,-0.00015918901042874376,-0.00015918901042874376,0.3183780208574875,0.8717721749572944,0.0011787922160193677
2025-05-23 00:00:00+00:00,-0.0025752255351662034,-0.0025106391778851453,4.3663127767843525e-05,-5.4124742524458544e-05,-5.4124742524458544e-05,0.10824948504891709,1.031946608412474,0.10719368600445824
2025-05-24 00:00:00+00:00,0.013403622553415317,0.013610835144121113,-1.5533134233065498e-05,-9.583972823639564e-05,-9.583972823639564e-05,0.19167945647279128,0.9575261080206156,0.12465266422139747
2025-05-25 00:00:00+00:00,0.005463362730446564,0.005956655977427721,-0.00010196919060172334,-0.00019566202818967418,-0.00019566202818967418,0.39132405637934836,0.9614452511438807,0.14217213804244877
2025-05-26 00:00:00+00:00,0.002245696405196451,0.002838474720556311,-2.4464974654049946e-06,-0.0002951659089471877,-0.0002951659089471877,0.5903318178943755,1.0045060036176734,0.09219422241233369
2025-05-27 00:00:00+00:00,-0.006832806968513294,-0.006337363288846717,8.40644018745917e-05,-0.0003043779481368958,-0.00027513013340427564,0.6087558962737917,0.9994705104963061,0.04541302139652252
2025-05-28 00:00:00+00:00,0.011166311175041077,0.011182971929211031,-1.666075416993068e-05,0.0,0.0,0.0,0.9983172953457041,0.055971003681842484
2025-05-29 00:00:00+00:00,0.0012366652186202032,0.0018363972983884583,-7.657619705442594e-06,-0.00029603723003137364,-0.00029603723003137364,0.5920744600627473,0.9919745296710281,0.050651727205728685
2025-05-30 00:00:00+00:00,-0.008862355883781925,-0.008193222642082275,7.06046505114563e-05,-0.0004003376292425056,-0.00033940026296863863,0.8006752584850112,0.9596151929415557,0.017565760380844956
2025-05-31 00:00:00+00:00,0.019869318976738493,0.02010068265550312,-4.3148537382714534e-05,-9.410757069097316e-05,-9.410757069097316e-05,0.18821514138194634,0.8987099433561517,0.024423275685303537
2025-06-01 00:00:00+00:00,-0.004387855806477936,-0.004149718779035168,-1.678104977719138e-05,-0.00011067798883276191,-0.00011067798883276191,0.2213559776655238,0.939885561983657,-0.008878365819384353
2025-06-02 00:00:00+00:00,-0.005431055340935131,-0.0051301027864214515,3.734634898626595e-05,-0.00018470284325110216,-0.0001535960602488965,0.3694056865022043,0.9780783292443961,-0.015565249117271843
2025-06-03 00:00:00+00:00,-0.0004731830320957586,-0.00012864391165260235,4.256185185626553e-05,-0.00019355048614972333,-0.00019355048614972333,0.3871009722994467,1.0024849154826168,-0.011634636327523686
2025-06-04 00:00:00+00:00,0.0011163600479131564,0.0013271203835362607,-5.55940169807166e-06,-0.00010260046696256051,-0.00010260046696256051,0.20520093392512104,0.9890219392689656,0.005316230449112886
2025-06-05 00:00:00+00:00,0.009684175296638564,0.010253249229261633,9.775309258632533e-06,-0.0003231091831039628,-0.000255740058777638,0.6462183662079256,0.9785635438084604,0.15658656557081116
2025-06-06 00:00:00+00:00,-0.006087629363844882,-0.005926146885155252,4.891939405231729e-05,-0.00010520093637096996,-0.00010520093637096996,0.2104018727419399,0.9284492971405947,0.14938955621600275
2025-06-07 00:00:00+00:00,0.0019699893802429536,0.002098936815474306,8.298011235650428e-05,-0.00010596377379395381,-0.00010596377379395381,0.21192754758790763,1.0173026199698973,0.08538381874081478
2025-06-08 00:00:00+00:00,0.0035753530754285556,0.0036659510989659355,8.842646013176775e-05,-0.00010715605113391751,-7.186843253511911e-05,0.21431210226783504,1.0259115032054245,0.06786842785669789
2025-06-09 00:00:00+00:00,-0.003200229384236919,-0.003032699535425488,4.051800695598396e-05,-0.0001040239278836856,-0.0001040239278836856,0.2080478557673712,1.0342109824146206,0.07423889974630135
2025-06-10 00:00:00+00:00,0.007660003071240817,0.00802687316505612,3.702124376192044e-05,-0.0002019456687885815,-0.0002019456687885815,0.40389133757716306,1.0675351238867494,0.09680138339949979
2025-06-11 00:00:00+00:00,0.008157175222896829,0.008405296767395874,2.088433931806533e-06,-0.000143315155493907,-0.00010689482293684131,0.28663031098781405,1.0453514916865188,0.16094819492375959
2025-06-12 00:00:00+00:00,-0.005453751564670872,-0.005312092757252276,0.00010936723249355509,-0.00012551301995609984,-0.00012551301995609984,0.2510260399121997,1.0070371165469403,0.13600356024868238
2025-06-13 00:00:00+00:00,0.00958284234568807,0.009924173355105145,1.921627622909047e-05,-0.00019823773331610533,-0.00016230955233000166,0.3964754666322106,0.9543431725777201,0.12084267610163252
2025-06-14 00:00:00+00:00,0.017405995675461527,0.017686128127202497,-0.00011445920690506422,-8.283662241796314e-05,-8.283662241796314e-05,0.16567324483592627,0.9430440633541671,0.1316494968937363
2025-06-15 00:00:00+00:00,-0.008911795856592408,-0.008862403893682931,0.0001199064643383657,-8.464921362392437e-05,-8.464921362392437e-05,0.16929842724784872,0.9286569913988499,0.11966441007723853
2025-06-16 00:00:00+00:00,0.00574907189214513,0.006152536795808927,1.07593044141132e-06,-0.00020227041705256411,-0.00020227041705256411,0.4045408341051283,0.9753386884573443,0.10381495319038922
2025-06-17 00:00:00+00:00,-0.0005647031868619701,-0.0003896398790637768,7.544100616637582e-06,-0.00010656048939380961,-7.604691902100521e-05,0.21312097878761924,0.9804852952506958,0.04774951998035947
2025-06-18 00:00:00+00:00,0.0038477742666569448,0.004423064662584359,-1.126561618267642e-05,-0.00029754257487638616,-0.00026648220486830213,0.5950851497527723,0.9463183335766061,0.06929393601163569
2025-06-19 00:00:00+00:00,0.003312150682461157,0.0038497702916988814,4.641972927106952e-05,-0.0003063901472679609,-0.00027764919124090715,0.6127802945359218,0.9625295504400039,0.025454406304459526
2025-06-20 00:00:00+00:00,-0.004086998882323667,-0.003349971956804698,2.348261707355471e-05,-0.00039459320018057887,-0.00036591634241197127,0.7891864003611576,0.9835415690307794,0.03375078828536531
2025-06-21 00:00:00+00:00,-0.005646136784064892,-0.005069020733312168,3.220493829623729e-05,-0.0003046604945244845,-0.0003046604945244845,0.609320989048969,0.9374521075147788,0.017319826471912655
2025-06-22 00:00:00+00:00,-0.007152583460035444,-0.006822114262740543,3.200952072219043e-05,-0.00019663265712533144,-0.00016584606089176522,0.39326531425066286,0.9113799236644501,0.015060553819947739
2025-06-23 00:00:00+00:00,0.005787680834359543,0.006447301194501966,-1.3688527264045122e-06,-0.0003438818940854241,-0.000314369613330493,0.6877637881708483,0.9982159117012279,-0.11854149730111535
2025-06-24 00:00:00+00:00,-0.01429896483403481,-0.013559313450306367,5.326315904081593e-05,-0.0004112969838410968,-0.00038161755892814037,0.8225939676821937,1.0964330577237122,-0.057496127334027605
2025-06-25 00:00:00+00:00,-0.00618235310956905,-0.005785617268930711,8.555113730858317e-05,-0.0002411434889734529,-0.0002411434889734529,0.4822869779469058,1.0291685260062797,0.006403905422364362
2025-06-26 00:00:00+00:00,0.017875917897446136,0.01836161169483041,7.224518062763523e-05,-0.0003126942707346559,-0.00024524470727729515,0.6253885414693118,0.9512055969908786,0.10688099912040727
2025-06-27 00:00:00+00:00,0.006695081075596576,0.006897242149491589,-1.5990946059418476e-05,-9.308506391785042e-05,-9.308506391785042e-05,0.18617012783570083,0.9557206796849901,0.141858640935257
2025-06-28 00:00:00+00:00,0.0033210666924603505,0.003711180703523009,2.178082852828606e-06,-0.00019614604695779075,-0.00019614604695779075,0.39229209391558156,0.9770894078329778,0.14775263064571506
2025-06-29 00:00:00+00:00,-0.00603894416023909,-0.006087817015189373,4.88728549502383e-05,0.0,0.0,0.0,0.9925640469031835,0.1425255172707326
2025-06-30 00:00:00+00:00,0.0028709107465083594,0.0032243725497456393,3.529437944238417e-05,-0.00019437809133983133,-0.00019437809133983133,0.3887561826796626,1.0212867704626005,0.10267547332731441
2025-07-01 00:00:00+00:00,0.001355403207470296,0.0019629204125809043,-4.8849281099369224e-05,-0.00029703319725976407,-0.00026163472675152046,0.5940663945195281,1.0012304638268337,0.08025344779902661
2025-07-02 00:00:00+00:00,-0.0024657687980643717,-0.002055335547077045,-1.0080468429270394e-05,-0.00020017639127905315,-0.00020017639127905315,0.40035278255810636,0.9653699684683299,0.07778850646956008
2025-07-03 00:00:00+00:00,-0.008651528114811513,-0.007913660201005307,6.466025544626426e-05,-0.00042001221349222573,-0.0003825159557602736,0.8400244269844513,1.076000322719976,0.19690415464897032
2025-07-04 00:00:00+00:00,-0.0036727180383957503,-0.003149750963357365,8.305007602542123e-05,-0.00030300857553191017,-0.00030300857553191017,0.6060171510638203,1.0336680405510386,0.23820132759202467
2025-07-05 00:00:00+00:00,0.010639893780954868,0.011454029367621446,6.2319588704683684e-06,-0.00041018377276851525,-0.00041018377276851525,0.8203675455370306,0.9701877362649087,0.24328431337151496
2025-07-06 00:00:00+00:00,0.0008168512575073006,0.0010334876798120186,8.388649431859448e-05,-0.00015026145831160484,-0.00015026145831160484,0.3005229166232097,0.9719076279279795,0.24448400188480074
2025-07-07 00:00:00+00:00,-0.0027388641764150012,-0.0025677684141304697,7.30261521654685e-05,-0.0001220609572250088,-0.0001220609572250088,0.24412191445001757,0.9889083496490891,0.24433152841739142
2025-07-08 00:00:00+00:00,-0.00028330923303687694,-0.000213553953294253,6.51106833706502e-05,-7.905284922086515e-05,-5.581311389238083e-05,0.15810569844173028,0.9840842116741588,0.24736218403990803
2025-07-09 00:00:00+00:00,-0.0027244678411462164,-0.0023704186072856337,2.3172748046492023e-05,-0.00020013791080151044,-0.0001770840711055257,0.4002758216030209,1.0005275727014313,0.24938704490831134
2025-07-10 00:00:00+00:00,-0.013578593911845571,-0.013279278641326425,0.00010730099257347768,-0.00020330813154633602,-0.00020330813154633602,0.40661626309267207,1.0435761047660341,0.24003407737178276
2025-07-11 00:00:00+00:00,-0.010522048071321066,-0.01058346529851246,6.141722719137839e-05,0.0,0.0,0.0,1.0959750117134595,0.23189057585975315
2025-07-12 00:00:00+00:00,0.006454076657681496,0.006725489332322079,-1.3283381699032478e-05,-0.00012906464647072826,-0.00012906464647072826,0.25812929294145653,1.109292772460719,0.22912336152418653
2025-07-13 00:00:00+00:00,0.0002254703825550486,0.0003252278898061786,6.963514083946892e-05,-8.469632404532912e-05,-8.469632404532912e-05,0.16939264809065824,1.0772717812220034,0.24862399548309355
2025-07-14 00:00:00+00:00,0.019955646875315702,0.020274878106396565,0.0001262853451455888,-0.0002628794201658411,-0.0001826371560606554,0.5257588403316822,1.072149221074462,0.2379840511938401
2025-07-15 00:00:00+00:00,-0.007265703896076281,-0.007209865662990372,-2.68200099897391e-05,-1.4509111548095016e-05,-1.4509111548095016e-05,0.02901822309619003,1.0706939643739264,0.20323259025750348
2025-07-16 00:00:00+00:00,-0.017883221739521615,-0.017660676778961108,-3.256683481696328e-05,-9.49890628717625e-05,-9.49890628717625e-05,0.189978125743525,1.0686000808172165,0.2263443835397175
2025-07-17 00:00:00+00:00,0.029453547323206708,0.03001633103577252,3.113034861382039e-05,-0.00031706906183681595,-0.0002768449993428849,0.634138123673632,1.0032108077349524,0.18859103009997696
2025-07-18 00:00:00+00:00,0.02854226051426645,0.02858264071978016,-4.038020551370853e-05,0.0,0.0,0.0,1.0305269422774428,0.21114705652558355
2025-07-19 00:00:00+00:00,-0.021691792875130345,-0.021423170239362483,-4.7313105735654864e-05,-0.00011065476501611518,-0.00011065476501611518,0.22130953003223036,1.0057492011130549,0.14502801638968588
2025-07-20 00:00:00+00:00,-0.0055796724509276086,-0.005215016896574912,-4.1677592911819765e-06,-0.00019742086104810886,-0.00016306693401345164,0.39484172209621776,1.0304602899880908,0.14074033568417288
2025-07-21 00:00:00+00:00,0.005513665398733547,0.005690436780649819,4.956249951000077e-06,-9.086381593365318e-05,-9.086381593365318e-05,0.18172763186730637,1.0487065941586513,0.14762038016902804
2025-07-22 00:00:00+00:00,0.0022221268744913036,0.002656478221573984,-2.3288497707639724e-05,-0.00020553142468756973,-0.00020553142468756973,0.4110628493751395,1.0460733316631048,0.13555683793935414
2025-07-23 00:00:00+00:00,0.009821964190941612,0.010278893562492404,-5.8132401292443514e-05,-0.00021760888557177457,-0.00018118808468647592,0.43521777114354915,1.0088003279096476,0.10404199432647886
2025-07-24 00:00:00+00:00,-0.011238472768506758,-0.011012546241658823,-4.243326720513128e-05,-9.174662982139754e-05,-9.174662982139754e-05,0.18349325964279506,0.9569931838821932,0.08590615383255729
2025-07-25 00:00:00+00:00,0.006675104855913494,0.007073608529162059,-1.953934606074724e-05,-0.00020436627358734369,-0.00017459805360041448,0.4087325471746873,0.9815826667731663,0.06507864234952433
2025-07-26 00:00:00+00:00,0.015119293558424785,0.015515411383718253,-2.8912779976269448e-05,-0.00019758851063074256,-0.00016961653468641207,0.3951770212614851,1.0010621564231885,0.086042423840013
2025-07-27 00:00:00+00:00,0.005718188684650238,0.006100716245038317,-1.3408700890462247e-05,-0.00019944371366779242,-0.0001696751458297338,0.39888742733558485,1.0103016249518626,0.10524327815921108
2025-07-28 00:00:00+00:00,-0.0060058771519925225,-0.0055761805596478715,-2.638846582168043e-05,-0.0002016540632614608,-0.0002016540632614608,0.4033081265229216,1.0369255740684342,0.11135949550133906
2025-07-29 00:00:00+00:00,0.0032270398309452997,0.0036225445163717194,-1.0580862997305533e-05,-0.00020733913284638059,-0.00017758468958272328,0.41467826569276117,0.9840932599107237,0.08456810426190473
2025-07-30 00:00:00+00:00,0.002112121550896795,0.0023244008137006393,1.8380496919787681e-06,-0.00010705865624791149,-0.00010705865624791149,0.21411731249582297,0.9999821501190034,0.05744524159409302
2025-07-31 00:00:00+00:00,0.0008364310865396352,0.001203201738728782,2.186886499961401e-05,-0.00020878470304868548,-0.0001798548141400883,0.4175694060973709,1.0198807632624376,0.027243218954778936
2025-08-01 00:00:00+00:00,0.0033117772758941566,0.00370468631238088,2.3468036651188096e-05,-0.0002215682474562332,-0.00019480882568164638,0.44313649491246637,0.9334654563983639,-0.022439173188073765
2025-08-02 00:00:00+00:00,-0.004747236499621721,-0.004410220852574074,4.9307888245081634e-05,-0.0001931617676463472,-0.0001931617676463472,0.38632353529269436,0.9183689070280893,-0.0007245241419959672
2025-08-03 00:00:00+00:00,-0.005603830379301344,-0.005220423839601257,-5.730521306999903e-06,-0.00018883800919652124,-0.00018883800919652124,0.3776760183930425,0.9158702944755106,0.012721753478523053
2025-08-04 00:00:00+00:00,0.0045428059167331725,0.005049984835854916,4.657064778836556e-05,-0.00029011605820257897,-0.0002636335087074836,0.580232116405158,0.9685116635103743,0.007395729328101243
2025-08-05 00:00:00+00:00,0.007904071392069278,0.008310423721108948,1.5548637771829584e-05,-0.00021454943450250022,-0.00020735153230888825,0.42909886900500044,1.0277137305342536,0.036238115836900404
2025-08-06 00:00:00+00:00,0.0004784343277581815,0.0006151369532365635,7.492959217883581e-05,-0.0001058161088286046,-0.0001058161088286046,0.2116322176572092,0.994135568441371,0.03201413471004015
2025-08-07 00:00:00+00:00,-0.002892579171046794,-0.0027291517559180915,6.9295169382504115e-06,-9.946326339240997e-05,-7.089366867459062e-05,0.19892652678481992,1.0024748682958262,0.037857049466242854
2025-08-08 00:00:00+00:00,0.0005175060782036667,0.0008758266257485857,4.401373879080057e-05,-0.0002011671431678217,-0.0002011671431678217,0.40233428633564344,1.0476138503189727,0.05866991637053143
2025-08-09 00:00:00+00:00,0.004167908098062112,0.004534644759194184,1.5462896562368104e-05,-0.00020584400278195357,-0.0001763555549125705,0.41168800556390717,1.0512552387839793,0.06413662751828005
2025-08-10 00:00:00+00:00,-0.0014312604788512262,-0.0012084539224999514,9.582744248242587e-07,-0.00011188241538807445,-0.00011188241538807445,0.2237648307761489,1.082282259113417,0.06043403318269663
2025-08-11 00:00:00+00:00,0.006808491753115042,0.0072404972349146375,3.164408039307019e-05,-0.0002318247810963263,-0.0002318247810963263,0.4636495621926526,1.0083904674432276,0.1381376900186802
2025-08-12 00:00:00+00:00,0.01255119581299069,0.013059409308248518,-8.560081717306264e-05,-0.00021130633904242171,-0.00021130633904242171,0.42261267808484343,0.9944255495317122,0.19697765591758634
2025-08-13 00:00:00+00:00,-0.0011845331532399639,-0.0008986218041800242,-4.724434108333152e-05,-0.00011933350398829281,-0.00011933350398829281,0.2386670079765856,1.065360170371559,0.20409231443743397
2025-08-14 00:00:00+00:00,-0.003332985216938922,-0.002961128601610674,-6.425252856829453e-05,-0.00016618960542176582,-0.0001414144813381721,0.33237921084353167,1.090632521968816,0.2038548541132658
2025-08-15 00:00:00+00:00,0.008474200065546222,0.009155130414063756,5.583572003879484e-05,-0.00037427133840997823,-0.00036249473014629373,0.7485426768199563,0.8748231952334157,0.05738434288223655
2025-08-16 00:00:00+00:00,0.004611926279402656,0.005146158579306309,-5.618914697211935e-07,-0.0002790008966313301,-0.0002546695118026015,0.5580017932626603,0.8901363418961415,0.06182744663871213
2025-08-17 00:00:00+00:00,-0.008099458849977759,-0.007890339376989118,-2.4079179294933204e-06,-0.00010335577752959659,-0.00010335577752959659,0.20671155505919317,0.916465797376928,0.0682603164579128
2025-08-18 00:00:00+00:00,0.012968122529803283,0.013517611277867771,1.8596324209815197e-05,-0.0002983015918503189,-0.0002697834804240296,0.5966031837006379,0.9583355625220953,0.04439758630970908
2025-08-19 00:00:00+00:00,0.007109185554278641,0.007505953711884706,-2.678064219061826e-05,-0.00018499375770773325,-0.00018499375770773325,0.3699875154154665,0.949945072653184,0.032081002016020384
2025-08-20 00:00:00+00:00,-0.00569462449324698,-0.005168641582308363,4.288565503136429e-05,-0.00028443428298500063,-0.00028443428298500063,0.5688685659700011,0.9233568167557722,0.04776517538973105
2025-08-21 00:00:00+00:00,0.010624676983870485,0.011401270723907685,-1.6048658419487534e-05,-0.000392963039317642,-0.0003675820423001092,0.785926078635284,0.9953189720842508,0.010240663921479425
2025-08-22 00:00:00+00:00,-0.007572171050009069,-0.007225081607906808,2.8589629612882352e-05,-0.00020411306942667954,-0.00017156600228850126,0.4082261388533591,0.9648914764164902,-0.002618502019556208
2025-08-23 00:00:00+00:00,0.0018810629532248768,0.0026379219413259474,-9.781821389855455e-06,-0.0004031041539768542,-0.00034397301273442763,0.8062083079537083,1.087008394822101,0.06762635075144235
2025-08-24 00:00:00+00:00,-0.00027964413029757385,0.0001668611664510379,-1.678610381808461e-05,-0.00023016903722130258,-0.0001995501557091802,0.46033807444260516,1.0203343863734855,0.052697374411998545
2025-08-25 00:00:00+00:00,-0.002047652980114223,-0.0014029938318882867,-1.4590485823343615e-05,-0.00031503433120130505,-0.00031503433120130505,0.6300686624026102,0.9954957909592949,0.04714203973839539
2025-08-26 00:00:00+00:00,0.00031608031727858865,0.0005713259837984076,-4.8923429140061776e-05,-0.00010316111868988261,-0.00010316111868988261,0.2063222373797652,0.9011140671588526,0.040202765556553506
2025-08-27 00:00:00+00:00,-0.0004687068392225102,0.0004731012714081352,4.241838132497141e-05,-0.0005089705651041764,-0.00047525592685147085,1.0179411302083528,1.0548979532001357,-0.10680576833919882
2025-08-28 00:00:00+00:00,-0.005843445725598917,-0.0055209255517970615,4.6472686343346555e-05,-0.0001844964300725781,-0.0001844964300725781,0.36899286014515614,1.0583906783184984,-0.10369604919778873
2025-08-29 00:00:00+00:00,0.004912106751782552,0.005019088098370549,8.152034775993762e-05,-9.425084717394443e-05,-9.425084717394443e-05,0.18850169434788885,1.0664075611456545,-0.09834474351761077
2025-08-30 00:00:00+00:00,0.0024831222967749422,0.0028482262407601767,0.00010772944930987991,-0.0002537797574852385,-0.00021905363580984448,0.5075595149704771,0.9171927097218813,0.04158265247912451
2025-08-31 00:00:00+00:00,-0.005758051526655317,-0.005610386445477604,5.14992313174892e-05,-9.958215624758634e-05,-9.958215624758634e-05,0.1991643124951727,0.9469473725311663,0.05229464373693755
2025-09-01 00:00:00+00:00,0.006166972506260304,0.006289401684721624,5.6644100961733306e-05,-8.95366397115586e-05,-8.95366397115586e-05,0.1790732794231172,0.9330405701510103,0.056092218901105044
2025-09-02 00:00:00+00:00,-0.007920585035883332,-0.008018656220690637,9.807118480732552e-05,0.0,0.0,0.0,0.9272716395785311,0.048457373427260204
2025-09-03 00:00:00+00:00,-0.003078633249259388,-0.002705053559478639,3.3078601938956833e-05,-0.00021948020575042297,-0.00018717808596923824,0.4389604115008459,1.0104563940723001,-0.030912746950510085
2025-09-04 00:00:00+00:00,0.007201310141269346,0.007721823768587679,9.918639199135125e-05,-0.00032963819448993185,-0.00029006182481972683,0.6592763889798636,0.9740253541992433,0.1003294588027213
2025-09-05 00:00:00+00:00,-0.005409361776147592,-0.005461604893957725,5.2243117810154055e-05,0.0,0.0,0.0,0.9474474462462956,0.09538381949600855
2025-09-06 00:00:00+00:00,-0.006924872320816178,-0.006808515834574505,0.00010067248541438324,-0.00010851448582801067,-0.00010851448582801067,0.21702897165602134,0.9974959908780319,0.13824215175182877
2025-09-07 00:00:00+00:00,-0.004784280537969976,-0.004679127215956731,0.00012717952955832633,-0.00011616642578579459,-0.00011616642578579459,0.23233285157158917,0.9852858719053648,0.12821457825261037
2025-09-08 00:00:00+00:00,0.006654864680377903,0.006788784897428657,0.00023981367446516397,-0.00019965069326197121,-0.00017408319825385786,0.3993013865239424,0.9980780430641338,0.1370453057070648
2025-09-09 00:00:00+00:00,-0.014885536540203859,-0.014862255723306727,0.00013315305776774992,-9.097150338799837e-05,-6.54623712769122e-05,0.18194300677599673,1.035151315870468,0.15275416518028156
2025-09-10 00:00:00+00:00,0.002263559956958483,0.002562044064739397,4.704445995192681e-05,-0.00020291993582892076,-0.00014260863190402047,0.4058398716578415,1.025277316960346,0.1587214458942904
2025-09-11 00:00:00+00:00,0.013454548637984454,0.013619233873011526,7.316958222834403e-05,-0.00011892740862767821,-0.00011892740862767821,0.23785481725535643,1.0325971893736423,0.1615390281550354
2025-09-12 00:00:00+00:00,-0.008081726016526014,-0.007705748642431956,3.602777730000048e-07,-0.00020096875202214163,-0.00017536889984490577,0.40193750404428324,1.056445345161039,0.16899671204602237
2025-09-13 00:00:00+00:00,0.0003019183206376397,0.0007256763558837352,-2.1280960255816546e-05,-0.0002012385374951915,-0.0002012385374951915,0.4024770749903829,1.0719790411963785,0.16479194479679996
2025-09-14 00:00:00+00:00,0.003273494337048266,0.003521889016025257,6.853842929299008e-06,-0.00014632870137617986,-0.0001089198205302115,0.2926574027523597,1.0306725103085694,0.2144367943248791
2025-09-15 00:00:00+00:00,0.011651388501422222,0.011968276099496161,-3.294020090449312e-05,-0.00015324542145915955,-0.00013070197571020647,0.3064908429183191,0.9921018257820785,0.22964100018102238
2025-09-16 00:00:00+00:00,0.008066173988138914,0.008449220839330081,-1.7112615839712926e-05,-0.00019394531602361648,-0.0001719889193278062,0.3878906320472329,0.9835106542748252,0.244633481605437
2025-09-17 00:00:00+00:00,0.00764484798980547,0.008160118391776132,2.517676008753741e-05,-0.0002826081978459571,-0.0002578389642121923,0.5652163956919142,0.9843211652341298,0.24215117895126154
2025-09-18 00:00:00+00:00,0.0006611218181704626,0.0012529760588554223,9.677955343314392e-05,-0.0003625153332984246,-0.0003261184608196976,0.7250306665968492,1.0055180500414402,0.1213779895581755
2025-09-19 00:00:00+00:00,0.008361186168776458,0.008710040936771015,-1.3700242890104113e-05,-0.00016757726255223204,-0.00016757726255223204,0.33515452510446403,1.021987531833873,0.12986654111630136
2025-09-20 00:00:00+00:00,0.0035997369156588466,0.003990385539844924,-3.3172834664559e-05,-0.00020992950290403203,-0.00014754628661748902,0.4198590058080641,0.9726528460327252,0.18094288868574346
2025-09-21 00:00:00+00:00,0.00472989341614749,0.004842128100624463,3.687259671848494e-05,-7.455364059775121e-05,-7.455364059775121e-05,0.14910728119550243,0.9760258311037717,0.183337858857916
2025-09-22 00:00:00+00:00,0.0033178660014807626,0.0036187723951188484,5.27976752004815e-05,-0.0001953835458934501,-0.0001583205229450768,0.3907670917869002,0.9732454915290093,0.2034724314143722
2025-09-23 00:00:00+00:00,0.01705216339421023,0.01711907334128033,-6.69099470700298e-05,0.0,0.0,0.0,0.9138237524065723,0.21689300971493136
2025-09-24 00:00:00+00:00,0.005836430059478426,0.006266045298520352,-1.816042198230748e-05,-0.00024014017387076174,-0.0001713146431888841,0.48028034774152345,0.9238195552567509,0.1934631425541509
2025-09-25 00:00:00+00:00,-0.008259378051293287,-0.007836214220802181,-1.4877374532036137e-05,-0.00021823541827834078,-0.00019005103768074676,0.43647083655668156,1.0053634270990164,0.10046064059232569
2025-09-26 00:00:00+00:00,-0.005281482678925253,-0.004961607628081051,7.391248027851442e-05,-0.00019689376556134816,-0.00019689376556134816,0.3937875311226963,0.9567856889835024,0.09406391950408302
2025-09-27 00:00:00+00:00,-0.00040111742208581713,-7.328397741474294e-05,3.273054391359669e-05,-0.0001971976293329636,-0.00016336635925176028,0.39439525866592723,0.9857959135156599,0.10817055463120073
2025-09-28 00:00:00+00:00,3.68913999460041e-06,0.0005048341014261091,4.6816821490069044e-05,-0.00028794306612760765,-0.0002600187167938922,0.5758861322552153,0.9690101986176967,0.12927310103991532
2025-09-29 00:00:00+00:00,-0.0026253240537861267,-0.002677085420463902,5.176136667775028e-05,0.0,0.0,0.0,0.9977607719926989,0.12692924602216224
2025-09-30 00:00:00+00:00,0.009646625043688628,0.00981431688412381,2.9229099847833757e-06,-0.00012186767887136916,-4.8747071548547664e-05,0.24373535774273833,0.9997679786318697,0.14168363493479452
2025-10-01 00:00:00+00:00,-0.006572596192493729,-0.006099842761738133,5.929022568152688e-05,-0.000283803539509907,-0.00024824011692721536,0.5676070790198141,0.9931145158441367,0.14367871647226585
2025-10-02 00:00:00+00:00,-0.006590295732974094,-0.006631525160258418,4.122942728430012e-05,0.0,0.0,0.0,1.042419242147264,0.1379563645526551
2025-10-03 00:00:00+00:00,0.0017985551281787249,0.0017667944694670992,3.17606587115313e-05,0.0,0.0,0.0,1.0674035122315717,0.13947231038304397
2025-10-04 00:00:00+00:00,0.02152663673403965,0.022149342876130598,-4.291841841131467e-05,-0.0002898938618398414,-0.0002898938618398414,0.5797877236796828,1.0463277490834622,0.18369261770834572
2025-10-05 00:00:00+00:00,0.0209833675825144,0.021681645082396613,7.732736529013618e-05,-0.0004112151772114139,-0.00036438968796088884,0.8224303544228277,0.9892103494774873,0.08430807590833882
2025-10-06 00:00:00+00:00,0.01038032711584247,0.010479472402953504,8.168257710715207e-05,-0.00010543740707590077,-7.539045714235989e-05,0.21087481415180157,0.996496944794047,0.10426703695516025
2025-10-07 00:00:00+00:00,-0.01817158026946586,-0.017789410797927365,-2.7138811690427548e-05,-0.0001775153299240258,-0.0001775153299240258,0.35503065984805166,1.026176981026607,0.09858455447974548
2025-10-08 00:00:00+00:00,-0.007969183715461958,-0.006981622274917234,-3.361959008273835e-06,-0.0005071407205740916,-0.00047705876096233995,1.0142814411481833,0.965205241348727,0.03219935908872603
2025-10-09 00:00:00+00:00,0.033902694018515644,0.034421368266813315,2.325735568160173e-05,-0.00030014970473450815,-0.00024178189924469148,0.6002994094690164,1.028748836621136,0.07913789084250253
2025-10-10 00:00:00+00:00,0.012258774126368,0.012872260667852981,2.60135171442658e-05,-0.000319750029314605,-0.000319750029314605,0.6395000586292101,0.9858283088369353,0.022646003810656744
2025-10-11 00:00:00+00:00,0.023978430769422188,0.024383099389967904,1.1737660249699372e-05,-0.0002219635237561581,-0.00019444275703914702,0.4439270475123161,0.7907405617028889,0.007683210307710676
2025-10-12 00:00:00+00:00,0.037185307343876595,0.037954690378206105,-4.310024765140313e-05,-0.0003925044046421496,-0.00033377838203599194,0.7850088092842993,0.946125369617049,0.013514821852051107
2025-10-13 00:00:00+00:00,-0.01157432614053544,-0.011055116977843778,3.152523256415952e-05,-0.0002891620401084387,-0.00026157235514743014,0.5783240802168773,1.0458862087343233,0.02397525694619534
2025-10-14 00:00:00+00:00,-0.0055161638636636035,-0.005389655350061672,0.00020559200116092557,-0.00019728565290625093,-0.00013481486185662668,0.3945713058125018,1.0843695617376705,-0.003333420616539919
2025-10-15 00:00:00+00:00,-0.003854266774604098,-0.0035416685223428634,9.620851010057175e-05,-0.00022022840796026303,-0.00018857835440154534,0.44045681592052605,1.0070115529339319,-0.039075583528980065
2025-10-16 00:00:00+00:00,0.0004210104991202446,0.0009183767604767061,0.00012105775465693804,-0.00030921200800665833,-0.00030921200800665833,0.6184240160133166,0.9234691698036065,0.032087670146424344
2025-10-17 00:00:00+00:00,-0.00560865911512487,-0.005368733383404426,0.00016003770997343798,-0.00021697315334617614,-0.00018299028834766108,0.4339463066923523,0.9391256797263692,0.07862724960834122
2025-10-18 00:00:00+00:00,0.010715184759988672,0.01082770112898962,6.1258567540098e-05,-8.688746827057508e-05,-8.688746827057508e-05,0.17377493654115014,0.9055339789593904,0.08061947131060856
2025-10-19 00:00:00+00:00,-0.002182081622990051,-0.0016639412899423433,0.00010197342233055514,-0.0003264110159137094,-0.0002937027394645488,0.6528220318274187,1.0243699409472953,-0.054397037879947555
2025-10-20 00:00:00+00:00,0.008522397909064727,0.008627781688457277,0.0002600348666698106,-0.00019785750236656543,-0.00016756114369568788,0.3957150047331308,1.061138017082039,-0.026976798899005536
2025-10-21 00:00:00+00:00,0.01002534712924219,0.009945994972462442,0.0002494244853368212,-0.00010034045778708454,-6.973187076989521e-05,0.2006809155741691,1.0842247268768659,-0.013518940646647484
2025-10-22 00:00:00+00:00,-0.0020550122668514526,-0.001679114111695846,5.2833163514071925e-05,-0.0002294561275822939,-0.00019927519108734796,0.4589122551645878,0.9958548875828493,-0.022371285215626716
2025-10-23 00:00:00+00:00,-0.012499995014195742,-0.012259760376250074,0.0001372453795673601,-0.00020336603150079973,-0.000174113986012234,0.4067320630015995,0.9608862647641565,-0.02680791965244542
2025-10-24 00:00:00+00:00,-0.0048502700756168915,-0.004936554187911692,0.00028856229302974193,-0.00010113909036745383,-0.00010113909036745383,0.20227818073490766,0.9930172973475266,-0.03708624060171827
2025-10-25 00:00:00+00:00,0.014005230394158241,0.013618452505815889,0.00038677788834227093,0.0,0.0,0.0,1.004949203681033,-0.023143655863372765
2025-10-26 00:00:00+00:00,-0.0016525506152214042,-0.0018703115293400177,0.00021776091411864704,0.0,0.0,0.0,1.0044829473323467,-0.025055372664222968
2025-10-27 00:00:00+00:00,0.007857586433602792,0.007853380007131698,0.00021222297854169985,-0.00010400827603525819,-0.00010400827603525819,0.2080165520705164,1.0560931203144188,-0.017049854793679337
2025-10-28 00:00:00+00:00,0.010699725587480113,0.010854524511713006,0.0001162584403475055,-0.00013552868229019935,-0.00013552868229019935,0.27105736458039875,0.9795114998437295,-0.05537555869484043
2025-10-29 00:00:00+00:00,-0.00011842527656058532,3.505134949386361e-05,6.140909401500162e-05,-0.0001074428600347324,-0.0001074428600347324,0.21488572006946483,0.9423717841294665,-0.05041930592831881
2025-10-30 00:00:00+00:00,0.011348494115754448,0.011533833723621153,0.0001934993155203078,-0.00020566662145096376,-0.0001731723019360005,0.4113332429019274,0.9636772639562379,-0.06012746663431802
2025-10-31 00:00:00+00:00,0.008849945397900516,0.008750049096850262,0.0003110736566876918,-0.00010558867781874425,-0.00010558867781874425,0.2111773556374885,0.9183291756185015,-0.06316108770836108
2025-11-01 00:00:00+00:00,-0.0021211191686337783,-0.0022242815897235728,0.0005549653623038458,-0.00022590147060699907,-0.00022590147060699907,0.4518029412139981,1.0179138012853768,-0.13055136393456787
2025-11-02 00:00:00+00:00,-0.00865231273252376,-0.008975021200964231,0.0005856308363130376,-0.00013146118393625745,-0.00013146118393625745,0.2629223678725149,1.0595402663581845,-0.14349494720235545
2025-11-03 00:00:00+00:00,-0.008338376297255867,-0.00800724708604396,0.0005154569914042065,-0.00042329310130804045,-0.00042329310130804045,0.8465862026160808,1.0286044577621642,-0.12040475805512274
2025-11-04 00:00:00+00:00,0.06071399334462946,0.06100452641074211,0.00029410147841309653,-0.000292317272262832,-0.000292317272262832,0.584634544525664,0.9261742951311354,-0.04095826068383658
2025-11-05 00:00:00+00:00,0.01598033417104916,0.015126983736259496,0.0014236231617139265,-0.0002996289160958,-0.00027064381082853506,0.5992578321916,0.9307056847221656,-0.0012140006065212616
2025-11-06 00:00:00+00:00,-0.021380338799909526,-0.02211560644837797,0.0009240651214027005,-0.00010968249327382525,-7.911497966047023e-05,0.21936498654765046,1.0050393614629032,-0.007917319571099412
2025-11-07 00:00:00+00:00,0.06601503944883258,0.06192767942950953,0.004087360019323109,0.0,0.0,0.0,0.9804408029683819,0.050665664047606286
2025-11-08 00:00:00+00:00,0.08031381757607337,0.07784096445166841,0.0028723729728583375,-0.00019975992422665938,-0.00019975992422665938,0.3995198484533188,1.0414142589692317,0.08316613223654619
2025-11-09 00:00:00+00:00,-0.04523487211134081,-0.04539189603511293,0.00019654839419704274,-1.9762235212441184e-05,-1.9762235212441184e-05,0.039524470424882364,0.9957386743392628,-0.001833156838603726
2025-11-10 00:00:00+00:00,-0.015583501334362593,-0.01574169014873346,0.0005787101577017088,-0.00021026067166541739,-0.00021026067166541739,0.42052134333083485,1.00694552018834,-0.047058922209459335
2025-11-11 00:00:00+00:00,-0.04425367496090049,-0.0439483948768211,0.00015373456467470875,-0.00022950732437706045,-0.00022950732437706045,0.4590146487541209,1.0154812529010773,-0.05460057234784082
2025-11-12 00:00:00+00:00,-0.011769906694542365,-0.011371017805549484,-4.677470224617222e-06,-0.00019710570938411966,-0.00019710570938411966,0.39421141876823934,0.9501798352949787,-0.07848018771143771
2025-11-13 00:00:00+00:00,0.008151705459527925,0.008401011327552586,-3.934215233846016e-05,-0.00012221448334810237,-8.774923233805491e-05,0.24442896669620476,0.9247082288111776,-0.1026247123494534
2025-11-14 00:00:00+00:00,0.006451763529554677,0.0067529658773827295,5.234221211952211e-05,-0.00019369514579180993,-0.00015984941415577298,0.3873902915836198,0.9047089176126949,-0.0749609401344462
2025-11-15 00:00:00+00:00,0.04023150790110064,0.04004405643248093,0.0001874514686197793,0.0,0.0,0.0,0.8610704607729162,-0.03356645461779723
2025-11-16 00:00:00+00:00,0.03025526660541411,0.027596715211146993,0.0029169232998354157,-0.00015016682896497088,-0.00010820507660326442,0.30033365792994177,1.000219730267813,-0.12147712424426575
2025-11-17 00:00:00+00:00,0.0074833974635879486,0.004919137048096404,0.0029682124955014277,-0.00020197604000496652,-0.00020197604000496652,0.40395208000993305,0.963022895663724,-0.14163599655848355
2025-11-18 00:00:00+00:00,0.004184562888988719,0.0021827021734699575,0.0021838521173323977,-9.09957009068468e-05,-9.09957009068468e-05,0.18199140181369358,0.9134395825582773,-0.15777851751365138
2025-11-19 00:00:00+00:00,-0.015119679018791743,-0.015315465499208267,0.00038327934670055275,-0.00011001173414234238,-7.748113214165985e-05,0.22002346828468475,0.947703870130884,-0.1789524752788282
2025-11-20 00:00:00+00:00,0.0119617384950097,0.011571142841777177,0.0003905956532324555,0.0,0.0,0.0,0.9218381835239976,-0.1654028270732655
2025-11-21 00:00:00+00:00,0.005924221450434253,0.005409182086902155,0.0005387894586981055,-1.1875047582998423e-05,-1.1875047582998423e-05,0.023750095165996844,0.8883841472966669,-0.13544116635736023
2025-11-22 00:00:00+00:00,-0.014935212055760094,-0.014842079289881892,0.00011931729894682222,-0.00012401286217870541,-8.843720264632948e-05,0.24802572435741083,0.8761703187467437,-0.18622770809742348
2025-11-23 00:00:00+00:00,-0.011234643661076515,-0.011047193014956552,1.4483850849554473e-05,-0.00010096724848476973,-0.00010096724848476973,0.20193449696953944,0.9394025843309277,-0.13688507909200134
2025-11-24 00:00:00+00:00,-0.004678660608978369,-0.004953320566720701,0.000520719722837327,-0.00012302988254749448,-0.00012302988254749448,0.24605976509498895,0.9952591506857543,-0.17943193974323615
2025-11-25 00:00:00+00:00,-0.02366589412705722,-0.023676470774687805,0.00018886191836707368,-9.260303651376381e-05,-8.56822342226875e-05,0.18520607302752762,1.051581280204829,-0.24370572580852173
2025-11-26 00:00:00+00:00,0.0007108143426941549,0.0005240351069751402,0.000186779235718981,0.0,0.0,0.0,1.0477927398242113,-0.2430089564498989
2025-11-27 00:00:00+00:00,0.004906444134979315,0.0032136870337171096,0.0016927571012622768,0.0,0.0,0.0,1.0848624446801514,-0.23862447177617246
2025-11-28 00:00:00+00:00,-0.019831428392417805,-0.02058002898722971,0.0009276270773109791,-8.951324124953476e-05,-8.951324124953476e-05,0.1790264824990695,1.0627561416314288,-0.2861723914871265
2025-11-29 00:00:00+00:00,-0.0001720940839659013,-0.0007841015637967384,0.0006260172065645774,-1.000694766694193e-05,-4.002779066776772e-06,0.02001389533388386,1.0274342749568564,-0.26698854486609724
2025-11-30 00:00:00+00:00,-0.005819331653897808,-0.0049221947345617,0.00028398595810621524,-0.0006153752734958849,-0.00056574760394646,1.2307505469917697,0.9927580377946612,0.10974987904318574
2025-12-01 00:00:00+00:00,-0.0012049972527715669,-0.0014385899717926527,0.00023359271902109057,0.0,0.0,0.0,0.9803083826113352,0.10844196133688906
2025-12-02 00:00:00+00:00,-0.005099836127705593,-0.005013420878430656,-8.64152492749469e-05,0.0,0.0,0.0,0.9268927405358085,0.10395871285808196
2025-12-03 00:00:00+00:00,-0.0033585890833121024,-0.002527633814408454,0.00016564023563052783,-0.0005188535800572536,-0.0004777419244769007,1.037707160114507,1.067103808962936,-0.09420708290870684
2025-12-04 00:00:00+00:00,0.0013747246371134114,0.0012742722365280982,0.00031180556241349806,-0.00010567658091414479,-0.00010567658091414479,0.21135316182828956,1.1030579633014357,-0.06528585671423547
2025-12-05 00:00:00+00:00,-0.013121501962507942,-0.012906707527726189,0.00024485472491740456,-0.0002532694909586014,-0.00020637966874060957,0.5065389819172028,0.9966931226094112,0.006732395369726712
2025-12-06 00:00:00+00:00,-0.001248985950814463,-0.0009973609999970922,0.00024130707048631176,-0.0002464660106518683,-0.0002464660106518683,0.49293202130373664,0.9295822746857311,0.09779354483159604
2025-12-07 00:00:00+00:00,0.012328665215916246,0.012288077403669636,0.0003826346831986801,-0.0001843345703266503,-0.0001577123006254127,0.36866914065330064,0.9461936461988039,0.13367514739903835
2025-12-08 00:00:00+00:00,-0.007196657357978475,-0.006993232034152316,0.0002112123552199114,-0.00022216734594330002,-0.00019247033310272393,0.4443346918866,0.9969818165891751,0.05499962332505307
2025-12-09 00:00:00+00:00,-0.013692639868730483,-0.013748054825245397,5.5414956514880554e-05,0.0,0.0,0.0,1.0525478567545452,0.041824252932997866
2025-12-10 00:00:00+00:00,0.00553794954466702,0.005613927508673799,0.00015359750664725928,-0.00011478773532705516,-0.00011478773532705516,0.22957547065411035,1.0361003826945836,0.09511824474852419
2025-12-11 00:00:00+00:00,0.003906307611680981,0.003956769196505208,0.00014824362120044755,-0.00011567044203519218,-8.303476398945172e-05,0.23134088407038436,0.9916478716247545,0.0849733846669332
2025-12-12 00:00:00+00:00,-0.006053687606612623,-0.005382887657889185,-0.00027243112194893777,-0.00021454151252650274,-0.00018382731424800396,0.4290830250530054,1.0052942824794544,0.13783574677386679
2025-12-13 00:00:00+00:00,-0.010921351519444178,-0.010350054519818774,-0.00015463473064577986,-0.0002241055810452098,-0.00019255668793443357,0.4482111620904196,1.0069492839671998,0.14248124931290165
2025-12-14 00:00:00+00:00,-0.0018809459870166023,-0.0015743936912760573,4.9387120339523475e-05,-0.00020796729111492143,-0.0001479721249651585,0.4159345822298428,0.9972553434979906,0.16100731805226995
2025-12-15 00:00:00+00:00,-0.013596622319012153,-0.013144080645475871,1.3150239261938815e-06,-0.0002269283487312351,-0.0002269283487312351,0.45385669746247026,0.9549717607590061,0.06052039925382912
2025-12-16 00:00:00+00:00,-0.000729423077981739,8.684004357943986e-05,6.332114205046372e-05,-0.00044795924569093434,-0.00043162501792076116,0.8959184913818686,0.9902215928771444,-0.08197821113504196
2025-12-17 00:00:00+00:00,-0.006222485351766505,-0.006061242893000551,6.295836119825157e-05,-0.00011210040998211511,-0.00011210040998211511,0.22420081996423022,1.007921404347127,-0.0933223956427987
2025-12-18 00:00:00+00:00,0.009446586437641624,0.009839747656684895,0.00012366312857985215,-0.0002879288313197568,-0.00022889551630336956,0.5758576626395135,0.9655417201212326,-0.07398081129733539
2025-12-19 00:00:00+00:00,-0.000488741294588757,-0.00013479446072466703,0.00021726357164455885,-0.0003019326967535814,-0.00026927770875506213,0.6038653935071628,0.9627022950984464,-0.07950751449732339
2025-12-20 00:00:00+00:00,-0.009378113149306921,-0.009478196483518612,0.00010008333421171182,0.0,0.0,0.0,1.0459531595562597,-0.08982812934180011
2025-12-21 00:00:00+00:00,-0.02681021733228195,-0.026278502272230723,8.698516868545045e-05,-0.0003093501143683588,-0.0003093501143683588,0.6187002287367177,1.046599170110437,-0.1542358068450124
2025-12-22 00:00:00+00:00,-0.004295570213146194,-0.003631770773984113,0.00016084720851469185,-0.000412323323838395,-0.000412323323838395,0.82464664767679,1.001757288310103,-0.15688265066485424
2025-12-23 00:00:00+00:00,-0.00691097786528494,-0.006632617405887503,0.00011333712790484625,-0.00019584879365114633,-0.00019584879365114633,0.39169758730229276,1.011807098843207,-0.16954752435994178
2025-12-24 00:00:00+00:00,-0.0031688153215942982,-0.0027198402663680035,9.501287293502855e-05,-0.0002839743479222046,-0.00026001358023914874,0.5679486958444092,0.9965872768307608,-0.1890955715819766
2025-12-25 00:00:00+00:00,0.005779140721973164,0.006056285828343561,9.239781029589148e-05,-0.00019656976656695684,-0.0001729731500992922,0.3931395331339137,0.992097002951,-0.19036478489622127
2025-12-26 00:00:00+00:00,-0.0033495160470712326,-0.003073220076109059,-3.9489574035948726e-05,-0.0001184031984630945,-0.0001184031984630945,0.23680639692618893,0.9924429763921438,-0.19920168762835372
2025-12-27 00:00:00+00:00,-0.0013981048410867114,-0.0009865367873342834,4.003823992139164e-05,-0.0002440672005032864,-0.00020753909317052137,0.48813440100657285,1.0075022068988915,-0.1993740002676102
2025-12-28 00:00:00+00:00,0.017411299870295993,0.017504184625122425,6.409897068261202e-05,-7.849186275455717e-05,-7.849186275455717e-05,0.15698372550911432,1.0332449240341834,-0.18056852053730424
2025-12-29 00:00:00+00:00,0.002674377006530504,0.0037781249540952133,2.509198601691064e-05,-0.000586843488957345,-0.0005419964446242353,1.17368697791469,0.9991707115500599,0.13629413867008888
2025-12-30 00:00:00+00:00,0.0022813117325868326,0.0027077474617769612,0.00012693444615760296,-0.00028972372351579695,-0.00026364645183186996,0.5794474470315938,0.986668696023553,0.12345604063396423
2025-12-31 00:00:00+00:00,-0.005320440018728112,-0.0044607819091789696,4.076875236880435e-05,-0.000450213430958991,-0.000450213430958991,0.9004268619179819,1.0336597190370524,-0.0750098287348885
2026-01-01 00:00:00+00:00,0.0021852009917202597,0.002439716058746014,0.00013160882533294388,-0.0002100645461289244,-0.00017605934622982931,0.42012909225784867,0.9880451849475188,-0.09758174548664109
2026-01-02 00:00:00+00:00,-0.006048279821976643,-0.005902596294919437,0.00023360220719759758,-0.00022345329671591806,-0.00015583243753891708,0.4469065934318361,1.042882585396002,-0.10875484163661275
2026-01-03 00:00:00+00:00,-0.03276520920579451,-0.03263780027046318,0.0002839593211896183,-0.00022328540059457893,-0.00018808285592632128,0.4465708011891578,1.071041786622188,-0.17894211378633634
2026-01-04 00:00:00+00:00,0.01170134591196792,0.011841119302690063,0.0002443690980928752,-0.000210573236234319,-0.00017356925258061494,0.421146472468638,1.0458638478115878,-0.1763259377116317
2026-01-05 00:00:00+00:00,-0.012404655232949868,-0.012462255778568455,0.00026143313989705053,-0.00012041122593318286,-8.342136834523363e-05,0.24082245186636564,1.0592359979165957,-0.18531030521757458
2026-01-06 00:00:00+00:00,-0.012075759928680596,-0.011837604394143322,0.00012783826807941055,-0.00020050359212551403,-0.00016549021049115209,0.401007184251028,1.10143754122642,-0.1906357205558626
2026-01-07 00:00:00+00:00,-0.011567769524605698,-0.011070649237262283,6.921434871395022e-05,-0.00030115348022135007,-0.0002651811558360166,0.6023069604427002,1.0795893739104583,-0.1880297974310949
2026-01-08 00:00:00+00:00,0.0023496665362179314,0.002482757248993055,5.43243581430493e-05,-9.370753545905461e-05,-9.370753545905461e-05,0.1874150709181092,1.0194011982626712,-0.16013237212258813
2026-01-09 00:00:00+00:00,-0.0063398800151781565,-0.005812212282805667,-3.9671486140731823e-05,-0.0002439981231158569,-0.0002439981231158569,0.48799624623171384,0.9632135874047448,-0.050882795372058795
2026-01-10 00:00:00+00:00,0.0036300738413206357,0.0041725331044234724,4.466251932190735e-05,-0.00029356089121239154,-0.00029356089121239154,0.587121782424783,1.0030599415223094,0.017703494122916323
2026-01-11 00:00:00+00:00,0.01065214931650793,0.010883592376903733,-2.484341379271223e-05,-0.0001032998233015885,-0.0001032998233015885,0.20659964660317698,0.9920990783875686,0.03853753443165592
2026-01-12 00:00:00+00:00,-0.0058029583505840865,-0.005433285431080115,3.4675912834982715e-05,-0.00020217441616948066,-0.00020217441616948066,0.4043488323389613,0.990755723869191,0.05957432603846077
2026-01-13 00:00:00+00:00,-0.01200653404484886,-0.011681235232870632,9.402018924190044e-05,-0.00020965950061009107,-0.00020965950061009107,0.4193190012201821,0.9705054634167424,0.062256000137248045
2026-01-14 00:00:00+00:00,0.010165994843918336,0.010688809272380605,5.873460222365776e-05,-0.00030448254925826687,-0.0002770664814275496,0.6089650985165337,1.0248546662627533,0.07842182794841758
2026-01-15 00:00:00+00:00,-0.01063758419232086,-0.010404024785646584,-9.241037574045172e-06,-0.00011215918455012152,-0.00011215918455012152,0.224318369100243,1.032525361721018,0.060782929089995816
2026-01-16 00:00:00+00:00,0.017229575490721016,0.0179644355740076,0.00025396324164216776,-0.0005247137541776219,-0.00046410957075122524,1.0494275083552442,0.9354790836273207,0.052984091639469835
2026-01-17 00:00:00+00:00,-0.006934786741315313,-0.007830124943996201,0.001257339596715329,-0.00019533807013830842,-0.00016666332389611818,0.3906761402766169,0.9537419652626331,0.02809623256738338
2026-01-18 00:00:00+00:00,-0.016900839087736985,-0.01660035115970214,-0.00013478348852364778,-9.718559068039716e-05,-6.851884883084534e-05,0.1943711813607943,0.9543360237964437,0.015009117111276706
2026-01-19 00:00:00+00:00,0.017225927978925526,0.01611776109786678,0.0014439470827008062,-0.000198013507307404,-0.00013776669433474375,0.39602701461480794,0.9210482268069679,0.016982729689755657
2026-01-20 00:00:00+00:00,0.0036880268058532284,0.003833209739229405,0.00033429745467962186,-0.00023974019402784927,-0.00023974019402784927,0.4794803880556985,1.0129030778848576,-0.0897037391631243
2026-01-21 00:00:00+00:00,-0.014771798255060031,-0.014738195956041757,0.00012567668863718235,-9.347832251392715e-05,-6.580066514157168e-05,0.1869566450278543,0.9659439266219636,-0.10353236511739841
2026-01-22 00:00:00+00:00,-0.004857583396326248,-0.004634993569833562,-4.260596326996117e-05,-8.999193161134686e-05,-8.999193161134686e-05,0.17998386322269372,0.9883642766745095,-0.11106513064277798
2026-01-23 00:00:00+00:00,-0.00861477934985555,-0.008146641272040641,-0.00010266867444122933,-0.0001996728104029589,-0.00016579659297074015,0.3993456208059178,0.9846708667562029,-0.13254609734371836
2026-01-24 00:00:00+00:00,0.004816648721161609,0.0049090191956870114,0.0004484868839676739,-0.0002704286792465917,-0.0002704286792465917,0.5408573584931834,1.0236205554078883,-0.08988779400098058
2026-01-25 00:00:00+00:00,-0.00876163649599171,-0.008582540108827443,0.00019460099150230985,-0.00020345287265950793,-0.00017024450600710365,0.40690574531901585,1.015776877891406,-0.09938861525035872
2026-01-26 00:00:00+00:00,-0.006452969709223377,-0.005811385484231175,-9.698803782015939e-05,-0.0002890956134394059,-0.0002555005737325999,0.5781912268788117,0.9629081733235728,-0.13319516556194996
2026-01-27 00:00:00+00:00,0.0002468401859432312,0.0007763312321075096,-2.0327717013334313e-05,-0.00027336123816996516,-0.00023580209098100286,0.5467224763399302,0.9949241831291988,-0.1676838259493756
2026-01-28 00:00:00+00:00,0.006177356112366583,0.006582766526813538,0.00022189686789400532,-0.00033294934634637213,-0.0002943579359946001,0.6658986926927443,0.9933603279280154,-0.1866307067042977
2026-01-29 00:00:00+00:00,0.00450359706346859,0.0051561146742779285,0.00017323386212940973,-0.00041287573646935446,-0.00041287573646935446,0.8257514729387089,0.9469232769024039,-0.1227170503547787
2026-01-30 00:00:00+00:00,-0.006340086106844556,-0.006224896798193074,0.00013684401838407156,-0.00014295063395241528,-0.00010908269308317838,0.28590126790483056,0.9574783018149867,-0.042811872718138085
2026-01-31 00:00:00+00:00,-0.003052018306305526,-0.0026003958863869687,9.69738012163917e-05,-0.0003092759259170561,-0.00023932029521784304,0.6185518518341123,0.9987164879328679,-0.11026034184564933
2026-02-01 00:00:00+00:00,-0.005621471658512123,-0.005152362725827515,0.00012944039162256956,-0.00031619932403408095,-0.000282350000273098,0.6323986480681618,0.9347332725273785,-0.13740721082786614
2026-02-02 00:00:00+00:00,0.014614823688291478,0.014846164263176755,3.22055771705492e-05,-0.00013177307602788523,-0.00013177307602788523,0.2635461520557704,0.9296268102656446,-0.1611894449246787
2026-02-03 00:00:00+00:00,0.003508501203430825,0.003696702118278932,8.543072273080936e-05,-0.00013681581878942839,-0.00013681581878942839,0.2736316375788567,0.9646333537172929,-0.17996957862361493
2026-02-04 00:00:00+00:00,0.006799591780303205,0.007072921898535508,9.948206541624204e-05,-0.00019910496087400297,-0.0001737072227744951,0.3982099217480059,0.9247555327234482,-0.15274764384620027
2026-02-05 00:00:00+00:00,0.008797986339050379,0.00903762306830383,8.809430902660064e-05,-0.00019138851267400258,-0.00013634252560597616,0.3827770253480051,0.9037781057675889,-0.15500659958932114
2026-02-06 00:00:00+00:00,0.041076204223262636,0.04123322068304849,9.31390237064824e-05,-0.00014341650634704702,-0.00010673897714520495,0.286833012694094,0.7747328408222199,-0.16128609662495436
2026-02-07 00:00:00+00:00,-0.03913731877533333,-0.038822930772270274,0.00012271777386505285,-0.00021855288846408112,-0.00021855288846408112,0.4371057769281622,1.0792294018664512,-0.2486546118276898
2026-02-08 00:00:00+00:00,-0.004048036485171158,-0.00340291777929488,4.433037439472371e-05,-0.0003447245401354869,-0.0003447245401354869,0.6894490802709738,0.9742437510937358,-0.14977233592479838
2026-02-09 00:00:00+00:00,0.002507277071645664,0.0027164889635515796,0.000133881966095848,-0.00020539994048184002,-0.0001376939175200157,0.41079988096368,0.9515427804702388,-0.14300157077834233
2026-02-10 00:00:00+00:00,-0.007050372451404163,-0.006753935635252375,0.00017955615406466796,-0.00023799648510822375,-0.00023799648510822375,0.47599297021644743,1.0224842736032609,-0.06542045741152111
2026-02-11 00:00:00+00:00,-0.005192928010769093,-0.0050975540053999615,0.00011332043077774535,-0.00010434721807344623,-0.00010434721807344623,0.20869443614689248,1.0038265771596522,-0.07143760166563712
2026-02-12 00:00:00+00:00,-0.00016412921515396306,6.89372857029905e-05,0.0001348342417900965,-0.00021636473985569754,-0.0001515360027913565,0.4327294797113952,0.9872329559437014,-0.07421900104603428
2026-02-13 00:00:00+00:00,0.01638067399608345,0.016807655943161116,-2.715229008190144e-05,-0.0001999148284979194,-0.0001999148284979194,0.3998296569958389,0.9755001743368317,-0.06845600179591528
2026-02-14 00:00:00+00:00,-0.00013161860923238677,4.319161558253916e-05,4.5171777496280904e-05,-0.00010999100115559092,-0.00010999100115559092,0.21998200231118184,1.0218321711623009,-0.0756645334147678
2026-02-15 00:00:00+00:00,0.023300112748649404,0.024065298089047893,1.68015905866181e-05,-0.00039099346549260417,-0.00039099346549260417,0.7819869309852084,1.0212992132980876,-0.05428900409023954
2026-02-16 00:00:00+00:00,-5.3470983199521704e-05,0.00041507084839691167,0.00011661412779568157,-0.0002925779796960681,-0.0002925779796960681,0.5851559593921363,0.9637605336504578,-0.07747800174449719
2026-02-17 00:00:00+00:00,-0.0009433470988238213,-0.00044807640859414766,0.00012098721728962282,-0.0003081289537596468,-0.0003081289537596468,0.6162579075192937,0.9990111544847463,-0.16131551839748445
2026-02-18 00:00:00+00:00,0.0007172284674896723,0.0010331907629702588,5.084883819928226e-05,-0.00020141754299554963,-0.00016539359068435324,0.40283508599109924,0.9860564496076535,-0.15653089812663484
2026-02-19 00:00:00+00:00,-0.012896959181842527,-0.012783611106890263,4.406021949091716e-05,-7.870414722158835e-05,-7.870414722158835e-05,0.1574082944431767,0.9688050714212051,-0.17121433761373417
2026-02-20 00:00:00+00:00,-0.006745386556694988,-0.006568235409672823,-1.8355819252862272e-05,-7.939766388463219e-05,-7.939766388463219e-05,0.15879532776926436,0.9783641017462769,-0.17458271960768348
2026-02-21 00:00:00+00:00,-0.00029188326638107664,0.0003763856493187876,7.031925771751244e-05,-0.0003692940867086644,-0.0003692940867086644,0.7385881734173289,1.0330029018163733,-0.14292748433583083
2026-02-22 00:00:00+00:00,-0.005466371575796769,-0.005335876957210611,3.5593428413819803e-05,-8.304402350001145e-05,-8.304402350001145e-05,0.1660880470000229,1.0410129628638873,-0.1479915417570858
2026-02-23 00:00:00+00:00,-0.0011134751230305051,-0.000956870211066426,0.0002590578061336327,-0.00020783135904886433,-0.00020783135904886433,0.41566271809772865,1.005069510775419,-0.14290796478697254
2026-02-24 00:00:00+00:00,0.0020939317731929474,0.00201248315811004,0.00030293243362460536,-0.00011074190927079821,-0.00011074190927079821,0.2214838185415964,0.9562104546371135,-0.1444442049696338
2026-02-25 00:00:00+00:00,0.00477532147265558,0.00549749299503553,6.116225280669221e-05,-0.0003916668875932837,-0.0003916668875932837,0.7833337751865673,0.9624232360408815,-0.16928510825886167
2026-02-26 00:00:00+00:00,-0.0073053035448762405,-0.007346599262939616,5.5771571105369313e-05,-1.0339895030004857e-05,-4.135958012001942e-06,0.020679790060009712,1.0989899806214536,-0.19876352546901221
2026-02-27 00:00:00+00:00,-0.0010531546312820828,-0.00014869694430230885,-8.983863565320686e-05,-0.00042639292487760093,-0.00038822612644896873,0.8527858497552019,1.0215482240428866,-0.18114601929604374
2026-02-28 00:00:00+00:00,0.0022447604756281603,0.00336228351140216,4.6602686227180405e-05,-0.0005982269944700837,-0.0005658987275311287,1.1964539889401675,0.9909395295590762,-0.12621866334472295
2026-03-01 00:00:00+00:00,-0.00032330730929208684,4.44377622008586e-06,6.593328388633383e-05,-0.00019684218469922846,-0.00019684218469922846,0.3936843693984569,1.0121923278881728,-0.13616270002453157
2026-03-02 00:00:00+00:00,-0.0064620454283850215,-0.00598630415310062,-7.461761254882115e-05,-0.0002005618313677783,-0.0002005618313677783,0.40112366273555655,0.9926521676964819,-0.14785811158077683
2026-03-03 00:00:00+00:00,-0.008336806135163854,-0.008160337483980097,4.893517637140659e-05,-0.00011270191377759082,-0.00011270191377759082,0.22540382755518157,1.0319744387459222,-0.15629039988289548
2026-03-04 00:00:00+00:00,-0.005662884653556799,-0.005244026704568594,-1.5993739474562917e-05,-0.000221449003302847,-0.0001814152062107549,0.44289800660569406,0.9723084783218077,-0.11053185242990801
2026-03-05 00:00:00+00:00,-0.02391403274527726,-0.022979702250039584,4.678375547734195e-05,-0.0004905571253575266,-0.0004905571253575266,0.9811142507150532,1.0612968692346076,-0.07843330460140743
2026-03-06 00:00:00+00:00,0.007115979301243414,0.008100701412552931,6.569871189932321e-06,-0.0005275455109225945,-0.0004637464715768328,1.0550910218451892,0.986946770956976,-0.06733887119125209
2026-03-07 00:00:00+00:00,0.00957639053639836,0.010119012804574043,3.796139391711234e-05,-0.0003040726379805135,-0.00027651102411232635,0.608145275961027,0.9348685875592986,-0.032649473776698114
2026-03-08 00:00:00+00:00,0.0008254928392652516,0.0009874168846140952,1.0316658449429833e-06,-9.52735023873889e-05,-6.768220880648716e-05,0.1905470047747778,0.9098829287987281,-0.038235541295305916
2026-03-09 00:00:00+00:00,0.0019589003992670495,0.002990447207770116,9.754470165931573e-05,-0.0005924885322382964,-0.0005366029779241488,1.1849770644765927,0.9840878213167851,0.0601612825227035
2026-03-10 00:00:00+00:00,-0.0020247016343657442,-0.0018302182548429477,1.3514152209908461e-05,-0.00010399876586634406,-0.00010399876586634406,0.20799753173268812,1.0106201413129492,0.059292505728033074
2026-03-11 00:00:00+00:00,0.003514755159344629,0.00401691297649943,-0.00015766036993805854,-0.00020251468553451394,-0.00014198276168227527,0.4050293710690279,1.0115510950622788,0.061609663766838775
2026-03-12 00:00:00+00:00,0.007926633187142595,0.008392035113113584,-8.904792674251602e-05,-0.000204583236069118,-0.00017177076315935655,0.40916647213823587,0.9986478858673594,0.07169605032514333
2026-03-13 00:00:00+00:00,0.0007339752342470085,0.0011654643533661989,0.00014162722604376014,-0.00030229735576623855,-0.00027081898939678036,0.604594711532477,1.0073093786111595,0.06954193861062305
2026-03-14 00:00:00+00:00,-0.004910329879129982,-0.004892186758062703,0.00018769786559757099,-0.00010292049333244046,-0.00010292049333244046,0.20584098666488093,1.00857722238517,0.0607490220768214
2026-03-15 00:00:00+00:00,-0.004244449911103065,-0.004284014056651797,0.00040245230697071347,-0.0001958337155360421,-0.0001670544458859458,0.39166743107208424,1.0195463859185043,0.039465810214775125
2026-03-16 00:00:00+00:00,-0.003899995908077325,-0.004006815338292335,0.0003119415490102975,-0.00010256105939761901,-0.00010256105939761901,0.20512211879523798,1.0428786931685425,0.024255468995017772
2026-03-17 00:00:00+00:00,-0.015334268356957947,-0.014986759187444704,3.872343740315782e-05,-0.00021018418756270558,-0.00017604841935373326,0.42036837512541125,1.1169819919789414,0.005875597923047692
2026-03-18 00:00:00+00:00,-0.004807786352208021,-0.00441494205846227,4.2254702304357043e-05,-0.00023263131077579745,-0.00020246768527434558,0.46526262155159487,1.0352442893357279,0.016254939078877467
2026-03-19 00:00:00+00:00,0.004941130459862553,0.005540077199825879,7.36316255767309e-07,-0.0003147017991817577,-0.00028498125703743513,0.6294035983635154,0.9852165752359837,0.05170569124314784
2026-03-20 00:00:00+00:00,0.0026341190494134636,0.0031351569868426007,3.523857309565534e-05,-0.00028578048634626314,-0.0002504960241784507,0.5715609726925261,0.9508745893616657,0.10517987871768787
2026-03-21 00:00:00+00:00,0.00021632680275618377,0.0007304755908018093,4.829370313741866e-05,-0.0002812212455915473,-0.0002812212455915473,0.5624424911830946,0.9746471564631216,0.08813671211696474
2026-03-22 00:00:00+00:00,-0.0031397141033387976,-0.0027359018546556607,-2.1808304343755508e-05,-0.00019100197216971785,-0.00019100197216971785,0.3820039443394357,0.9707378419960262,0.07915336344632895
2026-03-23 00:00:00+00:00,0.001991338329058845,0.0025859888776878534,2.2191880728485488e-05,-0.00030842121467872,-0.00030842121467872,0.61684242935744,0.9659204887706407,0.1108732106059018
2026-03-24 00:00:00+00:00,0.004014007288925203,0.004655154854769167,-1.6937600551794804e-05,-0.0003121049826461005,-0.0003121049826461005,0.6242099652922011,1.0231242028822383,0.053059496846174795
2026-03-25 00:00:00+00:00,-0.0004726660747422784,0.00015227435116205344,0.00015066799017346045,-0.0004052671346861976,-0.0003703412813916305,0.8105342693723953,1.0227715625739242,0.014320178919352545
2026-03-26 00:00:00+00:00,-0.009244062260572283,-0.009287366861652217,0.00023746564103449785,-9.70805199772664e-05,-9.70805199772664e-05,0.1941610399545328,1.0435261561332925,-0.0013113666265004457
2026-03-27 00:00:00+00:00,0.008342362313946028,0.00910012461830728,5.4228126895522454e-05,-0.0004201755338322353,-0.00039181489742459865,0.8403510676644707,0.9547691162815377,0.018050896407333726
2026-03-28 00:00:00+00:00,0.0081972210726875,0.008773472481571282,-2.330032218501775e-05,-0.00029004138549778907,-0.0002629097012010038,0.5800827709955781,0.9299168661778788,0.015735522507482627
2026-03-29 00:00:00+00:00,0.0073968712728953445,0.007738181686712112,3.561060768854045e-05,-0.00020236253754598836,-0.00017455848395931417,0.4047250750919767,0.9505061462338595,0.055529395713699095
2026-03-30 00:00:00+00:00,-0.0035736946967286354,-0.0032834293142402385,9.395797570490036e-05,-0.00020633911527087901,-0.00017788424292239474,0.412678230541758,0.9781334766051905,0.013125079473220842
2026-03-31 00:00:00+00:00,0.0005725954807240807,0.0010538470360391056,7.846324790063737e-05,-0.0002947246584522998,-0.0002649901447633797,0.5894493169045997,1.009067094114656,0.0011516081164455747
2026-04-01 00:00:00+00:00,0.006702065294079906,0.006969287003574076,0.00010510249169219247,-0.0002012274775709943,-0.00017109672361531814,0.4024549551419886,1.0218467416233386,0.010836727737307055
2026-04-02 00:00:00+00:00,-0.005037660675662026,-0.005024535923695975,0.00018756842755675727,-0.00010034658976140416,-0.00010034658976140416,0.20069317952280832,1.0234837408235813,0.017386124893019772
2026-04-03 00:00:00+00:00,0.014011715646899958,0.014187062615372057,2.0296625829879957e-05,-9.782179715098966e-05,-9.782179715098966e-05,0.19564359430197933,0.9710399991296201,0.029952461680039025
2026-04-04 00:00:00+00:00,-0.004759681212326061,-0.004399615610257202,3.2700940203011016e-05,-0.00019638327113596034,-0.00019638327113596034,0.3927665422719207,0.9811939986151486,0.016658264892069244
2026-04-05 00:00:00+00:00,0.008957922065238266,0.009123886875932363,3.822720588291099e-05,-0.00010209600828847836,-0.00010209600828847836,0.2041920165769567,0.9805054445967949,0.02823771616509962
2026-04-06 00:00:00+00:00,-0.004322460233428083,-0.00405739841009541,0.00012664426857129162,-0.00019585304595200854,-0.00019585304595200854,0.39170609190401706,0.9917458995141762,0.02086501541865235
2026-04-07 00:00:00+00:00,0.011096159742924883,0.01146719767233252,2.310284593187404e-05,-0.0001970703876697875,-0.0001970703876697875,0.394140775339575,0.9811320361419262,0.025514373244580793
2026-04-08 00:00:00+00:00,0.015587316385577976,0.01564063829817786,0.00012256768471327286,-0.00010263282773286255,-7.325676958029422e-05,0.2052656554657251,1.0453821799293346,0.0498039691010588
2026-04-09 00:00:00+00:00,0.011518484011095786,0.012160150817869983,0.00016516243242618316,-0.0004188437242691801,-0.0003879855149311357,0.8376874485383603,0.980706740379021,0.003272684033863759
2026-04-10 00:00:00+00:00,0.01575332153999187,0.016122089559628787,-2.9660114515472355e-05,-0.00019944856006785613,-0.0001396593450536334,0.39889712013571227,0.9851351633959642,0.01879631581250366
2026-04-11 00:00:00+00:00,-0.0028078151032689957,-0.0025644578274751696,0.00012260730301977808,-0.00019766547810822364,-0.00016829910070533866,0.3953309562164472,1.0019057480690559,0.011853538388280446
2026-04-12 00:00:00+00:00,0.0009011190349252907,0.0017854349873772475,5.0206332014807655e-05,-0.0004983553269493413,-0.00043616695751747854,0.9967106538986827,1.0107391382686821,0.045783853391793146
2026-04-13 00:00:00+00:00,0.005043612212319859,0.00544352477512991,0.0001969635012527702,-0.0002984380320313891,-0.0002984380320313891,0.5968760640627783,0.9752704920081947,0.04172586370404791
2026-04-14 00:00:00+00:00,-0.019472997364450406,-0.01981520483198395,0.000539888666344741,-9.884059940559187e-05,-9.884059940559187e-05,0.19768119881118373,1.0569338171283853,0.011072912826999052
2026-04-15 00:00:00+00:00,0.0009927135047438362,0.000433033217534345,0.0005596802872094983,0.0,0.0,0.0,1.0337612100625668,0.01149453526414651
2026-04-16 00:00:00+00:00,-0.013499898030979285,-0.013599609424881953,0.00030636283696118115,-0.00010332572152928076,-0.00010332572152928076,0.20665144305856148,1.0537398182832474,0.011488900994763842
2026-04-17 00:00:00+00:00,-0.01736579577895203,-0.017226020051648624,6.833221686811043e-05,-0.00010405397208573598,-0.00010405397208573598,0.20810794417147194,1.108663417982167,-0.004282221493110294
2026-04-18 00:00:00+00:00,0.0015559225732149073,0.0016767334960297664,0.00010566228652602635,-0.00011323660467049302,-0.00011323660467049302,0.22647320934098603,1.0931261745131966,0.01618283070167368
2026-04-19 00:00:00+00:00,0.003077642317434348,0.0032448206205539605,3.8904123054918115e-05,-0.00010304121308726057,-0.00010304121308726057,0.20608242617452113,1.0526149285033215,0.03015935297521266
2026-04-20 00:00:00+00:00,0.002471773102974195,0.0028128614193291533,4.681536506415958e-05,-0.00019395184070952813,-0.00019395184070952813,0.3879036814190563,1.011411732341115,0.0356954278964194
2026-04-21 00:00:00+00:00,0.004263024620056122,0.004628912274231531,3.0512772607351165e-05,-0.00019820021339143562,-0.00019820021339143562,0.3964004267828712,1.0301558725469544,0.05656166000694042
2026-04-22 00:00:00+00:00,0.00023936509007116413,0.0003974795986094637,2.653888714634695e-05,-9.232669784233197e-05,-9.232669784233197e-05,0.1846533956846639,1.0450569476550606,0.05278035139072096
2026-04-23 00:00:00+00:00,-0.002658322907294064,-0.002301473104510327,6.096413933297938e-05,-0.00020890697105835248,-0.00020890697105835248,0.41781394211670486,1.0395636112051079,0.04989750478752815
2026-04-24 00:00:00+00:00,0.004908985912849495,0.005420471709183835,6.985683000122736e-05,-0.0002906713131677447,-0.0002906713131677447,0.5813426263354895,1.0419820068381445,0.06301791991458278
2026-04-25 00:00:00+00:00,0.0018982513128074086,0.0020707391846676625,0.00022499546498652432,-0.0001987416684233675,-0.0001987416684233675,0.397483336846735,0.995852650438124,0.10881994575227044
2026-04-26 00:00:00+00:00,-0.00017483892916680954,8.691327987596274e-05,0.0001309374967592705,-0.00021288762108531085,-0.0001798020847167265,0.4257752421706217,0.9796448722623705,0.09522154170279638
2026-04-27 00:00:00+00:00,-0.0029896682725737422,-0.0029967740706507134,0.00018342025644049918,-0.00010417635842293117,-7.213809994057961e-05,0.20835271684586235,0.995635470141672,0.09775268878083342
2026-04-28 00:00:00+00:00,-0.001429055105945265,-0.0012505186396975948,-3.0110858649315606e-07,-8.911767883057423e-05,-8.911767883057423e-05,0.17823535766114842,0.9891567010986079,0.09315544729441658
2026-04-29 00:00:00+00:00,-0.008068582944893432,-0.007769784918846608,6.929127341126761e-05,-0.00018404464972902968,-0.00018404464972902968,0.3680892994580593,0.9945015440332469,0.07476295116285979
2026-04-30 00:00:00+00:00,-0.002796572071301462,-0.0024786515991554875,6.90258273778225e-05,-0.0001934731497619144,-0.0001934731497619144,0.3869462995238288,1.001401823554828,0.05879337708482298
2026-05-01 00:00:00+00:00,0.004360809278261435,0.004978883041838193,-1.625664119128534e-05,-0.0003009085611927122,-0.0003009085611927122,0.6018171223854244,1.0018553530812428,0.05125691963260318
2026-05-02 00:00:00+00:00,-0.008141785918960864,-0.007587834880346461,1.842419900023744e-05,-0.00028618761880730827,-0.00028618761880730827,0.5723752376146165,1.022430193977737,0.07867937771503715
2026-05-03 00:00:00+00:00,0.004276582658556238,0.004619856322012177,2.806688752006909e-05,-0.00018567027548803302,-0.00018567027548803302,0.37134055097606605,1.0028991650315089,0.10292156295052142
2026-05-04 00:00:00+00:00,-0.011656280390905716,-0.011043842492246846,-5.617149270922155e-06,-0.0003034103746939467,-0.0003034103746939467,0.6068207493878933,1.0391301938131767,0.1082826802497665
2026-05-05 00:00:00+00:00,-0.020940159940380787,-0.02014674272525538,2.6844185178221375e-05,-0.0004101307001518297,-0.0004101307001518297,0.8202614003036595,1.0616780188765929,0.0846769198708798
2026-05-06 00:00:00+00:00,0.024447185254648618,0.025191869922756766,5.610006179455084e-05,-0.00043705909682232235,-0.0003637256330803584,0.8741181936446447,1.0115158623706046,0.042447782017992014
2026-05-07 00:00:00+00:00,-0.0064835437698519405,-0.005882516255946659,-3.888412091250089e-05,-0.00029630031932680566,-0.0002658430736659846,0.5926006386536112,1.0441447988408952,0.07207932025227877
2026-05-08 00:00:00+00:00,0.010426979182894813,0.01101277320014189,4.9900616443368864e-05,-0.00033184188872037305,-0.00030385274497013914,0.663683777440746,0.9526691925013152,0.0020006576953510743
2026-05-09 00:00:00+00:00,-0.0013143812852531855,-0.0013935124875630498,7.913120230982116e-05,0.0,0.0,0.0,0.9946399471035327,0.0006079442783700347
2026-05-10 00:00:00+00:00,-0.008595383375520349,-0.008380695028896105,-1.9047152268908073e-05,-9.782059717767028e-05,-9.782059717767028e-05,0.19564119435534058,0.9891077504165711,-0.008941436847161675
2026-05-11 00:00:00+00:00,-0.022366201815048004,-0.022019008354160572,8.836161617703937e-06,-0.0001919743493780556,-0.00016405527312705076,0.3839486987561112,1.032056448157679,-0.028877252469910634
2026-05-12 00:00:00+00:00,-0.005323785888548427,-0.004945834690505032,2.391041597475168e-05,-0.00021482632098820492,-0.00018703529302991685,0.42965264197640984,0.9895672428272114,0.009980317209033583
2026-05-13 00:00:00+00:00,0.004920055930277334,0.005573609214753258,7.725664091817105e-06,-0.0003337111683244193,-0.0003275677802432509,0.6674223366488385,1.0069300656536397,-0.06662205262337324
2026-05-14 00:00:00+00:00,-0.005775454680784442,-0.005064252137103781,6.268771147739046e-05,-0.00040160185342413607,-0.0003722884017339101,0.803203706848272,0.9941049530028252,-0.11578653360335796
2026-05-15 00:00:00+00:00,0.002084651902302559,0.002542314744906412,6.569027174309218e-05,-0.00027941625994756363,-0.00024393685439928485,0.5588325198951273,1.0214428701001461,-0.12646668338008146
2026-05-16 00:00:00+00:00,-0.003998719721034938,-0.0035268982483806425,-3.0163790269298615e-05,-0.00022082884119249701,-0.00022082884119249701,0.441657682384994,0.9475490767569662,-0.19014363504589485
2026-05-17 00:00:00+00:00,-8.876563881132782e-05,1.5029759542492221e-05,4.519411724540878e-05,-7.449475779962627e-05,-7.449475779962627e-05,0.14898951559925253,0.9258039073483747,-0.18832055176611487
2026-05-18 00:00:00+00:00,0.007057626000640527,0.007428200573809649,9.704009932999566e-06,-0.00019013929155109458,-0.00019013929155109458,0.3802785831021892,0.9280175397892259,-0.20245491979439642
2026-05-19 00:00:00+00:00,-0.005123447587839336,-0.004675267698280105,9.815877002473129e-05,-0.00027316932979199517,-0.00027316932979199517,0.5463386595839903,0.9624589739246734,-0.18011725609981827
2026-05-20 00:00:00+00:00,-0.00042146872692472304,0.0005130625349737745,0.00011575456082444696,-0.0005251429113614485,-0.0005251429113614485,1.0502858227228968,0.9652983314387414,-0.1064381610756456
2026-05-21 00:00:00+00:00,0.02595294981628138,0.02619337031014949,0.0001549477899075624,-0.00019768414188780714,-0.00019768414188780714,0.3953682837756143,0.9845934899304906,-0.06652021349384897
2026-05-22 00:00:00+00:00,-0.005618554452120117,-0.005618820058064659,0.00018489946588829803,-9.231692997187864e-05,-9.231692997187864e-05,0.18463385994375728,0.9905809263062859,-0.07814965146962233
2026-05-23 00:00:00+00:00,-0.020262790988436308,-0.02038047988910455,0.00011768890066823479,0.0,0.0,0.0,0.9599711444267602,-0.10056791806257122
2026-05-24 00:00:00+00:00,0.002833784380944282,0.0028476974867547595,0.00022724783831427304,-0.00012378718040601943,-0.00011737376371862417,0.24757436081203885,1.0237139460182512,-0.13536912597331938
2026-05-25 00:00:00+00:00,0.0074556431056220784,0.007439375140142884,0.0002551854236712406,-0.00011945872909598719,-0.00011945872909598719,0.23891745819197438,0.9997681959371383,-0.1198329224414173
2026-05-26 00:00:00+00:00,-0.004044675640426987,-0.0038263000676003554,0.00016881848643247093,-0.0001935970296295601,-0.0001935970296295601,0.38719405925912015,1.021241603888134,-0.13107023815073646
2026-05-27 00:00:00+00:00,-0.006229333962139094,-0.005956122827876903,0.00012070931749018171,-0.00019696022587621244,-0.00019696022587621244,0.3939204517524248,1.0095558233971529,-0.16286467772402813
2026-05-28 00:00:00+00:00,0.0009417623759027105,0.0012343806147010086,0.00010085518135721543,-0.0001967367100777371,-0.0001967367100777371,0.3934734201554742,1.0023402277467408,-0.16910508425511808
2026-05-29 00:00:00+00:00,-0.013559002355630123,-0.013265109533804385,0.0001261321405341824,-0.0002100124811799785,-0.0002100124811799785,0.42002496235995695,0.9706655763292992,-0.21232616096701787
2026-05-30 00:00:00+00:00,0.030514186474839944,0.0312954636140978,0.00011601759262318857,-0.0004486473659405745,-0.0004486473659405745,0.897294731881149,1.0225993852448025,-0.01576166234025933
2026-05-31 00:00:00+00:00,-0.010113573574823786,-0.009738847415480653,9.276427412663924e-05,-0.00023374521673488467,-0.00023374521673488467,0.46749043346976943,1.0196470582850097,-0.10052144535644836
2026-06-01 00:00:00+00:00,0.022961230133054178,0.02335215869778423,0.0001927841024418352,-0.00029185633358588966,-0.00029185633358588966,0.5837126671717793,0.9961664020369115,-0.10660833156115163
2026-06-02 00:00:00+00:00,-0.010289290963614195,-0.010348787332955677,0.0002785191987427576,-0.0001095114147006338,-0.0001095114147006338,0.2190228294012676,0.9789757283572914,-0.1118971477608675
2026-06-03 00:00:00+00:00,0.02744466478280949,0.02758283161159282,8.160612424754844e-05,-0.00010988647651540064,-0.00010988647651540064,0.21977295303080127,0.9031191068092492,-0.08315465520923056
2026-06-04 00:00:00+00:00,-0.0030320320796769495,-0.0026328465002924584,7.443263380915629e-05,-0.00024049195453722732,-0.00023312625865646894,0.48098390907445465,0.9344075340676717,-0.18052025236846012
2026-06-05 00:00:00+00:00,-0.021664654282606444,-0.021769413848283223,0.00025632773647962624,-7.578408540140736e-05,-7.578408540140736e-05,0.1515681708028147,0.9080961113538109,-0.1977396871365161
2026-06-06 00:00:00+00:00,0.0010935096253328336,0.001366801002798915,0.00017320832621163867,-0.00022324985183882427,-0.00022324985183882427,0.44649970367764846,0.8843755300121952,-0.11621360187954653
2026-06-07 00:00:00+00:00,-0.003704511207716199,-0.0034744847850773325,0.0001861326572941254,-0.00021171414143187576,-0.0002044449385010689,0.42342828286375156,0.9587298622415396,-0.1595685166329671
2026-06-08 00:00:00+00:00,-0.00683530648808528,-0.006716690491196866,0.00024198150828279202,-0.00019704334969975019,-0.00016355415547143382,0.39408669939950036,1.0253426004048052,-0.1721924284508902
2026-06-09 00:00:00+00:00,0.013004632976926445,0.012858674419805542,0.0003161317118718944,-0.0001215522533936097,-4.862090135744388e-05,0.2431045067872194,0.9976680984363889,-0.15104077809891917
2026-06-10 00:00:00+00:00,-0.006149785010719611,-0.006056149030754868,0.0002736722152285123,-0.00018365409759662422,-0.00018365409759662422,0.3673081951932485,1.0114133184522374,-0.12281180982840698
2026-06-11 00:00:00+00:00,0.0020207024816911723,0.002152957115309769,0.0002735159038318791,-0.00020288526872518802,-0.00020288526872518802,0.40577053745037606,0.9743103600136314,-0.10342527838363826
2026-06-12 00:00:00+00:00,-0.008443418109668865,-0.008552072514650068,0.00028497199836686533,-8.815879669285041e-05,-8.815879669285041e-05,0.17631759338570083,1.0177746231204348,-0.1144111434215379
2026-06-13 00:00:00+00:00,-0.004756509814243914,-0.005030567197793055,0.00027405738354913334,0.0,0.0,0.0,1.0137024591053048,-0.12001255149836522
2026-06-14 00:00:00+00:00,-0.005501717674608053,-0.005218960680575817,0.00011563979143287369,-0.00021702912230841414,-0.0001813676631567373,0.43405824461682824,1.0048743670552882,-0.0787488544531331
2026-06-15 00:00:00+00:00,0.0025915486646321817,0.0028058873768581696,0.00015551285559556113,-0.0002018109223071039,-0.0001680406455144877,0.40362184461420786,1.0289961107598151,-0.09710642062196367
2026-06-16 00:00:00+00:00,0.014719600457143711,0.014925788708642213,-2.284906611549633e-05,-0.0001081863965535907,-7.515278882934339e-05,0.2163727931071814,1.0542288690002415,-0.08478390509295725
2026-06-17 00:00:00+00:00,0.008541458672234103,0.008842537934624837,7.298310165149747e-05,-0.00020406506860463135,-0.00016999729543764746,0.4081301372092627,1.0283792744818463,-0.06464320523299256
2026-06-18 00:00:00+00:00,0.0010364319442310865,0.001603456259969143,5.1624019073800217e-05,-0.0003093241674059091,-0.0003093241674059091,0.6186483348118182,1.0114968028011504,-0.07006794869289423
2026-06-19 00:00:00+00:00,0.0005346989179908501,0.0012146388698614273,6.481367981848664e-05,-0.00040297316850548506,-0.0003417804631836194,0.8059463370109701,0.9819495714626076,-0.04938175360267072
2026-06-20 00:00:00+00:00,-0.0037872130898073397,-0.0031396437286495536,0.00012114000338477465,-0.00041636036104364025,-0.00035234900349896166,0.8327207220872805,0.988189560082622,-0.15819987607980948
2026-06-21 00:00:00+00:00,-0.00745480468857207,-0.007337209581763877,0.0001200078732107605,-0.00013751134941932712,-0.00010009163059960955,0.2750226988386542,1.0222525033922607,-0.23171923202425368
2026-06-22 00:00:00+00:00,-0.007064087894177118,-0.0067795413844492875,0.00013218357111310645,-0.00020836504042045785,-0.00020836504042045785,0.41673008084091573,0.9936247625446097,-0.24355358512944564
2026-06-23 00:00:00+00:00,-0.006741352590353467,-0.006183855401708305,9.361557152405008e-05,-0.00032555638008463305,-0.00032555638008463305,0.6511127601692661,1.0013957402456073,-0.2500508560838873
2026-06-24 00:00:00+00:00,-0.005583799203661255,-0.00533111021354743,-9.98277904323836e-06,-0.00012135310553530002,-0.00012135310553530002,0.24270621107060003,0.9907910206944989,-0.25789338072498247
2026-06-25 00:00:00+00:00,0.013084125830776339,0.01354930406808922,-5.051137267975907e-05,-0.00024465799912080666,-0.00017000886551227885,0.48931599824161326,0.9595146329216357,-0.23295122108586722
2026-06-26 00:00:00+00:00,0.009716730298509058,0.01032984973925332,-2.9176433722214424e-06,-0.0003222222433283173,-0.00028797955404379565,0.6444444866566345,0.9560093867485945,-0.17636457328207938
2026-06-27 00:00:00+00:00,0.005983285301873975,0.006312314540970864,3.071703546632814e-05,-0.0001971066324846673,-0.0001626396420785875,0.39421326496933456,0.9850383374814198,-0.1656109625619648
2026-06-28 00:00:00+00:00,0.0027465037944092163,0.003322067940260255,1.95102412072415e-05,-0.00031395221561150276,-0.00028112217144669833,0.6279044312230057,0.9676464559576564,-0.14532694463728354
2026-06-29 00:00:00+00:00,0.0012345265175670583,0.0019335712003316198,-1.0732656838179851e-05,-0.0003770449440779677,-0.00031126708184850806,0.7540898881559356,1.0271274523349994,-0.04116992258230646
2026-06-30 00:00:00+00:00,-0.013134304294163401,-0.01239631232783212,5.112420425694915e-05,-0.00042381781663867096,-0.0003652983539495132,0.8476356332773419,1.0229554189475478,0.04108765503126128
2026-07-01 00:00:00+00:00,-0.00576045682651416,-0.0054060626990640554,4.5225462630130224e-05,-0.00019980979504013026,-0.00019980979504013026,0.3996195900802605,1.0050508515422847,0.03748469748133601
2026-07-02 00:00:00+00:00,-0.00561286511686343,-0.005389585957724452,4.572139554693331e-05,-0.00013450027734297602,-0.00013450027734297602,0.269000554685952,1.0286101526263947,0.07873431219241574
2026-07-03 00:00:00+00:00,0.010879482761695813,0.010869640646714243,9.842114981650374e-06,0.0,0.0,0.0,1.0635100491606355,0.0886395998406601
2026-07-04 00:00:00+00:00,-0.008038000115315191,-0.007866802970060944,3.1818879854169305e-05,-0.00010150801255419734,-0.00010150801255419734,0.20301602510839467,1.1025128898812813,0.0902158607144952
2026-07-05 00:00:00+00:00,-0.0025933536065151364,-0.00209417799400073,5.105198310424893e-05,-0.00027511379780933726,-0.00027511379780933726,0.5502275956186744,0.9687918380543655,-0.09091602915626347
2026-07-06 00:00:00+00:00,-0.008106049214820499,-0.007736034551086372,3.3306010203748304e-05,-0.00020166033696894533,-0.00020166033696894533,0.4033206739378907,0.9828184411514572,-0.08170715214274069
2026-07-07 00:00:00+00:00,0.007351721520845622,0.007937741640898647,3.405279250260368e-05,-0.00031003645627779915,-0.00031003645627779915,0.6200729125555983,0.9404588790461834,-0.0012190708588231166
2026-07-08 00:00:00+00:00,-0.005656752012551003,-0.005100118883141148,2.239181757536206e-05,-0.0002895124734926268,-0.0002895124734926268,0.5790249469852536,0.9464128040005773,-0.02467651444401867
2026-07-09 00:00:00+00:00,-0.0006088438714312305,-6.815216133788803e-06,1.1229951988384486e-05,-0.0003066293036429289,-0.0003066293036429289,0.6132586072858578,0.978507411661395,0.054012086502597575
2026-07-10 00:00:00+00:00,-0.0037717929292309105,-0.0033841487231332317,-1.9285455949186168e-05,-0.00018417937507422211,-0.00018417937507422211,0.3683587501484442,1.008587828144002,0.044053961087731956
2026-07-11 00:00:00+00:00,-0.006107197120924113,-0.005608279708361564,7.321269455503343e-05,-0.00030099877733744774,-0.0002711313297801495,0.6019975546748955,1.0338512253815622,0.033702048494763236
2026-07-12 00:00:00+00:00,0.001548141572533579,0.002028833433540644,9.472081084444728e-05,-0.00031766885415369825,-0.0002577438176977031,0.6353377083073964,1.0007118387954275,-0.02128839885343014
2026-07-13 00:00:00+00:00,-0.0051500655626296465,-0.004539385510294794,-2.4042319821805718e-05,-0.0003090240898381386,-0.0002776136426748922,0.6180481796762772,1.0006224256748446,-0.05167867889128766
2026-07-14 00:00:00+00:00,0.003294334695625345,0.0036533008904899708,-1.4267606506462982e-05,-0.00020423501352364584,-0.00014046357483457386,0.4084700270472917,0.9719543061928457,-0.06448583761508747
2026-07-15 00:00:00+00:00,-0.0057458370011479465,-0.005643738310209439,0.00013502877251557861,-0.00011856373172705838,-0.00011856373172705838,0.23712746345411678,1.0530780505908912,-0.10881617765263235
2026-07-16 00:00:00+00:00,-0.011660442105318913,-0.01162119217283821,0.00019290146814843906,-0.00011607570031457966,-0.00011607570031457966,0.2321514006291593,1.0512123287370292,-0.11636902356236718
2026-07-17 00:00:00+00:00,-0.006547928662937186,-0.006214238091925466,0.00010617081475516951,-0.00021993069288343405,-0.00021993069288343405,0.43986138576686806,0.9946027619552814,-0.15216113765598582
2026-07-18 00:00:00+00:00,0.0048998354907614505,0.005234618666873961,-3.3837771617211975e-06,-0.00019687950134868908,-0.00013451989760201013,0.3937590026973782,0.9983300078431261,-0.12434555726734646
2026-07-19 00:00:00+00:00,0.003982666699833715,0.0044107009715756255,-2.7657400592657478e-05,-0.00020018843557463673,-0.00020018843557463673,0.4003768711492735,0.9913445633405514,-0.13186036769912746
2026-07-20 00:00:00+00:00,0.001610302254960727,0.0018593119563687058,-1.975018500158341e-05,-0.00011462975820314879,-0.00011462975820314879,0.22925951640629758,0.9845907534641467,-0.13578781316982333
2026-07-21 00:00:00+00:00,0.0038854928973757197,0.004252264175088766,1.8180401946379042e-05,-0.00019247583982967567,-0.00019247583982967567,0.3849516796593513,1.0045369564696702,-0.14405752762701068
2026-07-22 00:00:00+00:00,-0.0036000132344016222,-0.003647987310013147,4.7974075611530565e-05,0.0,0.0,0.0,1.0221514559684919,-0.14823917793946262
2026-07-23 00:00:00+00:00,-0.001166119604111282,-0.0007664024841748499,-3.0402319787909472e-05,-0.0002033898764736112,-0.000165924923674863,0.4067797529472224,1.010101386376538,-0.1609738726346039
2026-07-24 00:00:00+00:00,0.0011921585335465945,0.002408667625561936,-5.2477642339360845e-05,-0.0006006101043758888,-0.0005634213453001516,1.2012202087517774,0.9820738198532708,-0.060991086184338766
2026-07-25 00:00:00+00:00,0.0002145029470401738,0.0004740022523839456,-6.748342026447245e-05,-9.600794253965115e-05,-9.600794253965115e-05,0.19201588507930228,0.9762328917673542,-0.05399047827116517
2026-07-26 00:00:00+00:00,0.0007398251583166093,0.001377233829856879,-5.453278275734921e-05,-0.0002914379443914371,-0.0002914379443914371,0.5828758887828741,0.9864598940205739,-0.060674278265247863
2026-07-27 00:00:00+00:00,0.002056606010640616,0.0028671760577055265,-4.541167946546864e-05,-0.0003977840855293701,-0.00036737428207015685,0.7955681710587401,1.016005841202605,-0.033982357105457335
2026-07-28 00:00:00+00:00,-0.0004584059381450567,0.0005183673578677673,1.5236330878521406e-05,-0.0005098200219504826,-0.00048218960494083777,1.0196400439009647,0.9724932849884087,-0.07473510792892842
2026-07-29 00:00:00+00:00,0.0012645521637872914,0.002030322075789086,-5.394396451959748e-05,-0.0003680935101517921,-0.0003437324373303796,0.7361870203035841,0.9740653630546997,-0.10283286626359871
2026-07-30 00:00:00+00:00,0.005457806159026912,0.005661390187426652,-3.400258099765663e-05,-8.479072370109107e-05,-8.479072370109107e-05,0.16958144740218212,0.9728938611841634,-0.08551414937569626
2026-07-31 00:00:00+00:00,0.01175373243486244,0.012344422002095456,-8.897095340936166e-07,-0.0002948999288494944,-0.0002948999288494944,0.5897998576989887,1.006771612121255,-0.05981892739252101
2026-08-01 00:00:00+00:00,-0.0005601783634939794,-0.00019070408022450261,3.472307045310037e-05,-0.00020209867686129878,-0.00020209867686129878,0.4041973537225976,0.9829676389327092,-0.05300344023919854
2026-08-02 00:00:00+00:00,-0.017541729178012222,-0.016743894985195705,3.8016930196016117e-05,-0.0004213427099003329,-0.00041450841311224706,0.8426854198006659,0.9853388893414557,-0.012543936806256973
2026-08-03 00:00:00+00:00,-0.0009109832130990148,-0.00032689469823448617,2.0327577568927703e-05,-0.0003022080462167168,-0.0003022080462167168,0.6044160924334336,1.0299547942162164,0.05343898635716381
2026-08-04 00:00:00+00:00,-0.01346002848879524,-0.013315107044479689,8.54307589654113e-05,-0.00011517610164048108,-0.00011517610164048108,0.23035220328096215,1.036034366114392,0.04015170534341643
2026-08-05 00:00:00+00:00,-0.009428908880190545,-0.008911652766083746,4.432009205467622e-05,-0.00031159481587009837,-0.00024998139029134143,0.6231896317401968,1.0408118515735951,0.029036868283315788
2026-08-06 00:00:00+00:00,0.002071715105197658,0.002281904333117919,2.897201633316735e-06,-0.00010654321477673341,-0.00010654321477673341,0.21308642955346682,1.0165772601597831,0.058466869006996346
2026-08-07 00:00:00+00:00,0.00924195625374491,0.009455139296621132,1.4451260208197689e-05,-0.00011381715154221439,-0.00011381715154221439,0.22763430308442884,0.9920037462823045,0.05598632038960906
2026-08-08 00:00:00+00:00,-0.0012190039963422272,-0.0008159463920228622,-1.7148407445816114e-06,-0.00020067138178741584,-0.00020067138178741584,0.4013427635748317,0.9919635704784411,0.05482991150252607
2026-08-09 00:00:00+00:00,-0.0005766684406187661,-0.0001895172923500172,6.193400543349075e-06,-0.0001966722744060707,-0.0001966722744060707,0.39334454881214137,1.0062391213409305,0.05115580585706045
2026-08-10 00:00:00+00:00,-0.0014358137927501513,-0.0011361580969950211,3.0685024171370135e-05,-0.00019512707622652983,-0.00013521364369996027,0.39025415245305967,1.008201759638468,0.03502827176246349
2026-08-11 00:00:00+00:00,0.0013739106028642922,0.0021561282890641418,-1.5220662835252343e-05,-0.0003983539096161208,-0.0003686431137483932,0.7967078192322417,1.0038204049406163,0.04803214822301023
2026-08-12 00:00:00+00:00,-0.006336036511944809,-0.005711980381013644,-2.9779169504222735e-05,-0.00029713848071348146,-0.00029713848071348146,0.5942769614269628,1.0067718728642412,0.03599842455469988
2026-08-13 00:00:00+00:00,-4.546171375774399e-05,0.00030082155964291605,3.947747043688658e-05,-0.00020706086285762418,-0.00017869988097997134,0.4141217257152483,0.9804959047169999,0.047456726503831814
2026-08-14 00:00:00+00:00,-0.008862671563899527,-0.008236366401444812,0.00013804888682611235,-0.000397097058626916,-0.0003672569906539615,0.794194117253832,0.9986983763788165,-0.014775601425503649
2026-08-15 00:00:00+00:00,-0.0014537389646807064,-0.0012081743055923056,0.00013801237475774357,-0.00019178851692305273,-0.00019178851692305273,0.3835770338461054,1.0101013408280453,-0.027962021028865622
2026-08-16 00:00:00+00:00,-0.0044303288387339546,-0.0038005817993721465,-6.563299296301712e-06,-0.00031159187003274025,-0.00031159187003274025,0.6231837400654805,1.0035209122082838,-0.010313060233266589
2026-08-17 00:00:00+00:00,-0.002242264153242912,-0.0017938825152233055,-5.1299524785197636e-05,-0.00019854105661719313,-0.00019854105661719313,0.3970821132343863,1.0050802302148063,-0.009704098733035682
2026-08-18 00:00:00+00:00,-0.004833223331663805,-0.004203544870123042,-4.248932006597499e-05,-0.0002935945707374069,-0.0002935945707374069,0.5871891414748136,1.0254996474555802,0.0063009190805309425
2026-08-19 00:00:00+00:00,0.003829703457909117,0.004617919737173073,-1.2321344173502135e-05,-0.00040258804361725906,-0.000373306891473237,0.8051760872345182,1.0083537866925336,-0.0017280172774144455
2026-08-20 00:00:00+00:00,-0.0011895679950675309,-0.0006493213573193626,3.638605947755821e-05,-0.00030447484163370457,-0.00027215785559204353,0.6089496832674091,1.0860994127892623,-0.024706909080901306
2026-08-21 00:00:00+00:00,0.004328985661971929,0.00462762105174593,6.842123056131437e-05,-0.0001977081132544072,-0.00016934850708085725,0.3954162265088144,1.1030363394477707,-0.03720636639730231
2026-08-22 00:00:00+00:00,-0.02953798542695052,-0.029111595961960238,0.00017814208884812163,-0.00033528560278675915,-0.00026924595105163094,0.6705712055735183,1.1920231435272195,-0.13559063579430228
2026-08-23 00:00:00+00:00,-0.0011565819854318926,1.3137321798385848e-06,0.00019694029571600447,-0.0006913991762489099,-0.000663436837078854,1.3827983524978196,1.0020037840867717,-0.023075381845133396
2026-08-24 00:00:00+00:00,0.009932925522794012,0.010329488523003706,6.405165854564965e-05,-0.000244194482675456,-0.00021642017607989374,0.4883889653509119,0.9698930615620798,-0.13660463170793724
2026-08-25 00:00:00+00:00,-0.0015992227997393416,-0.0016442476844466874,4.5024884707311596e-05,0.0,0.0,0.0,0.9518537560466428,-0.138470324292079
2026-08-26 00:00:00+00:00,0.004946274768615089,0.004841906698713558,0.0001043680699015953,0.0,0.0,0.0,0.910127557947425,-0.13297070793573784
2026-08-27 00:00:00+00:00,0.0027209383955186794,0.002890800231438861,-4.900029022549193e-07,-8.468591650895603e-05,-8.468591650895603e-05,0.16937183301791206,0.9246545278171621,-0.12771483248103485
2026-08-28 00:00:00+00:00,-0.005301756836558091,-0.005255292897279937,0.00016403572020185433,-0.00010524982973998987,-0.00010524982973998987,0.21049965947997976,0.965229420551888,-0.1557702853188496
2026-08-29 00:00:00+00:00,-0.0024322155012100888,-0.0026083247949792335,0.00017610929376915262,0.0,0.0,0.0,0.9420984078347105,-0.15876476022469266
2026-08-30 00:00:00+00:00,0.004487129098859954,0.004265511212627462,0.00022161788623249027,0.0,0.0,0.0,0.9492669023198503,-0.15380908777862462
2026-08-31 00:00:00+00:00,-0.0125493626928177,-0.012807272249428672,0.00025790955661101305,0.0,0.0,0.0,0.9571033666601124,-0.1687338624667082
