time,ret,price,funding,fee,slip,traded,gross,net
2024-01-02 00:00:00+00:00,0.0,0.0,0.0,0.0,0.0,0.0,0.0,0.0
2024-01-03 00:00:00+00:00,0.0,0.0,0.0,0.0,0.0,0.0,0.0,0.0
2024-01-04 00:00:00+00:00,-0.01985570600470754,-0.018897260626820424,4.155462211293206e-05,-0.0005,-0.0005,1.0,0.9141536149045134,-0.01928008023164735
2024-01-05 00:00:00+00:00,-0.047134083983368824,-0.04707197833525069,-6.210564811816075e-05,0.0,0.0,0.0,1.0152877984914543,-0.06963420293620849
2024-01-06 00:00:00+00:00,0.026563734842857123,0.02649803798411401,6.569685874318597e-05,0.0,0.0,0.0,0.9589397028774349,-0.04201995793149427
2024-01-07 00:00:00+00:00,-0.008782985789114406,-0.008392319279351136,7.241946728448788e-05,-0.00023154298852386465,-0.00023154298852386465,0.4630859770477293,0.9380865380099861,-0.021834203107498354
2024-01-08 00:00:00+00:00,-0.010905786685020735,-0.010932685459517553,2.689877449678037e-05,0.0,0.0,0.0,0.9093582326572266,-0.03312817740303675
2024-01-09 00:00:00+00:00,-0.0339632339126108,-0.03397783343111321,1.4599518502363204e-05,0.0,0.0,0.0,1.044551730319696,-0.06946527626059253
2024-01-10 00:00:00+00:00,-0.011668270709827566,-0.011124601292404187,-3.324795011690507e-05,-0.0002552107336532152,-0.0002552107336532152,0.5104214673064305,0.9743852948194196,0.03999319268306903
2024-01-11 00:00:00+00:00,0.006393487656103591,0.00641602630516278,-2.2538649059278976e-05,0.0,0.0,0.0,1.042449383857657,0.046114387222754766
2024-01-12 00:00:00+00:00,0.020339563462335564,0.020360904560989122,-2.1341098653561114e-05,0.0,0.0,0.0,1.0272719047986607,0.06515016585083913
2024-01-13 00:00:00+00:00,-0.01878873494543587,-0.017995027222400373,-5.533927106478518e-05,-0.00036918422598538334,-0.00036918422598538334,0.7383684519707667,0.9917385575345833,0.15834793501649636
2024-01-14 00:00:00+00:00,-0.0021976935162630884,-0.0021602699431578273,-3.742357310523222e-05,0.0,0.0,0.0,1.0280768421335187,0.15653167371775784
2024-01-15 00:00:00+00:00,0.009998849394547982,0.010040578223253459,-4.172882870553705e-05,0.0,0.0,0.0,0.9734365358883575,0.16492320960649035
2024-01-16 00:00:00+00:00,-0.022997482325299967,-0.022522464399916488,0.00016855089530863534,-0.00032178441034603166,-0.00032178441034603166,0.6435688206920634,1.048644087258972,0.07478204218004568
2024-01-17 00:00:00+00:00,0.00856107066918299,0.008432797553116851,0.00012827311606621847,0.0,0.0,0.0,1.0521807514927204,0.08250847881521872
2024-01-18 00:00:00+00:00,0.015698596728586978,0.015715346473571045,-1.674974498401817e-05,0.0,0.0,0.0,1.0351862377284349,0.09670568178902084
2024-01-19 00:00:00+00:00,0.002738922828432244,0.004005015339921261,-4.005400697813765e-05,-0.0006130192522554717,-0.0006130192522554717,1.2260385045109434,0.9281997823041003,0.1140070575029782
2024-01-20 00:00:00+00:00,0.017013265155294555,0.017007759173755518,5.5059815391418775e-06,0.0,0.0,0.0,0.8985563415643935,0.12882311486539758
2024-01-21 00:00:00+00:00,-0.0009611245391409895,-0.0010471309463615708,8.600640722058199e-05,0.0,0.0,0.0,0.887322283973843,0.12789891070063972
2024-01-22 00:00:00+00:00,-0.001283271102376471,-0.0007805926036342938,0.0001336244731340739,-0.0003181514859381239,-0.0003181514859381239,0.6363029718762478,0.9420584159504395,0.03724143536423418
2024-01-23 00:00:00+00:00,0.007327980647533705,0.007263155466089813,6.482518144387077e-05,0.0,0.0,0.0,0.878556817204943,0.044180834529897066
2024-01-24 00:00:00+00:00,0.0184584956214624,0.01828598633279309,0.00017250928866941137,0.0,0.0,0.0,0.8569544499211794,0.06133467503216517
2024-01-25 00:00:00+00:00,0.0009995236771520588,0.0012026289077081789,0.0003945521512726876,-0.00029882869091443743,-0.00029882869091443743,0.597657381828875,0.9353297118012006,0.023632533285686166
2024-01-26 00:00:00+00:00,-0.009170269597039149,-0.00928670343242151,0.00011643383538241334,0.0,0.0,0.0,0.9169694928373794,0.014478602541962567
2024-01-27 00:00:00+00:00,0.003414867402601107,0.0033189102170428537,9.595718555835396e-05,0.0,0.0,0.0,0.9822134226443231,0.01773694344899996
2024-01-28 00:00:00+00:00,8.93423017473971e-05,0.0002278002862999476,0.00024941233351832506,-0.0001939351590354485,-0.0001939351590354485,0.38787031807089706,1.0041384423072344,0.020263901204687327
2024-01-29 00:00:00+00:00,0.014274378111182928,0.014070999581100056,0.0002033785300828058,0.0,0.0,0.0,0.9797052885719344,0.03385168897761852
2024-01-30 00:00:00+00:00,-0.007783979180106981,-0.007933152009880057,0.00014917282977309985,0.0,0.0,0.0,1.0316203533487318,0.026121869052588745
2024-01-31 00:00:00+00:00,-0.016506969521314807,-0.01642973133580255,0.00013534990417300922,-0.00010629404484264207,-0.00010629404484264207,0.21258808968528414,1.0270012275864684,0.008421853015812683
2024-02-01 00:00:00+00:00,-0.010904498454314737,-0.011067071864995151,0.00016257341068044427,0.0,0.0,0.0,0.9933289474282713,-0.002674381639638112
2024-02-02 00:00:00+00:00,0.004593774653659732,0.0042904378917112875,0.0003033367619485137,0.0,0.0,0.0,0.9968898020230583,0.0016086664011337188
2024-02-03 00:00:00+00:00,0.008851858517940459,0.00875663905394219,0.0003079265911917527,-0.00010635356359677659,-0.00010635356359677659,0.2127071271935532,0.9840119773085712,0.0005075101903507161
2024-02-04 00:00:00+00:00,-0.007645622477762237,-0.00795342770876628,0.00030780523100406887,0.0,0.0,0.0,0.9698255278969384,-0.007503284801350064
2024-02-05 00:00:00+00:00,0.002225081397519979,0.0019997188340877877,0.0002253625634321425,0.0,0.0,0.0,0.9456317754546096,-0.005491347272598499
2024-02-06 00:00:00+00:00,-0.003266638576018388,-0.003159980551558866,8.105764422659063e-05,-9.385783434308122e-05,-9.385783434308122e-05,0.18771566868616246,0.9803185519296345,-0.02731298430459687
2024-02-07 00:00:00+00:00,-0.011800227903313032,-0.012067707860018708,0.00026747995670571475,0.0,0.0,0.0,0.9961159245689337,-0.03985094236670475
2024-02-08 00:00:00+00:00,0.008599378355922838,0.008388524820229108,0.0002108535356937364,0.0,0.0,0.0,1.0293321416076908,-0.031194167101075695
2024-02-09 00:00:00+00:00,0.011886898468819629,0.012452034483552678,5.429058450547388e-05,-0.00030971329961922573,-0.00030971329961922573,0.6194265992384514,1.0116306614958352,-0.022650579361917687
2024-02-10 00:00:00+00:00,0.0001873943134038658,3.420057684625499e-05,0.00015319373655757324,0.0,0.0,0.0,1.0740431710319098,-0.022612141398359334
2024-02-11 00:00:00+00:00,-0.012495034400282878,-0.012530855731183278,3.5821330900451335e-05,0.0,0.0,0.0,1.0884129724728053,-0.03558766624348077
2024-02-12 00:00:00+00:00,-0.010682844275836656,-0.010075152674402382,0.0002677464653759456,-0.0004377190334050842,-0.0004377190334050842,0.8754380668101683,1.009143615027019,0.036420475869255745
2024-02-13 00:00:00+00:00,-0.01024464743775344,-0.010757632080004539,0.0005129846422510956,0.0,0.0,0.0,1.0842326721526765,0.025928471841870603
2024-02-14 00:00:00+00:00,0.02611655996175477,0.025866119769605175,0.00025044019214970364,0.0,0.0,0.0,1.0539870780979845,0.05047632367750307
2024-02-15 00:00:00+00:00,0.01788867272060224,0.01804100449752117,0.00023911800686931997,-0.0001957248918940968,-0.0001957248918940968,0.3914497837881936,1.0912112006708132,0.06598910815892711
2024-02-16 00:00:00+00:00,0.0015481431419257508,0.001205004312285835,0.0003431388296398283,0.0,0.0,0.0,1.0780129903401168,0.06709024716517431
2024-02-17 00:00:00+00:00,-0.012092114043187885,-0.012414765112416258,0.0003226510692283389,0.0,0.0,0.0,1.089387251095273,0.05534471667852281
2024-02-18 00:00:00+00:00,-0.0011622065671631487,-0.0007200935291548502,0.00021997004104679834,-0.00033104153952754066,-0.00033104153952754066,0.6620830790550813,1.0191054496605656,-0.008232495150785167
2024-02-19 00:00:00+00:00,0.010299885341553239,0.010133703926667553,0.00016618141488562642,0.0,0.0,0.0,1.0330004910912993,0.0018818261819757627
2024-02-20 00:00:00+00:00,-0.003972421819992911,-0.0043257537841484995,0.00035333196415557176,0.0,0.0,0.0,1.0386804612535523,-0.0024536746328231054
2024-02-21 00:00:00+00:00,-0.0013770368211981632,-0.0011246309726382839,0.0001549389200757274,-0.0002036723843178013,-0.0002036723843178013,0.4073447686356026,0.9980571315451227,0.009636726525560862
2024-02-22 00:00:00+00:00,0.002405676444413807,0.0023271457469796935,7.853069743413924e-05,0.0,0.0,0.0,0.9606437073342222,0.011935160138933986
2024-02-23 00:00:00+00:00,0.00046140699762053927,0.00018907145029152888,0.00027233554732904083,0.0,0.0,0.0,0.9448385347059548,0.012118639963944737
2024-02-24 00:00:00+00:00,0.007360954096315542,0.007307797763653182,0.0002319396407922215,-8.939165406489564e-05,-8.939165406489564e-05,0.1787833081297913,0.907507205433415,0.019121979222241074
2024-02-25 00:00:00+00:00,-0.008900906163005207,-0.009033269453422173,0.000132363290416973,0.0,0.0,0.0,0.9522696422354028,0.01017931489550773
2024-02-26 00:00:00+00:00,-0.005652452181848844,-0.005746444604612384,9.399242276356738e-05,0.0,0.0,0.0,0.9665464019207941,0.004458069314519145
2024-02-27 00:00:00+00:00,0.0018871467759142835,0.0021220112582198696,0.00015628121803392913,-0.0001955728501697729,-0.0001955728501697729,0.3911457003395458,1.0155624666352432,0.022909878232226046
2024-02-28 00:00:00+00:00,-0.00932342730700686,-0.009445440577430074,0.000122013270423191,0.0,0.0,0.0,1.0346255274119427,0.013591153789167748
2024-02-29 00:00:00+00:00,-0.006927430503712917,-0.007263530218334158,0.00033609971462128106,0.0,0.0,0.0,1.1006380805236333,0.006371763519803426
2024-03-01 00:00:00+00:00,0.028609462597908975,0.02949038630185814,1.2789142764758407e-05,-0.0004468564233569188,-0.0004468564233569188,0.8937128467138375,0.960156669496514,0.10797973974600027
2024-03-02 00:00:00+00:00,-0.019629761339549412,-0.019824677700665,0.00019491636111560837,0.0,0.0,0.0,1.0639310950049945,0.08992017359256833
2024-03-03 00:00:00+00:00,0.007244120960914646,0.007046764913350575,0.00019735604756399431,0.0,0.0,0.0,1.0963465312388525,0.09626955023913399
2024-03-04 00:00:00+00:00,-0.019901592817282432,-0.019464786001649616,3.709796015067758e-05,-0.0002369523878917739,-0.0002369523878917739,0.4739047757835478,1.0675204900325048,0.10211877915067628
2024-03-05 00:00:00+00:00,-0.0083639018918088,-0.008520601709107591,0.00015669981729878128,0.0,0.0,0.0,1.126381020372924,0.09438762628763891
2024-03-06 00:00:00+00:00,-0.04157042478033668,-0.041890733145555324,0.00032030836521863213,0.0,0.0,0.0,1.0802794685355654,0.05477386601937007
2024-03-07 00:00:00+00:00,0.049089547202713746,0.05008435998976317,6.248987441673737e-06,-0.0005005308872455543,-0.0005005308872455543,1.0010617744911083,1.0896276632172346,0.21155186827306588
2024-03-08 00:00:00+00:00,0.007155753852826852,0.007389639474607006,-0.0002338856217802201,0.0,0.0,0.0,1.0763994959548122,0.21738594741689418
2024-03-09 00:00:00+00:00,-0.021836441509749727,-0.021956137391549634,0.0001196958817999404,0.0,0.0,0.0,1.165084747152049,0.1997925687673145
2024-03-10 00:00:00+00:00,-0.002585093612632705,-0.002416300986058772,0.0001465981419279017,-0.00015769538425091382,-0.00015769538425091382,0.3153907685018276,1.0607308609205552,0.17632572165026797
2024-03-11 00:00:00+00:00,0.011655118201190584,0.011609745709072097,4.5372492118479836e-05,0.0,0.0,0.0,1.0166070635373359,0.18577029264034728
2024-03-12 00:00:00+00:00,0.026875500500937566,0.027192649086544802,-0.00031714858560720705,0.0,0.0,0.0,1.0254936107304593,0.207389251786612
2024-03-13 00:00:00+00:00,-0.026803117768590456,-0.026304300581981556,-8.625414371248983e-05,-0.00020628152144818205,-0.00020628152144818205,0.41256304289636414,1.0098653670150584,0.17622687614443558
2024-03-14 00:00:00+00:00,0.016857781397336513,0.016942809306023262,-8.50279086867863e-05,0.0,0.0,0.0,1.0245648856041991,0.18996725892681893
2024-03-15 00:00:00+00:00,-0.008935431526447712,-0.00919789812075468,0.0002624665943069609,0.0,0.0,0.0,1.057044367633228,0.1823991761550782
2024-03-16 00:00:00+00:00,0.009856836824444493,0.01017564027277673,8.593394451720205e-05,-0.00020236869642469623,-0.00020236869642469623,0.4047373928493925,0.9736962924043814,0.21605228026828197
2024-03-17 00:00:00+00:00,-0.001388428692231769,-0.0013452133809719507,-4.321531125978146e-05,0.0,0.0,0.0,0.8761557071744803,0.21500558681303084
2024-03-18 00:00:00+00:00,0.0091124912949192,0.00914215583279544,-2.9664537876343792e-05,0.0,0.0,0.0,0.9405477528440267,0.2221236428836532
2024-03-19 00:00:00+00:00,-0.0001027911322279973,0.00020988744444971506,-0.00021253455676810442,-5.007200995479471e-05,-5.007200995479471e-05,0.10014401990958942,0.9152404625938181,0.2717210187275537
2024-03-20 00:00:00+00:00,-0.022582065978950072,-0.022488247033917535,-9.381894503249164e-05,0.0,0.0,0.0,0.8608647739290701,0.25499099517061735
2024-03-21 00:00:00+00:00,0.018671432387581177,0.018808882246441245,-0.00013744985885998166,0.0,0.0,0.0,0.9534371132279336,0.26878134471222087
2024-03-22 00:00:00+00:00,0.00618228323500114,0.006535278195693359,-9.736569195498443e-05,-0.0001278146343686202,-0.0001278146343686202,0.2556292687372404,0.916974925547542,0.2678308755328102
2024-03-23 00:00:00+00:00,0.005768954341156318,0.005879198970619957,-0.00011024462946374489,0.0,0.0,0.0,0.893248868707602,0.2721401106308043
2024-03-24 00:00:00+00:00,-0.006005629499230225,-0.005913853383544786,-9.177611568538832e-05,0.0,0.0,0.0,0.8993805836927835,0.26783477366490094
2024-03-25 00:00:00+00:00,0.012264094693321681,0.012517059385850631,-6.275704930006748e-05,-9.510382161441467e-05,-9.510382161441467e-05,0.19020764322882933,0.9951996364083792,0.21721984591443025
2024-03-26 00:00:00+00:00,-0.003621848296784358,-0.0036224495310250376,6.012342407231937e-07,0.0,0.0,0.0,1.0328506165585256,0.21437382585946943
2024-03-27 00:00:00+00:00,0.0001444076741259348,0.00019593895551093428,-5.153128138502959e-05,0.0,0.0,0.0,1.049025986688671,0.21453878376820665
2024-03-28 00:00:00+00:00,-0.004314816611676875,-0.004008573691270011,-0.00010539585084416637,-0.00010042353478136936,-0.00010042353478136936,0.20084706956273868,1.0005907450339513,0.1829190055173672
2024-03-29 00:00:00+00:00,0.012336044013178782,0.01237998705028919,-4.3943037110426395e-05,0.0,0.0,0.0,1.0367761550271426,0.1929191336440389
2024-03-30 00:00:00+00:00,0.0010467623902294942,0.0011182485819745602,-7.148619174504744e-05,0.0,0.0,0.0,1.007106007188683,0.19383448357867372
2024-03-31 00:00:00+00:00,-0.026819023429727196,-0.026466191988489034,6.074177767213057e-05,-0.0002067866094551249,-0.0002067866094551249,0.4135732189102498,1.0272309374261595,0.15012179626153688
2024-04-01 00:00:00+00:00,0.016745037838305388,0.016780771306870716,-3.5733468565250224e-05,0.0,0.0,0.0,1.043697073971895,0.16415380587768436
2024-04-02 00:00:00+00:00,-0.0028110958698149835,-0.0027740886250191272,-3.700724479587891e-05,0.0,0.0,0.0,0.9753159684936845,0.1618346499687856
2024-04-03 00:00:00+00:00,-0.01353320056153462,-0.013202147038246794,-3.920613742085385e-05,-0.00014592369293347596,-0.00014592369293347596,0.29184738586695197,0.9482657440318314,0.19779991676961237
2024-04-04 00:00:00+00:00,0.004998559037313832,0.0050541919227579815,-5.5632885444146096e-05,0.0,0.0,0.0,0.9337999600227387,0.2018451736753572
2024-04-05 00:00:00+00:00,-0.0043414787148167155,-0.004300930944051997,-4.0547770764746715e-05,0.0,0.0,0.0,0.9605971449531661,0.1984056164922061
2024-04-06 00:00:00+00:00,-0.0006682542944884684,-0.0004946465459781294,-1.4590390109784351e-05,-7.95086792002939e-05,-7.95086792002939e-05,0.1590173584005878,0.9260335709983016,0.20701711441098805
2024-04-07 00:00:00+00:00,-0.011125814054555594,-0.011103526434391504,-2.2287620164047745e-05,0.0,0.0,0.0,0.9658308155708181,0.19811780989033234
2024-04-08 00:00:00+00:00,-0.014488030809506447,-0.014465951006700941,-2.2079802805466456e-05,0.0,0.0,0.0,1.0045817612267995,0.1863517284670668
2024-04-09 00:00:00+00:00,0.01801316239290296,0.017998470879255556,1.4691513647365168e-05,0.0,0.0,0.0,1.0225913629606818,0.20073433909831256
2024-04-10 00:00:00+00:00,0.022336611298308773,0.02235902715529877,-2.2415856990093335e-05,0.0,0.0,0.0,0.9551123323121501,0.21821909123482863
2024-04-11 00:00:00+00:00,-0.018356016720646795,-0.018299215971920683,-5.680074872616451e-05,0.0,0.0,0.0,0.9671616424742336,0.20365822912196843
2024-04-12 00:00:00+00:00,-0.013536151240025496,-0.013220901128737325,-5.3612792279447575e-05,-0.00013081865950434707,-0.00013081865950434707,0.26163731900869414,0.9933898364553598,0.23436040944007164
2024-04-13 00:00:00+00:00,-0.03947208370161537,-0.039368921376292755,-0.00010316232532257754,0.0,0.0,0.0,0.8664628149555944,0.20300449862532194
2024-04-14 00:00:00+00:00,-0.01006165631166167,-0.010052568453841868,-9.087857819841378e-06,0.0,0.0,0.0,0.7563328064715998,0.19491307857878767
2024-04-15 00:00:00+00:00,0.0069900464757080005,0.0074736567838748335,-4.1513237248524124e-05,-0.00022104853545909989,-0.00022104853545909989,0.4420970709181998,1.1067908266678328,0.18953982347028953
2024-04-16 00:00:00+00:00,0.0012637473629226736,0.0011961240601725501,6.762330275013757e-05,0.0,0.0,0.0,1.049587930440342,0.1904952097115397
2024-04-17 00:00:00+00:00,0.0044434175584595614,0.004379644514600551,6.377304385896006e-05,0.0,0.0,0.0,1.072346147966629,0.19401277445755033
2024-04-18 00:00:00+00:00,0.0093928716657945,0.009815574785148079,1.5236579924922243e-05,-0.00021896984963925049,-0.00021896984963925049,0.4379396992785009,0.9926263857425311,0.16649517181024692
2024-04-19 00:00:00+00:00,-0.0016715108414477875,-0.0017646649901696637,9.315414872187448e-05,0.0,0.0,0.0,1.0228024563834508,0.16500631666729387
2024-04-20 00:00:00+00:00,0.004073544174809651,0.004010017712947876,6.35264618617815e-05,0.0,0.0,0.0,1.0247114435681837,0.16833063211434993
2024-04-21 00:00:00+00:00,0.0075379904507557605,0.007974294039610863,6.373719336253016e-05,-0.0002500203911088203,-0.0002500203911088203,0.5000407822176405,1.0653307719274046,0.030239636718224203
2024-04-22 00:00:00+00:00,0.004863690038458213,0.004765423114433494,9.826692402475516e-05,0.0,0.0,0.0,1.0456990373506,0.034835630125432775
2024-04-23 00:00:00+00:00,0.019887034581616225,0.019825418902431738,6.161567918449985e-05,0.0,0.0,0.0,1.0464750895639692,0.05359519944313046
2024-04-24 00:00:00+00:00,0.00016159597349485466,0.00029502707139151337,5.091666667880602e-05,-9.217388228773865e-05,-9.217388228773865e-05,0.18434776457547725,1.0283875959184208,0.05327657369869123
2024-04-25 00:00:00+00:00,0.012018644641033749,0.011975931259988188,4.2713381045634e-05,0.0,0.0,0.0,0.964962441785699,0.06447757193428452
2024-04-26 00:00:00+00:00,0.004165032904616117,0.0041873805424672604,-2.2347637851219794e-05,0.0,0.0,0.0,0.9677959480310245,0.06838014691482937
2024-04-27 00:00:00+00:00,0.003101532027824483,0.003498208579281107,2.1155904573228025e-05,-0.00020891622801496625,-0.00020891622801496625,0.41783245602993246,0.9713187946983601,0.11010085182267547
2024-04-28 00:00:00+00:00,0.0047573194090269055,0.004716240554190266,4.1078854836555676e-05,0.0,0.0,0.0,0.974539595199879,0.1142734570417447
2024-04-29 00:00:00+00:00,-0.002320316326970162,-0.0024219947177212095,0.00010167839075101794,0.0,0.0,0.0,0.9640559634979677,0.1121115966922716
2024-04-30 00:00:00+00:00,-0.006605901616248189,-0.006085931890939262,8.09007630758447e-05,-0.0003004352441923775,-0.0003004352441923775,0.600870488384755,0.981974468945034,0.09104342779168897
2024-05-01 00:00:00+00:00,0.0007915308033124013,0.0006824839982309104,0.00010904680508157744,0.0,0.0,0.0,0.9086584179923071,0.0916533653280356
2024-05-02 00:00:00+00:00,-0.00015403763500843048,-0.00025758445315692566,0.00010354681814845922,0.0,0.0,0.0,0.9313591550879583,0.09140986143375018
2024-05-03 00:00:00+00:00,0.0051988247433052415,0.005746451774024158,4.275902615446115e-05,-0.00029519302843669155,-0.00029519302843669155,0.5903860568733831,0.9886866136606466,0.09653381904765658
2024-05-04 00:00:00+00:00,-0.023797541739434824,-0.023860684970941355,6.314323150656595e-05,0.0,0.0,0.0,1.0709906978260064,0.07444473578381193
2024-05-05 00:00:00+00:00,-0.0026037158974981933,-0.002668615960791929,6.490006329370892e-05,0.0,0.0,0.0,1.0841920334531148,0.07196349231199207
2024-05-06 00:00:00+00:00,-0.02109949022106783,-0.020878863325950948,6.12620598614268e-05,-0.0001409444774891392,-0.0001409444774891392,0.2818889549782784,1.0695384024362673,0.1015691768435936
2024-05-07 00:00:00+00:00,-0.01495335240674045,-0.015020329445739108,6.697703899862157e-05,0.0,0.0,0.0,1.0676145170097444,0.08786268915215051
2024-05-08 00:00:00+00:00,-0.019699204817464566,-0.019689976845235303,-9.227972229299544e-06,0.0,0.0,0.0,1.0611855409158761,0.0695426471568058
2024-05-09 00:00:00+00:00,-0.0036940811375276716,-0.0033014970030034534,2.8199046175229275e-05,-0.00021039159034969747,-0.00021039159034969747,0.420783180699395,1.0066945186618943,0.08916529545268682
2024-05-10 00:00:00+00:00,-0.01019361481504344,-0.01026401043757505,7.039562253157179e-05,0.0,0.0,0.0,1.0706036973527433,0.07971385737258921
2024-05-11 00:00:00+00:00,-0.01131672362589864,-0.01134476783719917,2.804421130058305e-05,0.0,0.0,0.0,1.0399255479868905,0.06915165975713396
2024-05-12 00:00:00+00:00,-0.0024445600602515105,-0.0021839360830916265,-4.673326428390239e-05,-0.00010694535643798418,-0.00010694535643798418,0.21389071287596834,1.0497344829695692,0.0677856340392656
2024-05-13 00:00:00+00:00,0.0020760503622383464,0.002062988505303563,1.3061856934864456e-05,0.0,0.0,0.0,1.0553244931112449,0.06970391370926371
2024-05-14 00:00:00+00:00,-0.010069234643797387,-0.010043117412536173,-2.6117231261200196e-05,0.0,0.0,0.0,1.0749740219370352,0.06026764535927921
2024-05-15 00:00:00+00:00,0.011101590443000076,0.011711677154462532,2.7571832045886153e-05,-0.00031882927175411755,-0.00031882927175411755,0.6376585435082351,0.9700100890057716,0.03773799547134061
2024-05-16 00:00:00+00:00,-0.012038582518940855,-0.01209855405116389,5.9971532223047554e-05,0.0,0.0,0.0,1.063203441991742,0.025951865089577975
2024-05-17 00:00:00+00:00,-0.00740430727857555,-0.007504167482101503,9.986020352597573e-05,0.0,0.0,0.0,1.0524426197776346,0.018585308945778502
2024-05-18 00:00:00+00:00,-0.0011087849649134007,-0.0008118989933245382,0.00011563413082682241,-0.00020626005120782882,-0.00020626005120782882,0.4125201024156576,1.0739611756514371,-0.0012169009027630758
2024-05-19 00:00:00+00:00,0.0039646529390306995,0.003923168532546776,4.1484406483972585e-05,0.0,0.0,0.0,1.0852556960874873,0.0026955805882815913
2024-05-20 00:00:00+00:00,0.0016794788533227578,0.0015967463715888012,8.27324817340459e-05,0.0,0.0,0.0,1.0492433117749644,0.004285130174358676
2024-05-21 00:00:00+00:00,0.027117365586087683,0.027736652169891424,-4.018049857512576e-06,-0.00030763426697311033,-0.00030763426697311033,0.6152685339462206,1.0983316340849787,-0.0006898966902273386
2024-05-22 00:00:00+00:00,0.03932107325249001,0.03944052254232147,-0.00011944928983148915,0.0,0.0,0.0,1.0674266832891735,0.03728455705302555
2024-05-23 00:00:00+00:00,0.009663854228996183,0.009681501950688195,-1.764772169208132e-05,0.0,0.0,0.0,1.0280328542928918,0.046516530038186454
2024-05-24 00:00:00+00:00,0.013160001339078686,0.013960152031815212,2.244941846519178e-05,-0.00041130005560085733,-0.00041130005560085733,0.8226001112017148,0.9730134432776399,0.020869629352025236
2024-05-25 00:00:00+00:00,-0.009881251042283545,-0.00988910827222719,7.85722994369054e-06,0.0,0.0,0.0,0.9676350802852433,0.011090105193298594
2024-05-26 00:00:00+00:00,0.014114424721595853,0.01410360743421528,1.0817287380607557e-05,0.0,0.0,0.0,0.9753907615878785,0.024843067028091925
2024-05-27 00:00:00+00:00,-0.013961343156728145,-0.01354902209355867,1.2987402646517529e-05,-0.00021265423290801967,-0.00021265423290801967,0.42530846581603937,0.9457272351285964,-0.0057407380559009
2024-05-28 00:00:00+00:00,0.02149263048500183,0.021510799197287607,-1.816871228588748e-05,0.0,0.0,0.0,0.9689169657755206,0.015438252485384234
2024-05-29 00:00:00+00:00,0.00921602646289621,0.00926403272674748,-4.800626385119957e-05,0.0,0.0,0.0,0.9607854119436205,0.024476707230570147
2024-05-30 00:00:00+00:00,0.01452590202504922,0.01554824962801095,1.85534538195089e-05,-0.0005204505283906589,-0.0005204505283906589,1.0409010567813177,0.9516528969404499,0.07349495325127534
2024-05-31 00:00:00+00:00,-0.013543283711107024,-0.013564818850271408,2.1535139164370535e-05,0.0,0.0,0.0,0.9605498536536708,0.06075292854861841
2024-06-01 00:00:00+00:00,-0.004485789077053215,-0.004487697319861379,1.9082428081985205e-06,0.0,0.0,0.0,0.9602713730107723,0.056518762476120636
2024-06-02 00:00:00+00:00,0.005497118021030589,0.006055111666757982,3.997464416265214e-05,-0.00029898414494499716,-0.00029898414494499716,0.5979682898899943,0.967050159404284,0.047279958815598815
2024-06-03 00:00:00+00:00,0.008570852112933958,0.008535353134850543,3.5498978083516236e-05,0.0,0.0,0.0,0.9367676991439825,0.055340992488051195
2024-06-04 00:00:00+00:00,-0.00045470301473493624,-0.0005063185641072316,5.161554937229187e-05,0.0,0.0,0.0,0.954981367481231,0.054859618757980656
2024-06-05 00:00:00+00:00,-0.0037435983764039227,-0.0035596060803517937,3.513352426959745e-06,-9.375282423952472e-05,-9.375282423952472e-05,0.1875056484790494,1.0327347957648234,0.06493769826738235
2024-06-06 00:00:00+00:00,-0.0054889398014104085,-0.005503563612051623,1.4623810641224749e-05,0.0,0.0,0.0,1.053748968313921,0.059762165584626506
2024-06-07 00:00:00+00:00,-0.006868050236680245,-0.006849724586065985,-1.832565061421284e-05,0.0,0.0,0.0,1.0366040902849452,0.053278359447775175
2024-06-08 00:00:00+00:00,-0.00018441442524330665,9.08635579257583e-05,-5.2992817243954107e-05,-0.00011114258296257077,-0.00011114258296257077,0.22228516592514153,0.9039615258938796,0.09749411693358194
2024-06-09 00:00:00+00:00,-0.008298859124185931,-0.00832248397208909,2.362484790319473e-05,0.0,0.0,0.0,0.8823921773775282,0.0899178485191028
2024-06-10 00:00:00+00:00,-0.0011715400529350717,-0.0011740561902486685,2.516137313578149e-06,0.0,0.0,0.0,0.8992827932475808,0.08884788118027521
2024-06-11 00:00:00+00:00,0.006620386807283385,0.0066476414882083446,-2.7254680924893714e-05,0.0,0.0,0.0,0.8595444541832332,0.0948674633655778
2024-06-12 00:00:00+00:00,-0.02094310659029397,-0.02095701480590361,1.3908215609645179e-05,0.0,0.0,0.0,0.8420525042061041,0.0754914745580006
2024-06-13 00:00:00+00:00,-0.005025303154268412,-0.004996214503512869,-2.9088650755564165e-05,0.0,0.0,0.0,0.8999291178814528,0.07085130936291326
2024-06-14 00:00:00+00:00,0.0019673380237543725,0.002362228513427081,-1.6011131384857092e-05,-0.00018943967914392929,-0.00018943967914392929,0.3788793582878585,0.8615636890052079,0.07198474328376521
2024-06-15 00:00:00+00:00,-0.0030127755202035145,-0.003051768817636507,3.899329743298971e-05,0.0,0.0,0.0,0.8319253003806815,0.06914128162684957
2024-06-16 00:00:00+00:00,-0.002862282909823821,-0.0029115056602035468,4.922275037975896e-05,0.0,0.0,0.0,0.8470737092946997,0.0664198884783097
2024-06-17 00:00:00+00:00,-0.010698126926533602,-0.010347116865003884,1.681261234081145e-06,-0.00017634566138189953,-0.00017634566138189953,0.35269132276379905,1.0241865502502698,0.05396628874529607
2024-06-18 00:00:00+00:00,-0.013808825082801901,-0.01381679120329656,7.96612049465868e-06,0.0,0.0,0.0,0.9378185209843939,0.04071167798208137
2024-06-19 00:00:00+00:00,0.0010486249957399885,0.0010474056137465063,1.2193819935005579e-06,0.0,0.0,0.0,0.8680395981069591,0.041715339847757785
2024-06-20 00:00:00+00:00,-0.004598525444372226,-0.004043539556594421,0.00022430136353828963,-0.0003896436256580323,-0.0003896436256580323,0.7792872513160645,0.9580257043166852,0.0033349005332302633
2024-06-21 00:00:00+00:00,0.0038639760280734237,0.0036683854399451347,0.00019559058812823585,0.0,0.0,0.0,0.970672719855852,0.006976329602825685
2024-06-22 00:00:00+00:00,0.00624286396777296,0.0061799567302595,6.290723751343767e-05,0.0,0.0,0.0,0.9734950248846539,0.013074662990610626
2024-06-23 00:00:00+00:00,-0.0011879325367253335,-0.0006214160755182263,9.776874326659376e-06,-0.0002881466677668982,-0.0002881466677668982,0.5762933355337965,0.9778550926681743,-0.005618618499004232
2024-06-24 00:00:00+00:00,-0.003207829950153007,-0.003245730676676245,3.790072652318432e-05,0.0,0.0,0.0,0.9495078384090554,-0.008892876009687556
2024-06-25 00:00:00+00:00,-0.016335492061392398,-0.016527923351947405,0.00019243129055504114,0.0,0.0,0.0,1.0055143571424117,-0.025842956776907004
2024-06-26 00:00:00+00:00,0.005246477292358609,0.005763107690213289,9.15154036108093e-05,-0.00030407290073279945,-0.00030407290073279945,0.6081458014655988,1.0082709317710232,-0.019765306240165405
2024-06-27 00:00:00+00:00,0.010292738096335574,0.009932220339111997,0.00036051775722362693,0.0,0.0,0.0,1.0021848847311232,-0.009732907631882637
2024-06-28 00:00:00+00:00,0.012171797746242774,0.011941690661623212,0.0002301070846195132,0.0,0.0,0.0,0.993247376436821,0.002182221471353664
2024-06-29 00:00:00+00:00,0.010565408343684357,0.0109872483452755,0.00017725733194744712,-0.0002995486667693207,-0.0002995486667693207,0.5990973335386413,0.9282574619443112,-0.004283907487785811
2024-06-30 00:00:00+00:00,0.00013180892183695114,4.833582065125214e-05,8.347310118574945e-05,0.0,0.0,0.0,0.9353792782222667,-0.004235013454576906
2024-07-01 00:00:00+00:00,0.013079607985336361,0.012912131313994185,0.00016747667134228044,0.0,0.0,0.0,0.9350556402548857,0.008565089841925465
2024-07-02 00:00:00+00:00,0.009402845167166163,0.009312468848159342,0.000266032021057258,-8.782785102523897e-05,-8.782785102523897e-05,0.17565570205047792,0.9072159965082818,-0.0004630687843575782
2024-07-03 00:00:00+00:00,0.015365199660202444,0.015343052461456633,2.2147198745801277e-05,0.0,0.0,0.0,0.8960063727224858,0.014654809601588529
2024-07-04 00:00:00+00:00,0.0029844523376127974,0.002933488601955151,5.0963735657614415e-05,0.0,0.0,0.0,0.8317074387306188,0.017535962957901854
2024-07-05 00:00:00+00:00,0.0060226230159337035,0.006172146703970048,0.00012737888439350603,-0.00013845128621492946,-0.00013845128621492946,0.2769025724298589,0.8338039629287529,0.024857391464924515
2024-07-06 00:00:00+00:00,0.021826413813404555,0.021705505365132893,0.00012090844827177254,0.0,0.0,0.0,0.7773607480146176,0.04556830416654338
2024-07-07 00:00:00+00:00,0.01780689852605155,0.017786032377070136,2.0866148981402217e-05,0.0,0.0,0.0,0.8426793674773305,0.06224592959171398
2024-07-08 00:00:00+00:00,-0.03554279318664255,-0.03512978455371359,3.186189475930959e-05,-0.00022243526384413254,-0.00022243526384413254,0.4448705276882651,0.9475706928048072,-0.06798478543159849
2024-07-09 00:00:00+00:00,0.03343853335272917,0.03342463516751772,1.389818521155366e-05,0.0,0.0,0.0,0.9252690090355561,-0.03344190210515906
2024-07-10 00:00:00+00:00,0.015932951450443822,0.015865085339540508,6.786611090329628e-05,0.0,0.0,0.0,0.9394490606741237,-0.017301158251166578
2024-07-11 00:00:00+00:00,-0.03081960832645625,-0.030455330238909485,6.12958391363042e-05,-0.00021278696334152923,-0.00021278696334152923,0.42557392668305843,0.9756515132320945,-0.02102512252309163
2024-07-12 00:00:00+00:00,0.008217284438154948,0.008091951715819407,0.00012533272233558493,0.0,0.0,0.0,0.9024124389803917,-0.012827761442791916
2024-07-13 00:00:00+00:00,-0.04642341629894475,-0.046624269740230706,0.00020085344128595103,0.0,0.0,0.0,0.9972625452788368,-0.0623463623155216
2024-07-14 00:00:00+00:00,0.0118922827000989,0.01216684223597446,0.00013077252517570273,-0.0002026660305255816,-0.0002026660305255816,0.4053320610511632,0.9793945856773685,-0.018629445478066473
2024-07-15 00:00:00+00:00,0.003535087552478444,0.003510320984510358,2.4766567968004364e-05,0.0,0.0,0.0,1.0173841178960061,-0.01506586534052365
2024-07-16 00:00:00+00:00,0.039424281237421255,0.039318417478242156,0.00010586375917914988,0.0,0.0,0.0,1.1001279770151575,0.02333267807525741
2024-07-17 00:00:00+00:00,0.03792216544967286,0.03824978886716329,0.0003539995672120429,-0.00034081149235126485,-0.00034081149235126485,0.6816229847025298,1.0238057910122524,0.07428308051624607
2024-07-18 00:00:00+00:00,-0.023565010365506178,-0.02395969973294973,0.00039468936744352156,0.0,0.0,0.0,1.0414309325864954,0.05153787125360352
2024-07-19 00:00:00+00:00,-0.005164802113218014,-0.005269710423867653,0.00010490831064960452,0.0,0.0,0.0,1.0065216373152295,0.04650836734367522
2024-07-20 00:00:00+00:00,0.008265050827272802,0.008065985726329392,0.00023396785268761636,-1.7451375872071362e-05,-1.7451375872071362e-05,0.03490275174414273,1.0288696244303837,0.019510347313656966
2024-07-21 00:00:00+00:00,-0.006988569583477489,-0.007231667418002946,0.00024309783452547846,0.0,0.0,0.0,1.0284577174267624,0.012365094216995788
2024-07-22 00:00:00+00:00,0.008795862387063647,0.008560448304101456,0.00023541408296217335,0.0,0.0,0.0,1.0465220615714041,0.020743089163333634
2024-07-23 00:00:00+00:00,0.017772729746871052,0.01806553497894553,0.00014044644236027327,-0.00021662583721740068,-0.00021662583721740068,0.43325167443480134,0.9317448489167799,0.010431304715844967
2024-07-24 00:00:00+00:00,0.007005170148214113,0.006784108335515922,0.0002210618126982537,0.0,0.0,0.0,0.8868039652009752,0.017095655078738756
2024-07-25 00:00:00+00:00,0.009230405592397073,0.008799347755940396,0.00043105783645671947,0.0,0.0,0.0,0.8577116665668616,0.025658167541513146
2024-07-26 00:00:00+00:00,-0.006077285211251615,-0.005794946845301513,0.00011007433880213486,-0.00019620635237613214,-0.00019620635237613214,0.3924127047522643,0.8879360548948065,0.01747309105529016
2024-07-27 00:00:00+00:00,-0.01642087547584159,-0.016829086112320514,0.00040821063647894046,0.0,0.0,0.0,0.9800832981575601,0.0006547566198917586
2024-07-28 00:00:00+00:00,-0.00578869928817316,-0.006308618051558305,0.0005199187633851977,0.0,0.0,0.0,0.9855119263521458,-0.005686780493863327
2024-07-29 00:00:00+00:00,0.0029976284580433,0.003726194804639054,0.00010303522960473042,-0.000415800788100241,-0.000415800788100241,0.831601576200482,0.9755948400241888,0.04919454954860487
2024-07-30 00:00:00+00:00,-0.004068252753467894,-0.004215445202909265,0.0001471924494414187,0.0,0.0,0.0,0.969689171666151,0.04516283818650258
2024-07-31 00:00:00+00:00,-0.004657646473794741,-0.0047151755963566475,5.7529122561910014e-05,0.0,0.0,0.0,0.9532238642970066,0.04063693506746864
2024-08-01 00:00:00+00:00,0.0025398446753224224,0.0032438558932822814,6.556700292649511e-05,-0.00038478911044312206,-0.00038478911044312206,0.7695782208862442,0.939323214772517,0.061139013586775925
2024-08-02 00:00:00+00:00,0.025262227105851354,0.025153974288540878,0.00010825281731054595,0.0,0.0,0.0,0.9003248245841861,0.08416674836339973
2024-08-03 00:00:00+00:00,-0.009033845257677697,-0.009204345156806461,0.00017049989912878914,0.0,0.0,0.0,0.8533326250911647,0.0756457754362812
2024-08-04 00:00:00+00:00,0.008001705784264512,0.008226622386281508,0.00037469797821266507,-0.00029980729011488255,-0.00029980729011488255,0.5996145802297651,0.8606743816564274,0.07661443746854633
2024-08-05 00:00:00+00:00,0.001563700467746898,0.001190448982781626,0.00037325148496532133,0.0,0.0,0.0,0.8036777702421121,0.07768341286229914
2024-08-06 00:00:00+00:00,0.0021645926474798127,0.0018996097432989318,0.00026498290418077195,0.0,0.0,0.0,0.7360322892149822,0.07941112985777972
2024-08-07 00:00:00+00:00,-0.025588565983103995,-0.025990399147538156,0.0006869632267471332,-0.00014256503115650502,-0.00014256503115650502,0.28513006231301,0.9832722164253876,-0.04253314349375756
2024-08-08 00:00:00+00:00,-0.00527691700244548,-0.005734040935730147,0.0004571239332847111,0.0,0.0,0.0,0.9461156422002439,-0.048523237526605506
2024-08-09 00:00:00+00:00,0.004300060805346506,0.0039187631365414765,0.00038129766880510863,0.0,0.0,0.0,1.0857328541523472,-0.04441349366671891
2024-08-10 00:00:00+00:00,-0.009541547844538312,-0.009272820773436798,0.00020735721887220487,-0.00023804214498685758,-0.00023804214498685758,0.47608428997371516,1.0003639107583662,0.06438738694504571
2024-08-11 00:00:00+00:00,0.0025781715457136034,0.0022173427027811867,0.0003608288429324482,0.0,0.0,0.0,1.010087667017163,0.0664334528101076
2024-08-12 00:00:00+00:00,-0.009313055987889451,-0.009646636080113466,0.00033358009222406187,0.0,0.0,0.0,0.9390263918981557,0.05732064712593978
2024-08-13 00:00:00+00:00,-0.016111383757758113,-0.01616685851672454,0.0002688116858676198,-0.00010666846345059331,-0.00010666846345059331,0.21333692690118658,1.053783900450758,0.03597888218832138
2024-08-14 00:00:00+00:00,-0.0036999821094613194,-0.00385272546992578,0.00015274336046451216,0.0,0.0,0.0,1.0540211834364972,0.03224546435963749
2024-08-15 00:00:00+00:00,-0.004029023793938102,-0.004180924358613364,0.00015190056467526407,0.0,0.0,0.0,1.0174769366572325,0.028178070115988926
2024-08-16 00:00:00+00:00,-0.008300237326624882,-0.008384842482621172,0.00030311516922054335,-0.00010925500661213008,-0.00010925500661213008,0.21851001322426014,0.946262623768982,0.051242841245437605
2024-08-17 00:00:00+00:00,-0.0033126966542541547,-0.003572042564312974,0.0002593459100588617,0.0,0.0,0.0,0.9220939491262057,0.0478292424525728
2024-08-18 00:00:00+00:00,-0.012793314247107723,-0.013147049656631157,0.0003537354095234858,0.0,0.0,0.0,0.9616002839806399,0.035131642944143386
2024-08-19 00:00:00+00:00,-0.005480272568484268,-0.005451931570983744,0.000350683238631907,-0.00018951211806622295,-0.00018951211806622295,0.3790242361324459,0.9728132782362902,0.019179470499052362
2024-08-20 00:00:00+00:00,0.0002807145527279342,-6.724837921243404e-05,0.0003479629319402924,0.0,0.0,0.0,0.9974305143147769,0.01910685854658926
2024-08-21 00:00:00+00:00,-0.009235767187953603,-0.009480364548594602,0.00024459736064101086,0.0,0.0,0.0,1.0156850871157215,0.009716230844014538
2024-08-22 00:00:00+00:00,-0.039116323412768716,-0.03907836537521958,0.00015690406801472157,-9.743105278192977e-05,-9.743105278192977e-05,0.19486210556385958,1.1160829430419383,-0.028839238320600903
2024-08-23 00:00:00+00:00,0.006623787714351126,0.006545281090505193,7.850662384582615e-05,0.0,0.0,0.0,1.1189368068485672,-0.02214725849139384
2024-08-24 00:00:00+00:00,0.004517116210679184,0.004365880095243764,0.0001512361154354996,0.0,0.0,0.0,1.2466618876631916,-0.01770141902930061
2024-08-25 00:00:00+00:00,-0.0014525686949102834,-0.001060203974619973,2.79074144968289e-06,-0.00019757773086999148,-0.00019757773086999148,0.3951554617399829,1.0778799925852565,0.08307302055948496
2024-08-26 00:00:00+00:00,-0.007652066386827694,-0.007644571272527467,-7.495114300214003e-06,0.0,0.0,0.0,1.048920941063543,0.07601008349190595
2024-08-27 00:00:00+00:00,0.006726796386333556,0.0067217137352786815,5.08265105487617e-06,0.0,0.0,0.0,0.9634641251464122,0.08217899585483575
2024-08-28 00:00:00+00:00,-0.005147464021820758,-0.004496679017496345,9.309422525040963e-05,-0.0003719396147874299,-0.0003719396147874299,0.7438792295748599,0.9197573775829022,0.07651774758562181
2024-08-29 00:00:00+00:00,0.00850908015403129,0.008310938512785138,0.0001981416412462331,0.0,0.0,0.0,0.8916362288662739,0.08411296216138246
2024-08-30 00:00:00+00:00,0.005904079516654059,0.005716247026615809,0.0001878324900382557,0.0,0.0,0.0,0.867265570449071,0.08930196329570692
2024-08-31 00:00:00+00:00,-0.0052402673801217325,-0.005213105037095394,0.0001629782924167905,-9.507031772157752e-05,-9.507031772157752e-05,0.19014063544315504,0.908513668805071,0.04635877656371818
2024-09-01 00:00:00+00:00,-0.002114788347259755,-0.002211939510644074,9.715116338436134e-05,0.0,0.0,0.0,0.8967694834838649,0.04424039612728205
2024-09-02 00:00:00+00:00,-0.0018557048099090423,-0.0019504600307676217,9.475522085857651e-05,0.0,0.0,0.0,0.8502556304937837,0.04236855963642045
2024-09-03 00:00:00+00:00,0.0032473222536026913,0.0034088485850993404,0.0002503637125162306,-0.00020594502200647395,-0.00020594502200647395,0.4118900440129479,0.973719111788798,-0.010798144718936059
2024-09-04 00:00:00+00:00,-0.004962206167767325,-0.005326264349638784,0.00036405818187142146,0.0,0.0,0.0,0.9172505003113518,-0.016204820729948284
2024-09-05 00:00:00+00:00,0.0065608410611028845,0.005795763908790931,0.0007650771523118803,0.0,0.0,0.0,0.9268881232653181,-0.010341209787363
2024-09-06 00:00:00+00:00,-0.0028349536509588713,-0.002742415584659934,0.00010042519109761363,-9.648162869827225e-05,-9.648162869827225e-05,0.1929632573965445,0.9181661244266686,-0.0027445161483428886
2024-09-07 00:00:00+00:00,-0.00639168193475026,-0.006521480049323641,0.0001297981145733977,0.0,0.0,0.0,0.8974269793658579,-0.009325602482585293
2024-09-08 00:00:00+00:00,-0.011770343339909783,-0.011867860457615393,9.751711770562228e-05,0.0,0.0,0.0,0.9328207998513512,-0.021445888410016437
2024-09-09 00:00:00+00:00,0.006600345088204396,0.006756132947356372,4.405953243039013e-05,-9.99236957912114e-05,-9.99236957912114e-05,0.1998473915824228,0.9478973943571963,-0.017107277671477725
2024-09-10 00:00:00+00:00,-0.001159631848501208,-0.0012114479782631832,5.181612976200432e-05,0.0,0.0,0.0,1.00086228209673,-0.018339993290061717
2024-09-11 00:00:00+00:00,0.004623411861153226,0.00448262740035182,0.00014078446080132489,0.0,0.0,0.0,1.0177867105644023,-0.013793592430857505
2024-09-12 00:00:00+00:00,0.003088426988093307,0.003696511295588387,0.00014410254735367918,-0.0003760934274243614,-0.0003760934274243614,0.7521868548487227,0.8668737217748308,0.012515790510132395
2024-09-13 00:00:00+00:00,0.01755547785714251,0.01748433795128702,7.113990585554868e-05,0.0,0.0,0.0,0.8951611323390123,0.029482548238643685
2024-09-14 00:00:00+00:00,-0.0012833330341954774,-0.0014635659395714894,0.00018023290537595873,0.0,0.0,0.0,0.914105669935009,0.028054986189623106
2024-09-15 00:00:00+00:00,0.01737441607376522,0.01721076035056752,0.000677560764230729,-0.0002569525205165712,-0.0002569525205165712,0.5139050410331424,0.9755447235649871,-0.02815157997099161
2024-09-16 00:00:00+00:00,0.01977765854893132,0.018908188933953927,0.0008694696149774041,0.0,0.0,0.0,0.9278516596953514,-0.00906412388970194
2024-09-17 00:00:00+00:00,-0.0035579964397021158,-0.003897232676557366,0.00033923623685523115,0.0,0.0,0.0,0.9016687937501991,-0.013007637694866627
2024-09-18 00:00:00+00:00,0.044492725961700286,0.044397472921246475,0.0004943843991038005,-0.00019956567932494828,-0.00019956567932494828,0.3991313586498966,0.979539794620951,-0.014985867396555998
2024-09-19 00:00:00+00:00,0.0102926946174835,0.00967211629528876,0.000620578322194807,0.0,0.0,0.0,1.018014286658565,-0.005259615485272288
2024-09-20 00:00:00+00:00,-0.001877746727108054,-0.002435245846348847,0.0005574991192407551,0.0,0.0,0.0,1.064177541795561,-0.0077093375149078925
2024-09-21 00:00:00+00:00,0.0013619361425096788,0.0016278874724127118,0.0003632201916838657,-0.0003145857607933994,-0.0003145857607933994,0.6291715215867987,1.0552941186942106,-0.01614284212248078
2024-09-22 00:00:00+00:00,-0.01193773676733667,-0.012191604345864509,0.00025386757852782137,0.0,0.0,0.0,1.0906718711492278,-0.028676782347342014
2024-09-23 00:00:00+00:00,0.011101970110157566,0.01095366716781358,0.00014830294234389473,0.0,0.0,0.0,1.046782830619894,-0.017528514139476183
2024-09-24 00:00:00+00:00,-0.007632395081378696,-0.0078057185737887775,0.0005973642237358455,-0.0002120203656628922,-0.0002120203656628922,0.42404073132578435,1.0761008355563486,-0.02044706658545823
2024-09-25 00:00:00+00:00,0.02305181744398177,0.0226097765851481,0.0004420408588336265,0.0,0.0,0.0,1.1050988301505447,0.0021139789430148297
2024-09-26 00:00:00+00:00,0.03439026769008047,0.03408025204925781,0.0003100156408226429,0.0,0.0,0.0,1.060577458303057,0.03499088508740415
2024-09-27 00:00:00+00:00,-0.03535767494214537,-0.03535738786104467,0.00024509803602446815,-0.00012269255856257142,-0.00012269255856257142,0.24538511712514285,1.1520771584213585,-0.056392685935894034
2024-09-28 00:00:00+00:00,-0.036091033401634665,-0.0362800148917577,0.00018898149012300749,0.0,0.0,0.0,1.247246012921063,-0.09614258611442687
2024-09-29 00:00:00+00:00,-0.01585762745648578,-0.01602784989922931,0.000170222442743571,0.0,0.0,0.0,1.2461205725185258,-0.11397785436648929
2024-09-30 00:00:00+00:00,0.01944116740807722,0.01972325555956921,0.00012104782941751467,-0.00020156799045473658,-0.00020156799045473658,0.4031359809094731,1.0349793271797285,0.011182955125405259
2024-10-01 00:00:00+00:00,0.019593753641807377,0.019432682103672338,0.00016107153813506474,0.0,0.0,0.0,0.9690076930959608,0.030027289908087246
2024-10-02 00:00:00+00:00,0.012009001684639253,0.011861226696572353,0.00014777498806680604,0.0,0.0,0.0,0.9004686884507065,0.04139144665208529
2024-10-03 00:00:00+00:00,0.014703800907220455,0.014658699526361793,0.00024069306275592025,-9.779584094864452e-05,-9.779584094864452e-05,0.19559168189728907,0.855454252052749,0.05751320274414349
2024-10-04 00:00:00+00:00,-0.019389899049823578,-0.01973861867998893,0.0003487196301653415,0.0,0.0,0.0,0.8393941386254836,0.03852151229887635
2024-10-05 00:00:00+00:00,0.0016252007885255715,0.0007393390414258687,0.0008858617470997263,0.0,0.0,0.0,0.8924433659463533,0.039197148104295435
2024-10-06 00:00:00+00:00,-0.008437145008716285,-0.008209810101717953,0.000345307334259019,-0.00028632112062867873,-0.00028632112062867873,0.5726422412573575,0.9184130473716932,0.02070901903299135
2024-10-07 00:00:00+00:00,0.0007110619618058145,0.0002945796910926971,0.0004164822707130991,0.0,0.0,0.0,0.9684052355248788,0.020988674476035533
2024-10-08 00:00:00+00:00,0.008893782461961264,0.008547164954695635,0.0003466175072655957,0.0,0.0,0.0,0.9547876135347816,0.029275469771115264
2024-10-09 00:00:00+00:00,-0.0014817622551149823,-0.0012424154199399862,0.00039668202589062806,-0.0003180144305328104,-0.0003180144305328104,0.6360288610656208,0.9807046656954989,-0.03774949095915501
2024-10-10 00:00:00+00:00,0.006739197520069018,0.0065022073142028455,0.00023699020586619014,0.0,0.0,0.0,0.9192645536362583,-0.031038111679692948
2024-10-11 00:00:00+00:00,0.004440043405490979,0.004130285467115274,0.00030975793837559643,0.0,0.0,0.0,0.9209606398785143,-0.026788882411883912
2024-10-12 00:00:00+00:00,-0.0016133758543317445,-0.0016546967231591326,0.00046778904026550906,-0.00021323408571905859,-0.00021323408571905859,0.42646817143811716,1.026746710749227,-0.06688849057232991
2024-10-13 00:00:00+00:00,0.0023834782114187103,0.001977681417919233,0.0004057967934993836,0.0,0.0,0.0,1.0611863201520637,-0.06475646353452781
2024-10-14 00:00:00+00:00,0.03297152613299503,0.032354468459774584,0.0006170576732203579,0.0,0.0,0.0,1.0334570835190324,-0.0313677524065476
2024-10-15 00:00:00+00:00,-0.04344225913755617,-0.04364138313003729,0.0006206001607231159,-0.00021073808412102295,-0.00021073808412102295,0.42147616824204587,1.1207774189866222,-0.037623424873855615
2024-10-16 00:00:00+00:00,-0.012317969802254192,-0.01251247569915528,0.00019450589690106346,0.0,0.0,0.0,1.0980254626452934,-0.05076117519620499
2024-10-17 00:00:00+00:00,0.00461554179387047,0.004333627106498522,0.00028191468737205275,0.0,0.0,0.0,1.0799911925916224,-0.04621424431360481
2024-10-18 00:00:00+00:00,0.01310231235901771,0.012879890779642324,0.00030136587220250304,-3.947214641352185e-05,-3.947214641352185e-05,0.0789442928270437,0.9577088460175325,0.04502007224411321
2024-10-19 00:00:00+00:00,-0.011932637631411724,-0.012879534177608684,0.0009468965461969669,0.0,0.0,0.0,1.0121887362258997,0.03252869115062892
2024-10-20 00:00:00+00:00,-0.001843151516100483,-0.0025063007496412904,0.0006631492335408541,0.0,0.0,0.0,1.0109252015734445,0.030077828395996657
2024-10-21 00:00:00+00:00,0.004992499541094153,0.0046979537287647425,0.0005021542486683719,-0.00010380421816949594,-0.00010380421816949594,0.2076084363389919,1.0125061689227601,0.058073187362649464
2024-10-22 00:00:00+00:00,0.0007240113224791234,0.0005142628217633107,0.0002097485007158668,0.0,0.0,0.0,0.9624324072866266,0.05854506289600091
2024-10-23 00:00:00+00:00,0.008798922719604363,0.00869217915669767,0.0001067435629067604,0.0,0.0,0.0,0.9461205279515315,0.06665078692930708
2024-10-24 00:00:00+00:00,0.007857872096324714,0.008095098074877972,0.00014449445875560173,-0.00019086021865441207,-0.00019086021865441207,0.3817204373088241,0.9355805027660338,0.07184498717229752
2024-10-25 00:00:00+00:00,-0.006627774922592589,-0.006679971199826081,5.2196277233493e-05,0.0,0.0,0.0,0.9553847217083121,0.06559979665969969
2024-10-26 00:00:00+00:00,-0.0009544422928495777,-0.0010487992602057489,9.435696735622255e-05,0.0,0.0,0.0,0.8577305025340285,0.0646126664610176
2024-10-27 00:00:00+00:00,-0.0020936732115848233,-0.0016545242013524472,0.00016231193524825685,-0.00030073047274029843,-0.00030073047274029843,0.6014609454805968,1.0078858694796649,0.03216091242524372
2024-10-28 00:00:00+00:00,-0.012996855603987667,-0.013128509250519962,0.00013165364653228227,0.0,0.0,0.0,1.0421234574474516,0.019283021824991572
2024-10-29 00:00:00+00:00,-0.0047079074686280364,-0.004970394900421739,0.0002624874317937236,0.0,0.0,0.0,1.053392525959082,0.014380328179005036
2024-10-30 00:00:00+00:00,-0.003874604836298312,-0.0032774634152405173,0.00027504683149895946,-0.0004360941262783782,-0.0004360941262783782,0.8721882525567562,1.0764147228203318,-0.05413491994391899
2024-10-31 00:00:00+00:00,0.004320667623136432,0.004152667966607929,0.0001679996565284963,0.0,0.0,0.0,1.0425132654848546,-0.04976722434240147
2024-11-01 00:00:00+00:00,0.0024976903794544647,0.002484834469961705,1.285590949284567e-05,0.0,0.0,0.0,0.9978559571669757,-0.047164587336399014
2024-11-02 00:00:00+00:00,0.0028201253544031246,0.0028060956143128746,3.783221900097421e-05,-1.1901239455389204e-05,-1.1901239455389204e-05,0.02380247891077841,0.9531393192374006,-0.06796928871842885
2024-11-03 00:00:00+00:00,0.003239819066198635,0.0031462353065404842,9.358375965807233e-05,0.0,0.0,0.0,0.9373096966904239,-0.06461371666071286
2024-11-04 00:00:00+00:00,0.010735069943525577,0.010652667094389003,8.240284913647957e-05,0.0,0.0,0.0,0.8863714051613032,-0.05338792644183097
2024-11-05 00:00:00+00:00,-0.005316721448867412,-0.005038258320755993,9.225744583652842e-05,-0.0001853602869739814,-0.0001853602869739814,0.37072057394796276,0.8884415196202832,-0.04604065207883924
2024-11-06 00:00:00+00:00,-0.0049047767438890055,-0.0049745326850101496,6.975594112109375e-05,0.0,0.0,0.0,0.9443081617902638,-0.051266636168666786
2024-11-07 00:00:00+00:00,-0.008736639905292387,-0.00872843159491513,-8.208310377230604e-06,0.0,0.0,0.0,1.1091873564111603,-0.06052384278366682
2024-11-08 00:00:00+00:00,0.01749896540307061,0.0179786698807107,-2.5992039360902993e-05,-0.00022685621913960975,-0.00022685621913960975,0.4537124382792194,1.0616319671743482,-0.038693385777264534
2024-11-09 00:00:00+00:00,0.0014287624970927837,0.0014251853202237065,3.5771768689699114e-06,0.0,0.0,0.0,1.0634055052747273,-0.037215029019249835
2024-11-10 00:00:00+00:00,-0.0017225317874340895,-0.0017260262568468453,3.494469412769309e-06,0.0,0.0,0.0,1.139236769363749,-0.0390082482236341
2024-11-11 00:00:00+00:00,0.021667641458317677,0.02208524807084516,8.303515783373284e-05,-0.000250320885180647,-0.000250320885180647,0.500641770361294,1.0933600950188147,0.04134705674965367
2024-11-12 00:00:00+00:00,-0.02464931645357893,-0.02482616510195252,0.00017684864837357896,0.0,0.0,0.0,1.2174055915980497,0.016938411923422707
2024-11-13 00:00:00+00:00,-0.022500598390635007,-0.022460008986577743,-4.05894040572098e-05,0.0,0.0,0.0,1.2489805936897898,-0.0056486961056591
2024-11-14 00:00:00+00:00,-0.06063458802085031,-0.05975227817122139,0.00014377404248138435,-0.0005130419460551792,-0.0005130419460551792,1.0260838921103586,1.1041311764186017,0.025595585689151282
2024-11-15 00:00:00+00:00,0.014531780159470209,0.014453439184799606,7.83409746705809e-05,0.0,0.0,0.0,1.0523528895567575,0.03947537736832252
2024-11-16 00:00:00+00:00,-0.027264194767005367,-0.02729520766618375,3.10128991783728e-05,0.0,0.0,0.0,1.172914139095721,0.012521559951441623
2024-11-17 00:00:00+00:00,0.00996829405124422,0.010499980505967055,5.759258674782638e-06,-0.0002687228566987605,-0.0002687228566987605,0.5374457133975209,1.053375741956281,0.09866292284999964
2024-11-18 00:00:00+00:00,-0.008168393215091774,-0.008235895166914376,6.750195182264727e-05,0.0,0.0,0.0,1.0355911036984473,0.09117175442332508
2024-11-19 00:00:00+00:00,0.0026642585401872587,0.002624755046701511,3.950349348574522e-05,0.0,0.0,0.0,1.0554918666781001,0.0935472753427832
2024-11-20 00:00:00+00:00,-0.0009355204908682024,-0.000975592492716045,6.096877224353463e-05,-1.0448385197843216e-05,-1.0448385197843216e-05,0.02089677039568643,1.018241625244186,0.0717420285921854
2024-11-21 00:00:00+00:00,-0.0034796091731407186,-0.003461109051959488,-1.8500121181201564e-05,0.0,0.0,0.0,0.9783302821511985,0.06851934006445184
2024-11-22 00:00:00+00:00,-0.006906735416771892,-0.006925265293218243,1.8529876446367496e-05,0.0,0.0,0.0,1.0381450711192373,0.06202244740536338
2024-11-23 00:00:00+00:00,0.022624953685066895,0.02308561354523994,-4.819499693110602e-05,-0.0002062324316209295,-0.0002062324316209295,0.412464863241859,1.0256009126036023,0.09256216712234921
2024-11-24 00:00:00+00:00,0.00458995723294886,0.00446269048519772,0.00012726674775109855,0.0,0.0,0.0,1.0835124293699148,0.09658155241248172
2024-11-25 00:00:00+00:00,0.017878827287191257,0.01776182466987894,0.00011700261731230708,0.0,0.0,0.0,1.1264444296376597,0.11233495973887518
2024-11-26 00:00:00+00:00,0.004969974830110857,0.005446822654758338,2.9390325150923508e-05,-0.00025311907489924815,-0.00025311907489924815,0.5062381497984965,0.9679667742728251,0.11490310911010232
2024-11-27 00:00:00+00:00,0.03480362133951287,0.03479233257723186,1.1288762281108687e-05,0.0,0.0,0.0,0.9564324487255565,0.14466072460546564
2024-11-28 00:00:00+00:00,-0.009843899164557524,-0.00986044325376844,1.6544089210895818e-05,0.0,0.0,0.0,0.9957688831388817,0.1361404340567713
2024-11-29 00:00:00+00:00,-0.009650715174173041,-0.009058678793571416,2.7949682432146237e-05,-0.0003099930315168673,-0.0003099930315168673,0.6199860630337345,1.0077054882124283,0.11227159385891512
2024-11-30 00:00:00+00:00,0.005952610030601768,0.005728732644846015,0.00022387738575576667,0.0,0.0,0.0,1.0249973519300637,0.11730207300736677
2024-12-01 00:00:00+00:00,-0.008193133099939187,-0.008165881383243529,-2.7251716695707678e-05,0.0,0.0,0.0,1.0452509509990047,0.11003774551917944
2024-12-02 00:00:00+00:00,0.011680681598562836,0.011996649421437239,5.354457298692628e-05,-0.00018475619793067492,-0.00018475619793067492,0.3695123958613499,1.0380028546502578,0.11306967361509657
2024-12-03 00:00:00+00:00,0.03071039061057612,0.030673965158239308,3.642545233690445e-05,0.0,0.0,0.0,1.0269469641081213,0.13946074482492066
2024-12-04 00:00:00+00:00,-0.0008621428573125645,-0.0010392686086919405,0.0001771257513794242,0.0,0.0,0.0,1.0714760493472923,0.13854091827936912
2024-12-05 00:00:00+00:00,0.021483137985888412,0.02150242509757275,3.3582639068738464e-05,-2.643487537656278e-05,-2.643487537656278e-05,0.052869750753125555,1.0122005239325913,0.10491959058192234
2024-12-06 00:00:00+00:00,0.02286638860657697,0.022756235536822572,0.0001101530697543131,0.0,0.0,0.0,1.0157695469499226,0.12482160675225097
2024-12-07 00:00:00+00:00,-0.013813795788896854,-0.013910203312721778,9.640752382495206e-05,0.0,0.0,0.0,1.0626970751374296,0.11246497159048419
2024-12-08 00:00:00+00:00,-0.0014337576655718554,-0.0014497712610202955,4.071946631853649e-05,-1.2352935435067481e-05,-1.2352935435067481e-05,0.024705870870134962,1.039623791514078,0.08643325379952405
2024-12-09 00:00:00+00:00,0.003126733808194615,0.0030878930207116975,3.884078748302146e-05,0.0,0.0,0.0,1.033159814678929,0.08924211049623265
2024-12-10 00:00:00+00:00,0.007410207253843559,0.007472124998757976,-6.191774491432999e-05,0.0,0.0,0.0,0.8600850163981946,0.09600283459369482
2024-12-11 00:00:00+00:00,0.015151202093596217,0.015610111364781814,-1.882420173421565e-05,-0.00022004253472568676,-0.00022004253472568676,0.44008506945137355,0.8965778921196315,0.08244855706433082
2024-12-12 00:00:00+00:00,0.006970108350792259,0.006987573579203204,-1.746522841096476e-05,0.0,0.0,0.0,0.9717188740886372,0.08881706606962916
2024-12-13 00:00:00+00:00,0.00999627264402947,0.010023769838654733,-2.7497194625355672e-05,0.0,0.0,0.0,0.9612193049091187,0.09786257492766047
2024-12-14 00:00:00+00:00,0.009005128922687788,0.00928537492258618,-2.5227014330216624e-05,-0.0001275094927840592,-0.0001275094927840592,0.2550189855681184,0.9732055548182924,0.11397174046828173
2024-12-15 00:00:00+00:00,-0.003634708145648924,-0.003629842449989132,-4.865695659748279e-06,0.0,0.0,0.0,0.9308577523399588,0.11074442166982092
2024-12-16 00:00:00+00:00,0.019659429733255074,0.01966834873348342,-8.919000228308883e-06,0.0,0.0,0.0,0.953607258286234,0.12789836155138598
2024-12-17 00:00:00+00:00,-0.0031044648508807837,-0.003084797134561192,-1.9667716319547064e-05,0.0,0.0,0.0,0.9250050105831675,0.12520225040245053
2024-12-18 00:00:00+00:00,0.008969792396388065,0.008999755642085711,-2.9963245697561306e-05,0.0,0.0,0.0,0.8902893648276037,0.13300894343506084
2024-12-19 00:00:00+00:00,-0.007118314835103723,-0.007165572907756317,4.7258072652646534e-05,0.0,0.0,0.0,0.8030436422954327,0.12674558550891626
2024-12-20 00:00:00+00:00,0.01156423414062191,0.011847832951154465,0.00016775573860946827,-0.00022567727457101417,-0.00022567727457101417,0.4513545491420283,0.8369330826576021,0.044921111874307224
2024-12-21 00:00:00+00:00,-0.025454656510066176,-0.02552793025345568,7.327374338949903e-05,0.0,0.0,0.0,0.9044093097622888,0.019899722214466207
2024-12-22 00:00:00+00:00,0.0037616636645234625,0.0037214533035928826,4.021036093059969e-05,0.0,0.0,0.0,0.8362307931352676,0.023532653590119357
2024-12-23 00:00:00+00:00,-0.00794710307542823,-0.007520965223162268,0.00018095218285911732,-0.000303545017562528,-0.000303545017562528,0.607090035125056,0.9610519438777873,0.051929548987990515
2024-12-24 00:00:00+00:00,0.005321920478339237,0.00514610690779929,0.00017581357054000048,0.0,0.0,0.0,1.0138938861927247,0.05677351178081625
2024-12-25 00:00:00+00:00,-0.005771255701516376,-0.005915013752054526,0.0001437580505381303,0.0,0.0,0.0,1.0432741919873043,0.051153719222477946
2024-12-26 00:00:00+00:00,0.009693099849385156,0.009779256904559344,0.00010996735007472793,-9.806220262441217e-05,-9.806220262441217e-05,0.19612440524882435,1.0007641470421025,0.06712826626195968
2024-12-27 00:00:00+00:00,-0.0014061035381616183,-0.001472031923569487,6.592838540792232e-05,0.0,0.0,0.0,0.9405957074344546,0.06574868379530466
2024-12-28 00:00:00+00:00,-0.0029707579466945466,-0.003133094683876267,0.00016233673718167702,0.0,0.0,0.0,0.9377834545309329,0.06280215912471787
2024-12-29 00:00:00+00:00,0.014120978827856012,0.014389893882881874,0.00011985985980997805,-0.00019438745741792634,-0.00019438745741792634,0.38877491483585264,0.9647758486814251,0.07467437524048982
2024-12-30 00:00:00+00:00,-0.002322781044436728,-0.002325217279962257,2.436235525528441e-06,0.0,0.0,0.0,0.9323250176933281,0.07251760046828362
2024-12-31 00:00:00+00:00,0.010104879248217236,0.010087895329968352,1.698391824885472e-05,0.0,0.0,0.0,0.9215833586679932,0.08177912758894086
2025-01-01 00:00:00+00:00,0.012599894041355642,0.012495040164973341,0.00010485387638238805,0.0,0.0,0.0,0.9068660755130861,0.09310110371200955
2025-01-02 00:00:00+00:00,-0.01270338181846542,-0.012749911026033203,4.652920756782824e-05,0.0,0.0,0.0,0.9579810618124582,0.08138505815402435
2025-01-03 00:00:00+00:00,0.013920797482644964,0.013902184501360737,1.8612981284311214e-05,0.0,0.0,0.0,0.9755525137468587,0.09397898030296228
2025-01-04 00:00:00+00:00,0.010596908596185894,0.01050568614159896,9.12224545868756e-05,0.0,0.0,0.0,1.0461756981665296,0.10338906200465277
2025-01-05 00:00:00+00:00,-0.0011191139032624697,-0.00113127700061121,1.2163097348735452e-05,0.0,0.0,0.0,1.0637204712834925,0.10237235132571992
2025-01-06 00:00:00+00:00,-0.004600956965109537,-0.004638271961837414,3.731499672791441e-05,0.0,0.0,0.0,1.0600724828399486,0.09818582813370948
2025-01-07 00:00:00+00:00,-0.0008197214139935571,-0.0009992849883151379,0.0006148627868827936,-0.00021764960628061053,-0.00021764960628061053,0.4352992125612211,1.0350348676954924,0.11329123403456841
2025-01-08 00:00:00+00:00,-0.005973156710528338,-0.006145428122835785,0.00017227141230743282,0.0,0.0,0.0,0.9431169708060501,0.10778965038525691
2025-01-09 00:00:00+00:00,0.010260209613611515,0.010059730235548901,0.00020047937806264067,0.0,0.0,0.0,0.9034067321994178,0.11665250150342862
2025-01-10 00:00:00+00:00,-0.014238054213342677,-0.014391309283455155,0.0001532550701124536,0.0,0.0,0.0,0.8893942003941163,0.1037382226581765
2025-01-11 00:00:00+00:00,0.0022567626900200644,0.002106082713379974,0.00015067997664015086,0.0,0.0,0.0,0.9185675896391413,0.10560597774114727
2025-01-12 00:00:00+00:00,-0.0034174970230707036,-0.00358118568373142,0.00016368866066070948,0.0,0.0,0.0,0.9227628018687035,0.10237465714344134
2025-01-13 00:00:00+00:00,-0.005576416923664729,-0.0054098155382587805,0.00024388267707422037,-0.00020524203124007851,-0.00020524203124007851,0.41048406248015706,0.9548937033573432,0.13535672729773116
2025-01-14 00:00:00+00:00,0.008311752819865514,0.008177922729668252,0.0001338300901973128,0.0,0.0,0.0,0.9177607665147253,0.14235145987933553
2025-01-15 00:00:00+00:00,-0.005779238487090055,-0.0058185362521525775,3.929776506257613e-05,0.0,0.0,0.0,0.9498888194799818,0.1373265666062138
2025-01-16 00:00:00+00:00,0.005368974068960197,0.005720548514962051,7.044243008472157e-05,-0.0002110084380432741,-0.0002110084380432741,0.4220168760865482,1.0418916796489777,0.16609521126270596
2025-01-17 00:00:00+00:00,0.0033423260370180063,0.0033447349339261064,-2.4088969080791033e-06,0.0,0.0,0.0,1.014652272729802,0.1688755091852674
2025-01-18 00:00:00+00:00,0.01017702602891335,0.01021556379951844,-3.853777060498232e-05,0.0,0.0,0.0,1.071253083515834,0.177286820399002
2025-01-19 00:00:00+00:00,0.036722489792917035,0.03684131033310978,7.614896965595861e-05,-9.748475492434772e-05,-9.748475492434772e-05,0.1949695098486954,0.9884332945736601,0.19196750834633955
2025-01-20 00:00:00+00:00,-0.019535432007677045,-0.019916556597339707,0.00038112458966268255,0.0,0.0,0.0,0.9259529594183973,0.17547901001798036
2025-01-21 00:00:00+00:00,-0.0037100942017462835,-0.003915738944172346,0.0002056447424260859,0.0,0.0,0.0,0.9074510013256084,0.17220215729913183
2025-01-22 00:00:00+00:00,-0.00985930336221752,-0.009592237696016937,-1.1403343857144688e-05,-0.00012783116117171423,-0.00012783116117171423,0.25566232234342845,1.0260353806563631,0.1442102930496927
2025-01-23 00:00:00+00:00,-0.0062059633769135925,-0.006185521585458273,-2.0441791455350855e-05,0.0,0.0,0.0,1.0220221765084678,0.1388866972207269
2025-01-24 00:00:00+00:00,-0.007537481625007558,-0.007531513837970421,-5.967787037094689e-06,0.0,0.0,0.0,1.0115542370535013,0.13235279010620063
2025-01-25 00:00:00+00:00,0.006486179194964414,0.006630455781712693,2.1519112187658457e-05,-8.28978494679139e-05,-8.28978494679139e-05,0.1657956989358278,0.999786118073279,0.12391424837269753
2025-01-26 00:00:00+00:00,0.0033942571473066785,0.003352479108692682,4.1778038613900846e-05,0.0,0.0,0.0,0.9924995236060963,0.12683621275969337
2025-01-27 00:00:00+00:00,-0.008701782865640495,-0.008745856804380133,4.40739387396555e-05,0.0,0.0,0.0,0.9594505436063729,0.11912697300786855
2025-01-28 00:00:00+00:00,0.008211384702423663,0.008742781634911016,1.4714310806687197e-05,-0.00027305562164701194,-0.00027305562164701194,0.5461112432940237,0.967316314834819,0.12589529530009025
2025-01-29 00:00:00+00:00,0.0015490301956593289,0.0015566977573478746,-7.667561688619744e-06,0.0,0.0,0.0,0.8907786524304926,0.12725487141906475
2025-01-30 00:00:00+00:00,-0.003150234984840794,-0.0031867007285051032,3.646574366431999e-05,0.0,0.0,0.0,0.9264696475086208,0.12446024972346033
2025-01-31 00:00:00+00:00,-0.0016753284723037831,-0.0009281665975365966,1.4831276003285947e-05,-0.00038099657538521726,-0.00038099657538521726,0.7619931507704346,1.0131752942781767,0.09679035209481707
2025-02-01 00:00:00+00:00,-0.009241024407135257,-0.0092772359254264,3.6211518291110424e-05,0.0,0.0,0.0,1.0156712277711537,0.08832937003373927
2025-02-02 00:00:00+00:00,-0.0429593187391164,-0.04314155120229105,0.00018223246317466125,0.0,0.0,0.0,0.9225483342211824,0.047216194375263386
2025-02-03 00:00:00+00:00,0.040040095852429625,0.04031503937769796,-1.3373007478940294e-05,-0.00013078525889471913,-0.00013078525889471913,0.26157051778943824,0.8608934248746797,0.13778562034761993
2025-02-04 00:00:00+00:00,0.022339794904415733,0.022262014887726264,7.77800166894624e-05,0.0,0.0,0.0,0.894492784127556,0.15655033290600767
2025-02-05 00:00:00+00:00,-0.007345207125661668,-0.007392158302193791,4.695117653208687e-05,0.0,0.0,0.0,0.8384697595566031,0.15026187922984832
2025-02-06 00:00:00+00:00,-0.016808211684997243,-0.016309389926088793,9.806966400131533e-05,-0.00029844571145486935,-0.00029844571145486935,0.5968914229097385,0.9503657401469973,0.06865795381373338
2025-02-07 00:00:00+00:00,0.004676148996238361,0.004642938944142347,3.321005209603422e-05,0.0,0.0,0.0,0.8988361011823119,0.07295972222602264
2025-02-08 00:00:00+00:00,0.0021030668240951123,0.0020442843118010476,5.8782512294158674e-05,0.0,0.0,0.0,0.8843829269753877,0.0748465991382793
2025-02-09 00:00:00+00:00,-0.0014878077303074333,-0.001005517475613175,9.365633732799194e-05,-0.0002879732960111082,-0.0002879732960111082,0.5759465920222165,0.9806445200689783,0.07190340224509036
2025-02-10 00:00:00+00:00,-3.5437159408235885e-05,-0.0001395036683220691,0.00010406650891379053,0.0,0.0,0.0,0.9687188102880707,0.07176644177560548
2025-02-11 00:00:00+00:00,0.01288669907383544,0.012817739452122308,6.89596217132066e-05,0.0,0.0,0.0,0.984353184918763,0.08350803826831774
2025-02-12 00:00:00+00:00,0.00014964813074991312,0.000238286709267949,0.00013357020650429666,-0.0001111043925112136,-0.0001111043925112136,0.2222087850224272,0.9764201684923515,0.08722142118350498
2025-02-13 00:00:00+00:00,0.005004564035127057,0.004952169768682713,5.239426644441477e-05,0.0,0.0,0.0,1.0261746510703431,0.09171459936670072
2025-02-14 00:00:00+00:00,0.0040846073588043375,0.003973867645107224,0.00011073971369713976,0.0,0.0,0.0,0.9937455321748834,0.09529920716891753
2025-02-15 00:00:00+00:00,-0.018849680462871943,-0.01853709855257339,9.165058393282739e-05,-0.00020211624711569936,-0.00020211624711569936,0.4042324942313988,1.050591477883025,0.09261216785866641
2025-02-16 00:00:00+00:00,-0.0010574876691239465,-0.0012090181460918078,0.0001515304769678724,0.0,0.0,0.0,1.0206639851339563,0.09149990973884929
2025-02-17 00:00:00+00:00,-0.004380923081791721,-0.004486780250832242,0.00010585716904053691,0.0,0.0,0.0,0.9983944481858099,0.08739600466209707
2025-02-18 00:00:00+00:00,-0.004080395812045334,-0.0038980255996673924,1.9853483711142766e-05,-0.00010111184804451467,-0.00010111184804451467,0.20222369608902935,1.016819189576127,0.10063556849882145
2025-02-19 00:00:00+00:00,0.001651649022999413,0.001562546673614887,8.910234938458469e-05,0.0,0.0,0.0,0.966913149974778,0.10202959808643985
2025-02-20 00:00:00+00:00,0.01897624645482887,0.01878117562098733,0.000195070833841533,0.0,0.0,0.0,0.9799529624057218,0.1185609322373766
2025-02-21 00:00:00+00:00,0.020121952489446926,0.0202486535719557,0.0002580828690970589,-0.00019239197580293938,-0.00019239197580293938,0.38478395160587875,1.020754894289329,0.1405039063477018
2025-02-22 00:00:00+00:00,-0.004486534692954458,-0.004711919508778786,0.0002253848158242948,0.0,0.0,0.0,0.9851716202417781,0.13640396797349258
2025-02-23 00:00:00+00:00,0.0014883206499203272,0.0012305168679298947,0.00025780378199037607,0.0,0.0,0.0,1.0179765645233496,0.13742994501633737
2025-02-24 00:00:00+00:00,0.005594883409315798,0.005945412376399222,7.684404802277654e-05,-0.00021368650755307808,-0.00021368650755307808,0.4273730151061562,0.9806120826584084,0.09669874557145787
2025-02-25 00:00:00+00:00,0.004871628559979024,0.004858930487497702,1.2698072481320424e-05,0.0,0.0,0.0,0.8434415001731035,0.10106532334333267
2025-02-26 00:00:00+00:00,0.014886105297237995,0.01476181526931182,0.00012429002792626868,0.0,0.0,0.0,0.873200582871625,0.11412821400163073
2025-02-27 00:00:00+00:00,0.017793095535332037,0.017860878985458482,0.00019812562454493192,-0.0001329545373357277,-0.0001329545373357277,0.26590907467145536,0.9641559146202513,0.06903769713934817
2025-02-28 00:00:00+00:00,-0.034919791844261305,-0.03504985465453641,0.00013006281027509058,0.0,0.0,0.0,0.9758148486806003,0.035217634967109994
2025-03-01 00:00:00+00:00,0.038261719316434295,0.038038056177791546,0.00022366313864274507,0.0,0.0,0.0,0.947565312671455,0.07055609369199387
2025-03-02 00:00:00+00:00,0.015578327934164138,0.015651569978562076,0.00017410788420329376,-0.00012367496430059233,-0.00012367496430059233,0.24734992860118468,0.9774585673830927,0.030748373768139242
2025-03-03 00:00:00+00:00,-0.010171763107889698,-0.010274050112524025,0.00010228700463432318,0.0,0.0,0.0,1.078318469694898,0.02068472376571276
2025-03-04 00:00:00+00:00,0.0018888591650929598,0.0018769219848651872,1.1937180227866149e-05,0.0,0.0,0.0,0.9060706278383934,0.022519110322655092
2025-03-05 00:00:00+00:00,0.004212119790349078,0.004428379849925893,0.00019175900518798088,-0.00020400953238237205,-0.00020400953238237205,0.40801906476474414,0.9094199164254312,0.000707623669981265
2025-03-06 00:00:00+00:00,0.005718268127199666,0.005611796241865906,0.00010647188533375271,0.0,0.0,0.0,0.945217525961361,0.006283489235623437
2025-03-07 00:00:00+00:00,0.0032146434304658467,0.003079209232899966,0.00013543419756589467,0.0,0.0,0.0,0.9219311328331761,0.009332697174861756
2025-03-08 00:00:00+00:00,0.010685044457080295,0.011039168411053879,7.680022767960234e-05,-0.00021546209082663146,-0.00021546209082663146,0.43092418165326296,0.9381464105535027,0.019597716255876255
2025-03-09 00:00:00+00:00,0.011100639968613546,0.010859309064089438,0.00024133090452412376,0.0,0.0,0.0,0.9202891784735944,0.030122644686399434
2025-03-10 00:00:00+00:00,0.003612703974019249,0.0034632272831531534,0.0001494766908660861,0.0,0.0,0.0,0.8329219016417059,0.03346497292886191
2025-03-11 00:00:00+00:00,-0.011438046806877988,-0.011505975384905017,0.0004736404120780941,-0.00020285591702556057,-0.00020285591702556057,0.4057118340511211,0.8691780376073391,-0.0020047569938500855
2025-03-12 00:00:00+00:00,0.01913403293513327,0.018784876597478378,0.0003491563376549441,0.0,0.0,0.0,0.9061706440256267,0.016465076291585418
2025-03-13 00:00:00+00:00,0.01413628242813414,0.01391329158697588,0.00022299084115832326,0.0,0.0,0.0,0.9218013689586128,0.029954916715756445
2025-03-14 00:00:00+00:00,0.004558806026441875,0.004964574422895115,0.0001699823183535088,-0.00028787535740341485,-0.00028787535740341485,0.5757507148068297,0.9565591848395916,0.018989008352521108
2025-03-15 00:00:00+00:00,-0.002379971102648759,-0.0026456028291260932,0.00026563172647732904,0.0,0.0,0.0,0.9966594391862366,0.016382395150445057
2025-03-16 00:00:00+00:00,-0.001074004969071507,-0.0014789322897160336,0.0004049273206444912,0.0,0.0,0.0,1.0122436348922492,0.014919486463326848
2025-03-17 00:00:00+00:00,0.04402486597770827,0.04176013353579061,0.002672868594797562,-0.00020406807643994464,-0.00020406807643994464,0.4081361528798892,0.9596074497947303,0.06389262576456407
2025-03-18 00:00:00+00:00,-0.023276068039599473,-0.024336374542847327,0.0010603065032479,0.0,0.0,0.0,1.0013132884459663,0.04049890652553425
2025-03-19 00:00:00+00:00,0.022442962490764717,0.02150529626510222,0.0009376662256625101,0.0,0.0,0.0,0.9743332874472814,0.06064318995319706
2025-03-20 00:00:00+00:00,-0.005663426560591489,-0.006938013441642121,0.0013174686352895775,-2.144087711946808e-05,-2.144087711946808e-05,0.042881754238936164,0.9972491943790192,0.010885069061857485
2025-03-21 00:00:00+00:00,0.0256335105554355,0.020888370658729935,0.004745139896705616,0.0,0.0,0.0,0.9601916547840071,0.03097933071958711
2025-03-22 00:00:00+00:00,0.022392129937369498,0.020310212356896538,0.002081917580472966,0.0,0.0,0.0,0.9318356032859555,0.050166214678926756
2025-03-23 00:00:00+00:00,-0.044497975248063315,-0.058024767071871305,0.013746477944780244,-0.00010984306048610809,-0.00010984306048610809,0.21968612097221615,0.9802190956259261,0.033868681037061525
2025-03-24 00:00:00+00:00,-0.02365556954000836,-0.024263428395201455,0.0006078588551931073,0.0,0.0,0.0,0.9842479676194659,0.009837975556776365
2025-03-25 00:00:00+00:00,-0.004357904496208209,-0.0055275843453346804,0.0011696798491264342,0.0,0.0,0.0,1.0339166632596344,0.00432925770305113
2025-03-26 00:00:00+00:00,-0.0036538439730327,-0.004039678174286895,0.0008445556381345323,-0.0002293607184401483,-0.0002293607184401483,0.45872143688029654,1.0706358935568174,0.06030129311658244
2025-03-27 00:00:00+00:00,0.019043779168059993,0.01879460509273591,0.0002491740753241286,0.0,0.0,0.0,1.0434673263655878,0.07761776267737139
2025-03-28 00:00:00+00:00,0.003223304289114992,0.002934931313154066,0.0002883729759610042,0.0,0.0,0.0,1.0506939934639665,0.08029388237507598
2025-03-29 00:00:00+00:00,0.005066804341171682,0.005087756229156969,0.000444437677670022,-0.00023269478282764389,-0.00023269478282764389,0.4653895656552877,0.9134503957063911,0.019384667295292975
2025-03-30 00:00:00+00:00,0.004375527389246292,0.004124802064132588,0.00025072532511374884,0.0,0.0,0.0,0.8553859599283536,0.02340705116594736
2025-03-31 00:00:00+00:00,-0.006932399809371881,-0.007139325143829915,0.0002069253344580007,0.0,0.0,0.0,0.8605743554314906,0.01638128765755156
2025-04-01 00:00:00+00:00,0.00012491209655185465,0.0005699519637695084,0.00016946189037816818,-0.00030725087879787395,-0.00030725087879787395,0.614501757595748,0.9363869016337693,0.020309137958973746
2025-04-02 00:00:00+00:00,0.012865667291241056,0.01276378324176948,0.0001018840494714978,0.0,0.0,0.0,0.9286305515636125,0.03265282087129252
2025-04-03 00:00:00+00:00,0.014010224875058652,0.01396201921774925,4.820565730932812e-05,0.0,0.0,0.0,0.8479826967753353,0.04597077913566846
2025-04-04 00:00:00+00:00,-0.01097438401730988,-0.010862413231633849,0.00015925864514662415,-0.00013561471541133447,-0.00013561471541133447,0.27122943082266887,0.9236186115177484,-0.0445568918134409
2025-04-05 00:00:00+00:00,0.018336270595214588,0.01831363669961304,2.263389560155832e-05,0.0,0.0,0.0,0.8941206968363308,-0.025770716286565083
2025-04-06 00:00:00+00:00,0.012037267937974105,0.011899109207946477,0.00013815873002764596,0.0,0.0,0.0,0.8815036663423569,-0.013706616858964156
2025-04-07 00:00:00+00:00,0.00833314347461056,0.008127584707663428,0.0006067316635693016,-0.00020058644831106757,-0.00020058644831106757,0.4011728966221351,0.810892604589363,0.01015396074948428
2025-04-08 00:00:00+00:00,-0.009971654769144633,-0.010183969085024943,0.0002123143158802594,0.0,0.0,0.0,0.8370329045035548,-3.0310582202702274e-05
2025-04-09 00:00:00+00:00,-3.586055326454396e-05,-0.0003852447088509461,0.0003493841555863843,0.0,0.0,0.0,0.7882897249520158,-0.0004155701936309964
2025-04-10 00:00:00+00:00,-0.0017731153553462997,-0.0017244766739260907,0.00023489472196579921,-0.00014176670169300596,-0.00014176670169300596,0.28353340338601185,1.0152493619537843,0.06729771690937537
2025-04-11 00:00:00+00:00,-0.012646706092672155,-0.013065440424955405,0.0004187343322832877,0.0,0.0,0.0,0.9933604172439305,0.05492692111230279
2025-04-12 00:00:00+00:00,0.008321349092138108,0.007700785963226745,0.0006205631289112976,0.0,0.0,0.0,1.0267627044120338,0.0621108609194062
2025-04-13 00:00:00+00:00,0.00743487373526297,0.007096353764417589,0.0007192461809190938,-0.00019036310503683636,-0.00019036310503683636,0.38072621007367274,1.073943009128521,0.07697283431332586
2025-04-14 00:00:00+00:00,0.011792962274537633,0.011129113408998014,0.0006638488655396119,0.0,0.0,0.0,0.9977090150165816,0.08707507465190115
2025-04-15 00:00:00+00:00,0.0019402572254574313,0.0015198076248657533,0.00042044960059173014,0.0,0.0,0.0,0.9958658108671965,0.08842331829454698
2025-04-16 00:00:00+00:00,-0.002119134985730242,-0.0019021707153216722,0.00037632923034197825,-0.0002966467503752517,-0.0002966467503752517,0.5932935007505034,0.9485561123140362,0.05687744309294972
2025-04-17 00:00:00+00:00,-0.001727401713449872,-0.0020977091177794703,0.0003703074043296358,0.0,0.0,0.0,0.93312462743726,0.05487452432250948
2025-04-18 00:00:00+00:00,0.003887649876672894,0.0034360542992359798,0.00045159557743695866,0.0,0.0,0.0,0.9439107306270141,0.058084765390737474
2025-04-19 00:00:00+00:00,0.0003161510412297286,0.00022244621713131264,0.00030514097334982676,-0.00010571807462570096,-0.00010571807462570096,0.2114361492514019,0.9732228447496433,0.07037512173978097
2025-04-20 00:00:00+00:00,-0.004667993457204145,-0.004952656854911031,0.0002846633977068927,0.0,0.0,0.0,1.0149248593606013,0.0657292887748173
2025-04-21 00:00:00+00:00,-0.008834184441116388,-0.009020520038427822,0.00018633559731144551,0.0,0.0,0.0,1.0308970278653948,0.05721420961679685
2025-04-22 00:00:00+00:00,0.009324564551538073,0.009847159201150639,0.00011307343491207133,-0.00031783404226228733,-0.00031783404226228733,0.6356680845245746,0.9998400039033642,0.05630399055550215
2025-04-23 00:00:00+00:00,-0.023345720875460052,-0.02344059285999625,9.487198453622825e-05,0.0,0.0,0.0,1.1189413139239053,0.03364895684987336
2025-04-24 00:00:00+00:00,0.0007662140243500648,0.0007165345008954113,4.967952345465685e-05,0.0,0.0,0.0,1.1483438201737655,0.0343391801893226
2025-04-25 00:00:00+00:00,-0.0005667695671537354,-1.0909147360325218e-05,-1.2942830825668995e-05,-0.00027145879448384967,-0.00027145879448384967,0.5429175889676994,1.070207957932265,0.09872444855039689
2025-04-26 00:00:00+00:00,-0.03442002910399633,-0.03449061578834549,7.058668434911848e-05,0.0,0.0,0.0,1.1758853905350224,0.06652357619063484
2025-04-27 00:00:00+00:00,-0.01630336346769612,-0.016308719076256258,5.35560856012553e-06,0.0,0.0,0.0,1.222423101308353,0.05104709648229978
2025-04-28 00:00:00+00:00,-0.005052637321532938,-0.004568912378062262,6.564623153930806e-05,-0.0002746855875049766,-0.0002746855875049766,0.5493711750099531,1.0265871125766495,0.12969200358897726
2025-04-29 00:00:00+00:00,0.0023430560059498617,0.002356037305785327,-1.2981299835471343e-05,0.0,0.0,0.0,1.054384670038846,0.13173936817693577
2025-04-30 00:00:00+00:00,-0.00504557743621048,-0.005082427354847752,3.684991863731839e-05,0.0,0.0,0.0,1.0293867233453442,0.1272992389899824
2025-05-01 00:00:00+00:00,0.009262210148554662,0.009356059605733765,-7.318019378691439e-05,-1.033463169604081e-05,-1.033463169604081e-05,0.02066926339208162,0.9998848752815684,0.114921607127807
2025-05-02 00:00:00+00:00,0.016134543884399166,0.016165416724532575,-3.0872840133464335e-05,0.0,0.0,0.0,0.986732219984053,0.12900557769764506
2025-05-03 00:00:00+00:00,-0.006113732199508393,-0.006077909555817546,-3.582264369080359e-05,0.0,0.0,0.0,0.9794220126712663,0.12368383800479668
2025-05-04 00:00:00+00:00,0.01014200351914707,0.011136707392447789,5.830482385464315e-06,-0.0005002671778430875,-0.0005002671778430875,1.0005343556861752,0.9572287009092685,0.0836392550730504
2025-05-05 00:00:00+00:00,0.0038479439415315397,0.0037844550577610537,6.348888377042319e-05,0.0,0.0,0.0,0.9252122414931911,0.08708859808742471
2025-05-06 00:00:00+00:00,0.00865039202995499,0.008667066503599132,-1.66744736441452e-05,0.0,0.0,0.0,0.9177099700802573,0.09493444442956148
2025-05-07 00:00:00+00:00,-0.0031630020876399767,-0.002868301465574209,5.772781017076268e-05,-0.00017621421611828817,-0.00017621421611828817,0.35242843223657633,0.9246774715765852,0.08520085967065402
2025-05-08 00:00:00+00:00,0.0016293579443431572,0.0014920039518123893,0.00013735399253067323,0.0,0.0,0.0,0.9241181347069882,0.08655183969486205
2025-05-09 00:00:00+00:00,0.009731836777740144,0.009780165113838907,-4.8328336098841496e-05,0.0,0.0,0.0,1.0485700626276588,0.0954035530028609
2025-05-10 00:00:00+00:00,-0.005216737197845878,-0.004552131557346785,-7.225787335732127e-06,-0.0003286899265816908,-0.0003286899265816908,0.6573798531633814,1.05597157651438,0.025937514237557795
2025-05-11 00:00:00+00:00,-0.04322874533817744,-0.04321058678790437,-1.8158550273076106e-05,0.0,0.0,0.0,1.2404414468922735,-0.01805350282649566
2025-05-12 00:00:00+00:00,0.016824276121449877,0.016778335952485967,4.594016896394244e-05,0.0,0.0,0.0,1.1610708068321844,-0.001254068086250834
2025-05-13 00:00:00+00:00,0.011956492380825967,0.012638521225373203,1.5003650026517327e-05,-0.00034851624728684394,-0.00034851624728684394,0.6970324945736879,1.0300611707127725,0.12964688945056338
2025-05-14 00:00:00+00:00,-0.012428094946248747,-0.012408749996789602,-1.9344949459179064e-05,0.0,0.0,0.0,1.0968653333222822,0.11871352238133301
2025-05-15 00:00:00+00:00,-0.004016058580452619,-0.004033431899974631,1.7373319522063845e-05,0.0,0.0,0.0,1.0387454793078947,0.11514250954479098
2025-05-16 00:00:00+00:00,-0.0163196825410189,-0.015254383279554128,-2.6333469580947694e-05,-0.0005194828959419357,-0.0005194828959419357,1.0389657918838715,0.9578814224797484,0.07767340936337476
2025-05-17 00:00:00+00:00,0.002950808162757168,0.0029688918452947808,-1.8083682537633894e-05,0.0,0.0,0.0,0.9268396359146872,0.0804050413563084
2025-05-18 00:00:00+00:00,-0.002670374884809368,-0.002686298647854361,1.5923763045001377e-05,0.0,0.0,0.0,0.9032075328865607,0.07792683657569842
2025-05-19 00:00:00+00:00,-0.006167716852704008,-0.005257144089444134,8.550758455528245e-05,-0.0004980401739075806,-0.0004980401739075806,0.9960803478151611,1.0446930537238552,0.06794793376010065
2025-05-20 00:00:00+00:00,0.005639228471303381,0.005656277398528216,-1.704892722482701e-05,0.0,0.0,0.0,1.0047986222705405,0.07319146774983697
2025-05-21 00:00:00+00:00,0.002318981603038228,0.00232326479898707,-4.283195948913303e-06,0.0,0.0,0.0,1.0077330146500458,0.07534002042747973
2025-05-22 00:00:00+00:00,-0.0032039976270367143,-0.0026052025763929967,-8.41214915902907e-06,-0.00029519145074234155,-0.00029519145074234155,0.590382901484683,1.0430522303414744,0.07154786505497333
2025-05-23 00:00:00+00:00,0.01978479322772908,0.01980275670807855,-1.79634803495421e-05,0.0,0.0,0.0,1.1027486504782074,0.08957833296760283
2025-05-24 00:00:00+00:00,2.6640936111599345e-05,5.9436065089586354e-05,-3.279512897803053e-05,0.0,0.0,0.0,1.0047113053194776,0.0896353810622318
2025-05-25 00:00:00+00:00,0.0005721501964024434,0.0011518334170072329,0.00023221293319164506,-0.00040594807689823203,-0.00040594807689823203,0.8118961537964642,1.0063351896163668,0.06968260287749042
2025-05-26 00:00:00+00:00,0.0027803932681829124,0.0026778492177143916,0.00010254405046848958,0.0,0.0,0.0,0.9970040466588006,0.0721598194190585
2025-05-27 00:00:00+00:00,-0.00022660566596865994,-0.0003115282022717808,8.492253630307172e-05,0.0,0.0,0.0,0.9994826159254575,0.071864576136922
2025-05-28 00:00:00+00:00,0.001118971669972213,0.0013521090131796418,-2.521553836588732e-05,-0.00010396090242079753,-0.00010396090242079753,0.20792180484159503,1.0245874351402757,0.07127447352179744
2025-05-29 00:00:00+00:00,-0.007238084355399854,-0.007386108217542817,0.00014802386214295496,0.0,0.0,0.0,1.036976644295105,0.06435416618774295
2025-05-30 00:00:00+00:00,-0.00422134155698628,-0.004276070618129714,5.472906114345057e-05,0.0,0.0,0.0,0.9901231605279054,0.060332780844641366
2025-05-31 00:00:00+00:00,0.01983309334021577,0.020107733558243853,0.00012814045339177915,-0.00020139033570992887,-0.00020139033570992887,0.4027806714198578,0.8375510049038548,0.07498740447883462
2025-06-01 00:00:00+00:00,0.007442839198742668,0.00733625960955332,0.00010657958918943622,0.0,0.0,0.0,0.8311295487240146,0.08171546899262563
2025-06-02 00:00:00+00:00,-0.002382556173083472,-0.0024002528137693968,1.7696640685956875e-05,0.0,0.0,0.0,0.8470884755142889,0.07950464045075145
2025-06-03 00:00:00+00:00,0.011757398860485768,0.012389597350129788,2.345313529887294e-05,-0.0003278258124714219,-0.0003278258124714219,0.6556516249428438,0.984049746287512,-0.05842315994273942
2025-06-04 00:00:00+00:00,-0.015202415307410178,-0.015187741347548097,-1.4673959862091492e-05,0.0,0.0,0.0,1.004467831832204,-0.07474723987393357
2025-06-05 00:00:00+00:00,-0.0320417375917087,-0.032021898148499074,-1.983944320967589e-05,0.0,0.0,0.0,1.0323291678865831,-0.1103034522963725
2025-06-06 00:00:00+00:00,0.006202756408346222,0.006524097872738159,0.00011015094558144521,-0.00021574620498672397,-0.00021574620498672397,0.43149240997344795,0.9235358912974234,-0.0608739828807291
2025-06-07 00:00:00+00:00,0.03060197784968599,0.031146214435993573,-0.0005442365863074814,0.0,0.0,0.0,0.8830331155515783,-0.028845052778533855
2025-06-08 00:00:00+00:00,-0.003693578926819985,0.0010445926191759234,-0.004738171545995864,0.0,0.0,0.0,0.9170395068327223,-0.027903524027689825
2025-06-09 00:00:00+00:00,-0.0060750075587829855,-0.008347538912800262,0.0026906322005017845,-0.00020905042324228132,-0.00020905042324228132,0.4181008464845626,0.9957851873088708,0.0004825547643136092
2025-06-10 00:00:00+00:00,-0.011496710911525376,-0.013456143119969488,0.0019594322084441,0.0,0.0,0.0,1.0698781521143579,-0.013124476669793588
2025-06-11 00:00:00+00:00,0.009121676687756208,0.007569872583488806,0.0015518041042675128,0.0,0.0,0.0,1.0737925099258543,-0.005504394776788489
2025-06-12 00:00:00+00:00,0.002675992843558239,0.0023889163171657273,0.0009292262844357253,-0.00032107487902165627,-0.00032107487902165627,0.6421497580433124,1.0073563619545303,0.02310702279667279
2025-06-13 00:00:00+00:00,-0.0033149853103489058,-0.0037398782028276053,0.0004248928924787193,0.0,0.0,0.0,0.9358270297878494,0.01943155992956833
2025-06-14 00:00:00+00:00,-0.002337887889690804,-0.0024203677776572,8.24798879663534e-05,0.0,0.0,0.0,0.9140675915357765,0.017051055608324164
2025-06-15 00:00:00+00:00,0.0037948874683744194,0.0038601833457526102,0.0003334757352111949,-0.00019938580629472012,-0.00019938580629472012,0.39877161258944027,0.9411960445406564,0.03541467316059532
2025-06-16 00:00:00+00:00,0.009125512167105665,0.008871438607340824,0.0002540735597647542,0.0,0.0,0.0,0.9409508895592871,0.043885632891028085
2025-06-17 00:00:00+00:00,0.0044667040703789684,0.004304676281023158,0.0001620277893558538,0.0,0.0,0.0,0.9258753233195237,0.04797601451274619
2025-06-18 00:00:00+00:00,-0.0022252825076377603,-0.002157851837678841,0.00013435953056722616,-0.0001008951002630877,-0.0001008951002630877,0.2017902005261754,0.9144643546331194,0.05732803175660923
2025-06-19 00:00:00+00:00,0.0018352100968617169,0.001702427785910458,0.00013278231095135474,0.0,0.0,0.0,0.9255107835217233,0.05892232469730471
2025-06-20 00:00:00+00:00,-0.0009344379114373247,-0.001027267498495281,9.282958705797389e-05,0.0,0.0,0.0,0.926805688034232,0.05794920713489399
2025-06-21 00:00:00+00:00,0.0020530590356628853,0.002442106716832557,0.00017554847094078965,-0.0002822980760552772,-0.0002822980760552772,0.5645961521105543,0.9033702069093731,0.051841671660366406
2025-06-22 00:00:00+00:00,0.001091661939311761,0.0009086632125597045,0.0001829987267520548,0.0,0.0,0.0,0.8581475441230665,0.05269281213544206
2025-06-23 00:00:00+00:00,-0.0037068497704138004,-0.0038440962372478346,0.00013724646683407259,0.0,0.0,0.0,0.8314163425875453,0.049030464464136364
2025-06-24 00:00:00+00:00,0.01141047736992773,0.011733646067273083,6.452496355317526e-05,-0.0001938468304492686,-0.0001938468304492686,0.3876936608985372,0.990584406493174,0.050784583183732565
2025-06-25 00:00:00+00:00,0.00017244604731603275,0.00012388008693813035,4.8565960377950085e-05,0.0,0.0,0.0,0.9951550688388437,0.050899685821041527
2025-06-26 00:00:00+00:00,0.0005479347428594128,0.0003924400198172781,0.00015549472304219526,0.0,0.0,0.0,0.9622589221249931,0.05126403649420432
2025-06-27 00:00:00+00:00,-0.0036015138858955797,-0.0034262214080491944,0.00022378817637113525,-0.0001995403271087684,-0.0001995403271087684,0.3990806542175368,0.9419361914234406,0.030581006481419655
2025-06-28 00:00:00+00:00,0.012392637893352099,0.012025610948156913,0.0003670269451951765,0.0,0.0,0.0,0.953522842583828,0.042085072367016974
2025-06-29 00:00:00+00:00,-0.0011497362964666413,-0.0015321653846070416,0.0003824290881403522,0.0,0.0,0.0,0.9717282740758246,0.040599585799825685
2025-06-30 00:00:00+00:00,-0.01845889759731867,-0.018236280294593118,0.0002031272778568531,-0.0002128722902912031,-0.0002128722902912031,0.4257445805824062,1.0653226916265433,0.03878533414716663
2025-07-01 00:00:00+00:00,0.0010393329519755579,0.0007364699577219545,0.00030286299425349755,0.0,0.0,0.0,1.0131967480616975,0.03948077043920179
2025-07-02 00:00:00+00:00,0.0026690787287764195,0.0024922683204001775,0.00017681040837633775,0.0,0.0,0.0,0.9656050306077792,0.04186130763383739
2025-07-03 00:00:00+00:00,-0.0026195350022126807,-0.002642045903732797,4.6584728855515696e-05,-1.2036913667689181e-05,-1.2036913667689181e-05,0.024073827335378363,1.0583956407203043,0.06345932298325495
2025-07-04 00:00:00+00:00,-0.008063815994938772,-0.00806345649584422,-3.594990945206252e-07,0.0,0.0,0.0,1.0750629065694388,0.05584619996796954
2025-07-05 00:00:00+00:00,-0.005827894982085358,-0.00593640394889449,0.00010850896680908335,0.0,0.0,0.0,1.0225628287253752,0.050202370160220576
2025-07-06 00:00:00+00:00,-0.002140197780857833,-0.001938343955282148,0.00019941027491806899,-0.0002006320502468859,-0.0002006320502468859,0.40126410049377176,1.0192617254946235,0.05828013015285898
2025-07-07 00:00:00+00:00,-0.0001655213824141022,-0.00029710880248246023,0.00013158742006836902,0.0,0.0,0.0,1.0381349093259566,0.05799262036907004
2025-07-08 00:00:00+00:00,-0.0010186744710788398,-0.001105727091911811,8.705262083301955e-05,0.0,0.0,0.0,1.0231380995777686,0.056944901594670874
2025-07-09 00:00:00+00:00,0.0015117960174781953,0.0024663272598713427,6.148409287141494e-05,-0.000508007667632315,-0.000508007667632315,1.0160153352646302,1.0074264760914293,0.039528617648849955
2025-07-10 00:00:00+00:00,0.004313627944634302,0.00428596959080428,2.7658353830052e-05,0.0,0.0,0.0,1.0415500750584727,0.04362639918500642
2025-07-11 00:00:00+00:00,-0.007834188914057738,-0.007827961504680412,-6.227409377306252e-06,0.0,0.0,0.0,1.163624377685459,0.036081103864225826
2025-07-12 00:00:00+00:00,0.009963159249018583,0.01065013607268116,-2.451985220792422e-05,-0.00033122848572735746,-0.00033122848572735746,0.6624569714547149,1.0867113896229943,0.08746936113725312
2025-07-13 00:00:00+00:00,-0.006205649723561635,-0.006198962020971122,-6.687702590491617e-06,0.0,0.0,0.0,1.0769640303313903,0.08177788401964188
2025-07-14 00:00:00+00:00,0.0037069145415389304,0.0037328713431364876,-2.5956801597667885e-05,0.0,0.0,0.0,1.0889090453944186,0.08519494498235734
2025-07-15 00:00:00+00:00,-0.00798509151130311,-0.007288835484935893,-1.4558035039532306e-05,-0.0003408489956638445,-0.0003408489956638445,0.6816979913276889,1.041378035434716,0.06436477335892427
2025-07-16 00:00:00+00:00,0.008864923845695483,0.008854274395873944,1.0649449821603823e-05,0.0,0.0,0.0,1.0849397100375673,0.07257566996748614
2025-07-17 00:00:00+00:00,0.0033865507290748997,0.0033589932658894457,2.755746318534763e-05,0.0,0.0,0.0,1.096877730389609,0.07567837457877043
2025-07-18 00:00:00+00:00,-0.0027515013497070306,-0.002551739643863886,1.5012438339678209e-05,-0.00010738707209140696,-0.00010738707209140696,0.21477414418281393,1.0751530400547675,0.10423872196491873
2025-07-19 00:00:00+00:00,-0.004352613465847921,-0.004313065807241691,-3.9547658606239186e-05,0.0,0.0,0.0,1.087522368140065,0.10036249530621327
2025-07-20 00:00:00+00:00,-0.0027832688329459954,-0.002762554324126944,-2.0714508819067926e-05,0.0,0.0,0.0,1.107459144145157,0.09787234603240587
2025-07-21 00:00:00+00:00,-0.013148331006722414,-0.012691318107971859,-1.889321958934798e-05,-0.0002190598395805949,-0.0002190598395805949,0.43811967916118966,1.1196270038737768,0.10423463688570053
2025-07-22 00:00:00+00:00,0.011362227857626195,0.011391491478514886,-2.926362088874479e-05,0.0,0.0,0.0,1.1349194202639008,0.11432711760369683
2025-07-23 00:00:00+00:00,-0.0145744192523094,-0.014574587489860064,1.6823755060924074e-07,0.0,0.0,0.0,1.1772266800223476,0.10122786749472239
2025-07-24 00:00:00+00:00,-0.010839305284063183,-0.010392032740889791,7.071718055465877e-05,-0.00025899486186403925,-0.00025899486186403925,0.5179897237280784,0.9668753653492711,0.08679741927267462
2025-07-25 00:00:00+00:00,-0.010513565851175022,-0.010730960820667613,0.00021739496949263427,0.0,0.0,0.0,0.9514604294847098,0.07687468552051563
2025-07-26 00:00:00+00:00,-0.00046519458959604076,-0.0006638342081327853,0.00019863961853669126,0.0,0.0,0.0,0.9915350579198677,0.07624632068824372
2025-07-27 00:00:00+00:00,-0.0016200241124949555,-0.0008168233589651349,0.00018216342342962732,-0.0004926820884797493,-0.0004926820884797493,0.9853641769594985,1.0063523275161022,0.03426453104827569
2025-07-28 00:00:00+00:00,0.010705818194376437,0.010509087044985153,0.0001967311493913064,0.0,0.0,0.0,1.0225097886485368,0.044299357228643046
2025-07-29 00:00:00+00:00,-0.0031444449502785465,-0.0032928934030706466,0.00014844845279209912,0.0,0.0,0.0,0.9574321619357858,0.04113581312542974
2025-07-30 00:00:00+00:00,0.012157864846445099,0.012254740905962283,0.00029626789925574524,-0.00019657197938645644,-0.00019657197938645644,0.3931439587729129,0.9290803114199286,0.0437725878090645
2025-07-31 00:00:00+00:00,-0.005863215127564159,-0.006117514840364777,0.00025429971280061924,0.0,0.0,0.0,0.9143340719215514,0.037877154876159114
2025-08-01 00:00:00+00:00,-0.003326700553661577,-0.003518248137178272,0.00019154758351672452,0.0,0.0,0.0,0.870856138973829,0.03447359005008696
2025-08-02 00:00:00+00:00,0.0019854469132898345,0.0020012125327309198,0.00022075575526355365,-0.00011826068735232051,-0.00011826068735232051,0.236521374704641,0.9013873155165943,-0.02766574408626661
2025-08-03 00:00:00+00:00,0.0027130266422370486,0.002607037452256188,0.00010598918998087763,0.0,0.0,0.0,0.8710103910868398,-0.02499090564119278
2025-08-04 00:00:00+00:00,-0.003032601810375124,-0.0031750126653229756,0.0001424108549478253,0.0,0.0,0.0,0.9058311245021097,-0.02825159414205715
2025-08-05 00:00:00+00:00,0.009520695309163107,0.009414765954747455,0.00010592935441565953,0.0,0.0,0.0,0.9385326049255865,-0.01865917982151013
2025-08-06 00:00:00+00:00,0.00938151663103337,0.009125543282661408,0.0002559733483720653,0.0,0.0,0.0,0.8823119265779693,-0.00944502785296588
2025-08-07 00:00:00+00:00,-0.008272573682122752,-0.008540042633238402,0.00026746895111562943,0.0,0.0,0.0,0.9030774789742823,-0.01813509439078396
2025-08-08 00:00:00+00:00,-0.013255148776573078,-0.013016921916789477,0.00013978429243804264,-0.00018900557611084413,-0.00018900557611084413,0.37801115222168824,0.9949733521247885,-0.047566087145515995
2025-08-09 00:00:00+00:00,0.00022889169393747189,0.00016289880990688854,6.599288403063742e-05,0.0,0.0,0.0,1.0267020860546756,-0.047392340622484125
2025-08-10 00:00:00+00:00,-0.023776375096409508,-0.023758239023886848,-1.8136072522664107e-05,0.0,0.0,0.0,1.120012093918413,-0.07288348471734397
2025-08-11 00:00:00+00:00,-0.015067787687277345,-0.014600273879619782,6.3172449779443675e-06,-0.0002369155263177357,-0.0002369155263177357,0.4738310526354715,1.0626186320604238,-0.01777522004093502
2025-08-12 00:00:00+00:00,0.00038993195027048344,0.00031336354614621234,7.656840412423146e-05,0.0,0.0,0.0,1.0070352596316907,-0.017455050213017322
2025-08-13 00:00:00+00:00,0.0017921251997359278,0.0018098107042480121,-1.768550451210116e-05,0.0,0.0,0.0,1.0589219936596506,-0.01561725143891549
2025-08-14 00:00:00+00:00,-0.0018360493078628526,-0.0012313553954267438,2.1058522351178275e-06,-0.0003033998823356152,-0.0003033998823356152,0.6067997646712305,1.1042305090519478,-0.00727937763410574
2025-08-15 00:00:00+00:00,0.004655289520447692,0.004590020449056757,6.52690713910437e-05,0.0,0.0,0.0,1.0001932982357615,-0.0026768954616585793
2025-08-16 00:00:00+00:00,0.003642427651996849,0.003437997660605769,0.00020442999139109005,0.0,0.0,0.0,0.9840874436288041,0.0007583400003603904
2025-08-17 00:00:00+00:00,-0.001643280854853879,-0.001471332740037978,2.653593830167751e-05,-9.924202655877271e-05,-9.924202655877271e-05,0.19848405311754544,1.0022799163544311,-0.001200803952790735
2025-08-18 00:00:00+00:00,-0.002075393968532402,-0.0020735560866859044,-1.8378818464880202e-06,0.0,0.0,0.0,1.0162782602347342,-0.0032811697594049135
2025-08-19 00:00:00+00:00,0.0036053680941325883,0.0034479467134134263,0.00015742138071906148,0.0,0.0,0.0,0.9664730707260463,0.00016617782179169762
2025-08-20 00:00:00+00:00,-0.009547652454933164,-0.009172577167291848,0.00019601906053483625,-0.0002855471740880777,-0.0002855471740880777,0.5710943481761553,0.9526734197514729,-0.006880651023811937
2025-08-21 00:00:00+00:00,-0.0037781692656632115,-0.0039202642182828715,0.00014209495261964392,0.0,0.0,0.0,1.0001385454612461,-0.010841877691169483
2025-08-22 00:00:00+00:00,-0.003705613309806899,-0.0037740241685250064,6.841085871812234e-05,0.0,0.0,0.0,0.9712686886540506,-0.014670264185920748
2025-08-23 00:00:00+00:00,-0.013870382339818743,-0.013570792872027986,9.084132138220719e-05,-0.0001952153945864804,-0.0001952153945864804,0.3904307891729608,1.1082428457661777,-0.031350397920851626
2025-08-24 00:00:00+00:00,0.0014230520175553263,0.001424392181526284,-1.3401639708911456e-06,0.0,0.0,0.0,1.102304357431531,-0.029883479992829927
2025-08-25 00:00:00+00:00,-0.0028694531875731455,-0.0028808118398704723,1.1358652297279158e-05,0.0,0.0,0.0,1.0738427690364671,-0.03285857798403601
2025-08-26 00:00:00+00:00,0.007243817878745729,0.007532495622704751,0.00011627394809628284,-0.00020247584602765896,-0.00020247584602765896,0.4049516920553179,0.9595670651342209,-0.0376486409656503
2025-08-27 00:00:00+00:00,-0.008581962465949777,-0.008690680327675115,0.0001087178617253213,0.0,0.0,0.0,1.0062557450832397,-0.04674044604694207
2025-08-28 00:00:00+00:00,-0.00871840879036545,-0.008749818200515553,3.1409410150081945e-05,0.0,0.0,0.0,1.0018562216786302,-0.05597830600258021
2025-08-29 00:00:00+00:00,0.013697691379754628,0.014076415447328076,1.9859676461375282e-05,-0.00019929187201746167,-0.00019929187201746167,0.39858374403492336,1.0328032487026721,0.001710457553494953
2025-08-30 00:00:00+00:00,-0.01543748933198763,-0.015641012405132115,0.00020352307314445325,0.0,0.0,0.0,0.995160232137071,-0.014148979572851918
2025-08-31 00:00:00+00:00,0.010615344949352679,0.010583862077563799,3.148287178885752e-05,0.0,0.0,0.0,0.9997261959753085,-0.003527670060726075
2025-09-01 00:00:00+00:00,-0.007564937245214343,-0.00730839748440872,0.00014115767375816928,-0.00019884871728189878,-0.00019884871728189878,0.3976974345637975,0.9753721866871025,-0.022156853027449117
2025-09-02 00:00:00+00:00,-0.006099719196906217,-0.006129929941522019,3.0210744615857072e-05,0.0,0.0,0.0,0.9388983953150376,-0.028460383315431728
2025-09-03 00:00:00+00:00,-0.005241617265787868,-0.005263268745763297,2.1651479975482685e-05,0.0,0.0,0.0,0.9718690301748509,-0.0339013499624918
2025-09-04 00:00:00+00:00,-0.0008538011221350672,-0.0004250668133909166,-1.0309646060226153e-05,-0.00020921233134194966,-0.00020921233134194966,0.41842466268389933,1.0082179136019294,-0.012476052716211416
2025-09-05 00:00:00+00:00,-0.0023424030241965266,-0.002373311922766541,3.0908898569963496e-05,0.0,0.0,0.0,0.9619137221098393,-0.014884229503178454
2025-09-06 00:00:00+00:00,0.002330092186163313,0.0023662299051115426,-3.613771894825426e-05,0.0,0.0,0.0,0.9884648516359927,-0.01248889931136828
2025-09-07 00:00:00+00:00,0.0010909325076486898,0.0016209416369948745,5.583513807143738e-05,-0.00029292213370886634,-0.00029292213370886634,0.5858442674177327,1.0056370948057776,0.0032136462922359066
2025-09-08 00:00:00+00:00,-0.010544606290615599,-0.01060278222668628,5.817593607072335e-05,0.0,0.0,0.0,1.0475107599103994,-0.007467881807939636
2025-09-09 00:00:00+00:00,-0.0507339954329018,-0.050738302327213346,4.306894311508734e-06,0.0,0.0,0.0,1.2021574541554028,-0.06131704269942449
2025-09-10 00:00:00+00:00,-0.019600248558716893,-0.01923010159591543,-6.642019387099475e-06,-0.00018175247170715945,-0.00018175247170715945,0.36350494341431894,1.095475163607521,0.03494185635111841
2025-09-11 00:00:00+00:00,0.007715344925971479,0.007673555826429356,4.178909954204377e-05,0.0,0.0,0.0,1.0982645225434222,0.0422891368997443
2025-09-12 00:00:00+00:00,0.010090994630898242,0.010034701700995095,5.629292990316805e-05,0.0,0.0,0.0,1.1160927624099715,0.05180111383911427
2025-09-13 00:00:00+00:00,-0.0007873295906050126,-0.0002694305946961592,0.0001547509214090142,-0.00033632495865892393,-0.00033632495865892393,0.672649917317848,1.0917910954256094,0.0048712514338587354
2025-09-14 00:00:00+00:00,-0.008864278298520545,-0.008920281157645147,5.600285912456915e-05,0.0,0.0,0.0,1.109033675329892,-0.004085242449778014
2025-09-15 00:00:00+00:00,0.0029025732680456606,0.002839819316398825,6.275395164687476e-05,0.0,0.0,0.0,1.0569491460922678,-0.0012418186637228304
2025-09-16 00:00:00+00:00,0.02474501887707592,0.025452598879223323,0.0001159957948947594,-0.000411787898521064,-0.000411787898521064,0.823575797042128,0.9189743481475324,0.0770358097928359
2025-09-17 00:00:00+00:00,0.0174295886481175,0.017324746493909474,0.00010484215420794369,0.0,0.0,0.0,0.9052412095937613,0.0927440653776589
2025-09-18 00:00:00+00:00,0.008244844958103847,0.008182847984116486,6.199697398736436e-05,0.0,0.0,0.0,0.9340870916710402,0.10010159126176242
2025-09-19 00:00:00+00:00,-0.004720572015058044,-0.004065040154740087,0.00017839411300209635,-0.00041696298666003394,-0.00041696298666003394,0.8339259733200678,1.0245658750561462,0.039729291157389386
2025-09-20 00:00:00+00:00,0.0017753629551462424,0.0015419522152340338,0.00023341073991222584,0.0,0.0,0.0,0.9665359223561307,0.04119810178888473
2025-09-21 00:00:00+00:00,0.0013989444863831135,0.0009803299937221422,0.00041861449266088137,0.0,0.0,0.0,0.9735894523509249,0.04211950892782376
2025-09-22 00:00:00+00:00,-0.0058031312354958065,-0.005885119713019885,0.0004741378580616036,-0.00019607469026875965,-0.00019607469026875965,0.39214938053751935,0.971627196456506,0.044412934224550484
2025-09-23 00:00:00+00:00,-0.001272743575233104,-0.001475603102050647,0.0002028595268175357,0.0,0.0,0.0,0.8860287614074037,0.04299204897662097
2025-09-24 00:00:00+00:00,0.011508934139056404,0.011344310911970256,0.00016462322708616037,0.0,0.0,0.0,0.8568875646915669,0.05371812156542165
2025-09-25 00:00:00+00:00,-0.0016583138863314195,-0.0014703607081248884,0.00023754466003258012,-0.00021274891911958325,-0.00021274891911958325,0.42549783823916654,0.9258100917879729,0.0730957863404078
2025-09-26 00:00:00+00:00,-0.005179444123770804,-0.005411392777537884,0.0002319486537670517,0.0,0.0,0.0,0.872126030413287,0.06803678629585029
2025-09-27 00:00:00+00:00,0.009380744326275003,0.009163587998004692,0.00021715632827038703,0.0,0.0,0.0,0.8967347724496302,0.07648290769147158
2025-09-28 00:00:00+00:00,0.0012620962404190639,0.001611761992941969,8.701069713747448e-05,-0.00021833822483021211,-0.00021833822483021211,0.43667644966042424,0.9219807624830677,0.11729605312000839
2025-09-29 00:00:00+00:00,-0.0069362573312938824,-0.007132056963843687,0.00019579963254974923,0.0,0.0,0.0,0.9607689657696206,0.11093345917565793
2025-09-30 00:00:00+00:00,0.01613886656775332,0.015867674842807898,0.0002711917249454156,0.0,0.0,0.0,0.920811398541199,0.12478720988870971
2025-10-01 00:00:00+00:00,0.00013179715721189922,-0.000575746212720542,0.000730205716945774,-1.1331173506623505e-05,-1.1331173506623505e-05,0.022662347013247007,0.9293779909467222,0.10153573454157426
2025-10-02 00:00:00+00:00,0.011870096082868598,0.011231558843894134,0.0006385372389743566,0.0,0.0,0.0,0.9702934700313797,0.11144443720790972
2025-10-03 00:00:00+00:00,0.0068168259107859175,0.005612249773763803,0.0012045761370220777,0.0,0.0,0.0,0.9880504867629938,0.11626413461632581
2025-10-04 00:00:00+00:00,0.03142027390085689,0.03194379608535816,0.00010734340342817377,-0.0003154327939647651,-0.0003154327939647651,0.6308655879295302,0.8765139026020544,0.20123832964637267
2025-10-05 00:00:00+00:00,0.001325810913668679,0.0012357134946918448,9.009741897678504e-05,0.0,0.0,0.0,0.8570687965429264,0.20220595627742294
2025-10-06 00:00:00+00:00,0.008436779656478821,0.008212549710477877,0.00022422994600097178,0.0,0.0,0.0,0.8505769602512893,0.20865810354475522
2025-10-07 00:00:00+00:00,-0.01358872252161003,-0.013703915620163142,0.00022831759516666483,-5.656224830678624e-05,-5.656224830678624e-05,0.11312449661357248,1.0084974280828078,0.08295697056526466
2025-10-08 00:00:00+00:00,0.009313726800058486,0.009168076219949469,0.0001456505801089324,0.0,0.0,0.0,0.9461880198811151,0.09127493695868824
2025-10-09 00:00:00+00:00,-0.0037066857519255647,-0.003828527485172484,0.00012184173324690998,0.0,0.0,0.0,0.9713777876965943,0.08777175177524266
2025-10-10 00:00:00+00:00,0.0037542899036433486,0.0042112217640826125,0.00033169637163049144,-0.00039431411603490217,-0.00039431411603490217,0.7886282320698043,0.9346954118227345,0.09448726955398705
2025-10-11 00:00:00+00:00,-0.022204529759855318,-0.02341895150635427,0.0012144217464989304,0.0,0.0,0.0,0.7015303681202075,0.07268219194161221
2025-10-12 00:00:00+00:00,0.0031999316176531956,0.0016254001686441303,0.0015745314490090534,0.0,0.0,0.0,0.6863453910880608,0.07407057134706582
2025-10-13 00:00:00+00:00,-0.009575739619373302,-0.010343028053028643,0.0012016802227894493,-0.00021719589456703245,-0.00021719589456703245,0.4343917891340649,1.1402569642867089,-0.036695037734493126
2025-10-14 00:00:00+00:00,-0.0020866149774353415,-0.0028054313441297435,0.0007188163666943829,0.0,0.0,0.0,1.2116296912652527,-0.03958306369217551
2025-10-15 00:00:00+00:00,0.008809495834668724,0.008092829330310653,0.0007166665043580611,0.0,0.0,0.0,1.151505630541954,-0.031215243801616586
2025-10-16 00:00:00+00:00,0.007966620158193605,0.00776183602471037,0.0004741393916515279,-0.0001346776290841897,-0.0001346776290841897,0.2693552581683794,1.0015583577698504,0.005334451765869316
2025-10-17 00:00:00+00:00,-0.0024951851918872947,-0.0029050133982955794,0.0004098282064083001,0.0,0.0,0.0,0.9576777294292527,0.0024355154296083594
2025-10-18 00:00:00+00:00,-0.0015421479934482063,-0.0019603037185978523,0.0004181557251495996,0.0,0.0,0.0,0.9298856258919922,0.00047594568970083076
2025-10-19 00:00:00+00:00,-0.0039547936958413965,-0.004258691461288875,0.00048299174078444745,-8.954698766851186e-05,-8.954698766851186e-05,0.17909397533702373,0.9662257785340258,-0.021842387320592477
2025-10-20 00:00:00+00:00,-0.008402149598009445,-0.008856189957990543,0.00045404035998115,0.0,0.0,0.0,0.9941820236456352,-0.030958696881138278
2025-10-21 00:00:00+00:00,0.00038577975432985134,3.2498271112111594e-05,0.0003532814832176908,0.0,0.0,0.0,1.0084651246103857,-0.030914272509572502
2025-10-22 00:00:00+00:00,0.0025006125880693286,0.0021950675091484107,0.00030554507892097555,0.0,0.0,0.0,0.9777360571347388,-0.02864756852994067
2025-10-23 00:00:00+00:00,0.002357795364532178,0.0017494952982014605,0.0006083000663307674,0.0,0.0,0.0,0.9433915664956082,-0.026834802259364257
2025-10-24 00:00:00+00:00,0.004104124730641923,0.003805689613744354,0.00029843511689747786,0.0,0.0,0.0,0.9760527900177218,-0.022934984608092752
2025-10-25 00:00:00+00:00,-0.005883837435538886,-0.005736994170259567,0.00023886134275738553,-0.00019285230401837737,-0.00019285230401837737,0.38570460803675466,1.021509005290412,-0.02889181299322428
2025-10-26 00:00:00+00:00,0.0032527630970595744,0.0030379238569789935,0.00021483924008055606,0.0,0.0,0.0,1.0155261205633335,-0.025770065219091857
2025-10-27 00:00:00+00:00,-0.006155081797110773,-0.006402181155122549,0.0002470993580118148,0.0,0.0,0.0,1.0706248403642185,-0.032371495577388394
2025-10-28 00:00:00+00:00,0.00016054992686242997,0.0003681958259072506,0.00020244441517147245,-0.00020504515710818207,-0.00020504515710818207,0.41009031421636416,1.0295235905536684,-0.03226292122905216
2025-10-29 00:00:00+00:00,0.003838148084704951,0.0036315574604978604,0.0002065906242070825,0.0,0.0,0.0,0.9931062010267103,-0.0285218925214007
2025-10-30 00:00:00+00:00,-0.0011307892346954507,-0.001298404322039775,0.00016761508734427312,0.0,0.0,0.0,0.9988437909344714,-0.029854055487998483
2025-10-31 00:00:00+00:00,0.0018395000322606325,0.0018732131993628046,0.0003540959696914635,-0.00019390456839680305,-0.00019390456839680305,0.38780913679360607,0.9322725702550381,-0.023190533286730357
2025-11-01 00:00:00+00:00,0.0037194957277164598,0.0035536325119145456,0.00016586321580197854,0.0,0.0,0.0,0.9443609289091948,-0.01956413206916822
2025-11-02 00:00:00+00:00,-0.0015720952598691218,-0.0017487458275051888,0.0001766505676360169,0.0,0.0,0.0,0.9795744916601948,-0.021346436528355082
2025-11-03 00:00:00+00:00,0.005923588058506457,0.006067906081897892,0.00025425577039210894,-0.00019928689689182504,-0.00019928689689182504,0.39857379378365004,0.9672386337549509,-0.02988266746108191
2025-11-04 00:00:00+00:00,-0.006097611865927832,-0.006633463881657226,0.0005358520157294151,0.0,0.0,0.0,0.8291473209092406,-0.03674015856958905
2025-11-05 00:00:00+00:00,-0.0061180845602366585,-0.006412046641461417,0.0002939620812247635,0.0,0.0,0.0,0.8082799440101286,-0.043417839222838234
2025-11-06 00:00:00+00:00,-0.00266326484437851,-0.0027489562597106908,0.0004223182848362238,-0.00016831343475202172,-0.00016831343475202172,0.33662686950404347,1.0300364273144105,-0.126275691824057
2025-11-07 00:00:00+00:00,-0.009298582710098424,-0.010052231244621785,0.0007536485345233725,0.0,0.0,0.0,1.035671334595619,-0.13760747758048908
2025-11-08 00:00:00+00:00,-0.064148400842155,-0.06475240379880141,0.0006040029566464508,0.0,0.0,0.0,1.355264279493983,-0.21623073739617418
2025-11-09 00:00:00+00:00,0.02811889166585213,0.028443292366479547,0.000370517273019899,-0.00034745898682360805,-0.00034745898682360805,0.6949179736472161,1.0116562698728617,-0.03276232166026486
2025-11-10 00:00:00+00:00,-0.019202727146892418,-0.019468328755796627,0.00026560160890415845,0.0,0.0,0.0,1.0232650923688078,-0.0532532582030179
2025-11-11 00:00:00+00:00,-0.0071520745254498586,-0.007284985176753595,0.00013291065130379142,0.0,0.0,0.0,1.040148940483536,-0.06097433637768461
2025-11-12 00:00:00+00:00,-0.00209479114412936,-0.0021214033140572624,0.00022283513524714592,-9.811148265959383e-05,-9.811148265959383e-05,0.19622296531918765,0.9676524547970616,-0.05881546434679113
2025-11-13 00:00:00+00:00,0.015832560996677625,0.015671184956659163,0.00016137604001849413,0.0,0.0,0.0,0.9346406675910337,-0.04247184137098492
2025-11-14 00:00:00+00:00,0.009039292598351567,0.008969495527112984,6.97970712386392e-05,0.0,0.0,0.0,0.8843058494209043,-0.0332022212510685
2025-11-15 00:00:00+00:00,0.004639894924126198,0.004928271416704992,0.00011262841149347568,-0.00020050245203618507,-0.00020050245203618507,0.4010049040723701,0.883334742908614,-0.007747870143924484
2025-11-16 00:00:00+00:00,-0.01244138438347464,-0.012508129947652859,6.674556417818949e-05,0.0,0.0,0.0,0.9041930562080177,-0.020511187661435466
2025-11-17 00:00:00+00:00,-0.004959469248213666,-0.005214030279251381,0.0002545610310376984,0.0,0.0,0.0,0.8706895004537275,-0.02585343726777731
2025-11-18 00:00:00+00:00,0.02765561564666963,0.027905240413812638,0.00014271048888037183,-0.00019616762801170562,-0.00019616762801170562,0.3923352560234112,0.8537669816517895,0.006101448191070444
2025-11-19 00:00:00+00:00,-0.02335488013103837,-0.023631850402307225,0.0002769702712688878,0.0,0.0,0.0,0.9004977799481072,-0.017949613277736365
2025-11-20 00:00:00+00:00,-0.013984349883306657,-0.01419360515901412,0.00020925527570751147,0.0,0.0,0.0,0.8923556295203662,-0.03259909559543694
2025-11-21 00:00:00+00:00,0.004543066752708658,0.0045259955168947975,3.796837474006719e-05,-1.0448569463094302e-05,-1.0448569463094302e-05,0.020897138926188604,0.8599207794321814,-0.048748770088107525
2025-11-22 00:00:00+00:00,-0.0027398547238030035,-0.0030346037636976683,0.0002947490398946546,0.0,0.0,0.0,0.7997545426413271,-0.051925642568884635
2025-11-23 00:00:00+00:00,-0.001897732260036089,-0.002067896637209092,0.00017016437717295305,0.0,0.0,0.0,0.7817902903278845,-0.05409619930866715
2025-11-24 00:00:00+00:00,-0.005668880334063209,-0.005349194390606836,0.00042757370963032775,-0.00037362982654337725,-0.00037362982654337725,0.7472596530867546,0.9395278959562636,0.001824293032873085
2025-11-25 00:00:00+00:00,-0.0002985475201678911,-0.0005062331492479817,0.0002076856290800618,0.0,0.0,0.0,0.9860075540611069,0.0013184535046494488
2025-11-26 00:00:00+00:00,-0.010828775552565895,-0.01094020643284914,0.00011143088028327319,0.0,0.0,0.0,1.0023214851613877,-0.009727085352259772
2025-11-27 00:00:00+00:00,0.005050370422162498,0.005243456424137226,0.00020314626006893898,-0.0001981161310218776,-0.0001981161310218776,0.3962322620437551,1.0051171977399804,-0.03495321851300502
2025-11-28 00:00:00+00:00,0.007195362636760683,0.007050731256856638,0.00014463137990395703,0.0,0.0,0.0,0.9904862460693022,-0.027703153023959735
2025-11-29 00:00:00+00:00,-0.004327223792188084,-0.0046380658203119705,0.0003108420281239332,0.0,0.0,0.0,0.9770723653957288,-0.03248177475279458
2025-11-30 00:00:00+00:00,-0.0068227936879428075,-0.006920277162038364,0.00028363372897103803,-9.30751274377439e-05,-9.30751274377439e-05,0.1861502548754878,0.9650023144747206,-0.03933690673264642
2025-12-01 00:00:00+00:00,0.00761199366276144,0.007298867594996003,0.000313126067765529,0.0,0.0,0.0,0.9438947354621104,-0.03179600812529961
2025-12-02 00:00:00+00:00,0.0002800252317756158,0.00011002720573000185,0.00016999802604553328,0.0,0.0,0.0,0.8689804267655856,-0.03167711052935111
2025-12-03 00:00:00+00:00,-0.018439339485181616,-0.01840956229225651,0.00019066090810574763,-0.0001102190505154046,-0.0001102190505154046,0.22043810103080919,1.0335184865918279,-0.09230926470603225
2025-12-04 00:00:00+00:00,-0.005964824274692693,-0.006037264477053584,7.244020236093806e-05,0.0,0.0,0.0,1.0673267275696081,-0.0989366690281621
2025-12-05 00:00:00+00:00,-0.0036984914459516904,-0.0038634807256970943,0.00016498927974545043,0.0,0.0,0.0,1.0372361911475858,-0.10318176663513715
2025-12-06 00:00:00+00:00,-0.0037129592088563923,-0.0038697005457799254,0.00035711448291206793,-0.00010018657299429453,-0.00010018657299429453,0.2003731459885891,0.9580268181304615,-0.06285208035210255
2025-12-07 00:00:00+00:00,-0.001679696444534362,-0.0021198233096773396,0.0004401268651429581,0.0,0.0,0.0,0.9676984774167141,-0.06508122035621833
2025-12-08 00:00:00+00:00,-0.00548276141126347,-0.005706981275951506,0.00022421986468799224,0.0,0.0,0.0,0.96039279208411,-0.07117845612472316
2025-12-09 00:00:00+00:00,0.01330189866301823,0.013695822603026889,0.00020553801925595223,-0.0002997309796322567,-0.0002997309796322567,0.5994619592645134,1.016835422823471,-0.021388969805641388
2025-12-10 00:00:00+00:00,0.006656769638277327,0.006623437850944467,3.3331787332852455e-05,0.0,0.0,0.0,1.0686865100337908,-0.014667891182018935
2025-12-11 00:00:00+00:00,0.0011975522584555254,0.0011392689972844802,5.8283261171127494e-05,0.0,0.0,0.0,1.030750692840039,-0.013512440331298748
2025-12-12 00:00:00+00:00,-0.021380488092269,-0.027449615715888102,0.006485946829996376,-0.00020840960318862348,-0.00020840960318862348,0.41681920637724695,0.999261589607915,-0.024887826446793673
2025-12-13 00:00:00+00:00,0.0032312206066640314,-0.0007434692232675349,0.003974689829931573,0.0,0.0,0.0,0.957897533663704,-0.02554874204828035
2025-12-14 00:00:00+00:00,-0.010644094498203027,-0.013093947399614569,0.0024498529014115936,0.0,0.0,0.0,0.9755878831497647,-0.0390584310792542
2025-12-15 00:00:00+00:00,0.0033235738749970434,0.0019524605324061563,0.001577264873590582,-0.0001030757654998653,-0.0001030757654998653,0.20615153099973058,0.9278564974586384,-0.03622918913981394
2025-12-16 00:00:00+00:00,-0.011750428634155319,-0.012559289810668147,0.0008088611765128267,0.0,0.0,0.0,0.8975224836748098,-0.04936858093755845
2025-12-17 00:00:00+00:00,-0.007616541543106425,-0.008047872743531434,0.00043133120042497465,0.0,0.0,0.0,0.9123121887899991,-0.057857124876275465
2025-12-18 00:00:00+00:00,-0.004047220853526046,-0.004214660507583651,0.0004227543511979474,-0.00012765734857014637,-0.00012765734857014637,0.2553146971402928,0.9019233680082235,-0.010914745567697509
2025-12-19 00:00:00+00:00,-0.0013254343990913853,-0.0016022446329462133,0.00027681023385482315,0.0,0.0,0.0,0.8647428205820817,-0.012533602668765487
2025-12-20 00:00:00+00:00,-0.002743789417691489,-0.002996203151501607,0.000252413733810114,0.0,0.0,0.0,0.9367450373679082,-0.015572533573091785
2025-12-21 00:00:00+00:00,-0.020546809305263647,-0.020828674182607032,0.00030376086071491344,-1.0947991685770239e-05,-1.0947991685770239e-05,0.02189598337154048,0.9835520355899325,-0.05952014009560641
2025-12-22 00:00:00+00:00,0.02221134566427474,0.021311674027416513,0.0008996716368581732,0.0,0.0,0.0,0.9484497078775544,-0.03737824494929708
2025-12-23 00:00:00+00:00,-0.005583467734927683,-0.0074283550082256365,0.001844887273297965,0.0,0.0,0.0,0.9507925968974769,-0.04505818085652975
2025-12-24 00:00:00+00:00,-0.003153030858270678,-0.004128647674780701,0.0013708333462740423,-0.00019760826488201766,-0.00019760826488201766,0.3952165297640353,0.9435985620867502,-0.02573251952116922
2025-12-25 00:00:00+00:00,0.0078065614851030585,0.007072382133080318,0.0007341793520228247,0.0,0.0,0.0,0.9299849882481872,-0.018515594263040957
2025-12-26 00:00:00+00:00,0.00830115823187283,0.00785499043879384,0.00044616779307893816,0.0,0.0,0.0,0.9058967264814255,-0.010572837031092252
2025-12-27 00:00:00+00:00,-0.0029069741955731754,-0.003006999704001828,0.0003121728896482595,-0.0001060736906098057,-0.0001060736906098057,0.2121473812196114,0.9537587112931052,0.0071634558224203115
2025-12-28 00:00:00+00:00,-0.004403496215410363,-0.004827871557973391,0.00042437534256297793,0.0,0.0,0.0,0.9841508959495789,0.0023459144900255364
2025-12-29 00:00:00+00:00,-0.00646304631682959,-0.0070821747565543245,0.0006191284397247474,0.0,0.0,0.0,0.9760552121957655,-0.004767070061129733
2025-12-30 00:00:00+00:00,-0.003522370865439828,-0.003970618003326709,0.000643554571683695,-9.765371689840676e-05,-9.765371689840676e-05,0.19530743379681353,0.9472467359504076,-0.007114234681489833
2025-12-31 00:00:00+00:00,-0.003983277548688879,-0.00466286884150162,0.0006795912928127406,0.0,0.0,0.0,0.9443275167091041,-0.011824202603753236
2026-01-01 00:00:00+00:00,0.016919333056538033,0.015672961560296822,0.001246371496241264,0.0,0.0,0.0,0.9354174426009614,0.0037847239514811814
2026-01-02 00:00:00+00:00,-0.012391491662792853,-0.013025149719361816,0.0008428851384941728,-0.00010461354096260832,-0.00010461354096260832,0.20922708192521666,1.0185773791956478,0.014466909099685581
2026-01-03 00:00:00+00:00,-0.005912897708943654,-0.007924504868619816,0.0020116071596761723,0.0,0.0,0.0,1.0720349462494638,0.006581318896491003
2026-01-04 00:00:00+00:00,0.00500833504385878,0.00374707220731007,0.0012612628365486188,0.0,0.0,0.0,1.0821853173586677,0.01027692084100979
2026-01-05 00:00:00+00:00,-0.007819149653823021,-0.008357874146652738,0.0007550313491354173,-0.00010815342815283897,-0.00010815342815283897,0.2163068563056779,1.1041181347147562,0.03603672192854216
2026-01-06 00:00:00+00:00,-0.011830897741732405,-0.012711411706459634,0.0008805139647272545,0.0,0.0,0.0,1.1438152104032882,0.02360457351760673
2026-01-07 00:00:00+00:00,0.0068070240047419794,0.006502507836428858,0.0003045161683131987,0.0,0.0,0.0,1.1411530541045694,0.029903527325702894
2026-01-08 00:00:00+00:00,-0.005952963649387577,-0.006477136310353575,0.0008193187228126516,-0.00014757303092334583,-0.00014757303092334583,0.2951460618466916,1.0081229798710447,0.022208200030823296
2026-01-09 00:00:00+00:00,0.00824697069761049,0.007770137622226282,0.000476833075384134,0.0,0.0,0.0,0.9870697123231988,0.029733129406089367
2026-01-10 00:00:00+00:00,0.00235082821888688,0.0021850786044259004,0.00016574961446101208,0.0,0.0,0.0,0.9840849936590416,0.03184334976530286
2026-01-11 00:00:00+00:00,0.004934713359062481,0.004827278786981033,0.00029563568761912574,-9.410055776888995e-05,-9.410055776888995e-05,0.18820111553777988,0.9747098427083489,0.03691658387284973
2026-01-12 00:00:00+00:00,-0.009124256183986934,-0.009518240957956895,0.0003939847739699495,0.0,0.0,0.0,0.9753144390387237,0.027650634386686822
2026-01-13 00:00:00+00:00,0.0005068103922860612,0.0001118779249893802,0.0003949324672966924,0.0,0.0,0.0,0.962079516536832,0.027748449109297663
2026-01-14 00:00:00+00:00,-0.005707245943785133,-0.005522783423627873,0.00021465548345411359,-0.000199559001805696,-0.000199559001805696,0.39911800361139216,1.064284362420661,0.021843057251783985
2026-01-15 00:00:00+00:00,0.036261525779112125,0.03607589983999343,0.00018562593911862293,0.0,0.0,0.0,1.038490057020811,0.05589221991835629
2026-01-16 00:00:00+00:00,-0.006879349187057127,-0.006961600418836483,8.225123177937427e-05,0.0,0.0,0.0,0.9972236406488805,0.04926956202095534
2026-01-17 00:00:00+00:00,-0.004789558579259334,-0.004009216285876496,3.5262095711665206e-05,-0.00040780219454725154,-0.00040780219454725154,0.8156043890945031,0.9887944968390407,0.07602028593460715
2026-01-18 00:00:00+00:00,0.001495568878640885,0.001514264110094232,-1.869523145338279e-05,0.0,0.0,0.0,0.9849842725240796,0.07741876494922012
2026-01-19 00:00:00+00:00,-0.0014805222791475225,-0.0015355114718141906,5.498919266667879e-05,0.0,0.0,0.0,0.9255261476010371,0.07599576690342752
2026-01-20 00:00:00+00:00,-0.015448182992288562,-0.01779393210720138,0.0031576549664005284,-0.0004059529257438684,-0.0004059529257438684,0.8119058514877366,0.9730857888138617,-0.021457140885115373
2026-01-21 00:00:00+00:00,0.03487803027663472,0.03134235993873493,0.0035356703378998915,0.0,0.0,0.0,0.9128892269987392,0.009552061947799749
2026-01-22 00:00:00+00:00,0.012441069041331021,0.008079363982127198,0.00436170505920386,0.0,0.0,0.0,0.9334984136496726,0.017414767603828787
2026-01-23 00:00:00+00:00,0.025015040037920766,0.021602949805255105,0.003479367232375485,-3.363849985494041e-05,-3.363849985494041e-05,0.06727699970988082,0.9278492300294475,0.014042717789136759
2026-01-24 00:00:00+00:00,0.006661424834522034,0.004301711161881158,0.0023597136726409462,0.0,0.0,0.0,0.926015736802557,0.018223037556081026
2026-01-25 00:00:00+00:00,-0.013005262206979396,-0.014797885268278268,0.0017926230612988997,0.0,0.0,0.0,0.9213623109960883,0.00347028424433288
2026-01-26 00:00:00+00:00,-0.02455607015216943,-0.024679295555633435,0.0005011205421663323,-0.00018894756935115074,-0.00018894756935115074,0.3778951387023015,0.8878620560614712,-0.021641800111789938
2026-01-27 00:00:00+00:00,0.01472662326641272,0.011448710100033573,0.00327791316637911,0.0,0.0,0.0,0.91591555950614,-0.010045158743292778
2026-01-28 00:00:00+00:00,0.005825603935435852,0.0015729536862483819,0.0042526502491874,0.0,0.0,0.0,0.925581289471705,-0.008423135207431256
2026-01-29 00:00:00+00:00,-0.008923698211308673,-0.01203352510454476,0.0036827359440587777,-0.00028645452541132345,-0.00028645452541132345,0.5729090508226469,0.9434800211836754,-0.01897504824425623
2026-01-30 00:00:00+00:00,0.009309397189145585,0.007454305692263835,0.0018550914968817904,0.0,0.0,0.0,0.8745059169086168,-0.01141448061820947
2026-01-31 00:00:00+00:00,-0.0030713324421089983,-0.004625233559687714,0.001553901117578709,0.0,0.0,0.0,0.8513865746729985,-0.016089129242504486
2026-02-01 00:00:00+00:00,-0.007617786262929971,-0.007827907720403928,0.0006266917842690864,-0.0002082851633975869,-0.0002082851633975869,0.4165703267951738,0.8316853057031376,-0.03020111820087034
2026-02-02 00:00:00+00:00,-0.003244911423206265,-0.0035825170458678086,0.00033760562266153056,0.0,0.0,0.0,0.8074519392430007,-0.03389361703181842
2026-02-03 00:00:00+00:00,-0.0025557059085657974,-0.0028078183461122635,0.0002521124375464417,0.0,0.0,0.0,0.8302099783412326,-0.03679547378769822
2026-02-04 00:00:00+00:00,0.0058425916162001545,0.00572266467524835,0.00022081551693064674,-5.044428798947145e-05,-5.044428798947145e-05,0.10088857597894291,0.8993681731184985,-0.08123146426283497
2026-02-05 00:00:00+00:00,-0.0041496542521912705,-0.0043875429012743255,0.00023788864908301716,0.0,0.0,0.0,0.8900187230589257,-0.08597577691235946
2026-02-06 00:00:00+00:00,0.01682900167922141,0.016543334122572393,0.0002856675566489712,0.0,0.0,0.0,0.7297915040222636,-0.06828330296945206
2026-02-07 00:00:00+00:00,-0.002899897777915328,-0.002944842405800713,0.0007374725246332484,-0.00034626394837391003,-0.00034626394837391003,0.6925278967478201,1.1041036892630207,0.0737112015442004
2026-02-08 00:00:00+00:00,0.0007071371603231125,-0.00015928363610519537,0.0008664207964282218,0.0,0.0,0.0,1.0949868840657044,0.07349994336685854
2026-02-09 00:00:00+00:00,-0.0002917332249777749,-0.001758642437788151,0.0014669092128104116,0.0,0.0,0.0,1.0628214510860083,0.07176223635771467
2026-02-10 00:00:00+00:00,0.029328742683834008,0.0254096610765241,0.0041395785404047,-0.00011024846654740556,-0.00011024846654740556,0.2204969330948111,1.0467868957738833,0.09228110398313079
2026-02-11 00:00:00+00:00,0.020307817411482354,0.013698269087397703,0.00660954832408461,0.0,0.0,0.0,1.0062103196806547,0.10387000007448505
2026-02-12 00:00:00+00:00,0.006408852951477639,0.0010853496532583892,0.005323503298219336,0.0,0.0,0.0,0.9769920572722237,0.10428698974571088
2026-02-13 00:00:00+00:00,-0.013305792278304085,-0.016231374828883694,0.002925582550579559,0.0,0.0,0.0,0.9976394390417401,0.08924306459662908
2026-02-14 00:00:00+00:00,0.00554759776120517,0.0030480251153033166,0.002499572645901847,0.0,0.0,0.0,1.0294573715691606,0.09178192053505278
2026-02-15 00:00:00+00:00,-0.016260808632763135,-0.01888105043087388,0.0026202417981107686,0.0,0.0,0.0,1.1190459391533902,0.07410589182978333
2026-02-16 00:00:00+00:00,0.0009247212239205105,-0.001643806811868296,0.00261418160661788,-2.2826785414586363e-05,-2.2826785414586363e-05,0.04565357082917273,1.0208334843457156,0.07804391502056295
2026-02-17 00:00:00+00:00,-0.0020171203595228393,-0.004225257690361498,0.0022081373308386392,0.0,0.0,0.0,1.0267711081386357,0.07396785940535824
2026-02-18 00:00:00+00:00,0.0022937492813766003,-0.0007197781125485121,0.0030135273939250655,0.0,0.0,0.0,1.0061915557941845,0.07308045305612972
2026-02-19 00:00:00+00:00,0.005879348294248965,0.00350250190568975,0.002588548030105659,-0.000105850820773193,-0.000105850820773193,0.21170164154638602,0.9600847123357834,0.08173470157397084
2026-02-20 00:00:00+00:00,0.017471604526621887,0.015059085716469484,0.002412518810152478,0.0,0.0,0.0,0.9121019818426389,0.09513168412741456
2026-02-21 00:00:00+00:00,0.015073898254703177,0.011661734530539623,0.0034121637241635743,0.0,0.0,0.0,0.91178560658457,0.10520753103943695
2026-02-22 00:00:00+00:00,0.0020943920715370545,0.00038241824721954365,0.0018667364509648572,-7.738131332369031e-05,-7.738131332369031e-05,0.15476262664738064,0.9321442585547378,0.0801486462381933
2026-02-23 00:00:00+00:00,-0.0010665160683760444,-0.0030550055849335256,0.001988489516557503,0.0,0.0,0.0,0.9076956644662197,0.07717595004407399
2026-02-24 00:00:00+00:00,-0.005176450844523894,-0.006318904490708399,0.0011424536461845341,0.0,0.0,0.0,0.8810894680906199,0.07122574210624337
2026-02-25 00:00:00+00:00,-0.001375364695841208,-0.0016634783004489527,0.0009196681716199737,-0.00031577728350610466,-0.00031577728350610466,0.6315545670122094,0.9262474048675146,0.08017911464110147
2026-02-26 00:00:00+00:00,-0.01886323270828527,-0.019810080619045736,0.0009468479107604212,0.0,0.0,0.0,1.0244783708037515,0.0615296827461637
2026-02-27 00:00:00+00:00,0.0027048709875356902,0.0020630155943181265,0.0006418553932176073,0.0,0.0,0.0,0.9868149134294674,0.06342115230561425
2026-02-28 00:00:00+00:00,0.006088163953099857,0.005569422243437195,0.000718486275862765,-9.987228310007024e-05,-9.987228310007024e-05,0.19974456620014047,0.967538489001366,0.07400406369537986
2026-03-01 00:00:00+00:00,-0.0072544804719140155,-0.007762572302162946,0.0005080918302489703,0.0,0.0,0.0,0.9845934240659863,0.06672555059700072
2026-03-02 00:00:00+00:00,-0.002679414401495217,-0.0031157426128865344,0.0004363282113913609,0.0,0.0,0.0,0.9601731572833795,0.06378070291805002
2026-03-03 00:00:00+00:00,-0.022904989038148305,-0.023221664036990445,0.0007065565476651857,-0.00019494077441154715,-0.00019494077441154715,0.3898815488230943,1.0362554583968413,0.03332693934118667
2026-03-04 00:00:00+00:00,0.003075190944818118,0.0025822401115512088,0.0004929508332668145,0.0,0.0,0.0,1.0268655072690858,0.03579909041406359
2026-03-05 00:00:00+00:00,-0.0004699560496115307,-0.0012665143108210233,0.0007965582612095479,0.0,0.0,0.0,1.0512813564602455,0.03454881252669634
2026-03-06 00:00:00+00:00,0.00447046228569925,0.004018538263944916,0.0006772234388129987,-0.00011264970852936164,-0.00011264970852936164,0.2252994170587233,0.9901832222809063,0.07255781160774429
2026-03-07 00:00:00+00:00,0.0020933998062264703,0.0012446362988837308,0.0008487635073426636,0.0,0.0,0.0,0.9543852216424059,0.07364827262698175
2026-03-08 00:00:00+00:00,-0.0034989816230717175,-0.004327862384592581,0.0008288807615208168,0.0,0.0,0.0,0.9366809367447638,0.06956381274481402
2026-03-09 00:00:00+00:00,0.0020866986724310532,0.0013235236228403328,0.0009718373579284996,-0.00010433115416891676,-0.00010433115416891676,0.2086623083378335,0.9166608659862957,0.06834685016637498
2026-03-10 00:00:00+00:00,-0.0042470205412074025,-0.004942810357930714,0.0006957898167233095,0.0,0.0,0.0,0.9396337969989886,0.06367446657594249
2026-03-11 00:00:00+00:00,-0.0037380037347329864,-0.004349403337704417,0.0006113996029713858,0.0,0.0,0.0,0.9548972384379361,0.05954765258599932
2026-03-12 00:00:00+00:00,0.017616617137325097,0.015674216838503972,0.002136580050989578,-9.708987608419935e-05,-9.708987608419935e-05,0.1941797521683987,0.9612464740035741,0.07353179854419133
2026-03-13 00:00:00+00:00,0.0009814883533880714,0.00022782519260537972,0.0007536631607826504,0.0,0.0,0.0,0.9688645218637634,0.07368730050955395
2026-03-14 00:00:00+00:00,-0.004962749326726468,-0.005311243548931401,0.00034849422220497336,0.0,0.0,0.0,0.9795224702260186,0.06871708261611033
2026-03-15 00:00:00+00:00,0.013710394238575008,0.012921594977924286,0.0011913965408277762,-0.000201298640088517,-0.000201298640088517,0.40259728017703394,0.9667658532258464,0.05756888773853152
2026-03-16 00:00:00+00:00,-0.00688501497126337,-0.00780930229872279,0.0009242873274594342,0.0,0.0,0.0,0.9931456197164603,0.05010455605839907
2026-03-17 00:00:00+00:00,0.009983298463109191,0.00961968494425963,0.0003636135188496317,0.0,0.0,0.0,1.0541156313921585,0.05913388973217781
2026-03-18 00:00:00+00:00,-0.006454109879868497,-0.006391082336875275,0.00037329191795170064,-0.00021815973047247816,-0.00021815973047247816,0.43631946094495627,0.9956075957148123,0.02904264479851001
2026-03-19 00:00:00+00:00,0.0029557129582475916,0.002495081384385398,0.00046063157386209264,0.0,0.0,0.0,0.943141244498495,0.03144478442609803
2026-03-20 00:00:00+00:00,0.01186198499524993,0.011290591385568934,0.00057139360968106,0.0,0.0,0.0,0.899414084866606,0.04223439208645421
2026-03-21 00:00:00+00:00,0.005822452668255096,0.005627836938594689,0.000373448523204398,-8.941639677200513e-05,-8.941639677200513e-05,0.17883279354401027,0.9278115519008864,0.024138990301004498
2026-03-22 00:00:00+00:00,0.0017916688059369523,0.0013691166692829297,0.00042255213665409015,0.0,0.0,0.0,0.8954886556106773,0.02546248662727626
2026-03-23 00:00:00+00:00,-0.007840667076863927,-0.008333738343600083,0.000493071266736148,0.0,0.0,0.0,0.8743943732563842,0.017264110425903898
2026-03-24 00:00:00+00:00,0.009099946810350534,0.008920334119161507,0.0006139144265106588,-0.00021715086766081686,-0.00021715086766081686,0.4343017353216337,0.9845280084767623,-0.03270578598275195
2026-03-25 00:00:00+00:00,0.013776637968727856,0.013236044623410237,0.0005405933453176003,0.0,0.0,0.0,0.9837606816922365,-0.019205158838886655
2026-03-26 00:00:00+00:00,0.0028630763535213433,0.0016945499008562267,0.0011685264526650869,0.0,0.0,0.0,0.9844944722597909,-0.017460617855928815
2026-03-27 00:00:00+00:00,0.004293013960636527,0.0038420515699483563,0.0004723683338682644,-1.0702971590101366e-05,-1.0702971590101366e-05,0.021405943180202728,0.9605706925270876,-0.0348747914994023
2026-03-28 00:00:00+00:00,0.0018319354523574916,0.0009770823819735565,0.0008548530703838592,0.0,0.0,0.0,0.9246603555971205,-0.033835724254610726
2026-03-29 00:00:00+00:00,0.006828011142813395,0.006349325163477606,0.00047868597933577276,0.0,0.0,0.0,0.9133236302416666,-0.02729999442500083
2026-03-30 00:00:00+00:00,-0.0014833705398713537,-0.0017516982551618531,0.00047893713405649537,-0.00010530470938300022,-0.00010530470938300022,0.21060941876600045,0.9280928032469421,-0.0018073643013710378
2026-03-31 00:00:00+00:00,-0.0022009075500626363,-0.0026539587628402104,0.000453051212777601,0.0,0.0,0.0,0.944703897718246,-0.004471163682116636
2026-04-01 00:00:00+00:00,0.0005353131846779213,0.00013766287363903336,0.00039765031103885156,0.0,0.0,0.0,0.9606799839149336,-0.004331182269503351
2026-04-02 00:00:00+00:00,-8.951324683270645e-05,0.00013195453172702354,0.00016574142488821758,-0.00019360460172398745,-0.00019360460172398745,0.3872092034479749,0.9787150042431711,-0.012502051683342754
2026-04-03 00:00:00+00:00,-0.0032829597698083024,-0.0038677358954877796,0.0005847761256795125,0.0,0.0,0.0,0.9523965944406171,-0.016423705944718134
2026-04-04 00:00:00+00:00,-0.0020953268596947128,-0.002428120261184192,0.0003327934014895026,0.0,0.0,0.0,0.9719419295882646,-0.018891409884450986
2026-04-05 00:00:00+00:00,-0.005403936960474032,-0.005618955936907696,0.00041694057621138327,-0.00010096079988884945,-0.00010096079988884945,0.20192159977769888,0.9776330688612302,-0.02812902267636579
2026-04-06 00:00:00+00:00,-0.0030632529870647796,-0.00368851764421876,0.0006252646571540118,0.0,0.0,0.0,0.9798772499285952,-0.03191530497387889
2026-04-07 00:00:00+00:00,6.77671119182488e-05,-0.00022405773544245154,0.00029182484736067196,0.0,0.0,0.0,0.96817190072117,-0.032137184865118025
2026-04-08 00:00:00+00:00,-0.004162965325435142,-0.004440951816016536,0.00048218772101150085,-0.0001021006152150639,-0.0001021006152150639,0.2042012304301278,1.0376610528190684,-0.032869283044958855
2026-04-09 00:00:00+00:00,-0.013596364831893526,-0.013891876651725754,0.00029551181983223604,0.0,0.0,0.0,1.0274515684291576,-0.047405704956384354
2026-04-10 00:00:00+00:00,0.00410443299428187,0.003748342416153174,0.0003560905781285989,0.0,0.0,0.0,1.0447542047607135,-0.043478906282729476
2026-04-11 00:00:00+00:00,-0.010590151837437278,-0.010862815928992874,0.0002726640915555657,0.0,0.0,0.0,1.070675863070524,-0.05492336902916489
2026-04-12 00:00:00+00:00,0.0004202192185243092,8.122581659908025e-05,0.0003389934019251619,0.0,0.0,0.0,1.0696187134479973,-0.05481910717019076
2026-04-13 00:00:00+00:00,-0.00360432985921999,-0.004522093103238743,0.0009177632440187769,0.0,0.0,0.0,1.0242263947064167,-0.05955585923516183
2026-04-14 00:00:00+00:00,-4.598372434949649e-05,-0.000588608745826212,0.0007657279344109442,-0.00011155145646713921,-0.00011155145646713921,0.22310291293427842,1.05875994370896,-0.03767462352439522
2026-04-15 00:00:00+00:00,0.0023847973138793055,0.0019971049855966867,0.0003876923282825208,0.0,0.0,0.0,1.018694095363412,-0.03559263731294044
2026-04-16 00:00:00+00:00,-0.004700675574522473,-0.0051886409940344325,0.00048796541951199945,0.0,0.0,0.0,1.0603061109531777,-0.0409738832391106
2026-04-17 00:00:00+00:00,-0.007603593163889255,-0.008213747308964682,0.0007989923089713408,-9.441908194797304e-05,-9.441908194797304e-05,0.1888381638959461,1.1432599602222917,-0.04077224026682541
2026-04-18 00:00:00+00:00,0.007672825839144526,0.007649192074908837,2.3633764235737057e-05,0.0,0.0,0.0,1.1075264661594795,-0.03287083599216174
2026-04-19 00:00:00+00:00,0.0019164310887007652,0.0018319414361977508,8.448965250311119e-05,0.0,0.0,0.0,1.059305809090951,-0.03097952443222877
2026-04-20 00:00:00+00:00,0.036417270395125545,0.03353668077555023,0.0032829659017395755,-0.00020118814108214058,-0.00020118814108214058,0.4023762821642812,1.0218664743670205,-0.033431002547560436
2026-04-21 00:00:00+00:00,0.0008805214171578868,-0.00014508115171484292,0.0010256025688727007,0.0,0.0,0.0,1.049886644989684,-0.03354654524771299
2026-04-22 00:00:00+00:00,-0.012196838822079892,-0.012850812338968258,0.000653973516888345,0.0,0.0,0.0,1.0509042601413345,-0.04697024610789244
2026-04-23 00:00:00+00:00,0.0076684785208929185,0.007540147940797127,0.0003333171902993734,-0.00010249330510180357,-0.00010249330510180357,0.20498661020360714,1.0441551652238685,-0.05151281279949949
2026-04-24 00:00:00+00:00,-0.00903172837413746,-0.00946893325648898,0.00043720488235156677,0.0,0.0,0.0,1.0510637787132293,-0.061537536369288805
2026-04-25 00:00:00+00:00,-0.0056285395397528415,-0.005801932260037326,0.00017339272028443425,0.0,0.0,0.0,1.0759262087976922,-0.06772063691184142
2026-04-26 00:00:00+00:00,-0.025355779444399484,-0.02570231050982021,0.0005861390615070392,-0.00011980399804316812,-0.00011980399804316812,0.23960799608633626,1.0186151498254779,-0.10341141210529373
2026-04-27 00:00:00+00:00,-0.006309281156055224,-0.0065108867074865125,0.00020160555143133605,0.0,0.0,0.0,1.0166874092570382,-0.1106202329640992
2026-04-28 00:00:00+00:00,0.005822889572780099,0.005366839153911056,0.00045605041886906037,0.0,0.0,0.0,0.9970722610418353,-0.10464406298696734
2026-04-29 00:00:00+00:00,0.006476680825282077,0.006363701385541597,0.0007569480213535577,-0.00032198429080656355,-0.00032198429080656355,0.6439685816131271,0.9780867887513546,-0.11970951739570578
2026-04-30 00:00:00+00:00,-0.014541912235364274,-0.01497695155361572,0.000435039318251405,0.0,0.0,0.0,0.9776362104133713,-0.13667396982335175
2026-05-01 00:00:00+00:00,-0.0013518827701209934,-0.0017870360761096215,0.0004351533059886442,0.0,0.0,0.0,0.9783862167439674,-0.13864844233976398
2026-05-02 00:00:00+00:00,0.010144226877775164,0.01017333162656557,0.00045831519542460536,-0.00024370997210747467,-0.00024370997210747467,0.4874199442149494,1.0222360954682097,0.19831736884692974
2026-05-03 00:00:00+00:00,-0.00911960771845055,-0.009270662512257862,0.00015105479380733084,0.0,0.0,0.0,1.0579101874690326,0.190786605333246
2026-05-04 00:00:00+00:00,-0.013540981159324894,-0.01378965243007486,0.00024867127074998293,0.0,0.0,0.0,1.043659141604648,0.17942656463436776
2026-05-05 00:00:00+00:00,0.003285877078911259,0.0032386856761280605,0.00021994337369071615,-8.637598545380546e-05,-8.637598545380546e-05,0.1727519709076109,1.018290658721285,0.19760159477012407
2026-05-06 00:00:00+00:00,0.0019081986133164808,0.0018024251494497365,0.00010577346386681354,0.0,0.0,0.0,1.0443930391378418,0.1990242421367125
2026-05-07 00:00:00+00:00,-0.003685657943062637,-0.0037750781422703,8.94201992076522e-05,0.0,0.0,0.0,1.080107583177209,0.1959714477173348
2026-05-08 00:00:00+00:00,0.006809418563240577,0.00703451937557396,0.00020014045667593347,-0.00021262063450460877,-0.00021262063450460877,0.42524126900921755,1.0293341370335432,0.21971783561237598
2026-05-09 00:00:00+00:00,0.008175812594027887,0.00797926503538546,0.0001965475586423578,0.0,0.0,0.0,1.0752535551162787,0.22585058856143225
2026-05-10 00:00:00+00:00,0.0028261043407606934,0.002612174085689273,0.00021393025507143428,0.0,0.0,0.0,1.0656103705097453,0.22781892260105127
2026-05-11 00:00:00+00:00,-0.00036291756099493533,-0.00020339458181905783,0.00026120792809367657,-0.00021036545363480266,-0.00021036545363480266,0.4207309072696053,1.0627378142838664,0.2137069035448571
2026-05-12 00:00:00+00:00,0.004004719289562475,0.0037749872922769557,0.0002297319972856036,0.0,0.0,0.0,1.0407411893905596,0.21661441092729658
2026-05-13 00:00:00+00:00,-0.019276447776716443,-0.01943124575633145,0.000154797979615006,0.0,0.0,0.0,1.0185153663157436,0.2010588658995232
2026-05-14 00:00:00+00:00,-0.012187635671073949,-0.011289381886763171,0.0002626174820456095,-0.0005804356331782137,-0.0005804356331782137,1.1608712663564273,0.9739253028507014,-0.1318238320003239
2026-05-15 00:00:00+00:00,-0.011849637374225952,-0.011953993197638419,0.00010435582341247643,0.0,0.0,0.0,0.9861341232284689,-0.1455019707890483
2026-05-16 00:00:00+00:00,0.0025765470443941396,0.0024476798772667583,0.0001288671671273164,0.0,0.0,0.0,0.943168066211727,-0.14268665204019293
2026-05-17 00:00:00+00:00,0.022031733748598903,0.022378557550816323,0.0002658754491931844,-0.0003063496257052729,-0.0003063496257052729,0.6126992514105458,0.9248042458326786,-0.12891722354003682
2026-05-18 00:00:00+00:00,-0.0056846832896305655,-0.005911340728531271,0.00022665743890073258,0.0,0.0,0.0,0.9039328107920958,-0.13559940393419637
2026-05-19 00:00:00+00:00,0.010218428600530904,0.010054074015941472,0.00016435458458942734,0.0,0.0,0.0,0.91692777156582,-0.12427543030686439
2026-05-20 00:00:00+00:00,-0.01097152669072643,-0.010502013209953809,0.000306743445650317,-0.0003881284632114653,-0.0003881284632114653,0.7762569264229305,0.9963595139409681,0.18472385779871053
2026-05-21 00:00:00+00:00,0.0008698925783894307,0.0007134518261296575,0.0001564407522596636,0.0,0.0,0.0,1.0117836556925148,0.18527613928632242
2026-05-22 00:00:00+00:00,0.010023860410172114,0.009925636911430759,9.822349874131699e-05,0.0,0.0,0.0,1.0506324210615765,0.19326451963073588
2026-05-23 00:00:00+00:00,-0.005980191474031948,-0.005678767404467801,0.00011302307828968691,-0.00020722357392689478,-0.00020722357392689478,0.4144471478537896,1.0162585966674997,0.20072509352561052
2026-05-24 00:00:00+00:00,0.004125439012599541,0.004000125597056777,0.0001253134155427667,0.0,0.0,0.0,1.0612239267099448,0.2038841076708332
2026-05-25 00:00:00+00:00,-0.006131792161231053,-0.00644451127882735,0.0003127191175963467,0.0,0.0,0.0,1.040317769646562,0.198657724268443
2026-05-26 00:00:00+00:00,0.017679351673580257,0.017769419717498416,0.0001261028830617054,-0.00010808546348988073,-0.00010808546348988073,0.21617092697976148,1.0061783557730013,0.2287146919759512
2026-05-27 00:00:00+00:00,0.04820327192841711,0.0480712497625935,0.00013202216582358824,0.0,0.0,0.0,0.9793392172582014,0.2640575059733706
2026-05-28 00:00:00+00:00,-0.011874220643838473,-0.012113651397499621,0.00023943075366109843,0.0,0.0,0.0,0.9662494814070386,0.2549714417328847
2026-05-29 00:00:00+00:00,-0.03432131201064115,-0.03424993361696799,0.00030436624615749974,-0.0001878723199153138,-0.0001878723199153138,0.37574463983062767,0.9517089589701396,0.24194356023135327
2026-05-30 00:00:00+00:00,0.04638166058849169,0.04588983957711989,0.0004918210113718707,0.0,0.0,0.0,0.9412383318966971,0.27507496609467885
2026-05-31 00:00:00+00:00,0.04426804047618371,0.04394874679052033,0.0003192936856634585,0.0,0.0,0.0,0.9425181778217245,0.30549983387380625
2026-06-01 00:00:00+00:00,0.008490605927252926,0.008595242362787631,0.00015468888279493448,-0.00012966265916477474,-0.00012966265916477474,0.25932531832954947,0.9322301837187448,0.3009116489030544
2026-06-02 00:00:00+00:00,0.02832559422021208,0.028256813148946378,6.878107126570633e-05,0.0,0.0,0.0,0.968436243060578,0.3201013996949206
2026-06-03 00:00:00+00:00,-0.02530781928866832,-0.025659054968204167,0.00035123567953583763,0.0,0.0,0.0,0.9109581384964631,0.30208752112059856
2026-06-04 00:00:00+00:00,0.04887641618729033,0.0492240394064181,0.0002724640424564638,-0.00031004363079215926,-0.00031004363079215926,0.6200872615843186,1.025781015414133,0.04123679738792629
2026-06-05 00:00:00+00:00,-0.006412916447376293,-0.006592899334684827,0.000179982887308569,0.0,0.0,0.0,0.9368650721131361,0.03486750042016476
2026-06-06 00:00:00+00:00,0.008459471518490913,0.008365000021657007,9.447149683390873e-05,0.0,0.0,0.0,0.8525544295166233,0.04286984421567756
2026-06-07 00:00:00+00:00,0.0010085271909865412,0.0015227147841500137,0.00013860880532904157,-0.00032639819924628694,-0.00032639819924628694,0.652796398492574,0.9435918430480886,0.05219704844632173
2026-06-08 00:00:00+00:00,0.011707651107149886,0.01148149807430422,0.0002261530328457029,0.0,0.0,0.0,1.0012342144054744,0.06294164766960057
2026-06-09 00:00:00+00:00,0.008792296590470094,0.008720136822198335,7.215976827183821e-05,0.0,0.0,0.0,1.0020777795545541,0.07103720432243839
2026-06-10 00:00:00+00:00,-0.000745488154837104,-0.00016506720778170788,9.031576269178884e-05,-0.00033536835487361927,-0.00033536835487361927,0.6707367097472384,1.0011075381856658,-0.06805425541715687
2026-06-11 00:00:00+00:00,-0.005810190437756213,-0.005986141306576732,0.00017595086882049718,0.0,0.0,0.0,0.948085404478599,-0.0744730996149872
2026-06-12 00:00:00+00:00,-0.006241144902960016,-0.006338812676153125,9.766777319307338e-05,0.0,0.0,0.0,0.9998003578553551,-0.08131943869144075
2026-06-13 00:00:00+00:00,-0.004601238035447541,-0.004111948449672776,0.00012399470589225995,-0.00030664214583351446,-0.00030664214583351446,0.613284291667029,1.0042616488258955,-0.10195424478493835
2026-06-14 00:00:00+00:00,0.00624288805190365,0.006176421639042522,6.646641286113961e-05,0.0,0.0,0.0,1.045248723108069,-0.09518360257067039
2026-06-15 00:00:00+00:00,-0.007748116012986306,-0.0077774590124699465,2.9342999483608004e-05,0.0,0.0,0.0,1.076253980397442,-0.10376504519137578
2026-06-16 00:00:00+00:00,0.022919019377625416,0.023293910258772352,1.4424843057316608e-05,-0.0001946578621020797,-0.0001946578621020797,0.3893157242041594,1.0887352180658707,-0.09207641686979752
2026-06-17 00:00:00+00:00,0.014231755516188827,0.01417950054250187,5.225497368698305e-05,0.0,0.0,0.0,1.10152831378713,-0.07680386253302653
2026-06-18 00:00:00+00:00,-0.003034292126579907,-0.003063180950162183,2.8888823582256184e-05,0.0,0.0,0.0,1.0690582466993428,-0.08011012099257585
2026-06-19 00:00:00+00:00,-0.0026762305874344916,-0.0024858764481735817,5.566495753822516e-05,-0.00012300954839958392,-0.00012300954839958392,0.24601909679916778,0.9854805488465208,-0.10133223090911363
2026-06-20 00:00:00+00:00,0.0007494123832771926,0.0007442204031374776,5.19198013971693e-06,0.0,0.0,0.0,0.9672872864411409,-0.10051268505511984
2026-06-21 00:00:00+00:00,0.007243236080437088,0.00719448149169491,4.875458874207324e-05,0.0,0.0,0.0,0.9644291689737696,-0.09264713846732915
2026-06-22 00:00:00+00:00,0.002775484883116519,0.0031497894854475503,2.1182568771425935e-05,-0.00019774358555123568,-0.00019774358555123568,0.3954871711024713,0.937381852466144,-0.07841020140359899
2026-06-23 00:00:00+00:00,-0.006396882530609993,-0.006427339828508283,3.0457297898341022e-05,0.0,0.0,0.0,0.9559849380186028,-0.08538373092888461
2026-06-24 00:00:00+00:00,-0.0011191325325748958,-0.0012278134035581104,0.00010868087098325924,0.0,0.0,0.0,0.921105603771103,-0.0867085827282267
2026-06-25 00:00:00+00:00,-0.006017180444581105,-0.005646440470729354,3.538273046273022e-05,-0.00020306135215722643,-0.00020306135215722643,0.4061227043144528,0.9438129257151275,-0.06269558173285615
2026-06-26 00:00:00+00:00,-0.0017708496300895549,-0.0018644389449907713,9.358931490117138e-05,0.0,0.0,0.0,0.9221984298311595,-0.06467454958004741
2026-06-27 00:00:00+00:00,-0.011190376628175125,-0.011231537325500066,4.116069732495798e-05,0.0,0.0,0.0,0.9710274159505792,-0.07676511748207754
2026-06-28 00:00:00+00:00,-0.011337756399571908,-0.0106991633246004,3.9540315669288144e-05,-0.000339066695320403,-0.000339066695320403,0.678133390640806,1.0184470481774113,0.06086709835877318
2026-06-29 00:00:00+00:00,-0.004797499009198125,-0.004978352324927132,0.00018085331572901829,0.0,0.0,0.0,1.0221129780656844,0.05615816477370579
2026-06-30 00:00:00+00:00,0.012447687174098165,0.012415140594282306,3.25465798158255e-05,0.0,0.0,0.0,1.0208302165241891,0.06773022076763982
2026-07-01 00:00:00+00:00,0.0038520851001506706,0.004183780575753824,0.00015501651576912907,-0.00024335599568617712,-0.00024335599568617712,0.4867119913723543,0.9629637773706906,0.17131840333361212
2026-07-02 00:00:00+00:00,0.00399591983429759,0.0038641900696515796,0.0001317297646460546,0.0,0.0,0.0,0.9669130406562801,0.17448536387695318
2026-07-03 00:00:00+00:00,0.0005570127024545624,0.000416794752828057,0.00014021794962642618,0.0,0.0,0.0,0.9978901899911794,0.17480479014122288
2026-07-04 00:00:00+00:00,0.011496468278288319,0.011515680369825546,-1.921209153728927e-05,0.0,0.0,0.0,1.042607349691182,0.18420278899064502
2026-07-05 00:00:00+00:00,0.007021045451670149,0.007105728918795779,-8.468346712554704e-05,0.0,0.0,0.0,1.0195067597038798,0.1899746969276447
2026-07-06 00:00:00+00:00,0.0008851542482597452,0.0008727553056239488,1.2398942635799885e-05,0.0,0.0,0.0,1.0160692366902138,0.1906786721965212
2026-07-07 00:00:00+00:00,0.0014161553305569452,0.0021711335494617526,-2.3555664613025686e-05,-0.0003657112771458431,-0.0003657112771458431,0.7314225542916862,1.0378625376860484,0.15937492366545342
2026-07-08 00:00:00+00:00,0.00335937260590069,0.003272554583620275,8.681802228032267e-05,0.0,0.0,0.0,1.0089834087613194,0.1621029141599083
2026-07-09 00:00:00+00:00,-0.0012963154066384375,-0.0014452549803214742,0.00014893957368304817,0.0,0.0,0.0,0.9968466890318659,0.1608661925033358
2026-07-10 00:00:00+00:00,-0.009747074688465585,-0.00920826241159272,0.0001521472864641773,-0.00034547978166849706,-0.00034547978166849706,0.6909595633369943,0.9680947716264527,0.021394940373631193
2026-07-11 00:00:00+00:00,0.007991758641585855,0.007905930497336665,8.582814424929043e-05,0.0,0.0,0.0,0.9675878262801633,0.029068561939885856
2026-07-12 00:00:00+00:00,-0.008821154460777803,-0.008867864876177118,4.671041539926311e-05,0.0,0.0,0.0,0.9596590201304013,0.02038047639396425
2026-07-13 00:00:00+00:00,0.0034964944430158074,0.003351534246801107,0.0001449601962145995,0.0,0.0,0.0,0.9596942786664577,0.0236493209215819
2026-07-14 00:00:00+00:00,-0.004502739173444681,-0.004669305771004328,0.0001665665975596266,0.0,0.0,0.0,0.9512612924031958,0.01906586376221475
2026-07-15 00:00:00+00:00,-0.006724679066750117,-0.006863465027401517,0.00013878596065140163,0.0,0.0,0.0,0.9888166456981362,0.012285011494444872
2026-07-16 00:00:00+00:00,-0.00875095259086589,-0.00885686658443664,0.0005045789252555861,-0.00019933246584243001,-0.00019933246584243001,0.39866493168485995,1.0033677018851272,-0.031628338728362806
2026-07-17 00:00:00+00:00,-0.0044794900857072495,-0.0057033122757936434,0.0012238221900863955,0.0,0.0,0.0,0.9673870929931008,-0.03749963022597176
2026-07-18 00:00:00+00:00,0.004727390458410197,0.004193089466517332,0.0005343009918928787,0.0,0.0,0.0,0.9533788706724772,-0.03314982857614529
2026-07-19 00:00:00+00:00,-0.003154765094390166,-0.0033108196325067796,0.0003658055581544393,-0.0001048755100189173,-0.0001048755100189173,0.2097510200378346,0.9477805927744213,-0.04458325105957767
2026-07-20 00:00:00+00:00,0.003507787518878702,0.003296049937653092,0.0002117375812256392,0.0,0.0,0.0,0.9439277119013311,-0.04114288063872915
2026-07-21 00:00:00+00:00,0.018492984205024543,0.018442770587791587,5.0213617232937126e-05,0.0,0.0,0.0,0.9550359418166531,-0.022287939537115026
2026-07-22 00:00:00+00:00,-0.019295074912959898,-0.019342990649930815,0.00025797167685028243,-0.00010502796993967996,-0.00010502796993967996,0.21005593987935994,0.9264808511202356,-0.07541708434062937
2026-07-23 00:00:00+00:00,-0.0036002875644001175,-0.0036397473902583756,3.945982585825543e-05,0.0,0.0,0.0,0.9257729030136016,-0.07934248750196955
2026-07-24 00:00:00+00:00,0.0010935122427344623,0.000858613689026651,0.00023489855370784,0.0,0.0,0.0,0.8976498194095557,-0.0783981444821437
2026-07-25 00:00:00+00:00,0.03264109657274772,0.031235533614764124,0.0016773539110898662,-0.00013589547655318412,-0.00013589547655318412,0.2717909531063683,0.9592181528713889,-0.13008241399362772
2026-07-26 00:00:00+00:00,-0.013722221461373807,-0.014451661737659311,0.0007294402762854881,0.0,0.0,0.0,0.9637214027596999,-0.14654499865691403
2026-07-27 00:00:00+00:00,-0.024787882145254958,-0.025204800304157844,0.00041691815890289806,0.0,0.0,0.0,1.0046398621916164,-0.17611532487812392
2026-07-28 00:00:00+00:00,0.005904674714057423,0.006180268548525374,0.00030611259396648335,-0.0002908532142172082,-0.0002908532142172082,0.5817064284344164,0.9193764928751188,-0.2018490395196966
2026-07-29 00:00:00+00:00,-0.0026632387760020526,-0.002777725735904558,0.00011448695990246269,0.0,0.0,0.0,0.9042141309096559,-0.20517319045220925
2026-07-30 00:00:00+00:00,0.010821745399710148,0.010629293607677347,0.00019245179203282166,0.0,0.0,0.0,0.8745781159489753,-0.1924611314803123
2026-07-31 00:00:00+00:00,-0.008184899038651938,-0.008113366786724141,0.00031288442757127497,-0.00019220833974952677,-0.00019220833974952677,0.38441667949905345,0.9543310946371293,-0.18942333546871423
2026-08-01 00:00:00+00:00,0.00811138762361252,0.007803686426285406,0.0003077011973271881,0.0,0.0,0.0,0.9283939615418423,-0.18015831511491492
2026-08-02 00:00:00+00:00,0.0034860049563023576,0.003279895335301685,0.00020610962100072722,0.0,0.0,0.0,0.9181736077783121,-0.17626396273191283
2026-08-03 00:00:00+00:00,0.00935761156388848,0.009053447963467201,0.0007351103748344474,-0.00021547338720654858,-0.00021547338720654858,0.43094677441309714,0.9765430688841571,-0.20861460565548634
2026-08-04 00:00:00+00:00,0.004907491851970702,0.003726451970516397,0.0011810398814543525,0.0,0.0,0.0,0.9755910885598316,-0.20388757706182087
2026-08-05 00:00:00+00:00,0.04771636025255899,0.047291291261759925,0.0004250689907990764,0.0,0.0,0.0,0.894046521994554,-0.1494643891618838
2026-08-06 00:00:00+00:00,-0.026175219988043064,-0.026114007186181492,0.000479326954021097,-0.0002702698779413323,-0.0002702698779413323,0.5405397558826646,1.0059119167142603,-0.2530049965250664
2026-08-07 00:00:00+00:00,0.06370185755460023,0.06002720589484504,0.0036746516597551486,0.0,0.0,0.0,0.944010551128215,-0.18142093976771584
2026-08-08 00:00:00+00:00,0.029810518521511398,0.019853539687582217,0.009956978833929256,0.0,0.0,0.0,0.8960128398963787,-0.15689041544467233
2026-08-09 00:00:00+00:00,0.024420595634268905,0.02320166590411203,0.0015128433792363143,-0.00014695682453973527,-0.00014695682453973527,0.29391364907947054,0.9218582443762452,-0.21632492733021963
2026-08-10 00:00:00+00:00,-0.015087837000967608,-0.015573377369710732,0.00048554036874310226,0.0,0.0,0.0,0.9190674540613931,-0.23545074719537024
2026-08-11 00:00:00+00:00,0.012673441574461819,0.012518938101046524,0.00015450347341523018,0.0,0.0,0.0,0.9099438665279789,-0.22014185416743912
2026-08-12 00:00:00+00:00,-0.006953272348053541,-0.006901289146541665,0.0003416703921859222,-0.0001968267968488842,-0.0001968267968488842,0.3936535936977683,0.956966220231524,-0.26895986757884605
2026-08-13 00:00:00+00:00,0.004540428637436422,0.004319246008984799,0.00022118262845157387,0.0,0.0,0.0,0.9454615805693438,-0.263444470750491
2026-08-14 00:00:00+00:00,0.010628189990738335,0.010380790213711017,0.0002473997770272966,0.0,0.0,0.0,0.9528401863517364,-0.25040235671547895
2026-08-15 00:00:00+00:00,0.08936437271650144,0.08925747545380855,0.00035224060806576503,-0.00012267167268641927,-0.00012267167268641927,0.24534334537283847,0.9575763494185501,-0.15226444599822098
2026-08-16 00:00:00+00:00,-0.061123541218265465,-0.06811671810269758,0.006993176884432095,0.0,0.0,0.0,0.947904518571236,-0.2347286078371596
2026-08-17 00:00:00+00:00,-0.010371124442923318,-0.01418202610956978,0.0038109016666464475,0.0,0.0,0.0,0.938031285668307,-0.2515191705644342
2026-08-18 00:00:00+00:00,0.012743066414193649,0.01041256174645084,0.002710994988523398,-0.00019024516039031447,-0.00019024516039031447,0.38049032078062894,0.9617669183762145,-0.22770343937696325
2026-08-19 00:00:00+00:00,0.03695383868613855,0.03433668641720193,0.002617152268936674,0.0,0.0,0.0,0.9787851287346307,-0.18647575788403906
2026-08-20 00:00:00+00:00,-0.01792758564318553,-0.019721459133565038,0.0017938734903794869,0.0,0.0,0.0,1.033138853687893,-0.20996131650093033
2026-08-21 00:00:00+00:00,0.006297175154801327,0.00536981598182771,0.0009774531607339332,-2.504699388015945e-05,-2.504699388015945e-05,0.050093987760318905,1.042325287192562,-0.25309172535463276
2026-08-22 00:00:00+00:00,-0.026597923610325203,-0.027692563071911556,0.0010946394615863133,0.0,0.0,0.0,1.142137076871657,-0.2884566359956479
2026-08-23 00:00:00+00:00,0.008590249988194687,0.007661546402310121,0.0009287035858845272,0.0,0.0,0.0,1.133048876468437,-0.2784035336417579
2026-08-24 00:00:00+00:00,-0.016303643432966752,-0.017948328616028512,0.00202757957849568,-0.00019144719771696208,-0.00019144719771696208,0.3828943954339242,1.0561983224541924,-0.2635123092934468
2026-08-25 00:00:00+00:00,0.00538602478730188,0.00420502285499943,0.0011810019323025443,0.0,0.0,0.0,1.0246855604529497,-0.257918132981117
2026-08-26 00:00:00+00:00,0.021316081688618205,0.02003451951674009,0.0012815621718781337,0.0,0.0,0.0,0.9642689700034222,-0.2329186994403011
2026-08-27 00:00:00+00:00,0.0012166853465287453,7.246363798094904e-05,0.001382813053518311,-0.00011929567248531108,-0.00011929567248531108,0.23859134497062218,0.9868183172367342,-0.24354399758254186
2026-08-28 00:00:00+00:00,-0.004739701361438309,-0.006019001538600453,0.0012793001771621683,0.0,0.0,0.0,0.9905122860380929,-0.2507514862820566
2026-08-29 00:00:00+00:00,0.001542403617996957,0.0007976300174772327,0.0007447736005197797,0.0,0.0,0.0,0.9439493446661065,-0.24956892025903174
2026-08-30 00:00:00+00:00,0.0019768064913781025,0.0017761200563523134,0.00048329988673466646,-0.00014130672585442963,-0.00014130672585442963,0.28261345170885926,0.9555980774024985,-0.2292027109267942
2026-08-31 00:00:00+00:00,0.004687092717850616,0.00405337319055258,0.000633719527297961,0.0,0.0,0.0,0.9040921625954552,-0.2240989651088021
