,MKT,BTC,SPX,MOM,REV,LOWVOL,ILLIQ,CARRY
2021-01-01 00:00:00+00:00,0.03972643809172877,0.0015459928550152213,0.00643883774021714,0.048537750322340395,0.014411488112761675,-0.06406939947975651,0.1171988243569858,
2021-01-02 00:00:00+00:00,0.005175956482119385,0.013314598669230904,0.0,-0.07097995962061425,0.03136475418036366,-0.012024192905029298,-0.07166060129081724,-0.0003452295139958
2021-01-03 00:00:00+00:00,0.015336937687464898,0.09758102011237635,0.0,0.05317277324083356,0.03339617079305561,0.07099346384151425,-0.04774746968171499,0.001139614684769
2021-01-04 00:00:00+00:00,0.10518467773373401,0.026541067971929122,0.0,-0.0016323713521500943,-0.10844248497114219,0.09326779826802926,-0.04688867988691245,0.0016311609511623
2021-01-05 00:00:00+00:00,0.015431378509359472,-0.030962775752672922,-0.01475478359029514,-0.051803487097083156,0.039459201010478506,-0.042450209484612735,0.03773112952548099,0.002096924529938
2021-01-06 00:00:00+00:00,0.05524981418819112,0.06145439412420495,0.007082539553862066,-0.014622064997483579,-0.05345597983322628,-0.002955525603007776,0.04233879467753056,0.0010411276601691
2021-01-07 00:00:00+00:00,0.13957621531064798,0.08306470208991201,0.005709900559720538,-0.18869774097881237,-0.1903145595754464,-0.09430648771455967,0.10956085868002971,0.0023779348802368
2021-01-08 00:00:00+00:00,0.023683052497532293,0.07264999044093368,0.01484736429268918,-0.1363982623724745,0.13248544419301428,0.0009331820357676435,-0.010263869707981627,0.0020778756908736
2021-01-09 00:00:00+00:00,-0.008375489238898148,0.02881876263958616,0.005491890982414871,0.004318761686008466,-0.05497931356204558,0.003025125330355016,0.007194312062367714,0.0017355093845765
2021-01-10 00:00:00+00:00,0.07650696885110671,-0.012333271731365558,0.0,-0.03562434405542261,0.025465893385378233,0.0778175926711003,0.030952100085270953,0.0019941348651422
2021-01-11 00:00:00+00:00,-0.05119851305709953,-0.04769703239283207,0.0,0.030717541144505298,0.02731208528744917,-0.0090768641221292,-0.002484041018532522,0.0013571605608388
2021-01-12 00:00:00+00:00,-0.11529751027985992,-0.07360248780338485,-0.006554796741165214,-0.01693941926223437,0.036087797590103665,-0.02363399677343829,0.0009591773059214603,0.0014730049871123
2021-01-13 00:00:00+00:00,0.0011110379096897975,-0.03817053890510902,0.0004158321511944507,0.014930503952833862,-0.019608397356456808,-0.02288277572459532,0.05979161100577006,0.0002980205380347
2021-01-14 00:00:00+00:00,0.11370018392941986,0.09878086378971651,0.0022756031663768717,0.0758451207408308,-0.004435502226544374,-0.04740650900410741,0.032852470267206654,0.0004334420907228
2021-01-15 00:00:00+00:00,0.058719416412133324,0.04655772803931035,-0.003753438464607517,0.09605843116467461,-0.1075017300692136,-0.009156663247367636,1.9339331740385324e-05,0.0011741925727235
2021-01-16 00:00:00+00:00,-0.019280296514176464,-0.061487907942408326,-0.00719001775768402,0.04105438416239571,-0.08911739909502636,0.03060382427591153,0.07361540046866419,0.0009382205125803
2021-01-17 00:00:00+00:00,0.06674468418885918,-0.019849686738543815,0.0,0.14639989129680867,0.04817436385435682,-0.08035755197133501,0.08884692983596724,0.0004846409361876
2021-01-18 00:00:00+00:00,0.020577271673613992,-0.004325527970896359,0.0,0.010078279679756764,0.008374346015711699,0.013781793467989401,-0.006872266669662164,0.0001836649684976
2021-01-19 00:00:00+00:00,0.025409245853595594,0.022777637920224247,0.0,-0.01478366036522467,0.041409280736596686,-0.003974978835402744,0.03450683323868975,0.0008101680031475
2021-01-20 00:00:00+00:00,-0.028457113434577033,-0.02169250788974586,0.008136402839514334,-0.03248465304240393,0.02278361457550819,0.01374348058404693,-0.08189974794741398,0.0029114520405504
2021-01-21 00:00:00+00:00,0.019025082497367472,-0.010894922770396942,0.013935576257400273,0.05992936755012162,0.04848876088189404,-0.015700638274092005,0.01985947985303349,-0.0001868672193853
2021-01-22 00:00:00+00:00,-0.14278725422778246,-0.1301416901408451,0.0003167309215053038,-0.05718383444578791,0.01734537564684463,0.008289476841212562,-0.009843257009191059,0.0004660359688435
2021-01-23 00:00:00+00:00,0.10048870958202281,0.06821152999824798,-0.0030105863636010755,0.09263560340450332,0.10544752978971847,-0.030625346489995584,0.060432615253388666,-0.0002807702022947
2021-01-24 00:00:00+00:00,0.021976324560490302,-0.027279777022852447,0.0,0.024558731094729346,-0.048378150414471646,-0.024217876203866395,-0.0035908330337078853,0.000579553420867
2021-01-25 00:00:00+00:00,0.05152620393582684,0.005895006245621337,0.0,0.02384708085905647,-0.054584743645750285,-0.0019261504081434164,0.08622362084184791,0.0002174610160421
2021-01-26 00:00:00+00:00,-0.0411524440091714,-0.0006800796762139738,0.003615803325289546,-0.04679459615258894,0.03779091058541483,0.04277668032960138,-0.027010791177685185,0.0008004536581009
2021-01-27 00:00:00+00:00,0.02795146555151893,0.0068351890388942405,-0.0014888363213811928,0.0786713038640247,0.08263868345284582,-0.07856158361594517,0.07957780595284503,-2.6291416409751633e-05
2021-01-28 00:00:00+00:00,-0.08025418781622709,-0.06445436276372518,-0.025677859113367063,-0.014512066655516798,-0.00715820935626961,0.02468120934572711,0.013671631642315371,-1.106737672174063e-05
2021-01-29 00:00:00+00:00,0.09318577846203227,0.0993616413394669,0.009760662477304782,-0.022908280719184757,0.06502061094177618,-0.04829347668147167,-0.004899282619955064,3.8639924815786486e-05
2021-01-30 00:00:00+00:00,0.023764428694732956,0.026036123024872904,-0.019311502938707092,0.0077194293455613155,0.025532150188451053,-0.010353689562376964,0.012557002618987935,0.0016405512495287
2021-01-31 00:00:00+00:00,0.08695449014947396,0.0005982021835839735,0.0,-0.03987968372804143,-0.13943424398919024,-0.09432225037070169,-0.028647917365659928,0.0007164714567939
2021-02-01 00:00:00+00:00,-0.02738251752768852,-0.03393540654158589,0.0,0.013565106356482004,-0.017847886850734837,-2.3993961642522488e-05,-0.02769668388465059,0.0003717142581252
2021-02-02 00:00:00+00:00,0.057809932119073835,0.01267515963945165,0.01605173602136656,0.014960468700907194,0.08806240393764596,0.0038753104851422943,0.16739191985142882,0.0007672369640927
2021-02-03 00:00:00+00:00,0.02262620871697626,0.05836656373365723,0.013898236818535858,-0.035949162608013396,0.048797377463099735,0.02234311205574577,-0.07318351385371463,0.0012585699578171
2021-02-04 00:00:00+00:00,0.06825943681161914,0.060512797691306464,0.001008804827627774,0.03659506447088083,-0.043191737435081694,-0.04416684447062459,-0.015752682601060018,0.0010303942283858
2021-02-05 00:00:00+00:00,-0.012286707788701105,-0.017942495732688246,0.01085330416143404,0.04511717194053566,0.022912102226871633,-0.03434046448651702,0.008868371167661926,0.0006416926346815
2021-02-06 00:00:00+00:00,0.07803440563464772,0.03747525822181563,0.003897472454245321,0.012491638373481197,-0.005069767797961672,0.061515776300091335,0.027864732750165343,0.0006552219906661
2021-02-07 00:00:00+00:00,-0.0022019231372490734,0.02311858018150459,0.0,0.004758210954029685,-0.08450419319124833,0.083286184548935,-0.013081915575972092,0.0017014278988916
2021-02-08 00:00:00+00:00,-0.016201774345720885,-0.010198590862466217,0.0,0.004948092311183604,0.0027733818695179213,0.0324737160970654,0.018171654254922086,0.0013581138000653
2021-02-09 00:00:00+00:00,0.08231750435361394,0.19568125510788503,0.007399345996609075,-0.044811265852597745,0.024233904130001885,0.03226919193287947,-0.02339272293004714,0.0022193964236933
2021-02-10 00:00:00+00:00,0.060094184720021766,0.0008873805954277003,-0.0011134975827398197,0.0005599309341701858,-0.05203382867775117,0.11446191935066417,0.07583008059799738,0.0021344052850122
2021-02-11 00:00:00+00:00,0.044417884328216584,-0.03532910871292472,-0.0003451599624669788,0.16526587274534282,-0.009615984238151467,-0.06034573195472794,0.02745382622546175,0.002088579651597
2021-02-12 00:00:00+00:00,0.05869587193114634,0.07157658862876248,0.0016624551137118804,-0.022452403457849223,0.05908350779138542,0.04648987324251551,0.051384688605882425,0.0014219851576156
2021-02-13 00:00:00+00:00,0.05965005094053942,-0.014548001350805584,0.004710983101741784,-0.04650330734359396,0.016716196129285765,-0.0368827538958006,-0.06980087406036117,0.002138506641542
2021-02-14 00:00:00+00:00,0.038916465386747305,-0.002943559293368314,0.0,-0.1150962891458435,-0.040201179428460194,0.1256129838986733,0.0012298998462082489,0.0015223116661875
2021-02-15 00:00:00+00:00,-0.038190155890577136,0.030358763634114938,0.0,-0.050498174261850486,-0.002293499520640001,0.038444720184538414,-0.03696020329315091,0.00202779158941
2021-02-16 00:00:00+00:00,-0.016252440071753912,-0.013844971586804311,0.0,-0.03499625494283287,0.014571557262435973,-0.03305786673854947,0.0073873202268365,0.0010981206562796
2021-02-17 00:00:00+00:00,-0.002641260893444778,0.02535056161135163,-0.0005692749114954987,-0.040596754888328174,-0.019891435356667465,0.025283392058474297,-0.006228908775332798,0.0019797746722112
2021-02-18 00:00:00+00:00,0.05326263046819764,0.060910680406537354,-0.0003203995331321208,0.027443752094051782,-0.02503832446203262,0.030269670953665683,-0.006566735676736688,0.001894090654182
2021-02-19 00:00:00+00:00,0.009254539430493976,-0.011014928358516696,-0.004415808390544673,0.04416976959636038,-0.03256978449957262,-0.04316638560544397,-0.015569942196300035,0.0018815289850742
2021-02-20 00:00:00+00:00,0.06782405802043939,0.08493656491610757,-0.0018548941356217874,0.1176134972793131,-0.1375482014376476,-0.06853845048693559,-0.20584059560795528,0.0015351033274064
2021-02-21 00:00:00+00:00,0.03327049369730942,-0.0015479223842539414,0.0,-0.13214622078913354,0.19834288521482066,-0.11922087336784362,0.17585762233592245,0.0021161656295765
2021-02-22 00:00:00+00:00,0.02321896279330439,0.028077480698766255,0.0,0.009876463667062562,0.07756632085720117,-0.020992758782825447,-0.05746340079178922,0.0018950045274523
2021-02-23 00:00:00+00:00,-0.06143864472874009,-0.058557670781247295,-0.007732849379657014,-0.014923576712050447,0.016919021457817873,-0.05512960515052663,-0.03308400002981225,0.0012540597416785
2021-02-24 00:00:00+00:00,-0.13525901182310157,-0.0959163801179207,0.0012562878885591378,-0.004558435051022103,-0.03013406893292131,-0.016008816165999668,-0.01743990743109536,0.0002364377107706
2021-02-25 00:00:00+00:00,0.03040717420952094,0.015778254649499335,0.01135166191319037,0.015711159223341542,0.04492745869609742,-0.0026116337729144012,-0.019128240117471915,0.0006307070314817
2021-02-26 00:00:00+00:00,-0.05732677936147898,-0.05256646458907199,-0.024478846903396523,0.01664475068737377,-0.0008970837153494879,-0.02169885755962475,-0.005512978219447094,0.0004057577813272
2021-02-27 00:00:00+00:00,0.0008660412727061824,-0.016484399770054337,-0.004750165824920272,0.01888275981436598,-0.04549361503812492,-0.04752491878840563,0.003445148188976987,-0.0001015186987184
2021-02-28 00:00:00+00:00,0.03181821269824039,-0.0045451473480631055,0.0,0.0006749412267207169,-0.04540355928110951,-0.024202548455304562,0.027670798131853983,0.0007814021714978
2021-03-01 00:00:00+00:00,-0.03373240747734398,-0.02037345808688129,0.0,-0.004400957625842916,-0.0009385784339676281,0.010983680975118926,0.0004881048329998805,-7.100688607852845e-05
2021-03-02 00:00:00+00:00,0.10984810771108355,0.09807374827736459,0.023790719336683086,0.034772061565943244,0.0943501527169822,-0.08505482515637199,0.05845398319714999,0.0004677115914626
2021-03-03 00:00:00+00:00,-0.01749395212278856,-0.023030204042127078,-0.008080844323930969,-0.033933407688990024,0.01613768226228258,0.04625696123780141,0.018104984178777397,-4.077555937109789e-05
2021-03-04 00:00:00+00:00,0.02292610483924332,0.03969365066293329,-0.01306620434127681,-0.02090568227396041,-0.009015386341873467,0.03265974946919421,-0.013021619713499622,0.0002788634815142
2021-03-05 00:00:00+00:00,-0.022061739682065713,-0.03946460209930769,-0.013417213827191521,-0.014177289112152035,0.032027520435619565,-0.022412770410426643,0.019565642101039882,0.0002928833305606
2021-03-06 00:00:00+00:00,-0.01410727274795196,0.007952751397776625,0.019495975820425837,0.0030493137970573295,0.01839069538003877,0.0009384202365803947,-0.014219652508938264,2.298603131833943e-06
2021-03-07 00:00:00+00:00,0.011037767878440952,0.0028221937943313513,0.0,-0.03409633412871227,0.0003935193116281653,0.03222730531333717,-0.005044500611194614,0.0001531795119658
2021-03-08 00:00:00+00:00,0.049625350178313446,0.0426729990731618,0.0,0.046925154750306904,0.0030803677109799074,-0.025406574205917076,0.05104586256490755,0.0001363838640469
2021-03-09 00:00:00+00:00,0.019422355739731924,0.028123392620531318,-0.005359271617984662,-0.054156098640114725,0.034528189931769336,0.03921659993944397,-0.014280096641489236,0.0003580841626849
2021-03-10 00:00:00+00:00,0.05394980060788266,0.04746093939987528,0.014154683554241432,0.04066533030280335,0.08765787406557538,-0.03647153385182927,-0.03963786570333794,0.0006352733473167
2021-03-11 00:00:00+00:00,-0.04892498020414256,0.018758952018818054,0.006030283013025661,0.001143593987127954,0.01268698858232626,0.05041377633992374,-0.04653718414734535,0.0005521981013107
2021-03-12 00:00:00+00:00,0.010928716876298098,0.03389827479026031,0.010395479646353678,0.0009334513709964298,0.0037386897358529184,-0.026343266259667097,0.004539590952013194,0.0018253794730673
2021-03-13 00:00:00+00:00,-0.028602804094671457,-0.00956858143174144,0.0010153985185334946,0.0131264756838263,-0.009617716195806397,0.03602672449192093,0.015102465126119902,0.0007220923828694
2021-03-14 00:00:00+00:00,0.06525652970787066,0.06940667675201517,0.0,-0.007778607240335189,-0.020315723519550008,-0.010645919954127031,0.015757038572956503,0.0009519324743101
2021-03-15 00:00:00+00:00,-0.05089161126490022,-0.036402550719868865,0.0,0.008376707849544272,0.040831699991654036,0.018511667240448886,-0.01976544891051428,0.0016222373238341
2021-03-16 00:00:00+00:00,-0.03735630632706568,-0.05743013886856274,0.006491958593476621,-0.010663159793783517,0.00821185969828004,0.006105249713483585,-0.005156176698560836,0.0008852096255991
2021-03-17 00:00:00+00:00,0.04955887458269399,0.023497927367003957,-0.0015696886322292825,-0.004099913315909774,-0.05599057634528606,-0.02687584155277363,0.007470721269232206,0.0004479614371479
2021-03-18 00:00:00+00:00,0.031283364996494964,0.0352003952650366,0.0028793426720601367,0.00695410689883116,-0.0017354810329487588,0.00624866308446248,-0.0356802778111049,0.000421145885334
2021-03-19 00:00:00+00:00,-0.023141324668415498,-0.021353652538204426,-0.014760500437832724,-0.007940022108353872,0.05913597134404133,-0.01584546989470077,0.040794532886890125,0.0003640286744628
2021-03-20 00:00:00+00:00,0.04445672039205237,0.006743499697833721,-0.0006027388863633076,0.09635516187049234,-0.021208861144861292,-0.0725846257921448,0.05998273156577071,0.0004821938921129
2021-03-21 00:00:00+00:00,-0.012711967707794607,0.0009726435815593515,0.0,-0.0769725352758391,0.1004479208164477,0.06618718435810644,-0.050376105581932465,0.0007617820290419
2021-03-22 00:00:00+00:00,-0.010764108001606706,-0.012562083362785303,0.0,0.022994409325583765,0.021032469076855742,-0.0054644500888954214,-0.0015395276587776945,0.0003504503528994
2021-03-23 00:00:00+00:00,-0.04935245232852404,-0.05722563266369629,0.0070251207482558975,-0.016948618559819502,-0.0009192767801228033,0.010870632986353462,-0.04201518813710747,0.0007327517637671
2021-03-24 00:00:00+00:00,-0.006944507349136682,0.00499616106245826,-0.0076308370066411335,0.01711252619792334,-0.01587275385282041,0.0015704675475117329,-0.010324922000870273,0.0004838081735587
2021-03-25 00:00:00+00:00,-0.07245477953426858,-0.03839080882352941,-0.005467303581109473,0.003177835504499349,-0.060247235834021313,-0.01964572456271476,-0.014177499852018424,0.0007195507143844
2021-03-26 00:00:00+00:00,0.010418488443322545,-0.01885492187765836,0.00524023305923671,0.0389527898234791,0.029065808243116244,-0.036233304699066896,0.03245633629580937,-7.476803635020346e-05
2021-03-27 00:00:00+00:00,0.10474355713083426,0.07218265643725563,0.016631197691788335,0.026399259801776487,-0.03963599854038684,-0.05330194817054393,0.07386357116873214,0.0003128315034954
2021-03-28 00:00:00+00:00,-0.004566495507911468,0.014501181173905087,0.0,0.012953351923731926,-0.0003087387772924728,0.006724195140175415,-0.023151728809187054,9.719203672298173e-05
2021-03-29 00:00:00+00:00,-0.005581957028398617,-0.0004105466790856882,0.0,0.021210753496690726,0.024252795958015237,-0.0008777428099669077,0.004181574431558999,1.141006269311795e-05
2021-03-30 00:00:00+00:00,0.038772503403011215,0.03355536807760151,-0.0008680249789911887,-0.020588380052396004,0.017226611674145922,0.02824931104898334,-0.0024030965776168575,0.0001957019777083
2021-03-31 00:00:00+00:00,0.02079774846112319,0.019357934894701057,-0.003157823166939022,0.0661060845913197,0.056178503491445216,-0.044218744285802906,-0.036209892314843124,0.0008028449000982
2021-04-01 00:00:00+00:00,0.028344903635877553,0.00022247107535844357,0.003622538555784205,0.022236571179312794,-0.03816814439226244,0.011653551249379942,-0.0011108813399555383,0.0010099854836169
2021-04-02 00:00:00+00:00,0.018616758117858546,-0.0002249722993290515,0.011825144919693331,-0.02473222392196628,0.00499961146016541,0.04720944668584211,0.011260307490200683,0.0010666028314216
2021-04-03 00:00:00+00:00,0.043477875699209814,0.004036975875603588,0.0,-0.021943060153815225,-0.039115366499219026,0.037722486711332825,0.061835768608029,0.0013815454147516
2021-04-04 00:00:00+00:00,-0.04157313878758475,-0.03213054891501732,0.0,0.04862456530602206,0.017815367618653412,-0.057107531356080245,-0.0380363363126373,0.00129583878208
2021-04-05 00:00:00+00:00,0.08777155833825366,0.019252065077846714,0.0,0.07214219805701391,0.04391866435119075,-0.11153886032713917,0.09228577490813675,0.001006255135967
2021-04-06 00:00:00+00:00,0.06926249663993846,0.017322688346328663,0.014438277854756487,-0.03509546174008699,-0.1371729107261921,0.11675353247751408,0.05051588680381885,0.0002040774988416
2021-04-07 00:00:00+00:00,0.017763173461405345,-0.01997522424020637,-0.0009735379152555623,-0.009268301520120058,-0.05072827913545865,-0.004116132043397913,0.009906274743591605,0.0013746068103477
2021-04-08 00:00:00+00:00,-0.0790131615025613,-0.035167246842446875,0.0014752303666720756,-0.013692611330252014,0.013859564042576697,0.01317286616148182,0.014392437041155032,0.0007718322379668
2021-04-09 00:00:00+00:00,0.06884070078470451,0.037560663341793754,0.004220639958823158,0.03696178251683453,0.06731274998790011,-0.044464291832713804,-0.01068463065042452,0.0005177919484393
2021-04-10 00:00:00+00:00,-0.00427921560153847,0.0009251188787220421,0.007719962803593772,0.031976770350416905,0.01884581794784914,-0.017068125008086965,-0.0473758748403017,0.0004084754408604
2021-04-11 00:00:00+00:00,0.06471338602261147,0.028472207539772088,0.0,0.0797104708920954,0.09628728954994532,-0.04506158341420305,-0.06288164345486796,0.0015868298229999
2021-04-12 00:00:00+00:00,0.01269817530603899,0.004308198747736025,0.0,0.0003476080805994604,0.038078546670764976,0.019859239294962562,-0.017375451019030264,0.001270838903731
2021-04-13 00:00:00+00:00,0.0026466631005944634,-0.0029791879541088973,-0.000196182910288778,0.037448183781203445,-0.011888599224275629,-0.019170161341028204,-0.05096129014214254,0.0018452935230686
2021-04-14 00:00:00+00:00,0.06179580749670102,0.062401207921459756,0.00329458162447116,0.042816736541725665,-0.012555678295100695,0.005549475109964036,-0.02265876369588684,0.0014692091921151
2021-04-15 00:00:00+00:00,0.016558464843138845,-0.009907507826822815,-0.0040878020277237415,0.00790675433703263,-0.00839210141062081,0.05692752310991187,0.0024630898688606136,0.0016712025948872
2021-04-16 00:00:00+00:00,0.029061430523179065,0.003387068364987922,0.011094247768300924,0.006498444712360031,0.01217141233523713,-0.012344893716264373,0.0363236067927887,0.0014964500034875
2021-04-17 00:00:00+00:00,0.011255885220150419,-0.02859097094771612,0.0036087492386858155,-0.004010433922571943,-0.09847086507962913,0.021444726711524333,0.09580948944804928,0.0013871863611867
2021-04-18 00:00:00+00:00,-0.034063643229075354,-0.021726286848590348,0.0,-0.01475239770404322,0.04899656503929753,0.019239629709416083,-0.04267301384755369,0.0012077828153174
2021-04-19 00:00:00+00:00,-0.07537039414912826,-0.0657360758354032,0.0,0.02713370424429358,0.041391286374594834,0.021471620331975208,0.0127680013350365,0.0011688886101963
2021-04-20 00:00:00+00:00,-0.057982650938916185,-0.009007117022517885,-0.005306453038726788,-0.01253588897572755,-0.004830328691206032,0.026142084636309182,-0.07092105183067754,4.7174172766561995e-05
2021-04-21 00:00:00+00:00,0.048031912637069095,0.013951262878949544,-0.006802361610853236,0.009725403213710182,-0.01147216263297661,-0.00045983721828175145,-0.0019123207777049095,0.0002684853776928
2021-04-22 00:00:00+00:00,-0.04989117523091586,-0.0462778600318805,0.009306060063749566,-0.011883467059947271,0.006840188364512632,0.03223183286411502,-0.01531367935281236,-3.674049237822885e-05
2021-04-23 00:00:00+00:00,-0.04710015948963616,-0.03876189591078061,-0.009210671343885979,-0.013313473463981818,-0.057733080394648265,0.03113043469155887,-0.003191241965686563,-4.372165279820095e-06
2021-04-24 00:00:00+00:00,-0.007393438564746487,-0.011447248659518072,0.010928710658818286,0.0385170570167432,0.03458340383974423,-0.01369548640964351,0.008363856047654949,0.0003385349157207
2021-04-25 00:00:00+00:00,-0.07333755951214463,-0.02015194056955616,0.0,-0.030954020566909525,0.010372247682894534,0.0211299564259363,-0.03569369123872106,-1.2382262262300436e-05
2021-04-26 00:00:00+00:00,-0.004597704534380154,-0.02053125823478208,0.0,-0.013010243818207166,-0.0016612749913764938,0.02523624612533422,-0.024922314869002624,0.0007598877427066
2021-04-27 00:00:00+00:00,0.13625427000503443,0.10028526041732477,0.001782224167916624,0.007978081686576571,0.029990513633701726,-0.06673795788655848,-0.016301447931708485,0.000293253288955
2021-04-28 00:00:00+00:00,0.045847232019483056,0.01892993763190165,-0.0002149192142553158,0.016949100070777615,0.011140370263543774,-0.01015245845444146,0.012958408260653753,4.971979215384614e-05
2021-04-29 00:00:00+00:00,-0.006446165573595719,-0.0026266106124304134,-0.0008455306301830001,0.010327575283901337,0.0007661253018238943,0.0212178505320197,-0.0006147723142166054,-4.7466296025922006e-05
2021-04-30 00:00:00+00:00,-0.0015505573184110722,-0.023750053999351373,0.006762797680233579,0.000746972228488141,0.023734331783739248,0.009902195647869781,-0.01241316911975785,0.0002726254286689
2021-05-01 00:00:00+00:00,0.06802636933771349,0.07702487733108287,-0.007194637501869883,-0.01603997924036435,0.019848365005753932,-0.04800994547329602,0.0002048246165900769,0.000292000869374
2021-05-02 00:00:00+00:00,0.03356227088632779,0.0026381592451028,0.0,0.04513967886809595,0.018649145960838442,-0.0443368537584683,0.050105433043860934,-0.0002584544411371
2021-05-03 00:00:00+00:00,-0.011603082772932058,-0.02085211477766391,0.0,0.00973032275452912,0.006597344258311332,-0.01107149107292873,0.032494893357213006,0.0005278226993121
2021-05-04 00:00:00+00:00,0.047120800639110325,0.010321324279763067,0.0027480346410215795,0.07775874339956998,-0.030139770851866567,-0.002322007125999774,-0.04335401664490102,0.0008295490839447
2021-05-05 00:00:00+00:00,-0.03815518451187698,-0.0690644366154719,-0.006678337857112138,0.12496650980762031,-0.15911257079045077,-0.06130286106112123,0.04724620417321437,0.0004629570244341
2021-05-06 00:00:00+00:00,0.17748825342818886,0.07950030152082133,0.0007035388242977447,0.08936736516010432,-0.006828298746405864,-0.1622196765638805,0.028946996409570935,0.0006083115006481
2021-05-07 00:00:00+00:00,0.05545133599784701,-0.01847758617421158,0.008165390549454088,0.07205342526324514,-0.1811003458092373,-0.13701223140340948,0.08203295502544697,0.001145409859975
2021-05-08 00:00:00+00:00,-0.023628140075970687,0.016222633508961914,0.007373346471123199,-0.05025073829399889,0.054278704187142396,0.04197927591576904,0.016464752439919874,0.0006891972292599
2021-05-09 00:00:00+00:00,0.013593696220512009,0.027446832550782174,0.0,0.06205059615948938,-0.0032937836381490716,0.01146851924264638,-0.05891535925940376,0.0005017197279295
2021-05-10 00:00:00+00:00,0.01799490360689781,-0.010733138984518997,0.0,-0.008339930176782384,0.02886569789911595,0.017500936865538573,0.019010679757609793,0.00077306551856
2021-05-11 00:00:00+00:00,-0.08265495069255756,-0.04156381615277294,-0.010435666020885526,0.016327065774170715,0.007786832728698678,0.05121968749785821,-0.04139616203715184,0.0011257503227475
2021-05-12 00:00:00+00:00,0.09955016703768643,0.01504859434465966,-0.008673894514173552,0.13169724566173568,0.11223873108599768,-0.13496112307514563,0.011316813839047056,0.0005395385193993
2021-05-13 00:00:00+00:00,-0.14887054532060906,-0.12545611098346454,-0.021449387057151936,-0.04780178363519075,0.021467907300432104,0.09907006218262457,0.01895502957493775,0.0002595566808856
2021-05-14 00:00:00+00:00,0.05021217814578941,0.0022610803826779158,0.012173151138064053,-0.011500892008936468,-0.008512136467133245,-0.03279063359926709,0.06382604285465016,0.0003958932333929
2021-05-15 00:00:00+00:00,0.06240147083681055,0.003326835372244652,0.014917933130699224,0.04635265017445675,-0.020762318583440735,-0.007372080414809412,0.0011063533390498065,0.0003583048683273
2021-05-16 00:00:00+00:00,-0.060630610247477644,-0.0617537209811988,0.0,0.007269760642185763,0.05861959079955806,-0.028894614161999094,-0.026090827751930987,0.0003129734555
2021-05-17 00:00:00+00:00,-0.0022929854499797934,-0.007781651305173165,0.0,0.009934126311351243,-0.025140301282710498,-0.0006503829609574513,0.01917033808837476,0.00059740394639
2021-05-18 00:00:00+00:00,-0.07434540195048275,-0.0616658281153617,-0.0025300382141189015,-0.005280573273771599,0.045560603791154564,-0.01612873742160561,-0.03779064473971976,0.0005411043421399
2021-05-19 00:00:00+00:00,0.02882698234432449,-0.01569221813801447,-0.008517302421882755,-0.012292136959674528,-0.016053905921665845,-0.0025304169303708816,0.022136899829314084,6.878376585217616e-05
2021-05-20 00:00:00+00:00,-0.327497744814745,-0.14442687966404966,-0.0029434351705374118,-0.016486957133034885,0.08142546330814365,0.05979174484756278,-0.056809610103810027,-5.459390007511722e-06
2021-05-21 00:00:00+00:00,0.16163049439553856,0.10387706007826858,0.010554756443649449,0.02111461270719217,0.016860320825185238,-0.03473752948888392,0.006257698971102649,0.0004790478014615
2021-05-22 00:00:00+00:00,-0.14909030970672488,-0.08121618852206047,-0.0007838196541576359,-0.016753754189830383,0.023692139959755082,0.02544800565395236,-0.034709049457625096,7.149894952607205e-05
2021-05-23 00:00:00+00:00,-0.07134848254834568,0.005954150141544323,0.0,-0.018983371570850477,-0.041620639528187,0.042883562581417706,-0.011488142817118852,-0.000302685157885
2021-05-24 00:00:00+00:00,-0.12735169369333896,-0.07429303563900758,0.0,0.033648171032859636,-0.023964189506265637,0.009210646398028086,-0.020488157954415193,7.505142906039097e-06
2021-05-25 00:00:00+00:00,0.2834968071163954,0.11913042976370525,0.009911305963146155,-0.015809685269054186,0.05323353628802091,-0.10435871817631523,-0.00015199725617170978,-0.0001037767979872
2021-05-26 00:00:00+00:00,-0.004329411067098417,-0.011676739816697923,-0.002125302295660103,0.01580074855647844,-0.011783501646427098,0.0015183951987024044,-0.01384191989762762,-0.0003842822512178
2021-05-27 00:00:00+00:00,0.09644714960834114,0.02341335732348404,0.001876732575158746,-0.06357811782475285,-0.042370495878060285,-0.018855273808500106,0.0761236694113247,0.0004020765307446
2021-05-28 00:00:00+00:00,-0.03918051437205628,-0.017765053206948767,0.0011653983922745859,-0.01289975289194394,0.002376160074351888,-0.017725187639496463,-0.025245833267982784,-4.3795879743790955e-05
2021-05-29 00:00:00+00:00,-0.09955671414287037,-0.074139222547705,0.0007688865190149663,-0.013139995850844327,-0.015151210981269342,0.025776144629451353,-0.012449731564951882,-1.1068253403911932e-05
2021-05-30 00:00:00+00:00,-0.06355019247939012,-0.02968939185595898,0.0,0.005125734956065782,0.00018923258803441034,0.002107298245253998,-0.015673973989538736,0.0001656474638751
2021-05-31 00:00:00+00:00,0.05161626164461398,0.03004367856872503,0.0,0.010602996068405757,0.029993041401186235,0.009435713916779637,0.0063204878289917985,-1.276675011696593e-05
2021-06-01 00:00:00+00:00,0.11095922593781483,0.04464205323656789,0.0,0.009207383588975798,-0.052133422697893256,-0.02325078886926861,0.043830969704786824,0.0004579268314117
2021-06-02 00:00:00+00:00,-0.01682720859332297,-0.014766919651223787,-0.0004923753184382651,-0.029857056931762837,0.02328613912727362,0.027099417555257042,0.0021728005994857014,-6.604403981835816e-05
2021-06-03 00:00:00+00:00,0.03082709675323687,0.02388930328361405,0.0014469162597214869,-0.012320937934731949,-0.01907662376361423,0.004487845253416589,-0.01796797160793711,0.0001254595735724
2021-06-04 00:00:00+00:00,0.04064868409489623,0.044647603047006434,-0.003628698801364849,-0.0029908024924682128,-0.017845445775586825,0.0013311716589750056,0.0008596016039247104,0.0001632872858228
2021-06-05 00:00:00+00:00,-0.07756486319348979,-0.06164408342973049,0.00883408659980689,0.003315653291392731,-0.00016877754278381285,0.01572966124122721,-0.015727337002199443,0.0002202485317208
2021-06-06 00:00:00+00:00,-0.032845441414705766,-0.03609777661199898,0.0,0.007279839597170913,0.0011260775406335619,0.008981715877109542,-0.00775951641187558,0.0003697452061222
2021-06-07 00:00:00+00:00,0.013939774759792111,0.008538078381638448,0.0,-0.0073261798914493696,0.01110069726899341,0.00658544579290863,-0.009238834089859305,-0.000168295152814
2021-06-08 00:00:00+00:00,-0.0857295505835492,-0.06286710886156,-0.0007967110255822085,0.03145678518654338,-0.001605739137367418,0.035245474818493994,-0.01960217117446339,0.0002904092981914
2021-06-09 00:00:00+00:00,-0.01418922913608595,-0.005316688404743086,0.00017508493985585183,-0.017500118592069947,0.003672753225152415,0.016969764422988854,-0.01768439320946762,4.175764897018652e-05
2021-06-10 00:00:00+00:00,0.059204521205116566,0.11973512386516094,-0.0018238764589828538,0.005434744645384314,0.002930344716756045,-0.009371643832142687,-0.02060902671820468,-5.451839842884887e-05
2021-06-11 00:00:00+00:00,-0.0591692538876402,-0.0186999995985917,0.004652154850635748,0.014083566846406687,-0.025102824756939042,0.01728070682613654,-0.03370956748526925,-4.413949289516772e-06
2021-06-12 00:00:00+00:00,-0.04501281422894879,0.017201141215926086,0.0019484900381676606,0.030554444387498284,-0.03166961342105348,0.02176579534496253,-0.040578849141243184,0.000344727403063
2021-06-13 00:00:00+00:00,-0.011672913706478324,-0.0472748028038289,0.0,0.006247384519774668,0.0050805610404704785,0.028061095810540015,-0.010713516814578728,-0.0003121990755144
2021-06-14 00:00:00+00:00,0.06978692082227736,0.0972674996939813,0.0,-0.02521816195102855,0.03193055966215858,-0.02459066327463147,0.01214520822443639,0.0002600716163008
2021-06-15 00:00:00+00:00,0.03891976211666294,0.03835111614326947,0.0018152110447704484,0.03556448241239953,-0.013483624751146263,-0.049052483255801624,0.009317788763662117,8.356029167577717e-05
2021-06-16 00:00:00+00:00,-0.022396738545314394,-0.008798417351830401,-0.0020116799642784233,-0.0038129189878064913,0.012757677917818944,0.011348221980692366,-0.0066057383514017895,-5.646504478873382e-05
2021-06-17 00:00:00+00:00,-0.05132009435482446,-0.0445492795679151,-0.005390207201542929,0.011643451862226213,0.011688780762276911,0.003581363080909443,-0.0022487478557867285,6.494517885435869e-05
2021-06-18 00:00:00+00:00,0.001441636820516945,-0.0074132278627419,-0.0004356370007340127,-0.009584953169608145,0.011401131814233634,0.0020306582246636395,-0.0036584325786113594,0.0005137088267632
2021-06-19 00:00:00+00:00,-0.06222732394740371,-0.05909768892908185,-0.013124547000611053,0.027245437639677864,0.009098061003814897,0.012126148783698887,-0.017941281813442782,-0.0002870028430329
2021-06-20 00:00:00+00:00,-0.028793138175161857,-0.009170540897440294,0.0,0.00995986447657455,-0.002624013832563877,0.01418076877351879,-0.0016045491632154414,-7.403430284202983e-05
2021-06-21 00:00:00+00:00,0.01769837520444973,0.0029772003494630273,0.0,-0.016024345773080186,0.028673994581238805,-0.018044427052109138,-0.013577045176581072,0.0001008387731944
2021-06-22 00:00:00+00:00,-0.20941912022248585,-0.1119076199596275,0.01400232812106239,0.01993358409212162,-0.009674715366507936,0.043943757504877334,-0.06541158681176107,-5.5221590501308704e-05
2021-06-23 00:00:00+00:00,-0.020235634417995696,0.02815921027652979,0.005124515064653945,0.01925481818238075,0.014884766719742837,0.02626901664262764,0.0361342088637312,-0.0001651537248934
2021-06-24 00:00:00+00:00,0.09124863872112988,0.03548129000492373,-0.0010832603310065858,-0.010329986135829528,0.019945455200389844,-0.0033574968177230574,0.0009081344817154918,-3.811342436099707e-05
2021-06-25 00:00:00+00:00,0.03969631816427618,0.02958899224345446,0.005811157422250579,-0.027959844770331553,0.003985294783631785,0.0038192792600908222,-0.018916318456137192,-0.0001403583914989
2021-06-26 00:00:00+00:00,-0.09629939036620232,-0.0888036360025678,0.003330606657931945,0.030603094965792402,-0.014485206380337748,0.026750515775974273,-0.014278026098350799,-0.0001308350697279
2021-06-27 00:00:00+00:00,0.00988009719263984,0.021778018105002905,0.0,-0.006357888339594898,-0.0008826085369962201,0.008320606468393964,0.0017609122439505402,0.0001839905479548
2021-06-28 00:00:00+00:00,0.05552522363171974,0.07540250425042982,0.0,0.009047670068917449,0.0021785931952283746,0.014961721540694126,-0.015064774452070932,-0.0007235829971965
2021-06-29 00:00:00+00:00,0.03291635867448181,-0.005779856900325786,0.0023150419323942906,-0.06021414553349509,0.05787168810683029,-0.040251578596577464,0.055005780863083185,1.6730536732012524e-05
2021-06-30 00:00:00+00:00,0.07168696439053379,0.04129181766463064,0.00027734984069871516,-0.02991987339033069,0.020463706453704253,-0.022700234682809413,0.014810178895943625,1.972499892333168e-05
2021-07-01 00:00:00+00:00,-0.000615761581571624,-0.024501228862479407,0.001328114078009257,0.001842683191857808,0.005143134997892939,0.013948477969120732,-0.022884648308867363,0.0001944269270579
2021-07-02 00:00:00+00:00,-0.06456727491607159,-0.04400139417819282,0.005221640488656032,0.020527982373226547,-0.002165246489421929,0.023016994599112904,-0.017997736680784165,0.000114482703704
2021-07-03 00:00:00+00:00,0.01011859235737004,0.008091380222610134,0.0075001041681135305,0.00818827066697072,0.0028970389013461603,0.0056513970318022855,-0.0028078303843981356,0.0001506794254042
2021-07-04 00:00:00+00:00,0.02385856787596565,0.026421065290243684,0.0,0.010588926418921573,-0.0010207071795776748,-0.0006235819447518061,-0.011281509440634973,-0.0001689538321566
2021-07-05 00:00:00+00:00,0.022109235887129437,0.018100051539638562,0.0,0.007982992595418414,0.009154358464589629,0.02869825668916821,-0.01939314582048239,-0.0001138433052347
2021-07-06 00:00:00+00:00,-0.04861122477094969,-0.04556215164557087,0.0,0.009790721557528026,-0.006307280661259053,0.0020011676464348344,-0.007103273438224096,0.0001276165072534
2021-07-07 00:00:00+00:00,0.038423131215272625,0.015837449424935146,-0.002021900862524517,-0.02620199457734382,0.026322867921449774,-0.029679222470015844,0.01207869338796512,-0.0002042142251467
2021-07-08 00:00:00+00:00,0.002323911821266515,-0.010535283127146466,0.003359011313352811,-0.026848228408137165,-0.03066172551360178,-0.018223621895098786,0.01915551846389014,0.0001372693898218
2021-07-09 00:00:00+00:00,-0.05938087482184792,-0.029356809326105182,-0.00856101125941644,0.0006105641129095646,0.01841762818258825,0.026405347849048813,-0.005381512444433807,-0.0001484750149036
2021-07-10 00:00:00+00:00,0.029264156151932712,0.029007939841787733,0.01127795187024705,-0.021184471607572267,0.001852011745685389,0.00074633839753524,-0.004532308570742605,-0.0003060915893757
2021-07-11 00:00:00+00:00,-0.020252212108252527,-0.009082381575985288,0.0,0.0068166491804678465,0.003253513717301426,0.012097770651063587,-0.011008385791958621,-8.775991622300694e-06
2021-07-12 00:00:00+00:00,0.01493792920589964,0.02256345009460259,0.0,0.0032181290575060903,0.009031116704732245,-0.00850496307692321,-0.0012267784595826562,7.621238194688296e-05
2021-07-13 00:00:00+00:00,-0.03212451338465434,-0.03453455250671367,0.0034511562975592103,0.008236861824796632,-0.022989310173301015,0.010358575312219377,-0.01670086497180341,0.0002618616700178
2021-07-14 00:00:00+00:00,-0.038161029205705306,-0.010939536818958873,-0.003516830382495284,-0.013132667538709251,-0.008417867932342407,0.0213012803866393,-0.021177269178972093,0.0001530510590439
2021-07-15 00:00:00+00:00,-0.0037276933316568116,0.0028713730647964564,0.0011649703264435818,0.015537104878132979,0.00712531308323161,0.015822219703013406,-0.014065147304172763,-0.0001179107644778
2021-07-16 00:00:00+00:00,-0.02876350999297792,-0.028551648156678322,-0.0032622362435132946,0.003862724288076505,0.014580966277422246,-0.015817790063118675,0.0066915436497605885,-0.0001114481469942
2021-07-17 00:00:00+00:00,-0.046285207225836046,-0.015172079206864364,-0.007538938952254881,-0.007069487281755937,-0.0032775282446025483,0.020389231321500972,-0.041392954342654616,-0.0001633788979148
2021-07-18 00:00:00+00:00,0.0012174549734000376,0.0036229863668011397,0.0,-0.0040466482074595685,0.00594806601383282,0.0017229187503025045,-0.0009973476750845477,0.000395938947217
2021-07-19 00:00:00+00:00,0.007039392647188129,0.008583452525903423,0.0,-0.012238197200195634,-0.0036158587475917823,-0.007263369958233001,0.003710433696087456,-0.0001688045608365
2021-07-20 00:00:00+00:00,-0.05223893320312655,-0.02969685522712251,-0.015869531055010655,0.019949654020555756,-0.015320699585418443,-0.0036311148845036487,-0.007130762126558124,-2.3968048032840805e-05
2021-07-21 00:00:00+00:00,-0.05594638227255915,-0.0339908161338609,0.01516265155019747,0.013535557503216937,-0.012048535924540145,0.024227135463988976,-0.027759036352453532,-0.0002811034329078
2021-07-22 00:00:00+00:00,0.1153717639357148,0.07872474047803757,0.008241847210077813,-0.023820122545226044,0.05425664168386936,-0.023583430200237968,0.049455387521606387,-0.0002770201712002
2021-07-23 00:00:00+00:00,0.031234405852026068,0.004611145703611541,0.0020166609692362503,-0.013439194174657068,-0.034748941674941844,-0.029739483492026573,0.03296787956720085,-6.411444158516133e-05
2021-07-24 00:00:00+00:00,0.03433520799160149,0.04234366375966858,0.010145438559535647,0.007117356044421673,-0.0005551116883077065,-0.01768945719674675,0.0011663988197881739,-0.0004011780696466
2021-07-25 00:00:00+00:00,0.023846442161429414,0.017706245321019054,0.0,-0.05329846957964475,-0.004796027263508718,-0.026689503494885435,0.0032504237848574036,0.0001937577564101
2021-07-26 00:00:00+00:00,0.006537371883400334,0.033323400525854696,0.0,-0.00297613053035568,-0.012319835670693679,-0.007112748877396479,0.012240816741983629,-0.0007884991572095
2021-07-27 00:00:00+00:00,0.019613272196951807,0.052230577546474866,0.002382253008416102,-0.009286791996370437,0.004977254591268878,0.033176145005555296,-0.011610003908158719,0.0002018073851792
2021-07-28 00:00:00+00:00,0.032151452301411906,0.05976233600380909,-0.004712479931257563,0.017926131118139562,-0.012756661435728223,0.011444272857848724,-0.01174322689424638,-0.0001719570768243
2021-07-29 00:00:00+00:00,0.01539894960534051,0.014216959292212117,-0.00018630181803303003,-0.0038310793975082414,-0.013081348912978453,0.019943676497662977,-0.03058139656992742,0.0002243777237533
2021-07-30 00:00:00+00:00,0.0210874149312412,0.0002454810979555244,0.004206206369982368,-0.003248362455168838,0.0007605095414613162,-0.01914001337059386,0.018497058210903576,5.551150314975217e-06
2021-07-31 00:00:00+00:00,0.036303725121365385,0.05474109599654109,-0.005406016994218166,-0.0003843393602301244,0.011999699740383726,-0.001722966581261344,0.000853458333879599,7.378563166726693e-05
2021-08-01 00:00:00+00:00,0.016836865365831614,-0.017892934785828096,0.0,-0.024043352612123314,-0.022923153691780843,-0.03275667759201622,0.017691803001705076,0.000115909463217
2021-08-02 00:00:00+00:00,-0.01634236824203465,-0.03863457223984401,0.0,-0.0034622637087765792,-0.03740719083993731,0.011333166544211171,-0.017893922426444674,2.4289758507656245e-05
2021-08-03 00:00:00+00:00,0.011065022734403691,-0.017549724218619334,-0.0018428943907755624,0.002941866532591474,0.003963232851253728,-0.0158277278854287,0.004452267348247218,9.29814381795957e-05
2021-08-04 00:00:00+00:00,-0.01649505096027515,-0.02411956018624961,0.008203484714484954,-0.025416680794246194,0.0009643253145111604,0.007077745678066737,0.009149002337251976,0.0002125475299212
2021-08-05 00:00:00+00:00,0.04827670249438798,0.0399978954675595,-0.00463244520307915,0.022743668125034547,0.05623276425262165,-0.03889162017284521,0.026788159409984982,-6.673356457853608e-05
2021-08-06 00:00:00+00:00,0.03871370407721934,0.02897186123488016,0.006005460335342772,0.03068466257145994,-0.05778915608591281,-0.07908130840007103,0.0746609125086208,7.07725632986822e-07
2021-08-07 00:00:00+00:00,0.024274725305719613,0.047527297810304736,0.0016752839177258672,-0.004430738001025204,0.013596309805851449,0.013866007907241329,-0.010980250574910946,0.000524262211347
2021-08-08 00:00:00+00:00,0.05959197818421275,0.041463214730126374,0.0,-0.011570589667961872,-0.018096289770174856,0.00861120142317344,-0.008377841852567153,-0.000320654402336
2021-08-09 00:00:00+00:00,-0.05260593831841682,-0.01823721427560887,0.0,-0.017184075656994202,-0.0062050080008123,0.029491972618525347,-0.019542269490259168,0.000578210485822
2021-08-10 00:00:00+00:00,0.05267638229708888,0.056453968476542826,-0.000939925887858073,-0.007816161434067048,-0.006580894765420141,0.010456195721196777,0.005614539634351032,-4.634437048578466e-05
2021-08-11 00:00:00+00:00,0.019207940579686007,-0.014477179921184025,0.000992701388653705,-0.029776800019403304,0.04083460803412129,0.020769736234597637,-0.0031273469968170486,0.0002326242603913
2021-08-12 00:00:00+00:00,0.04736206475275703,-0.0014887039896256393,0.0024680227644109376,-0.005954244225010629,-0.04884631974258302,-0.0026929894635439947,-0.01413758997581778,8.776182266534427e-05
2021-08-13 00:00:00+00:00,-0.027141290634440967,-0.024977527408653333,0.002952087595835984,-0.019687987214311,-0.010399830305029157,0.01374515538253001,-0.016321792633818586,0.0004744394580518
2021-08-14 00:00:00+00:00,0.09522201700462381,0.0767696990137905,0.0016073241975147479,0.030508850128751194,-0.00218328405073924,-0.009207586446446342,-0.02520670886844574,7.77487115728448e-05
2021-08-15 00:00:00+00:00,0.016363299127172812,-0.014830354206055607,0.0,0.013494943737710385,-0.028646493511230362,-0.010173163258501441,-0.032956260298587364,-0.0002347957092595
2021-08-16 00:00:00+00:00,0.018577090276350898,-0.001650676008320473,0.0,-0.021716081654961326,-0.02431476727725508,0.0023289328397806397,0.007004321225658505,-3.2065477535869746e-05
2021-08-17 00:00:00+00:00,-0.022780335992748327,-0.022971313036074803,0.0026208594449417255,-0.014359078136332349,-0.008730668168358949,-0.010197441661454466,0.02648187021844979,0.0002419900744878
2021-08-18 00:00:00+00:00,-0.061490328995518546,-0.02659460617603504,-0.0070607249129965854,-0.013451748581179396,-0.0093656816823054,0.028769943531549894,-0.020932017608902953,0.0003114347172388
2021-08-19 00:00:00+00:00,0.0017074105518914899,0.00020691271907025133,-0.010748457761550978,0.026907570731235265,-0.002493978076029335,-0.008066741871566262,-0.03731483958044088,8.110789205328928e-05
2021-08-20 00:00:00+00:00,0.06941261769340117,0.046023747771675616,0.0012567410636163956,0.03703664126273649,-0.02939217530833535,-0.0033504617579448656,-0.03398864733547357,0.0001790389537907
2021-08-21 00:00:00+00:00,0.037843686375077214,0.054749422731548814,0.008141540696354754,-0.004645716040625823,0.0016275923370569628,0.031567804828761176,-0.003923350777780589,0.0001902476053201
2021-08-22 00:00:00+00:00,-0.013607646453508501,-0.00982005053844559,0.0,0.01721759214245715,8.311845509936105e-05,0.00533469386897718,0.017491716392045654,9.63983030148885e-05
2021-08-23 00:00:00+00:00,0.01113515487356859,0.008700202197456708,0.0,0.014654594025071277,-0.021250329065225927,-0.015834416115953487,-0.02758456186674092,7.561372431341695e-05
2021-08-24 00:00:00+00:00,0.033723529984310045,0.005086529656641581,0.008523820995256282,0.012086984730711063,-0.0031788913849189818,-0.015847199230346436,-0.009630438331797997,0.0004796329285303
2021-08-25 00:00:00+00:00,-0.05674586983473607,-0.03643795491914925,0.0014956926284677152,0.040715436684205034,-0.05188188675298549,-0.02211011550152358,0.03668890583677435,0.0002446067835177
2021-08-26 00:00:00+00:00,0.014299138992148222,0.026682880910389395,0.0022201269217136943,-0.02866978142055294,0.038257661136256484,0.045330675719660984,-0.04583091158989312,0.0004257058366576
2021-08-27 00:00:00+00:00,-0.07243378924614796,-0.04367165278873475,-0.005824931775569864,-0.005158924962292144,-0.003688153985290668,0.03782252670352124,-0.02287303322610565,0.0002995246314347
2021-08-28 00:00:00+00:00,0.08180960817270556,0.047615246474830064,0.008807606263982137,0.06613133677279368,0.059203108498105825,-0.07695239513603695,0.002934821474344859,0.0001320007820839
2021-08-29 00:00:00+00:00,-0.011140448921004128,-0.003096529662020231,0.0,-0.017202781835447767,0.017027198481306738,0.014425343685102643,0.015602797887770593,7.929508269843843e-05
2021-08-30 00:00:00+00:00,-0.006566528028821761,-0.002791221039651015,0.0,-0.010577363402616325,0.006284715177729971,0.009622755649594984,0.004790834693147827,0.0002474626599535
2021-08-31 00:00:00+00:00,-0.0361287159211817,-0.036288454180424035,0.00430658828173347,-0.021763703572651984,0.0023619678605145897,0.0161092548292517,-0.005087886198916137,0.0001929559641955
2021-09-01 00:00:00+00:00,0.04482585923803132,0.0026713620714220454,-0.001349146239944865,0.011749221794384,-0.08530608821802217,-0.030620339431407496,0.008599711264323816,0.0003950147109164
2021-09-02 00:00:00+00:00,0.06075338869113483,0.03589837778407445,0.0003117620525883158,0.005270290809318692,-0.008546796916899385,0.001640429849835194,-0.00855869425812137,0.0006884097257728
2021-09-03 00:00:00+00:00,0.0035981879996138445,0.009340142096278425,0.0028425606033477546,0.023676448909921863,-0.007039186786805707,-0.01882182894862272,-0.013418516532850666,0.0005881795297466
2021-09-04 00:00:00+00:00,0.03472952764829789,0.014765774818789934,-0.000335026835208585,-0.04188042829489329,-0.023225262339918198,0.042945558596644305,0.03292247481980459,0.0007751319657762
2021-09-05 00:00:00+00:00,0.00863100919090311,-0.001725865271369087,0.0,-0.056632495838373355,0.05625800677195105,0.05300935224906138,0.05801032847095713,0.0002603850594773
2021-09-06 00:00:00+00:00,0.06694572005278324,0.0372207139902212,0.0,-0.0007318054075040603,-0.019519709953678133,-0.022528922798292148,0.07500757596628532,6.123383345424394e-05
2021-09-07 00:00:00+00:00,0.0026519142166237185,0.01707350080319192,0.0,-0.07387673355628215,-0.02410946174202715,0.011165644312999557,0.01554930548358009,0.0004227729200962
2021-09-08 00:00:00+00:00,-0.17353940409418395,-0.11046206274887793,-0.003395488410139813,-0.001390740890426262,0.0018668318388821714,0.039083020220107456,-0.04737572536483775,0.0004444668965457
2021-09-09 00:00:00+00:00,-0.013419240470534917,-0.01711534066697551,-0.0013185753191903293,0.03236163342945379,-0.0017243957071887642,-0.008979999244356685,-0.007523709847942393,-2.265542236046247e-05
2021-09-10 00:00:00+00:00,0.01843215788002601,0.007632924893660187,-0.004605599824548556,0.02702430323495491,-0.0015618476552996096,-0.03538264593166624,0.011058738904441444,7.233285342622686e-05
2021-09-11 00:00:00+00:00,-0.031246605102297174,-0.03346089574928868,-0.0077226435922087555,0.043120500611346244,-0.05203923782506248,-0.05452385160067679,-0.006886446682135311,0.0001487095893435
2021-09-12 00:00:00+00:00,0.03195758817150467,0.007421842172781856,0.0,0.03386674161255745,-0.024044675538607452,-0.03641889336224384,-0.022811647923255674,0.0001220163304365
2021-09-13 00:00:00+00:00,0.05567847175097287,0.01887317237018027,0.0,0.06904426398132707,0.03844560658477182,-0.05170355405101558,0.07325557177622394,0.0001193611014989
2021-09-14 00:00:00+00:00,-0.04747403468013193,-0.02325398567933068,0.0022765095613401787,-0.017300873921623786,-0.008526153836168393,0.01974395236775099,-0.0013440260798601722,9.719369932215116e-06
2021-09-15 00:00:00+00:00,0.028727083987787214,0.046941076966450446,-0.00574659914561837,-0.01937100158993188,-0.013885758413613898,0.037637969129975704,-0.002386009725415205,0.0006804855331927
2021-09-16 00:00:00+00:00,0.029430321293739844,0.021639435617083036,0.008473908688851006,-0.059814145175716725,0.01907722613635965,0.008719647658478168,-0.02210917895296416,0.0001408321228804
2021-09-17 00:00:00+00:00,-0.004238793242521766,-0.00749530413178201,-0.0015510969268194286,0.04890224854178893,-0.02878536052739935,-0.04322187011309462,0.013751449518581205,-8.957360527772629e-05
2021-09-18 00:00:00+00:00,-0.02929758463709608,-0.009266622753324683,-0.009110924839340617,-0.030788080454105905,-0.0044788620684018884,0.008963766132716038,-0.0004991319839526831,0.0001964688844502
2021-09-19 00:00:00+00:00,0.019781084344170592,0.020760580012603835,0.0,0.018249412293636948,0.03527708913285734,-0.01652319912191438,0.0168842204983096,0.0002686524608475
2021-09-20 00:00:00+00:00,-0.027421217438273558,-0.02129516010616095,0.0,0.016223533071652342,0.022866125396553236,-0.014127417362342642,-0.006398404133647097,-9.370958256893493e-05
2021-09-21 00:00:00+00:00,-0.12801897128086287,-0.08951727906035334,-0.016977254629493954,-0.05083219039415743,0.008610474194312767,0.05386480664815872,-0.023128385533839363,0.0001912204727592
2021-09-22 00:00:00+00:00,-0.05861323625379232,-0.05346692511144269,-0.0008123495489623656,0.01952290677723969,-0.0014071106659857974,-0.004053055712214815,-0.03483014153034094,0.000216861253081
2021-09-23 00:00:00+00:00,0.13475954598589598,0.06860219859009331,0.009519566210937302,0.03903903015977067,0.004338419906666474,-0.0692980257774813,0.004322363468344914,0.000368889862776
2021-09-24 00:00:00+00:00,0.031073228533692092,0.03006181066176472,0.012134751708511082,0.04243318146479717,-0.04316230035381807,-0.03910140036414957,0.026128391483388906,0.0001788956750914
2021-09-25 00:00:00+00:00,-0.06099099359195316,-0.04527944295889941,0.0014610090402744635,0.023044309048051125,-0.04467721409048807,-0.0027576020258454556,0.00886984192863327,-0.000272860370682
2021-09-26 00:00:00+00:00,-0.012583618550321685,-0.003432597738845411,0.0,-0.024559192506640938,0.003768875435380181,0.033950739182564575,-0.0056072418525429536,0.0002326455602008
2021-09-27 00:00:00+00:00,-0.012434839286220705,0.01168585079380402,0.0,0.00027350102132990203,-0.03265229979115729,0.030101725579144544,-0.012710509003693504,-6.228197070445862e-05
2021-09-28 00:00:00+00:00,-0.03140800021307975,-0.02380787949015062,-0.0027763563072890074,-0.023863969359820533,0.020622340774660606,-0.009671505437359531,-0.018842131177002237,0.0002822605701862
2021-09-29 00:00:00+00:00,-0.04295485806016997,-0.02650281831478485,-0.020364114325326033,-0.026949515970240735,-0.012663526493518582,0.043715150084434225,-0.004893337441541211,5.566202708284784e-05
2021-09-30 00:00:00+00:00,0.03332543425191918,0.012032047742884577,0.001569166228234442,0.01310612905622617,-0.0011598641960203007,-0.006410077318281852,-0.0048964814122806725,0.0001276080480998
2021-10-01 00:00:00+00:00,0.04432505985460318,0.055346410854437256,-0.011909731939276913,-0.0016616740479145978,0.003233092150736111,0.0018746880014045286,0.0076236948328580745,6.238925503998516e-05
2021-10-02 00:00:00+00:00,0.09322161698698377,0.09880613938488803,0.011491477734391298,-0.02854449191763067,-0.03920636191537526,-0.007021655838826565,0.01326694121224796,3.85744572726221e-05
2021-10-03 00:00:00+00:00,0.01130502847131302,-0.010334357494419688,0.0,0.023841395750736405,-0.018539813777907678,-0.009508607343195585,0.017617103480694896,-0.0001424502622789
2021-10-04 00:00:00+00:00,0.03554990224496012,0.011772620390155808,0.0,0.012981574434919693,-0.02366426097093439,-0.06340085022319218,0.08409573674492375,0.0001897299696231
2021-10-05 00:00:00+00:00,-0.016739757474054227,0.020978971637755084,-0.012985880322420762,0.002404400972490728,-0.00015344562210466497,0.012020321794878374,-0.0013434910071558944,0.0002886649238382
2021-10-06 00:00:00+00:00,0.014635529583255313,0.045873610874539894,0.010524455523362564,-0.024616895343109024,-0.015893154532509415,0.05470915201420629,-0.020297039387798678,-9.777303505342784e-05
2021-10-07 00:00:00+00:00,-0.007847688265804524,0.07514276519032492,0.004102887438675262,-0.029429892795191568,-0.06167508394872434,0.060990713217596484,-0.030378654062643864,-8.407750236349987e-05
2021-10-08 00:00:00+00:00,0.008829663045669234,-0.027233666416011104,0.00829828923697451,-0.02080854684634994,0.012891137172464595,-0.024984536008756098,0.008765220782970061,0.0001222428797322
2021-10-09 00:00:00+00:00,-0.0079094928716684,0.002973335124655918,-0.0019137407494954628,-0.05162483554814168,0.03366343541676422,0.011939325347863683,-0.00511208840791888,0.0003278707788747
2021-10-10 00:00:00+00:00,0.029275926295095435,0.018263455303381138,0.0,-0.01213456918757667,0.006746798803675236,0.002608793306363544,0.008949875642340132,0.0002542533304015
2021-10-11 00:00:00+00:00,-0.05655250205671306,-0.004744656961683691,0.0,0.020003918763696428,-0.0032805534099965145,0.04060885132103777,-0.03729343393710334,-6.623976003750087e-05
2021-10-12 00:00:00+00:00,0.00965650777231321,0.05118848263254128,-0.0068657858421348195,0.029145025639507428,-0.003049999197564858,0.02871358937778492,-0.01173831965635328,0.0002690149590243
2021-10-13 00:00:00+00:00,-0.0008002723374760009,-0.025881212890223937,-0.0024167715692277048,0.035210541770262546,0.017359142072927214,-0.03340085570791569,0.03190561595703998,0.0002798593351516
2021-10-14 00:00:00+00:00,0.038140482915869946,0.024669962636471254,0.003022536862308023,0.04351721618926035,-0.05078014723625026,0.017645691438602906,0.007741437190698083,8.126759973370312e-05
2021-10-15 00:00:00+00:00,0.009929384163375684,-0.00026936777849118076,0.01706311013337003,-0.0302726631196794,-0.01103248243528292,0.011598393870289535,0.011002033388615363,0.0002039052269933
2021-10-16 00:00:00+00:00,0.005440695453222714,0.07536208444358383,0.0074601307719690535,0.02472881264405058,0.0012743548468834524,0.04053259011753376,-0.023764863579248854,0.0005164006752074
2021-10-17 00:00:00+00:00,-0.004774750399338065,-0.012588989751278534,0.0,-0.018138294184542027,0.026046825976460842,-0.02000077143104388,0.00706623870320231,0.0002346408581093
2021-10-18 00:00:00+00:00,-0.016655154108703316,0.01060129771478513,0.0,0.029692605689490947,0.02015931488460898,0.015272293199353283,-0.013841164774151492,0.0006643088884088
2021-10-19 00:00:00+00:00,-0.0067163832402487465,0.00757607624962553,0.0033748045900920953,0.01287319929997821,-0.0017888366710894447,0.011151505590036569,0.002811869434526805,0.0003006398219302
2021-10-20 00:00:00+00:00,0.011828792492087237,0.036732050333086574,0.00739335690054066,0.015178001831606159,-0.011699484666537696,0.005609093979797608,-0.0150379826900803,0.0001638922391549
2021-10-21 00:00:00+00:00,0.05424367795711822,0.027170859201420594,0.0036640167447334893,-0.0012857133262878379,-0.007038948615110521,0.001275143561530273,0.014258335511815948,0.0005327822838339
2021-10-22 00:00:00+00:00,-0.027734512481278582,-0.057578956482357224,0.002995906256131331,-0.014813036288435756,0.0023063741231472076,-0.014405809311745225,0.037347170946250265,0.0007546779607576
2021-10-23 00:00:00+00:00,0.00045406813768464154,-0.024510952640308892,-0.0010725793335062406,-0.028811498726938466,-0.004535450509102512,-0.01610314340406391,-0.012429405416248108,0.0005904520160797
2021-10-24 00:00:00+00:00,0.020328311682459795,0.009728280260880684,0.0,0.014522113707063222,0.007890916663148381,0.008892184623452403,0.02256022279166929,0.000373534810744
2021-10-25 00:00:00+00:00,-0.02261121880632888,-0.006886086302984262,0.0,-0.00913907599269137,0.004895227896820155,0.014718635717386585,0.003103258498305242,0.0004844845217424
2021-10-26 00:00:00+00:00,0.03220090848321179,0.03652080478375219,0.004748179277871856,0.004388704721178534,0.014795887940867478,-0.009008660262499999,-0.011534935140461802,0.0004046264324635
2021-10-27 00:00:00+00:00,-0.008706459882802046,-0.04385268183016344,0.0018197824144636776,-0.006844853442743216,-0.0014883837519055875,-0.012810185944445385,0.001916840883325355,0.0009193029084109
2021-10-28 00:00:00+00:00,-0.09747059412122548,-0.03163402157930706,-0.005051597996847845,0.03436430140207665,0.02846339838948679,0.02452284596969692,-0.046723023253252574,0.0002819991673699
2021-10-29 00:00:00+00:00,0.05360148462040611,0.03717183558553927,0.009829337739032606,0.015528606182496005,-0.020301189862925728,0.022545777618485995,-0.01710408717115422,0.0001488170682035
2021-10-30 00:00:00+00:00,0.03409994586780606,0.027814805937709464,0.0019493431844783693,0.00969974954623263,-0.008816539035476946,-0.01546597235905791,-0.009019775469714726,0.0002265663091727
2021-10-31 00:00:00+00:00,-0.018182508707732793,-0.006628820402829638,0.0,-0.009455773945386704,-0.0027675364978852583,0.0019031776669616186,-0.006249918258860055,0.0005522364163954
2021-11-01 00:00:00+00:00,0.008970467253430973,-0.00883073466613482,0.0,-0.03424594526568976,-0.011770567453150483,0.0040211038731896125,0.006374638549150391,0.0005272998432921
2021-11-02 00:00:00+00:00,0.022973791552093316,-0.0066136787777261175,0.0018000686154020507,0.06716201582983317,0.03496739858696931,-0.05427305422078044,-0.026923808177558753,0.0006431491294991
2021-11-03 00:00:00+00:00,0.0233760916623145,0.038131121819500846,0.0036803672564356127,0.008329381349775036,0.001522064388436651,0.02117011274662373,-0.023123897483562496,0.0007154696056621
2021-11-04 00:00:00+00:00,0.020335694199963388,-0.0050617473428751225,0.00646129593037692,-0.01048734398013651,-0.020494509573908637,0.0218270263400536,-0.022353973020867102,0.0005851708748887
2021-11-05 00:00:00+00:00,-0.015394909325160655,-0.024061563440035072,0.004181891914508462,0.026038939458345834,-0.01586733120761008,-0.022331318832380043,-0.009192806705989919,0.0006619992864176
2021-11-06 00:00:00+00:00,-0.009693206817154324,-0.006932233534846621,0.0037328581257503046,-0.05219606938515538,0.05487190535032664,0.03010274678616711,-0.025413756549247227,0.0003391310688365
2021-11-07 00:00:00+00:00,0.0033663789906795603,0.008282791856538685,0.0,0.02454086600897587,0.0037091379739538246,0.010603693733206198,-0.02019932883919655,0.0006942656275044
2021-11-08 00:00:00+00:00,0.0313803302509484,0.029345827514619227,0.0,0.031150086813378983,-0.01749178948142431,0.0027825387857621786,0.00770031746787685,0.0004818651097919
2021-11-09 00:00:00+00:00,0.040333421025781975,0.0677638021113014,0.0008877005575269603,-0.027140067091825412,-0.01641840786073192,0.057796034835852626,-0.018877916777824157,0.0004246909475873
2021-11-10 00:00:00+00:00,0.011475165473655095,-0.008830155948440943,-0.0034987345002870374,-0.07773867326047246,-0.06467304510636487,0.04601062205935691,0.043548512816764286,0.0009282918398947
2021-11-11 00:00:00+00:00,-0.057119444607943305,-0.031187145556527573,-0.008225815057894437,0.039360844262455716,-0.0112475333655125,0.0337777672458565,-0.05159966907425968,0.0010047956933303
2021-11-12 00:00:00+00:00,0.010800682918352338,-0.001368296705505534,0.0005509274303756584,0.022074038113171258,-0.004994501022262376,-0.00426195060100989,-0.005293612558271543,0.0001051932092859
2021-11-13 00:00:00+00:00,-0.017122668414028666,-0.010415031011255405,0.007222639253044116,-0.016679444803245326,0.018168643963566745,0.005950212912845431,0.0009629092271765463,0.0006359687610741
2021-11-14 00:00:00+00:00,0.01926070245270648,0.004222826581673944,0.0,0.05500596070474795,0.060769743237589255,-0.0015570656565644832,0.011924232320776973,0.0002434348018069
2021-11-15 00:00:00+00:00,-0.0008680705442960068,0.017716019681189632,0.0,0.012184476886724038,-0.014994772187607053,0.018919720777836505,-0.008065154015921228,0.0001854306438588
2021-11-16 00:00:00+00:00,-0.032060305199743656,-0.029189370060786923,-1.0677258507119092e-05,-0.010288732371124133,-0.009674335325085569,0.02185778891093868,-0.011346003061223686,0.0005164313779917
2021-11-17 00:00:00+00:00,-0.07311631733045104,-0.05574563553961398,0.003865208849406221,0.015868373544621214,-0.03836420237381791,-0.009623445536709858,-0.007886273628006549,0.0001503646828122
2021-11-18 00:00:00+00:00,0.015996811042326968,0.004341161776946434,-0.0026016294752068125,0.007808901824340729,-0.03234789681108689,-0.04203369105302481,0.0023103651170866216,0.0003598220762557
2021-11-19 00:00:00+00:00,-0.05638135830388466,-0.057082715445667565,0.00338475516511072,-0.04884257990328302,0.011654764398583595,0.01255031610516441,0.05630252297868483,8.723367873786358e-05
2021-11-20 00:00:00+00:00,0.053982665670287894,0.020176367090909197,-0.0013986489646171663,0.020951576032001838,0.05719522548820011,-0.017786314198839442,-0.035429021140215664,0.0002738749380832
2021-11-21 00:00:00+00:00,0.020520237142889426,0.028358772099161822,0.0,0.035034573135759146,-0.03276050355466131,-0.0008988591165589588,-0.02375037627511083,0.000170012009901
2021-11-22 00:00:00+00:00,-0.019406553911609628,-0.01766519654854648,0.0,-0.0031573981079676024,9.984916511067421e-05,-0.014196460375014677,0.005063439863263675,-3.780807098718864e-05
2021-11-23 00:00:00+00:00,-0.02496632555497352,-0.04079480557825177,-0.0031971323723489764,-0.026147422757014028,0.032243400626727016,-0.03682402236832287,0.03776543518345601,0.0001910468438748
2021-11-24 00:00:00+00:00,0.030846162337713808,0.023208800833008914,0.0016570786727996278,0.0013089620250201321,1.7577800406919086e-05,-0.019829904335773342,0.01622937434940961,8.146931528929535e-05
2021-11-25 00:00:00+00:00,-0.022964544878738245,-0.0071064780197668265,0.002293900697124096,0.054343177313292836,-0.05735780806159163,-0.012669694906293948,0.03012308868564737,0.0002158171421091
2021-11-26 00:00:00+00:00,0.040215959015742236,0.03189237205650719,0.0,0.009111514198848168,-0.013123034975014963,0.01687251287960949,0.0030624497811597706,0.0001895257872599
2021-11-27 00:00:00+00:00,-0.10276462811856442,-0.08870518362906754,-0.02272485568312821,-0.019349738273997497,-0.029055103534794693,0.03650024268358752,-0.0010046638057260998,0.0002123296161369
2021-11-28 00:00:00+00:00,0.02159779490050441,0.018288682212939333,0.0,0.009426860690444672,-0.0032724193283002884,0.005847253916916272,-0.002942396599506125,0.000120141585499
2021-11-29 00:00:00+00:00,0.016716079057475096,0.04707741880206684,0.0,-0.01969500238853885,0.01179315338259397,0.015688084566586855,-0.014421871518341622,-1.7672239860822003e-05
2021-11-30 00:00:00+00:00,0.022211609632879714,0.008937337097512321,0.013200221128189193,-0.00422766378730912,0.007697216662991259,-0.0366742093065072,-0.03736076263722423,0.0002109090382136
2021-12-01 00:00:00+00:00,0.007692715596202142,-0.014750299076675355,-0.01896130621854386,0.0246323418368811,-0.009225831082774659,-0.028086006690084875,0.009465991540608877,0.0003958166954525
2021-12-02 00:00:00+00:00,-0.0006733636692822564,0.004112154453707717,-0.011815195971097037,0.02924677092022967,-0.011103146259266228,0.014783217036335606,0.017364188290566095,0.0003136663823015
2021-12-03 00:00:00+00:00,-0.01821843313698916,-0.012160961969638118,0.014194423271231882,-0.043579216383940356,-0.0005702114058525817,0.05741206478317633,0.006749989409428014,0.0001191190198472
2021-12-04 00:00:00+00:00,-0.057752778194414496,-0.051342889858134955,-0.00844858097922263,0.006595859112818438,0.009240827364879058,0.0027498680281262053,-0.023158156409737063,0.0004222228879087
2021-12-05 00:00:00+00:00,-0.10989998683371231,-0.08349511303439527,0.0,0.03376738222889723,0.0003642018004682418,-0.005515973991314524,-0.0584098875681963,0.0003326287998188
2021-12-06 00:00:00+00:00,-0.026048308059253903,0.004903566981699248,0.0,0.03754123440720775,-0.054356518047309545,0.016104858410559378,0.010743100214687428,0.0001832271590411
2021-12-07 00:00:00+00:00,0.02834550950400904,0.021227058971253543,0.011730928977641941,0.0067811901018981526,0.004349101981745339,-0.004105238935731292,-0.020404833191754346,2.303416151550053e-05
2021-12-08 00:00:00+00:00,0.01509470480701575,0.0030239136677405742,0.020707063007576743,-0.04813295119444501,0.020766395318498398,-0.03195094044951272,0.056831186457437455,6.987569658756243e-05
2021-12-09 00:00:00+00:00,0.035226286535174095,-0.0024040476736552074,0.0030852936469836223,-0.010550718678067787,0.020682490569043255,0.015467688482938623,0.013867437266423789,0.0001536950718796
2021-12-10 00:00:00+00:00,-0.08501409170915576,-0.057790402296196586,-0.007181129964413446,0.0041641349278974255,-0.011097485131277535,0.046337782312863465,-0.027267378133658593,-4.327628866040989e-06
2021-12-11 00:00:00+00:00,-0.04200030978771541,-0.008485739095022815,0.00954911139915815,-0.03335426256641918,-0.020357261545011676,0.01471641226626641,0.008282193500164174,0.0002660643171314
2021-12-12 00:00:00+00:00,0.06140291746310828,0.047623543189067474,0.0,-0.01624624183650121,0.04399516647689819,-0.016887752602176294,-0.0011388356600901192,0.0001728541909313
2021-12-13 00:00:00+00:00,0.009594518279749886,0.013686599036272007,0.0,-0.013236464205150922,-0.0011851549874078325,-0.00219903533437602,-0.0029879782665927163,1.3264633297982442e-05
2021-12-14 00:00:00+00:00,-0.09935394107795253,-0.06746467677554058,-0.009136209099282255,0.01487050676078637,0.03222514373480259,0.023787876147615905,-0.034338487686638275,0.000361951391506
2021-12-15 00:00:00+00:00,0.047012508389713756,0.03522091828329654,-0.007470598440341258,-0.009171357123544416,0.0018079745498581698,-0.05510363745330111,0.017483785048237624,3.882522454112802e-05
2021-12-16 00:00:00+00:00,0.0492176883083959,0.01130782939505881,0.016348409288555077,-0.05969323329236249,-0.026040784951153077,-0.05352252751617517,0.010449334906339439,-4.180573247636321e-05
2021-12-17 00:00:00+00:00,-0.03283452812463166,-0.02549555478071841,-0.00874337823922211,0.004356063344361623,-0.00344258706481362,0.004513414425525553,-0.0058172926684221665,0.0002384341055072
2021-12-18 00:00:00+00:00,-0.008611156461568589,-0.03147896565843211,-0.010287726483131143,0.018640899677843194,-0.03593085838385701,-0.043847227192848434,-0.02091532337326065,0.000166953683877
2021-12-19 00:00:00+00:00,0.029511782262882078,0.014973551408737906,0.0,0.0015953652545222415,-0.013400436583701051,-0.00851209073478101,-0.0030602315350266827,0.0002202027831523
2021-12-20 00:00:00+00:00,-0.02132463273103378,-0.0031476425041957468,0.0,-0.01974185412984866,0.01911876668867272,0.054503655745784994,-0.022400450836128516,8.447542412848286e-05
2021-12-21 00:00:00+00:00,0.000402295210550722,0.004917864526985394,-0.011388032826621375,0.03350874131165702,-0.0024287940079445796,0.005269710165839348,-0.033607877893314805,0.0001874127645999
2021-12-22 00:00:00+00:00,0.042818334618817344,0.042155403178036455,0.017777943178882483,0.02817861132797761,-0.016788084967210494,-0.0317430360748121,0.003254422241172561,9.156847023383818e-05
2021-12-23 00:00:00+00:00,0.0269895935954537,-0.006249801790889631,0.010180180373954517,-0.03615759622341414,-0.035804263783081325,-0.04535443286930301,0.06904890491999001,0.0002179454527007
2021-12-24 00:00:00+00:00,0.06107659654366482,0.04628874510008196,0.006223704157936716,-0.03028712272080357,-0.037796460508608784,-0.02408248080383775,0.02807811254580264,0.0001458550800108
2021-12-25 00:00:00+00:00,-0.024615664875538183,-0.00018438377643148485,0.0,0.012173552447795347,-0.018285789880221802,-0.0118704809846516,0.02576141185844898,5.128143776622629e-05
2021-12-26 00:00:00+00:00,0.017147427755186555,-0.007969327996961262,0.0,0.013674849717895565,0.0056544603643957185,-0.024466776922273014,0.02288719610683678,6.22937888117292e-06
2021-12-27 00:00:00+00:00,0.013357668823038179,0.007183806566351203,0.0,-0.0033604999561197123,-0.028415382601899904,-0.022647433998041165,0.021305379404769155,0.0002945591531098
2021-12-28 00:00:00+00:00,0.017348204642087195,-0.0011427000064807569,0.01383895602639984,0.0014748510352003974,-0.060278696506163396,-0.02206096400190225,0.03687008218694776,-7.619506314004987e-06
2021-12-29 00:00:00+00:00,-0.07791132636514977,-0.06282455610309445,-0.0010101874482121298,-0.014659293528701281,-0.010593050016191138,0.014502792269492512,-0.019042388513144173,0.0004353306706175
2021-12-30 00:00:00+00:00,-0.02431077363544778,-0.02284182725359163,0.0014019033292591576,0.00819491416914404,0.008588807849789036,-0.02553002820523731,0.028846718685619895,0.000210637974972
2021-12-31 00:00:00+00:00,0.02168895916481773,0.014180212393085201,-0.002989739331450192,0.026573698083225027,-0.015244537307122115,-0.011514359781450323,0.006660368257137759,5.804443157608752e-05
2022-01-01 00:00:00+00:00,-0.010410349764798354,-0.018780329639949134,-0.0026262207741385435,0.002931035507385005,0.027978201128065195,-0.01884364929229225,-0.004219805320642811,-5.479760298388037e-05
2022-01-02 00:00:00+00:00,0.04811745313892424,0.03232572814525514,0.0,0.02641712499460345,-0.029177735120787793,-0.03794299532825665,0.042174597931120064,0.0002673668447976
2022-01-03 00:00:00+00:00,0.009021226563319414,-0.00889541519798509,0.0,-0.011909715381997565,-0.02049472821370626,0.006794761260570193,0.0014665075120898988,2.0825921653644382e-05
2022-01-04 00:00:00+00:00,-0.005637699007262068,-0.017643612521150653,0.00637407735335227,0.03360575014614096,-0.010544286950539593,-0.025747763202892293,0.03197083493552377,8.325519398266756e-05
2022-01-05 00:00:00+00:00,-0.017622184842080994,-0.013185042956512127,-0.000629617892823231,-0.04767877402565039,0.002490468740817396,0.02700005926421547,0.009355415639867038,0.000124936293059
2022-01-06 00:00:00+00:00,-0.06516914502814312,-0.052619464137740435,-0.01939276609770646,0.019544556127794377,0.0017924935574137602,0.02196893645120364,-0.029787653842892878,0.0004544374352928
2022-01-07 00:00:00+00:00,0.003777320564713671,-0.007868878433796578,-0.0009637108612128298,0.020419790369255432,0.02194154712394454,-0.015075013711879848,0.03202477986294708,-0.0002597385094833
2022-01-08 00:00:00+00:00,-0.04088168656811004,-0.03542594349444217,-0.0040502124125595396,0.017813446752111696,-0.03654505789410337,0.008235492501781884,0.024416996679577706,0.0002607534844258
2022-01-09 00:00:00+00:00,-0.03757167566593433,0.0032293028854599726,0.0,-0.0254907625517262,-0.007252586347964038,0.03184142087638135,-0.010839341501147449,-9.615760183490084e-05
2022-01-10 00:00:00+00:00,0.01936482403902283,0.003914071298609434,0.0,-0.010511587612473172,0.012977255552791634,-0.0011079438788934807,-0.020401450048471336,0.0003918915555234
2022-01-11 00:00:00+00:00,-0.032484431346758075,-0.0011868232276143198,-0.0014410854751839564,0.013530064312887124,0.009570942221850644,0.021887237118522227,-0.020883957401390773,0.000202745947134
2022-01-12 00:00:00+00:00,0.04434668224652878,0.02150948948065312,0.009160030747555226,-0.008606987543349785,0.03982157070403214,-0.011225054917781786,0.004739125585730884,0.000147737070655
2022-01-13 00:00:00+00:00,0.04907510295153319,0.027635157098200747,0.002817696321081753,-0.014964184085056599,-0.010947825387371289,0.006673659540465643,0.005671697596671028,-9.373658833666808e-05
2022-01-14 00:00:00+00:00,-0.042041917721300885,-0.030683179309728748,-0.014243549462058636,-0.00050634017945448,0.01340997473571548,-0.00028993108158976294,0.0010193461020906736,-3.489917427379474e-06
2022-01-15 00:00:00+00:00,0.03459681671645874,0.011945177447294286,0.0008199131578892072,0.01880550985629621,0.005339972548380256,-0.0029196936973047843,0.014099540352713283,-8.996970993113695e-05
2022-01-16 00:00:00+00:00,0.010243330854842718,0.0006530769659685021,0.0,-0.021070553490196774,-0.00527628053489948,-0.014152612839469893,0.026312847115809678,6.393114313785198e-05
2022-01-17 00:00:00+00:00,0.007734915868266445,-0.00022869476121822885,0.0,-0.0029379245406174984,0.0017852806434172754,0.005023351013902744,0.0037490145543655593,-1.6791916381930783e-05
2022-01-18 00:00:00+00:00,-0.03392123972711372,-0.02053661044675137,0.0,0.03652916242600044,-0.022019317639789614,0.04906091730685161,0.019645334499774306,0.0002927408981705
2022-01-19 00:00:00+00:00,-0.019735267400251423,0.0038229964951914663,-0.0183878958147915,-0.030496777668749295,0.010981905001573276,0.005177579369154594,0.009506415201980301,-3.247914658999207e-06
2022-01-20 00:00:00+00:00,-0.04109239098252394,-0.016054058829059303,-0.009689520243122751,-0.02715186025113519,-0.018617185434659178,0.034786418900699514,0.004461481519133725,1.2008189652412682e-05
2022-01-21 00:00:00+00:00,-0.04568578695814342,-0.023913837210669975,-0.01103742532143781,0.00407614487398842,-0.026123560265339865,0.01201179746199292,-0.009026620085803926,0.000324324127731
2022-01-22 00:00:00+00:00,-0.1381965933626626,-0.10416955124098382,-0.01891481307149878,0.016166100142599032,0.005957817673029497,0.0131176645418115,-0.013763134126670074,5.225241289030791e-05
2022-01-23 00:00:00+00:00,-0.08545559006388324,-0.03794681707945813,0.0,0.041424474318121754,-0.06043631274965666,0.05045897672502571,-0.04282219531847519,7.848184676495507e-05
2022-01-24 00:00:00+00:00,0.048434865937001775,0.03385141935518843,0.0,-0.011952224846384411,0.018687575955121313,-0.014142042790957501,-0.002735249360401773,-0.0001764898145717
2022-01-25 00:00:00+00:00,-0.04135462402859915,0.011545677188606884,0.0027717522294530283,0.025113437236061277,0.007547830975464367,0.034999770709617,-0.008448666612765152,6.624270545763089e-05
2022-01-26 00:00:00+00:00,0.014895606006783324,0.007802542600190865,-0.012171976789799865,-0.015795274422157536,4.845995881021942e-05,-0.012936815433791837,-0.002711327352112947,0.000158033224793
2022-01-27 00:00:00+00:00,-0.009935976735307122,-0.003975441771406851,-0.0014966314315554285,0.016152061859406652,0.04283282830764845,0.019445686952354577,0.0023558215926333,-0.0001138593499642
2022-01-28 00:00:00+00:00,-0.00761744298014541,0.00933933139662102,-0.005383994684971971,0.013785926405169667,-0.0033974988658423307,0.012020993411748159,0.007698681221019,3.6420601375430905e-05
2022-01-29 00:00:00+00:00,0.02587162047054379,0.015222051654951274,0.024347568825681787,-0.028404220748204943,0.007832132507468326,-0.0025078001923087186,-0.0011357902642059152,-7.489269053051473e-05
2022-01-30 00:00:00+00:00,0.020113390183911332,0.012038345499454817,0.0,-0.005395361835915446,-0.015207434371138275,-0.01564193464496664,0.0064225370036296685,-5.037763244453153e-06
2022-01-31 00:00:00+00:00,-0.010933228304165972,-0.007339447617444872,0.0,-0.04317738145533245,0.007229119720251109,0.003940541643688934,-0.030928026812857244,7.654312877503067e-05
2022-02-01 00:00:00+00:00,0.025342251712348614,0.015025874035945463,0.018886018254227865,-0.023609031738727505,0.023905253569838435,0.007098315140962996,0.014582136829795304,0.0001330474716092
2022-02-02 00:00:00+00:00,0.02276554468626642,0.006281894657098608,0.006862951356977565,0.02135511383938151,-0.0035011167731838974,-0.012844264954978542,-0.00625058328266037,-0.0002051027775543
2022-02-03 00:00:00+00:00,-0.05666716566009553,-0.04623723937455848,0.009422549895085064,0.01751763996145348,0.026789216595102076,0.030979826231784947,-0.0002297076981087956,-0.0001072219188034
2022-02-04 00:00:00+00:00,0.014238586351446909,0.010783629960183783,-0.024391094221877574,0.00501309338816509,0.007285946520353859,-0.0007060267587794666,-0.008162157643405976,0.0002842692874538
2022-02-05 00:00:00+00:00,0.08949776395660498,0.11424392582863008,0.005156964694110977,0.009723177468334579,0.023234317588799777,-0.004830943963117826,-0.008239985257614407,1.1668737969650069e-05
2022-02-06 00:00:00+00:00,0.014423860328891484,-0.004219253910950571,0.0,-0.03377222799662864,0.011898303741863979,0.001257694304304403,0.018424972697215415,-0.0001712500667625
2022-02-07 00:00:00+00:00,0.02594667455120832,0.023846946043583506,0.0,0.001253850201721106,-0.013527014893806921,-0.001639009601517527,0.020580106961190524,0.0002476771935588
2022-02-08 00:00:00+00:00,0.05818321077797196,0.03466933891389212,-0.003701786234065696,0.029284367076401092,0.0004286132737418846,0.03725287039394973,0.014904064035945908,-8.571332830220602e-05
2022-02-09 00:00:00+00:00,-0.017059097647747313,0.004370979778913986,0.008401224834796661,0.04309442340065874,-0.038219901104384044,-0.009231744430029274,-0.0069515640383045925,0.0002876303362406
2022-02-10 00:00:00+00:00,0.020791641053918265,0.007644207146632942,0.014517177775713597,0.012134761070499402,0.004451307519672865,0.017305320235063815,-0.008298364122156189,2.9318114142862228e-05
2022-02-11 00:00:00+00:00,-0.02606266075110313,-0.019991622721271973,-0.018115705073705524,-0.000509851215703374,0.0156563915791043,-0.02855160292847618,0.04236372602159893,0.0001797189792249
2022-02-12 00:00:00+00:00,-0.0635275701251915,-0.025425746509938008,-0.0189694676826343,0.015652756438328586,-0.024238021965185673,0.033267080965492954,-0.00778021953324879,-0.0002140835212827
2022-02-13 00:00:00+00:00,-0.00020275388332729644,-0.003921304819902716,0.0,0.012952811245365358,0.01964207556530222,-0.01717166272441495,-0.022457375970585437,0.0002659153571338
2022-02-14 00:00:00+00:00,-0.020138669455723943,-0.003761622962345723,0.0,-0.003846510247830049,-0.004242560560466211,0.037905015559134704,-0.008061362976762987,5.889538710990294e-05
2022-02-15 00:00:00+00:00,0.01057598405750304,0.01151277332459899,-0.0038405482229827426,-0.01074232041501151,0.035390918843491256,-0.015002831011910401,0.0013568693600714676,7.80423560127197e-05
2022-02-16 00:00:00+00:00,0.07603736423961287,0.0471358824450665,0.015766743077059386,-0.002716348723713846,-0.026116730620108983,-0.020352007714653772,0.009785793171159934,9.429670207850016e-05
2022-02-17 00:00:00+00:00,-0.013591633890440092,-0.015021468865653476,0.0008812208263346832,0.008758436203945829,-0.014017406437133029,-0.01436858970865247,-0.0009215611940675411,0.0001297427612527
2022-02-18 00:00:00+00:00,-0.08192866600458197,-0.07681135959982399,-0.021173137043269175,-0.011529138738521169,0.002396295960060732,0.013369205166400763,-0.015661080424151125,0.0002354867527747
2022-02-19 00:00:00+00:00,-0.01802180056038476,-0.012963150472812823,-0.007166241273349194,-0.0023585006517108167,0.012732404352500983,0.0018433582395182453,0.010446139768733074,-0.0001664413211063
2022-02-20 00:00:00+00:00,0.002350851875443231,0.0021467818289178098,0.0,0.002632143440470203,-0.005747540601405498,-0.004790505970187175,-0.019250490492308137,0.0002841700895153
2022-02-21 00:00:00+00:00,-0.06171506586104136,-0.042057194788852614,0.0,-0.0084555301888921,-2.2472837520506883e-05,0.02268958223571082,-0.007374833648568856,-6.518197439997486e-05
2022-02-22 00:00:00+00:00,-0.07308348567125426,-0.03601168679189215,0.0,-0.012025815989825134,-0.026719639618818,0.02744328158615463,-0.017957057037612564,-2.7994886117266304e-05
2022-02-23 00:00:00+00:00,0.04078097488709851,0.033136504228581165,-0.010142864698185927,0.01127538921495961,0.014435600472609923,-0.011714756212105826,0.0010141307993987575,-0.0001579311536338
2022-02-24 00:00:00+00:00,-0.031903536211244546,-0.025756306919292316,-0.018412176288573612,0.009003104977797882,-0.009607301267600721,0.012770076521012315,-0.00923336218028772,2.861857867353379e-06
2022-02-25 00:00:00+00:00,-0.0011571956285405082,0.02920666813510331,0.014956809844988816,0.021611583817503367,-0.008808752546492115,0.013960766153530944,-0.018961825984610003,-0.0001984542422049
2022-02-26 00:00:00+00:00,0.05846436303524787,0.023236269773535767,0.022372746986266234,-0.002217599491056932,0.0011512822075586057,-0.02125477615055868,-0.011555839657194998,0.0001037683358389
2022-02-27 00:00:00+00:00,0.015947299126573822,-0.0027062598519591585,0.0,-0.020274092978715765,-0.015527625975480564,-0.012208235644929498,0.024402658098564966,0.0001713164254324
2022-02-28 00:00:00+00:00,-0.05329826451469262,-0.03650448985020205,0.0,0.005412483848238538,0.021414079973721648,0.03206347957055257,-0.005025171698792241,2.723698142248487e-05
2022-03-01 00:00:00+00:00,0.11876397572932434,0.14554576343172654,-0.002442612295166069,-0.0207834678404223,0.0008303734849557376,-0.026205527036062604,-0.020784057261371114,-0.000312989939304
2022-03-02 00:00:00+00:00,0.005643025285047609,0.02871277951569917,-0.015473463284818578,-0.010108787994972989,-0.0010856825639545152,-0.004881266716396127,-0.022086607933728988,0.0001793715187767
2022-03-03 00:00:00+00:00,-0.013281643027758517,-0.011451972221533935,0.018642627244987553,-0.015776970748911445,-0.015111376760027627,-0.0042611844372626665,0.016153869062314863,-8.279219187679043e-05
2022-03-04 00:00:00+00:00,-0.026975977761061563,-0.03272592211130265,-0.005254711002293466,-0.0017711105520595155,0.005378771386443472,0.010571726091608658,0.0036093549838741787,0.0001154339143065
2022-03-05 00:00:00+00:00,-0.06927758822624698,-0.07825298295621863,-0.00793401612012401,0.007605812756364849,-0.011246503712111694,-0.016078426118813716,-0.006817827737268918,0.0003291022056715
2022-03-06 00:00:00+00:00,0.01582389999919396,0.006322886343945733,0.0,0.004038626036594573,0.008325938560190618,0.015625482162414904,-0.02496978780493737,1.3609964038652222e-05
2022-03-07 00:00:00+00:00,-0.03892005216340572,-0.02473644511379014,0.0,0.025382086899235073,-0.001545200321825549,0.010167379640525585,0.0022476367234380845,-3.56868963417023e-05
2022-03-08 00:00:00+00:00,-0.001971885370663625,-0.011387694623331002,-0.02951809594651711,0.008647003214368888,-0.06322776984934961,-0.059548592888206686,-0.0036355000081710782,1.6114766466790442e-05
2022-03-09 00:00:00+00:00,0.021150526875221416,0.019652932530463296,-0.007233836932796112,-0.009049069627088447,0.01155563294641129,0.0022188496538929625,0.012282979647481661,8.72435290568685e-05
2022-03-10 00:00:00+00:00,0.07349191360491392,0.08337918723634008,0.025698324022346508,-0.008919610951178034,0.031489660615999074,-0.04962176137112131,-0.008432988575437679,-7.623107729037848e-05
2022-03-11 00:00:00+00:00,-0.04927758295746783,-0.06033502235469457,-0.0042918454935622075,-0.0013001992722725397,0.005406318176386898,-0.00265456259296757,-0.0024656415900405,0.0001109751286725
2022-03-12 00:00:00+00:00,-0.009046487296693639,-0.01761607015976774,-0.012961554353542182,0.027465808175253993,-0.022272097644122347,0.03071660722192953,-0.021183185431631446,1.0907105363333611e-06
2022-03-13 00:00:00+00:00,0.006641064866294114,0.0020561568465373714,0.0,-0.00017978216699234776,0.012859389787379771,-0.007642787345741175,0.007702984541961877,-5.475632245643958e-05
2022-03-14 00:00:00+00:00,-0.03072626192384388,-0.027038662012858206,0.0,-0.0045133709167112235,0.0008156297449122552,0.0011621133994902388,-0.011137177291012716,0.0001894514169085
2022-03-15 00:00:00+00:00,0.022486166454596588,0.05060712118843691,-0.00742095611408311,0.004536229384784551,0.014804999288451227,0.020971019149776636,-0.016580186400468724,-0.0001789552951432
2022-03-16 00:00:00+00:00,-0.0007104106940417262,-0.009653551488129852,0.021408493905025416,-0.01409543674223972,-0.006056453904042835,0.011687004917800259,-0.020171994009162697,-1.4954554883539473e-05
2022-03-17 00:00:00+00:00,0.056609703215003235,0.046721499325201865,0.022383840279651235,-0.004800267872166891,0.013676800719823037,-0.022157875940432212,0.0227427513920877,0.0001183745542903
2022-03-18 00:00:00+00:00,0.0017672923475160177,-0.005052814931226335,0.012347803738532281,-0.027319570605891852,0.008529712557742862,-0.012668165599446057,-0.019093824551308106,0.0003099049156296
2022-03-19 00:00:00+00:00,0.04383241687463871,0.020866495020551046,0.011662250349640857,-0.014854479166917178,0.010679977156133717,-0.0751407827946641,0.015467356344017434,-6.500999491920734e-05
2022-03-20 00:00:00+00:00,0.033290476630991134,0.010459504448941948,0.0,-0.058032143590610735,0.01026030529882007,0.009141496433530016,0.040162870205764964,0.0002526829653786
2022-03-21 00:00:00+00:00,-0.01940234737744352,-0.021977709406895696,0.0,0.03306518364070148,-0.020872436169776454,-0.030933350296055952,0.01725087582868261,8.05161250583275e-06
2022-03-22 00:00:00+00:00,0.016930878484380085,-0.006761833208114187,-0.00043467350194470455,-0.01771321266841943,0.012920985971179612,-0.007372819857183698,0.010026753543203724,0.0002942397250071
2022-03-23 00:00:00+00:00,0.03701894607767977,0.03337562832463048,0.011304184094790948,0.0066579018330978,0.033413721916531386,0.028648812684247058,0.018429011209739544,8.613301209825508e-05
2022-03-24 00:00:00+00:00,0.018850973018578156,0.012233824008613947,-0.012272780670315009,-0.020725086761854826,-0.013337124519651324,0.003652828834688959,0.00027670373900479106,0.0001113698298509
2022-03-25 00:00:00+00:00,0.02603730839409694,0.025788527079702916,0.014343931206577842,0.007724320218612756,-0.004014189054953921,-0.023115486493325177,0.02731114495703326,-7.611986353650568e-05
2022-03-26 00:00:00+00:00,-0.01624652314295296,0.007213451768569135,0.005066192347173759,0.004686416142039906,-0.006275175651877428,0.002041917455543985,0.0022469105328995157,0.0001756139921993
2022-03-27 00:00:00+00:00,0.01577225394786756,0.004484021440215313,0.0,0.011657484746136615,0.002580629517795873,-0.012260710084116755,-0.010068996436281098,-3.491146437750725e-05
2022-03-28 00:00:00+00:00,0.039831618213190985,0.052408224917508184,0.0,-0.025359928010630407,0.007746324639082959,0.018509563532177985,0.006896552838789316,-6.226588977320535e-05
2022-03-29 00:00:00+00:00,0.011399377276219787,0.006430902504869662,0.007144963967017803,0.032002260581202854,0.050309676335974544,-0.014941815239683832,-0.08610168004530117,8.94703763967275e-05
2022-03-30 00:00:00+00:00,0.03166785888555506,0.006294313259864293,0.012256530405287291,0.04404703752412857,-0.01582352787140564,-0.05187833958760486,-0.030759128008553824,0.0002248790770591
2022-03-31 00:00:00+00:00,0.0545791367862714,-0.007703744319200401,-0.006293721392175655,0.14763868081874573,-0.15286428137374483,-0.1483779178383163,-0.014237249622376092,0.0001345570907809
2022-04-01 00:00:00+00:00,-0.032774270644204476,-0.032881929390562115,-0.015652532890091164,0.015145169119504455,-0.049766681004671236,-0.011921675274507847,-0.04585644624497529,3.658979235798832e-05
2022-04-02 00:00:00+00:00,0.040393235636404116,0.016705489386015016,0.0034102873691344016,0.02714659886706843,0.023643407969058908,-0.012368475248220382,0.029986748643930205,0.0002654788224871
2022-04-03 00:00:00+00:00,-0.009927274599199672,-0.010193186386606157,0.0,-0.0148598121657324,-0.005145197993231942,-0.005749022903923852,0.003801826936041341,0.0001609378229714
2022-04-04 00:00:00+00:00,0.02133140392808101,0.013053940857655766,0.0,-0.006702564889799121,0.005953090945016837,0.008280657956026862,-0.0063427569911883586,0.0001084178178711
2022-04-05 00:00:00+00:00,-0.03349787403502726,0.004063165518490175,0.0080908782936564,,,0.06839414859312672,0.03011074003294139,-1.711010143967684e-05
2022-04-06 00:00:00+00:00,-0.04640947770806909,-0.02368996734713158,-0.012551716914267819,,-0.03995747538175891,0.06374374156031312,0.01791099494972597,0.0003603192912873
2022-04-07 00:00:00+00:00,-0.07620068364602058,-0.0509637754137221,-0.009716869386889204,-0.046344096688440126,0.0038579683085686323,-0.014164708457783545,-0.04764700320288813,4.095846904039746e-05
2022-04-08 00:00:00+00:00,0.042088795958083555,0.0059638968760209465,0.004253372460194527,0.024455463433195223,0.020488611563617455,-0.04145236481435383,-0.0012822940137394503,0.0002495879253854
2022-04-09 00:00:00+00:00,-0.05602793213546268,-0.027360187575863004,-0.0026509873983658894,-0.01758255775717732,0.030283089051780628,0.05928113880082221,0.013275136004278439,9.248904495073872e-05
2022-04-10 00:00:00+00:00,0.01109976030945105,0.011804628077254575,0.0,0.005658020046392443,-0.016134023145979646,0.01371750892196737,0.01476116634873519,5.103073730561292e-05
2022-04-11 00:00:00+00:00,-0.028258981864831178,-0.013745181697119135,0.0,-0.005399708637618673,-0.004861340358611164,0.02318884675268864,-0.0032631130765950374,-6.837109033264177e-06
2022-04-12 00:00:00+00:00,-0.07829298519103434,-0.06252432345207926,-0.01687728929567678,0.0023865291184224924,0.00777515403753995,0.0056265619564871555,-0.04403485419130446,0.0001402202822651
2022-04-13 00:00:00+00:00,0.021484009086213802,0.014051172492001163,-0.003417540503973915,0.0032356422981928666,0.030564546474809908,0.017645875539023123,0.04233626325755526,-0.0002133390838132
2022-04-14 00:00:00+00:00,0.02566096361765858,0.026687002473746224,0.011174658040455254,0.005989207501000536,-0.01176155879942755,-0.005303633717895259,0.017152719592624634,6.462911647298064e-05
2022-04-15 00:00:00+00:00,-0.02291552531189826,-0.029513880446780716,-0.012144137417661627,0.008292809762679966,-0.006919921824216701,-0.009300926763995543,-0.009190515387976616,7.577898570709785e-05
2022-04-16 00:00:00+00:00,0.020843532156316364,0.015372320303437936,0.0,0.00012675634389105322,0.002654803986124589,0.019838365889169384,0.018097747760011718,-3.425324373040883e-05
2022-04-17 00:00:00+00:00,0.01266461559416087,-0.004157465549784689,0.0,0.007646023364440447,-0.007257321931567074,0.007663077799600226,0.04101242533742906,4.38986402762076e-06
2022-04-18 00:00:00+00:00,-0.041554097515295915,-0.017638314214216688,0.0,0.0028583175391779098,0.008748479219958784,0.014724543463159854,-0.024698299616856483,0.0002112867528749
2022-04-19 00:00:00+00:00,0.018162088596620465,0.028663954541212844,-0.000204890508788802,-0.0018126887302497355,-0.0009495411918158496,0.01296402018007139,0.0018080554655986337,-0.0002158422171171
2022-04-20 00:00:00+00:00,0.032771827410487606,0.0168515358361776,0.016057599693967584,-0.003774255466611892,0.02747115238004998,-0.03241562845464361,0.024687442887307127,0.0001088412420251
2022-04-21 00:00:00+00:00,-0.002167190756937387,-0.0035010814290779013,-0.0006185275905885579,0.006738107152621353,-0.04636517725217668,-0.024411670961303967,-0.009618178934722721,0.0002055491807142
2022-04-22 00:00:00+00:00,-0.04534397353579136,-0.021242411264115746,-0.01475294038502506,-0.0019256385968429157,0.022198751200587438,0.02787348038743234,-0.006528224805210203,-6.977906617189333e-06
2022-04-23 00:00:00+00:00,-0.003595096300314012,-0.019174384051342752,-0.02773997077607282,-0.010955517195455799,0.004452365272989777,-0.007836358034956902,0.009254626133378041,-7.153469759157982e-05
2022-04-24 00:00:00+00:00,-0.015136782170404631,-0.006530692490333778,0.0,0.014712825640420356,-0.002677520765366403,0.005875032450600861,0.001933177556047827,-0.0002591265103789
2022-04-25 00:00:00+00:00,-0.018797768661820407,0.00046428906688045224,0.0,0.006339603622663547,-0.009057637039200973,0.027477565141037632,0.0039468237290115615,-0.0002606076105942
2022-04-26 00:00:00+00:00,0.0045233658631833075,0.024791166878838755,0.005697858972138148,0.021041007282037904,-0.020679908274956648,0.024316906905789182,0.0029624249461220444,2.5934794357640456e-05
2022-04-27 00:00:00+00:00,-0.07651584825774901,-0.057343297616985534,-0.02814632738377887,0.026141088406745006,-0.02852389347048944,0.02325271194076811,-0.00012937030780389713,8.19842333201759e-05
2022-04-28 00:00:00+00:00,0.027517292409164968,0.02927780709146144,0.002098103084882119,-0.013223062766362984,0.00025103688094416793,-0.017081554954872447,0.003852414697664043,-7.950869877926259e-05
2022-04-29 00:00:00+00:00,-0.0003050573868297694,0.013351526435257277,0.02474689050564538,0.036633956508122845,0.003984794308186346,0.018702217762218365,0.02816530293859789,-0.000149665364899
2022-04-30 00:00:00+00:00,-0.04821902012442757,-0.02920279368275347,-0.03628454810495618,0.03542724030556776,-0.031577084959490215,0.013722551641467386,0.018908971040462873,0.0002059149022048
2022-05-01 00:00:00+00:00,-0.08609955290838878,-0.024828762684005468,0.0,0.05271328404818222,-0.057329783129002276,0.08147385815093451,-0.02331874811235468,-3.373540521323104e-05
2022-05-02 00:00:00+00:00,0.0400861350792309,0.02195961663720114,0.0,-0.00883816162159845,0.01387670090821462,-0.006149860179327636,0.011666417359250312,0.0002551109004231
2022-05-03 00:00:00+00:00,-0.00897438080923004,0.002213810954592166,0.005675313957399952,0.02590528747201952,0.00800052575965602,0.037525812794762525,0.0011747190734449301,-0.0002261441060983
2022-05-04 00:00:00+00:00,-0.013697999913414605,-0.021095064061299462,0.004837102743912469,0.013711879476127177,0.01081492313675372,0.006311586074061015,0.027790886214679622,0.0003634497380922
2022-05-05 00:00:00+00:00,0.13474598304983185,0.05226593552869163,0.0298624349775356,-0.11798937586796682,0.05205082992835228,-0.12808579142624224,-0.06797044475899475,-1.5924906724085197e-05
2022-05-06 00:00:00+00:00,-0.10224357819841652,-0.07935943957262381,-0.03564975338184306,0.031471984369703596,0.049290709840638144,0.0421914424955986,9.689402163089167e-05,0.0002107950242755
2022-05-07 00:00:00+00:00,0.0069977780823426245,-0.014764046235496542,-0.005674159064547379,0.022348535090322374,0.04460121928447678,-0.044771964790650196,-0.008071961740666711,-4.152775246735185e-05
2022-05-08 00:00:00+00:00,-0.036846402309149005,-0.014685250574380748,0.0,0.024192479459714082,0.013268796574824913,0.024291307552559593,0.004462293219733238,-0.0001492810971811
2022-05-09 00:00:00+00:00,-0.02008159904714273,-0.040452029650348,0.0,0.006335292560594685,0.005496950159810332,-0.02566857513636924,0.009478570362551265,0.0001425617110686
2022-05-10 00:00:00+00:00,-0.16441953457101618,-0.11681358721203572,-0.032037134944001844,-0.02337996739132589,0.010523814312611623,0.012337333505254788,-0.034549470087571976,0.0002304144964093
2022-05-11 00:00:00+00:00,0.05358094735361742,0.0314573171948922,0.00245788276325154,-0.02151996526044199,0.03256612587521281,0.016225562841622423,-0.008686877812506343,7.936878042080764e-05
2022-05-12 00:00:00+00:00,-0.1840023638839171,-0.062169982033475124,-0.016463178415666024,0.14525813739909293,0.0013604432693598567,0.07590588482917626,-0.0755270538795543,9.670968359598577e-05
2022-05-13 00:00:00+00:00,-0.06737558395369743,-0.0018572848559056387,-0.0012960017076728558,0.04012779463594753,-0.04549900747951716,0.05486964556727016,0.008934899581185075,-0.000704783599817
2022-05-14 00:00:00+00:00,0.07849612221815999,0.008738590040901828,0.02386974310955492,-0.04622929011786425,0.005960701339998348,-0.022394205068389628,0.0007393409271585008,0.0001423634458816
2022-05-15 00:00:00+00:00,0.024979213479867778,0.02751560242260287,0.0,-0.014786589345735911,-0.0015915793166324313,-0.01603527450522653,-0.004771067559424358,4.538253733410435e-05
2022-05-16 00:00:00+00:00,0.04743427005945962,0.04137660489763895,0.0,-0.004691495941822811,-0.020132085622287924,0.009167246006641518,0.005435114029670361,0.0001036277885513
2022-05-17 00:00:00+00:00,-0.071090526827592,-0.046535608024415476,-0.003946429947140562,0.04036581108442913,-0.00776494276949688,0.036511946151681116,-0.00038347132385865845,0.000169329825294
2022-05-18 00:00:00+00:00,0.04298474729830953,0.019094844760217944,0.020169610355263545,-0.008109416338343986,0.01421335562416215,-0.019017640698224446,0.005391043606062726,-9.980547781895943e-06
2022-05-19 00:00:00+00:00,-0.09359427484899047,-0.05704898643098866,-0.04039522115020122,0.03815295144581912,0.03162586000320225,0.04528839507260632,-0.02373281889794243,9.757734975712752e-05
2022-05-20 00:00:00+00:00,0.050349775385419376,0.05642042326641272,-0.005833809077192775,0.018925253672391798,-0.00033227967988937873,0.023387803183904675,0.0136612946352511,-0.0001419551072409
2022-05-21 00:00:00+00:00,-0.036739940197108086,-0.03730223384641773,0.00014612424662696633,0.010173200480447855,-0.008054440560848121,0.009790082343049851,-0.011868448430842917,0.0003130112422626
2022-05-22 00:00:00+00:00,0.023679154555295647,0.008170914285910102,0.0,-0.015257988748787366,-0.011688504114222908,-0.018486403768366036,0.003587066731429722,0.000107109160254
2022-05-23 00:00:00+00:00,0.0381565719385983,0.029108925695100485,0.0,-0.005817540225439011,-0.013094334896571878,-0.02787901561166089,-0.02627878192529503,-4.4066550252908065e-05
2022-05-24 00:00:00+00:00,-0.0341696964595634,-0.03917250033020736,0.01855506797629536,0.010178990070707213,0.007981765002554098,0.011756785627296026,0.03845502947643835,6.52016854894022e-05
2022-05-25 00:00:00+00:00,0.01909325451941568,0.018743749505974572,-0.008120792702107527,0.04113285867693681,-0.037071780440137765,0.019856231249669842,0.010077120157546825,3.3203904051148925e-05
2022-05-26 00:00:00+00:00,-0.01911570159756526,-0.0035893681834895386,0.009450764687376267,0.035207042397562845,-0.021497746687961405,0.020223924267933648,-0.015550566997792913,3.3701235922833916e-05
2022-05-27 00:00:00+00:00,-0.06412716722018073,-0.011602514837473432,0.01988322907058282,0.03410580919327677,-0.026067548997014238,0.027228053703121674,0.008537728689299431,0.0001342658077454
2022-05-28 00:00:00+00:00,-0.03168246873525471,-0.019551962732068162,0.024742227391912897,0.03389930822269191,0.010525706814427369,0.02406530842343384,-0.009765381515848406,0.0001307459441435
2022-05-29 00:00:00+00:00,0.027423614717807774,0.013820956426954245,0.0,-0.017368467466366645,0.01497709633503197,-0.021223607190128568,-0.006387853017968355,0.0002401360244814
2022-05-30 00:00:00+00:00,0.020554279397138307,0.014955821743145803,0.0,-0.017714810879195665,-0.01822313136099818,-0.02137342439494434,0.008916575918839698,0.0001965627140467
2022-05-31 00:00:00+00:00,0.12908938851438795,0.0771980932203391,0.0,-0.171185932658379,0.10107707583904989,-0.13239887614972162,0.027390171056877258,2.5569115714940693e-05
2022-06-01 00:00:00+00:00,0.010347605625840361,0.002247332671426072,-0.006274289122320975,-0.03157649961056528,-0.07253867417292922,-0.052141826532424294,-0.0001078915166549347,8.307648704231063e-05
2022-06-02 00:00:00+00:00,-0.06853613769220204,-0.06292573700067294,-0.007482787410912017,-0.0027312718025610527,-0.027750693575998575,0.00863851464943241,-0.006001832680039745,0.000193862503401
2022-06-03 00:00:00+00:00,0.026611848938674045,0.021485456540780934,0.018431056049039052,0.011435868242643352,0.02513793159268891,-0.011637660853053133,-0.0030231038410564876,0.0001151107861085
2022-06-04 00:00:00+00:00,-0.03366897683524697,-0.024782255865374747,-0.016347364741597592,0.01342003886697074,0.017944271145023345,0.0001025040991656373,-0.006713046757024842,5.963156068489184e-05
2022-06-05 00:00:00+00:00,0.010331632451284005,0.005578988505127613,0.0,-0.04252248789423938,0.043542714224064125,0.009712067321518303,0.026083081263808983,4.163199585871524e-05
2022-06-06 00:00:00+00:00,-0.006963202913222958,0.002060411948379137,0.0,-0.01990064741157189,-0.024934514277235476,0.030142793893195588,0.015975187468161824,-3.786995636612112e-05
2022-06-07 00:00:00+00:00,0.03198832728718474,0.04852239559476956,0.0031373675320187644,-0.013351001934274364,-0.0008046229603363222,-0.029185250947585,-0.002030752864770724,0.0002009973075249
2022-06-08 00:00:00+00:00,-0.018208466792850975,-0.007751616647322268,0.009523393579413009,-0.0070570696861573315,-0.009053642637967442,0.03655311845435549,0.017605990235688495,-9.372767644777458e-05
2022-06-09 00:00:00+00:00,-0.012874566474407005,-0.029744746626561347,-0.010793908688002896,0.01767246860713878,-0.012524259478633802,-0.013238539742472511,-0.01756258453167423,0.0002337910955962
2022-06-10 00:00:00+00:00,0.003799873127761496,-0.0032855841682537523,-0.023798705952956634,0.015844641995587196,-0.011999673423462155,0.0016343815672965611,0.005258147990673323,0.0002204026071415
2022-06-11 00:00:00+00:00,-0.07007767390434169,-0.03374837588433299,-0.02911031355312088,-0.03282236528730297,-0.01041836244121569,0.05103302325526882,-0.006912822580963179,3.30222127840063e-05
2022-06-12 00:00:00+00:00,-0.07657531867968942,-0.022732196838126772,0.0,0.022269532113382534,-0.03892486804916661,0.034967198104887146,-0.033914510662045885,-2.0601575116185877e-05
2022-06-13 00:00:00+00:00,-0.08350376643001092,-0.06517294407865792,0.0,-0.008597079694377063,-0.03787831784027058,0.07462703979662622,0.02209232127738718,5.838959344295347e-05
2022-06-14 00:00:00+00:00,-0.10938400495266759,-0.1540841793809078,-0.03876837415339185,0.010331678270844205,0.06589932790482216,-0.05257114700722146,-0.018399911983733044,-5.133116937028337e-05
2022-06-15 00:00:00+00:00,0.01841559280287499,-0.015521883274369763,-0.0037737056722930706,-0.020757279714241017,-0.07474651998166001,-0.07216369437259566,0.015798481862514223,-0.000291095096874
2022-06-16 00:00:00+00:00,0.08124921918532732,0.02010604492218393,0.014592502168395916,0.0019467395133666715,-0.04574701213217076,-0.029382402707339488,0.016095142045030597,-1.6145617697249648e-06
2022-06-17 00:00:00+00:00,-0.12259613138226362,-0.09660352276503814,-0.032511959134456814,0.0068231190163859645,-0.00857237335248226,0.04135690352893741,-0.003350341008450164,-8.3023869258958e-05
2022-06-18 00:00:00+00:00,0.021801839046792885,0.0034285882456810413,0.0022008470670371594,0.009171100334286454,0.004826844402977801,-0.0031250549937064352,0.006496275889002701,-2.606588147202604e-05
2022-06-19 00:00:00+00:00,-0.057964884799344744,-0.07320614157293481,0.0,0.04928499466558199,-0.023968451032140403,0.01495607057773711,-0.011756685128889638,5.1851511463141264e-05
2022-06-20 00:00:00+00:00,0.08717133965014259,0.08462686645885742,0.0,-0.048292662275739584,0.03314265292566479,-0.0037095829495849275,0.021203082554512198,-0.0001335646903625
2022-06-21 00:00:00+00:00,0.023100398832043956,0.0002869063712664932,0.0,-0.038166296711828314,-0.019280844915412664,-0.060807846841014944,0.0159230390851522,-6.815515282820872e-05
2022-06-22 00:00:00+00:00,0.05194859175126303,0.006951837861750798,0.02447725615264873,-0.06168487715549245,0.014613568944598285,-0.0683672451562167,-0.017290494373163642,0.0002116338646074
2022-06-23 00:00:00+00:00,-0.05302626598651525,-0.03551858485692616,-0.0013015334188627437,0.0030591592020829325,0.023000275251009325,0.04287607650674523,0.012160482105257844,-2.668461639365738e-05
2022-06-24 00:00:00+00:00,0.06465791601529056,0.056023306336159706,0.009532193760987795,-0.03988699831697437,0.028486883030251334,-0.03351588888698731,-0.012568388411344153,9.024660281187202e-05
2022-06-25 00:00:00+00:00,0.04592108508185564,0.0063801750045031635,0.03056329085577736,-0.009755525855046864,-0.04073324269743448,-0.0016848618045215216,-0.027068165840543675,-0.0001717048980313
2022-06-26 00:00:00+00:00,0.0057584979146712385,0.011808093748822523,0.0,0.014210717640400538,-0.023832340056699097,0.010762084593394006,0.0021985738811627353,0.0002188252725849
2022-06-27 00:00:00+00:00,-0.04137875924401218,-0.021078210027977162,0.0,-0.014169393515710248,-0.003015116729734091,0.06002005184008468,0.001875537535028761,8.628832847978885e-05
2022-06-28 00:00:00+00:00,-0.012247337746057721,-0.014223147923591473,-0.002973101484249896,-0.02551826126039227,-0.022012021844959317,0.022633920283217156,-0.014537374171591642,0.0001207380580214
2022-06-29 00:00:00+00:00,-0.04613780996702271,-0.022257597684515296,-0.02014302160708281,0.021073573775213926,0.011023524711317914,0.014994662549356934,-0.0037115629882797443,4.497121146584959e-06
2022-06-30 00:00:00+00:00,-0.018415637387150248,-0.007829845179242678,-0.000711753084481459,-0.008529838826840573,0.004599234534444198,0.0021766179097698173,-0.0023205859846517456,7.914799032460174e-05
2022-07-01 00:00:00+00:00,-0.01692064851872074,-0.009269066479694166,-0.008759227302603145,0.025762331278917406,0.015234190283289671,0.03456689222818965,0.008039589781499944,4.5934429060423554e-07
2022-07-02 00:00:00+00:00,-0.02312916264959477,-0.03270007779757578,0.010553762105785847,-0.02532283513512712,0.025397136824290525,-0.005492133165245015,-0.00814784793767731,-0.0003001729646087
2022-07-03 00:00:00+00:00,0.020456630399015494,-0.0016137401411373542,0.0,0.015127139774927346,-0.0024306868674393023,-0.03381791591242753,0.04400662353222762,0.0001454472822604
2022-07-04 00:00:00+00:00,0.0043586679625361,0.003378220353517758,0.0,0.008808110109167022,0.01345343710352196,0.010067596091518128,-0.006542083221232819,4.3034712383427376e-05
2022-07-05 00:00:00+00:00,0.04984702353505532,0.04769008437835054,0.0,0.001328416453905891,0.020984433216396994,-0.03960952825418764,-0.0005009392413465111,7.090438881740546e-05
2022-07-06 00:00:00+00:00,-0.025315659621600258,-0.002798295314091259,0.0015841770513915776,-0.009393059929929202,0.01005287807913358,0.024524096683279463,-0.036325657690018456,-1.4483784480434636e-05
2022-07-07 00:00:00+00:00,0.01989125333551898,0.019043133366385634,0.0035731157621645693,-0.0066832833287022286,-0.01300336406666971,-0.004708739436148069,-0.019606010161762954,0.000222575656277
2022-07-08 00:00:00+00:00,0.04817822065500675,0.051537162901805544,0.014964578110208349,-0.0012139646273927607,-0.012168281552426177,-0.041183387582649986,0.027327663569455263,0.0001036414884778
2022-07-09 00:00:00+00:00,-0.022211160696473806,-0.001179823627934562,-0.0008302114989416909,-0.006138201021359667,0.009500545724626577,0.026777618346455822,-0.01317028782254992,7.1174893415904e-05
2022-07-10 00:00:00+00:00,0.027056079857822924,-0.0003659457381218756,0.0,0.021231415983742497,-0.01335965528333418,-0.029768353722631667,0.04387261462420098,0.0002577297319261
2022-07-11 00:00:00+00:00,-0.04448993400422539,-0.03365152919369785,0.0,-0.0021855131931175914,0.006982412482059934,0.014963641466118685,-0.013191396500457912,7.837045060021808e-06
2022-07-12 00:00:00+00:00,-0.05980266554947649,-0.04313362552628297,-0.011527473598367033,-0.018355901824950102,-0.007776291579748837,0.03764378767160679,-0.013751559112229132,0.0001619514663684
2022-07-13 00:00:00+00:00,-0.021075650786944636,-0.031642302661581634,-0.009243908956706903,0.0018679743836379492,0.00013230760872347258,-0.010297706472607682,0.02171962851350173,1.5124380855047193e-05
2022-07-14 00:00:00+00:00,0.07049475553480347,0.046431953795755154,-0.004456897454697795,0.060955297382531054,-0.011525761737062712,-0.08003514530047182,0.04161593000767491,0.0001494301283428
2022-07-15 00:00:00+00:00,0.0463765063011112,0.01772988264152997,-0.00299859539478875,0.046321463898042696,-0.06306323410094952,-0.06527016468708643,0.03877393309406486,1.8154563954375649e-06
2022-07-16 00:00:00+00:00,-0.002344412254109744,0.011881274722284285,0.019201241036518768,-0.006404691133030172,0.03230625578874735,0.03175792218003828,-0.02072947638594156,-3.3622760707063826e-05
2022-07-17 00:00:00+00:00,0.05145852616582875,0.0173077015429981,0.0,0.0028893191732065407,0.004554366526618385,-0.023324007874037635,-0.01808204502626687,0.0002037572493394
2022-07-18 00:00:00+00:00,-0.026146827500528096,-0.018368069488044925,0.0,-0.013608726246257596,0.012355584918162688,0.027933050091269365,-0.008159635539944098,-1.7867917770142405e-05
2022-07-19 00:00:00+00:00,0.11690088228623836,0.0783624437348518,-0.008363619420370894,0.08814666800748548,-0.0068637463160956536,-0.07019577103404621,0.025980057124666445,0.0002527052479592
2022-07-20 00:00:00+00:00,0.01865410245255222,0.042900655104598284,0.027628333137554417,-0.06514945678532189,0.045325831487493605,0.007120982804803201,-0.037879615504132366,0.0002453323167308
2022-07-21 00:00:00+00:00,-0.04243007262246215,-0.00702987697715296,0.005895816028186118,-0.021350473703558137,0.0050668844820684,0.037721321708448524,-0.008812581993519263,-9.879321994921142e-05
2022-07-22 00:00:00+00:00,0.04917623840162752,-0.003315892599530579,0.009861360135356989,0.08439405166112701,0.032846812593542274,-0.07653841801058013,0.059810220306975984,0.000181697477281
2022-07-23 00:00:00+00:00,-0.03158809619103304,-0.020281276329149556,-0.009332449768064022,-0.0040269990222451015,0.023866996046960763,0.021065820328758873,-0.0013238047511139744,0.0001656999711596
2022-07-24 00:00:00+00:00,0.009448930623716567,-0.010359380995012102,0.0,-0.017034306699448387,0.03027339287782982,-0.002819557095991642,-0.010655725797594683,4.1911539793382246e-05
2022-07-25 00:00:00+00:00,0.016697656898216385,0.005810999901961544,0.0,-0.00496353015099913,-0.005035288255106973,-0.004674468862283999,0.02699719467794899,9.610318474462254e-05
2022-07-26 00:00:00+00:00,-0.09344251795829367,-0.056294471569209414,0.0013151152429682345,-0.02775813909239909,0.007367682853118951,0.05104319055316678,-0.02421527960245326,0.0001564799540838
2022-07-27 00:00:00+00:00,0.005112904755795741,-0.0027699530516431814,-0.011543193070554847,0.014794374719406589,-0.003990021841797464,-0.010707133274942349,-0.008856776600383465,0.0001356260698632
2022-07-28 00:00:00+00:00,0.12815743374051575,0.08003860458547152,0.026156259165274642,0.08395267180385435,0.0057009337462896326,-0.11622898275318971,-0.013127266553385697,7.257467237642423e-05
2022-07-29 00:00:00+00:00,0.08333919597289886,0.03901730954487803,0.012133382708562568,0.0993593806498134,-0.04630737208400336,-0.0862047173751503,0.04045398742936582,6.208561806597679e-05
2022-07-30 00:00:00+00:00,-0.002623210451488478,-0.0027311400307097333,0.014207733466259809,-0.0613904255447651,0.06160865349659226,0.032778730136316624,-0.034236030490494125,9.457090485742724e-05
2022-07-31 00:00:00+00:00,-0.009453742136298992,-0.0059399859493248774,0.0,-0.04474025434620063,-0.019914532129774055,0.030024572328652677,-0.006386977305321983,0.0003343628645573
2022-08-01 00:00:00+00:00,0.00019701082196794674,-0.014380086246662205,0.0,0.02380778667064154,-0.08102584169594093,-0.038828353686055174,0.0669481702225303,-4.699177121292309e-05
2022-08-02 00:00:00+00:00,-0.013495754176313464,-0.0013954426988290747,-0.0028230463236237346,-0.05063471792771845,0.0101325597877731,0.030178582623648167,0.024739337964209882,0.0001976243959078
2022-08-03 00:00:00+00:00,-0.021606642450518288,-0.012146567143643372,-0.006662409587654183,0.021994990486970113,0.0019750910739702483,-0.00401599869906424,-0.03341461883622105,0.0001113094481106
2022-08-04 00:00:00+00:00,0.002093781790540672,-0.007556006285065031,0.015638481713144525,-0.006491574854489479,-0.001397745827764396,0.008776682043669016,0.004162063343311218,9.983671602209476e-05
2022-08-05 00:00:00+00:00,0.009090223647128755,-0.008446812709690055,-0.0007773448499099889,-0.011622080599896624,-0.01782405413331618,0.0159676689364316,0.018408063987349534,-1.676048702581312e-05
2022-08-06 00:00:00+00:00,0.05660002556451619,0.030483570629265433,-0.0016257460367924415,0.010197116241496086,0.01550895875279728,-0.0424481874131176,0.001455987050815781,0.0001226155611664
2022-08-07 00:00:00+00:00,-0.005129188000150409,-0.015228709637266524,0.0,0.034525018548646556,0.041844686203069054,-0.016800314316502665,-0.025467207899083744,4.4134020395825146e-05
2022-08-08 00:00:00+00:00,0.011595956196165972,0.009784991696922374,0.0,-0.013457897383914808,-0.007025767315279152,0.020270106405024378,0.001901988777340248,-3.907476323661285e-05
2022-08-09 00:00:00+00:00,0.019235686981293226,0.02747779245331894,-0.0012375789770792123,-0.011790118270393045,-0.006989614724830195,0.012197777482364504,-0.0013707200378023643,0.0001209310443177
2022-08-10 00:00:00+00:00,-0.04153124873454218,-0.0279024045974694,-0.004248730694724312,0.02151340572923297,-0.007521867288191351,0.024540638582505013,-0.013780800981259486,0.0001810041593925
2022-08-11 00:00:00+00:00,0.05686412072407993,0.034602120984261076,0.021290634013103604,0.0006483688509462543,0.013863458013095145,-0.03946688143755028,0.018365595407636055,0.000127752535715
2022-08-12 00:00:00+00:00,-0.0029764586596419413,-0.0009899377216395777,-0.0007054229687617486,0.009712184503855914,-0.007432695050513138,-0.009223181140671732,-0.021596516596805747,0.0001831820683486
2022-08-13 00:00:00+00:00,0.027218225609005404,0.019663673005201332,0.01732239670855429,0.014734502595568057,0.008958091820111404,-0.030070676986442037,0.0007646219063063529,-6.288081237315613e-05
2022-08-14 00:00:00+00:00,-0.003788638523064303,0.0017016914402869787,0.0,-0.03015094606980928,0.015460074736932006,0.01855411644251894,-0.0016223669394213492,6.544515033013454e-05
2022-08-15 00:00:00+00:00,-0.021461861491147385,-0.005522125342830253,0.0,-0.027345236118787232,-0.012498998601714838,0.026697244402218365,0.0007562752482304994,-7.732409334804125e-05
2022-08-16 00:00:00+00:00,-0.012507007176563367,-0.008598795592345332,0.00396948705068767,0.022029286877279876,0.010499197371518986,-0.010288144737565674,-0.025936218888049912,-5.5669571820571306e-05
2022-08-17 00:00:00+00:00,-0.004498573160721612,-0.010055967980336478,0.0018756661407353103,-0.03326990779912786,0.024607653518002603,0.025091912277247854,0.024340426297626495,0.0001318403783576
2022-08-18 00:00:00+00:00,-0.0237007636283769,-0.021385731661284324,-0.0072377589891293725,-0.009099863224778869,-0.03934633181123417,0.016741612294380603,0.0010326036693858905,1.3302212944266144e-05
2022-08-19 00:00:00+00:00,-0.033090857148952865,-0.006342920572062871,0.0022695154935377104,-0.005346323590030649,-0.03239636286738587,0.0260323476006628,-0.0026294013701045477,6.929001530453505e-05
2022-08-20 00:00:00+00:00,-0.10555546380942857,-0.10179813759699108,-0.012899942573545653,-0.009109868910419983,0.03186773138245971,0.02669043834266771,0.01973790806106339,4.673784796183078e-05
2022-08-21 00:00:00+00:00,0.0011122022068523086,0.014545087851562277,0.0,0.025428733293852576,0.02264244737055545,0.0034113756598990845,-0.005419886802117446,3.489653416233196e-06
2022-08-22 00:00:00+00:00,0.03545769274477124,0.01788165355597826,0.0,0.021900189806288363,-0.023739449685961447,-0.01553064941180908,-0.0036709451167990653,-9.57821174470963e-05
2022-08-23 00:00:00+00:00,0.015503269574262209,-0.0055148426456363975,-0.021400124867564707,0.024127963947595622,-0.041011339124584836,-0.05064339181476751,0.021704479296429248,4.5409903092874515e-05
2022-08-24 00:00:00+00:00,0.025376621343477335,0.006134567728059093,-0.0022378014446627903,-0.04770394283205552,-0.0021500188702026773,-0.02921337510720192,0.0422914001776588,-6.386709633032783e-05
2022-08-25 00:00:00+00:00,-0.010062056075487824,-0.0075889247241869295,0.0029161509713642175,-0.004413625447577929,0.0110251647454223,-0.0036048578284764822,-0.011534734708533346,1.0201558230837904e-05
2022-08-26 00:00:00+00:00,0.008255420537434792,0.009056469475389628,0.014091582000449021,0.00449247513722506,-0.017818128776781128,0.0025313559038902186,-0.020255537039934168,-2.9513980094098e-05
2022-08-27 00:00:00+00:00,-0.08759939837934588,-0.06123916967927856,-0.033688010821315006,-0.006517658346073388,-0.013000595041963742,0.04349432721317101,-0.008818530319710804,7.70891583812272e-06
2022-08-28 00:00:00+00:00,-0.001446781157924922,-0.010124229436394794,0.0,-0.01752929268863792,-0.004166235763867299,0.006792592079054671,0.003041802239411351,-0.0001176788395031
2022-08-29 00:00:00+00:00,-0.03829377358513298,-0.0237915690749555,0.0,0.003369536191943974,-0.020841012771011826,0.029111089565334727,0.00377253780275693,-0.0002560448260359
2022-08-30 00:00:00+00:00,0.057545730594614736,0.03724261414503127,-0.0066664037893761074,-0.02498220878226584,0.015243673268008656,-0.0347762579231333,0.002356471151848047,1.3892726832498424e-05
2022-08-31 00:00:00+00:00,-0.026982989143943148,-0.023299055510345057,-0.011028107408059928,-0.016557583631325732,0.006728346062182134,0.016446242439588123,-0.0022089762602229834,-0.0001018430034036
2022-09-01 00:00:00+00:00,0.0069724318449565425,0.012038519221738042,-0.007817046982559583,0.003069070776256155,-0.00924039680530515,-0.01700783932713268,0.02046586528011136,3.100154359536589e-05
2022-09-02 00:00:00+00:00,0.022798075038127134,0.004041613651672771,0.002996207332490508,0.01809437212833036,-0.003468657511452134,-0.0026091971785860077,0.005746528492199608,0.0001150678193149
2022-09-03 00:00:00+00:00,-0.0005862541154307399,-0.009019754006708958,-0.010736478566116592,0.01962183696802202,-0.038630718398523126,0.011170873690993899,-0.0030066839228599426,4.4093476448292535e-05
2022-09-04 00:00:00+00:00,0.006826689818271355,-0.006032796750413683,0.0,-0.0171577548309481,-0.019921751686087452,-0.005861176933116962,0.0025238802135106875,9.79580753355247e-05
2022-09-05 00:00:00+00:00,0.010272141796061219,0.008677796445130559,0.0,-0.008208351807797998,0.005025190502439925,0.014080606732634938,0.01673325057382553,-2.4659030072760046e-05
2022-09-06 00:00:00+00:00,0.027284945385817213,-0.010393793734713164,0.0,-0.049223039977504324,-0.0015513585430251726,-0.07233949452994155,-0.029302151832505417,8.820032866974081e-05
2022-09-07 00:00:00+00:00,-0.07918443798467584,-0.0507154446067456,-0.004095039574340209,-0.03721489146871175,0.036187861773307003,0.03140318125988392,-0.019305109402004875,-5.144656120648072e-05
2022-09-08 00:00:00+00:00,0.06511201340874988,0.026914783164283973,0.018340971140093032,0.04426110501673279,0.058520371808691345,-0.058331749044478444,-0.01376781733939611,-8.333961021211866e-05
2022-09-09 00:00:00+00:00,0.007458079608069397,0.0011562192150151862,0.006610768693449787,-0.021685546368198083,0.01029926791430269,0.008768150534457342,0.026729448281278302,0.0001815492652939
2022-09-10 00:00:00+00:00,0.057876715210075265,0.10578840247963428,0.015271405678227268,-0.022393652513981496,0.020283131492463587,0.004817140234952118,-0.004441449564013711,0.0001158204864828
2022-09-11 00:00:00+00:00,0.018274653017323908,0.013464780816785371,0.0,0.00948659555902589,0.011069893720162805,-0.00040019126560153495,0.0053395326595980334,9.425946512675588e-05
2022-09-12 00:00:00+00:00,-0.008017087131919065,0.008355091383811963,0.0,-0.028064184329024223,0.01769538267879649,0.01971894601307893,-0.0077960160052908956,0.0001145822658388
2022-09-13 00:00:00+00:00,-0.0062436412871713564,0.02592539974244179,0.01058426104401855,-0.032566809695895024,-0.02410450564219302,0.023608392539805644,-0.00849745031598881,0.0002250069749387
2022-09-14 00:00:00+00:00,-0.08580504590062284,-0.09932547127669078,-0.043236562775976095,0.018618182758581264,0.006443568555421733,0.011818953412982683,0.003214323559788415,0.0001253242867922
2022-09-15 00:00:00+00:00,0.027553480443931213,0.0027030378177308467,0.0033869946525153516,0.03696679471534518,-0.011513391045586154,-0.018352667810009392,-0.005813753041699551,-1.0702660167560827e-05
2022-09-16 00:00:00+00:00,-0.04302704480117854,-0.026027600534203943,-0.011317761485652666,-0.0037208253416145323,0.009091195660521252,0.00524183813608084,0.039925163527141636,0.0001150690395792
2022-09-17 00:00:00+00:00,0.009547167972537407,0.005164848558717905,-0.007182129262947479,0.008868091125285882,-0.01615553485447927,0.018907877846950805,0.014514694239067993,4.5527192890082446e-05
2022-09-18 00:00:00+00:00,0.02585840405594027,0.015637236326891513,0.0,0.01672380401515721,-0.005988093485622993,0.006914689452690359,0.007747212354524979,5.301909304411545e-05
2022-09-19 00:00:00+00:00,-0.09063853917526714,-0.03469803999602028,0.0,0.02928892125354776,-0.0016742296034503168,0.06299651673588991,-0.0009304967278969817,0.0001305920640055
2022-09-20 00:00:00+00:00,0.021076221525070344,0.006395423741915485,0.006857148758303566,-0.01901857674611447,0.017442729000014246,-0.007375036544065239,-0.010284977701853548,-0.0001132711906357
2022-09-21 00:00:00+00:00,-0.016898634909811746,-0.033888758026689,-0.011272112803181633,0.004848977473589432,-0.011750505119068099,0.01088209988863964,-0.004227098680283214,4.0152914159596875e-05
2022-09-22 00:00:00+00:00,-0.03734130352889694,-0.022224224563783923,-0.017116493297336777,0.010521687036627168,0.0033056703887612005,0.03780394632562492,0.020048417218020448,0.0001200825073055
2022-09-23 00:00:00+00:00,0.06650088763664039,0.051226453448976805,-0.008427596288058115,0.04199486625486189,0.03685597182998146,0.03164604926255468,-0.026802891061920117,-7.774360862788932e-05
2022-09-24 00:00:00+00:00,0.015767934301102172,-0.005765115379657071,-0.01723261637204987,0.019697644269957883,-0.02476373854516465,-0.014785006253111743,0.012241903352759164,-2.6074260060293675e-05
2022-09-25 00:00:00+00:00,-0.018295295198548882,-0.019174615029537323,0.0,0.0050260185550237355,-0.0009548549256007677,0.0017765010497866815,0.00633352078474303,0.0001168276244554
2022-09-26 00:00:00+00:00,-0.007428255011810244,-0.005885463486859477,0.0,0.015000534557669499,-0.012052363110271025,-0.001164258931493545,0.0013724468836283418,-1.4627330506389312e-05
2022-09-27 00:00:00+00:00,0.010066397919774091,0.022159928083958613,-0.010340542018774879,-0.04495072798642952,0.04428600128012583,0.018452371451425798,0.010156628398966472,7.229457788526794e-05
2022-09-28 00:00:00+00:00,-0.01645252147645128,-0.007608124352763035,-0.0021203598319033956,-0.004726422591475397,-0.007193214857032547,0.003861979583635232,-0.0010442238294017699,3.819475429178709e-05
2022-09-29 00:00:00+00:00,0.0038129167983807313,0.017682130665282347,0.019672140136923533,0.001336686524284425,0.00627414789354248,0.000717907382997685,0.007196165315634718,-1.5739955107840764e-05
2022-09-30 00:00:00+00:00,0.01439763282524084,0.009027530877556478,-0.021126419721218426,0.017090810972616534,0.016783640310008917,-0.016354560078802205,-0.016571795780587317,0.0001806846684735
2022-10-01 00:00:00+00:00,-0.008879546465970748,-0.008722073279713971,-0.01506673588849794,-0.0025982339808896977,0.00021189380206758542,0.004349158356263771,0.005358807852572989,0.0001849770408319
2022-10-02 00:00:00+00:00,-0.01021664204149173,-0.005548200312182949,0.0,-0.004240699456726649,0.001617498913119575,-0.0007524416239617984,-0.016912159645254433,3.286998287688192e-05
2022-10-03 00:00:00+00:00,-0.025359799891077832,-0.013188976377952688,0.0,0.010456767935494816,-0.013672063739546058,0.0244386125859249,0.012644124065663107,7.653043047972652e-05
2022-10-04 00:00:00+00:00,0.026780464933407896,0.030058689512530545,0.025883947546031072,-0.015146935460998791,0.009685754876977735,-0.001162035721859224,-0.0023304792096872744,0.0001040192229988
2022-10-05 00:00:00+00:00,0.02515312984451277,0.03623483844664155,0.030583700111188827,0.01684289426545984,0.0033397063250420814,-0.002156720261511768,-0.006891242415422383,9.287704303617694e-05
2022-10-06 00:00:00+00:00,-0.00418762123774552,-0.009000147543402393,-0.0020179744811957834,0.016882088687252293,-0.015534738969853957,-0.009472758450439977,0.000978313721805923,0.0002329282312607
2022-10-07 00:00:00+00:00,-0.01355953385899115,-0.009727047146401935,-0.010245078344716774,-0.010014194968219559,0.008759703683569708,-0.005172703584906756,-0.016763229789543078,0.000106340282548
2022-10-08 00:00:00+00:00,-0.007602464451233848,-0.021704921319033676,-0.028003589245083504,0.007629134239358336,-0.008445617085712408,-0.014985818358083592,-0.00244477924220512,0.000165461350726
2022-10-09 00:00:00+00:00,-0.009888148680421538,-0.005875753679389861,0.0,-0.0034698014993250533,-0.002642453020777969,0.0052860167864516635,0.00223941462458248,9.580567299183328e-05
2022-10-10 00:00:00+00:00,0.010095156169896232,0.0012264121775513726,0.0,0.0033222142655193075,-0.008152616133366996,0.0020103010248801335,-0.0006137959175578581,4.122203750278608e-05
2022-10-11 00:00:00+00:00,-0.046699457068081006,-0.015748841996911955,-0.007492458086744369,0.008036679708272577,-0.005532074437427821,0.035251177279596924,0.0043383723326578805,6.941963418638508e-05
2022-10-12 00:00:00+00:00,-0.011923859508409861,-0.003608031792512012,-0.006519229651283376,0.0055656859153495625,-0.004407358217087576,0.00328689439146883,-0.002852784402520637,7.262575483224509e-05
2022-10-13 00:00:00+00:00,-0.0006895590521450278,0.004880608764104011,-0.0032907569019515748,0.007929280271226635,-0.003911675309808049,-0.0016744708167425464,-0.004161758211089483,0.0001781390298767
2022-10-14 00:00:00+00:00,-0.01216303176373151,0.01135888865677881,0.025965675434648228,0.0036189941282101616,0.0075017620275220406,0.010424888186531488,-0.002141447339202674,0.00015844390965
2022-10-15 00:00:00+00:00,-0.0038500914076122104,-0.010374118922826803,-0.023662705624933444,0.0006716537210721854,0.008445180347717707,-0.016622927114057037,-0.005056020929707405,0.0001611951934559
2022-10-16 00:00:00+00:00,-0.0013725066586506517,-0.0054371080012104445,0.0,-0.008933491391119364,0.011840282556122772,-0.013619109475959656,0.013316920562829427,-5.434046938468384e-05
2022-10-17 00:00:00+00:00,0.011814005904129777,0.010047008457325202,0.0,-0.007500787192577008,0.011676139965815381,0.017570926546449338,-0.006193166235042136,9.775244520526805e-05
2022-10-18 00:00:00+00:00,0.013120238005954344,0.014995922480378399,0.026480085513260976,-0.01250966744876747,-0.012220213637769551,0.00548067726296746,-0.010650270841387633,1.837008560734432e-05
2022-10-19 00:00:00+00:00,-0.013625362528818786,-0.01124325762770828,0.011427561549232745,0.01981322760368498,0.020806934467071804,-0.004749438254725734,0.013358182508916495,0.0001013789506625
2022-10-20 00:00:00+00:00,-0.030825460232594602,-0.010568865839583053,-0.006672078882144605,0.014530970788499964,-0.015213531622400446,0.022340223929458114,-0.009667196006808567,0.0001464974084928
2022-10-21 00:00:00+00:00,-0.012239327610375746,-0.004289443261650816,-0.007950941231232078,-0.005929737289421233,0.023318058182392496,-0.0024851115760362794,-0.007104223613538241,6.924524878892946e-05
2022-10-22 00:00:00+00:00,0.016799230509182327,0.006104640472400336,0.023724828003862664,-0.014546909229001525,-0.011613522525083964,-0.014988890614876184,0.010377212300312388,0.0001875959286454
2022-10-23 00:00:00+00:00,0.003597491862097524,0.0023079855254843906,0.0,-0.019773100689735257,-0.003711827765015085,0.012242132091735192,-0.016866292181783926,-4.5216542457149345e-05
2022-10-24 00:00:00+00:00,0.03095977906348873,0.019046527499205546,0.0,0.026779861347448454,0.025922045629190562,-0.013546326099445331,0.01373691439437854,9.281204127420396e-05
2022-10-25 00:00:00+00:00,-0.02507531674956775,-0.012402419136329557,0.011881953234294862,-0.008798455651245193,-0.0006988011548627153,0.018621706197428846,-0.018122675914771746,0.0001451607138318
2022-10-26 00:00:00+00:00,0.05634158357275467,0.03883404682655134,0.01626664981276371,-0.01653921124910683,-0.042722705944482575,0.030435048747096967,-0.010091846842965067,9.266179817890574e-06
2022-10-27 00:00:00+00:00,0.024606649119931955,0.03438258347742451,-0.007387713747470381,0.01601240697269415,-0.021218460442131604,0.001256162283238882,-0.02207642912918011,0.0001206897070538
2022-10-28 00:00:00+00:00,-0.02309213364363151,-0.022776431596036262,-0.006082598026418751,-0.009927309749532442,-0.002862699261242607,0.010802927330321399,0.002013189973674192,-0.0001014791731226
2022-10-29 00:00:00+00:00,0.0305000981497223,0.014655788617485399,0.024626375646783716,-0.006747404497300536,-0.006582755373020381,-0.007917843668338097,0.0016337962877398526,7.695029900833816e-06
2022-10-30 00:00:00+00:00,0.02625472718028492,0.010392172104864317,0.0,-0.006900492683080149,-0.00025462255984969387,0.010147909870912162,0.004582546147730949,0.0001271529060469
2022-10-31 00:00:00+00:00,-0.02050221647331453,-0.00870811234474711,0.0,0.005755888497292406,0.015390463846120105,0.029594129017722026,-0.008482825343428523,2.5526107969353617e-05
2022-11-01 00:00:00+00:00,0.0015314816970339207,-0.0064805293079026605,-0.007454384193014141,-0.00178130166195325,-0.03555116010062069,0.027345416700203806,-0.0008990398925563083,-6.110652905388925e-05
2022-11-02 00:00:00+00:00,-0.009373512470734124,-0.0004833512352310221,-0.00410126085362017,-0.0034378894054166277,0.008901477759665322,-0.0005011656707686121,-0.006682192760394145,7.583796565668877e-05
2022-11-03 00:00:00+00:00,-0.018252799722835392,-0.016217193155562915,-0.025001944970306722,0.021456896009391314,-0.03378458854575286,0.030752361310399625,0.023005155845503868,7.23174703245455e-05
2022-11-04 00:00:00+00:00,0.030223997875543137,0.002959270311468254,-0.010585979163175718,0.005899739361233492,-0.013345344691443283,-0.01665681908444161,0.01979817313371197,-4.736216296918894e-05
2022-11-05 00:00:00+00:00,0.08810418716799943,0.04643138264429658,0.013618682272863003,0.01178098113717399,-0.03630306877440842,-0.026960772007643782,0.017680065402656583,0.0001521852209791
2022-11-06 00:00:00+00:00,-0.00616559221387419,0.007205169934145994,0.0,-0.017235971813350882,0.02604086362939644,0.004923799928916605,0.0055077078920485745,7.678619024931166e-05
2022-11-07 00:00:00+00:00,-0.045556205398296884,-0.018313848350626438,0.0,0.002326878734092895,0.0033295163410194326,0.022181616252551772,-0.0044255210499130684,2.8504760318792677e-05
2022-11-08 00:00:00+00:00,0.005607348877783691,-0.015377990430622046,0.00961398204505981,-0.02137439939376251,0.020470262911088954,-0.007169053879428943,0.023474521326019925,0.0002959106404627
2022-11-09 00:00:00+00:00,-0.1316317919699006,-0.09935564129726993,0.005597877482399927,-0.006562586281896168,0.024061237106446753,0.05167953620604482,-0.0493197916385863,-3.8626050220758046e-05
2022-11-10 00:00:00+00:00,-0.1864720621832673,-0.14184741556059133,-0.020777877333723382,0.008848046937252801,-0.002755579225694693,0.08157412340577322,-0.011692636969586417,-0.0005627976423755
2022-11-11 00:00:00+00:00,0.20025216811787783,0.1058157812008802,0.05543447234545429,0.06176300634313575,0.16241670461806448,-0.16481740252411703,-0.00030534796085918137,-0.0010661295523849
2022-11-12 00:00:00+00:00,-0.02701473147794442,-0.030117125312713267,0.009240793960120008,-0.014990468775559918,0.006307536543643442,0.006231558262892723,-0.010760593307974475,-0.0001295808172867
2022-11-13 00:00:00+00:00,-0.0454809144028944,-0.014737693674047092,0.0,0.012987631739527772,0.010778766051099665,0.046804852947484335,-0.017734315996696545,-0.00014050640136
2022-11-14 00:00:00+00:00,-0.019636344419045285,-0.028898845117184102,0.0,-0.03410156069967503,0.042285572635801905,-0.010920985695881534,0.039044881189291704,8.71655907030977e-05
2022-11-15 00:00:00+00:00,0.017540899625391307,0.017400681322451872,-0.008935794015923149,-0.025805475387776045,0.018424205509303196,0.014394283496959991,-0.027070876420957936,-4.146971622931428e-05
2022-11-16 00:00:00+00:00,0.012388004522614075,0.017048876255630674,0.008713121485880437,-0.010394941230047227,-0.016991253629046254,-0.003378592065568342,0.0008180482351775702,-0.0001529755220179
2022-11-17 00:00:00+00:00,-0.02141579026542806,-0.014074832872462029,-0.008252061136399536,0.010218297346265491,0.008850910135878663,-0.0066287256298638055,-0.00428177653589501,-9.281327347809842e-05
2022-11-18 00:00:00+00:00,-0.00476543829425727,0.0018918237180642894,-0.003089327799655983,0.045868612437076274,-0.017158227270437455,0.015652159701548696,-0.015204893569254429,-6.843274833401303e-05
2022-11-19 00:00:00+00:00,-0.00014709214218822838,0.00045557813464736086,0.004758574556069206,-0.003067215772418486,0.010740335351170693,0.010361052294937289,-0.004502228171679046,2.3342792717873095e-05
2022-11-20 00:00:00+00:00,-0.0014429557773228741,0.00019173502219937966,0.0,-0.001926510980730134,-0.008838969776529804,0.011899032974279567,-0.0026159407561937575,-3.277446099470005e-05
2022-11-21 00:00:00+00:00,-0.05904247550097396,-0.02517836924680561,0.0,-0.019106614542499484,-0.02271161195861726,0.0443853688514108,-0.019625728189457584,2.5759688850435225e-05
2022-11-22 00:00:00+00:00,-0.017832793049914305,-0.030701916104371785,-0.0038836518432215916,0.013901631974136585,0.020402513570952418,-0.009574193010134978,-0.009766332735858118,1.802190265642878e-05
2022-11-23 00:00:00+00:00,0.04003939848974012,0.028377607303620156,0.013579953113211918,0.017482662649612825,-0.002265790263602699,-0.001218009391278585,-0.02155157381088184,6.759763415020714e-05
2022-11-24 00:00:00+00:00,0.04926625655056946,0.02313108023131072,0.0059147063378277576,0.018003313839964896,-0.041665941405028925,0.005716781222606701,-0.0036002009436023816,7.213321250265636e-05
2022-11-25 00:00:00+00:00,0.0010294876706776238,-0.0002048711119679858,0.0,0.015541034754426407,0.011971151061450325,-0.0020087421677810417,-0.023538656048997696,4.475566143002929e-05
2022-11-26 00:00:00+00:00,-0.006934729970787967,-0.0045984908753406994,-0.0002830708720074071,-0.006664953842898003,-0.014199277192286596,-0.012681186323178585,0.0011728817129635465,-2.9783619548418017e-05
2022-11-27 00:00:00+00:00,0.012899546742438258,-0.004050593057682961,0.0,-0.006799491795649291,-0.0046065332227053,-0.025184849574844705,-0.006132177167646336,0.0001111235502955
2022-11-28 00:00:00+00:00,-0.0028351006773392677,-0.0016170999197531177,0.0,-0.02721670869871735,0.020302147775748302,-0.0001650063255661527,0.023815740204231717,-5.0561165822804455e-05
2022-11-29 00:00:00+00:00,-0.01187099566262911,-0.01328047933944676,-0.01544414970244301,-0.010585817304624089,-0.00958765333847682,-0.03925633259691581,0.012871224243110335,6.685459093169754e-05
2022-11-30 00:00:00+00:00,0.015382825966716362,0.014113363571847337,-0.0015918505325509535,-0.01866480129524901,0.008938853355796273,0.008958906068905703,0.00130035088131528,9.879719346539416e-05
2022-12-01 00:00:00+00:00,0.038958309025463385,0.04381982815276375,0.030947814727501077,0.004783402081577744,0.00019449869959697885,-0.01681979779771741,-0.0015035797785777558,0.0001533202952967
2022-12-02 00:00:00+00:00,-0.011979073161957232,-0.010656841540694795,-0.0008676236670089876,0.017421647142222475,-0.031077966335366636,-0.011275382073767016,-0.00373544933494796,-7.368127277807002e-05
2022-12-03 00:00:00+00:00,0.013520799442430342,0.0066291505848383725,-0.0011946317615054713,-0.013090033702419278,-0.00790120851266376,0.023075959639440112,0.02581967978660022,6.2709398020111e-05
2022-12-04 00:00:00+00:00,-0.024425350051215,-0.011912427559562122,0.0,-0.02141409179826386,0.00686661916044997,0.011188971541099258,-0.008371227168705708,5.420224161056808e-06
2022-12-05 00:00:00+00:00,0.01844391992218879,0.013033561420658257,0.0,0.014393683879776487,0.020800339513079424,-0.004750963112278739,0.009856864481918805,0.0001025608196667
2022-12-06 00:00:00+00:00,-0.007581995355443039,-0.008257551390391527,-0.017894245646781326,0.009495043782951273,0.005732563072479558,-0.0011540770878972553,-0.00918287538193987,4.4008809829021445e-05
2022-12-07 00:00:00+00:00,-0.0045274968675061015,0.007093871437584998,-0.014399175760970717,-0.020053669278009,0.014504724643203204,0.024834873356916653,-0.021512731279336308,0.0001399492505416
2022-12-08 00:00:00+00:00,-0.03476611674650875,-0.014673333879826167,-0.001862348589029894,0.015110795480602922,-0.016504560605312288,0.029023267569367083,-0.0170768961024113,-4.805053954648475e-05
2022-12-09 00:00:00+00:00,0.025664334081477013,0.023056810078440737,0.007521759466384781,0.0007554987352705669,0.009451721744872719,-0.008650269330783101,-0.006359876767887275,1.6288088573457316e-06
2022-12-10 00:00:00+00:00,-0.011106727178051811,-0.005460037174721211,-0.007349546235533633,-0.01206676010968666,0.005260684990018237,-0.0010758031056263828,0.011798697223726307,-1.807043576329548e-05
2022-12-11 00:00:00+00:00,-0.0038535361066792005,-0.00011680878402053896,0.0,0.0035361474838838678,-0.008898119290012852,0.01276246324095094,-0.008576237074773974,3.5862903561501014e-05
2022-12-12 00:00:00+00:00,-0.01998291433965786,-0.002494158878504682,0.0,0.0030542346814485186,-0.015015232423405543,0.006438216508108363,-0.025831323708402736,3.198151170291652e-05
2022-12-13 00:00:00+00:00,-0.006435128674934965,0.007184976547814914,0.014279251114533986,0.008092397392390581,-0.006589106573674019,0.0017924579576613865,-0.014839256728047178,5.719120252756227e-05
2022-12-14 00:00:00+00:00,0.02428544042578636,0.033552325581395204,0.007289703700733785,0.0009940534265019188,0.0026290515838849546,0.008869860641357221,0.007374431075374433,-0.0001944092891416
2022-12-15 00:00:00+00:00,-0.01855954018849554,0.0015075574756289178,-0.006052765788066128,0.01889059417387995,-0.007155985672461673,0.009689822536495928,-0.0072530526917277145,0.0002048295944137
2022-12-16 00:00:00+00:00,-0.024990827917182937,-0.02539331270114986,-0.024921658340258168,-0.004016226418109548,0.007847955705189102,0.0043945548329283185,0.015635964370414368,0.0002633863709842
2022-12-17 00:00:00+00:00,-0.0997654391438544,-0.04193801219470028,-0.011137778348199956,0.03390466191649777,-0.0008989139723655226,0.01783327883295685,-0.0318689720250363,0.0001026028618844
2022-12-18 00:00:00+00:00,0.02103508245977203,0.008656107699063442,0.0,-0.01981017748388414,0.023254848528719774,-0.013992531784541538,0.015950940223317757,0.0001851225675784
2022-12-19 00:00:00+00:00,-0.010816293988055118,-0.0022483301526717847,0.0,0.012572044377769176,0.009257745209278358,0.01745208239426841,-0.017588214903072143,3.9271771709925574e-05
2022-12-20 00:00:00+00:00,-0.039620405027508784,-0.01799728636067488,-0.009007465553582783,0.012071970087277957,-0.013810724650981251,0.013767331042428908,-0.029746235727054173,0.0001025311570275
2022-12-21 00:00:00+00:00,0.04018949717114048,0.027877194263871585,0.0010372846193742458,-0.007327780538226802,-0.002264132207589628,-0.013974279363682032,0.009895787312985814,1.171699267499271e-05
2022-12-22 00:00:00+00:00,-0.010602330419156465,-0.004003031882135688,0.014868040255179737,-0.0114432348130191,-0.014908067682506453,0.007105755633363953,-0.00935892747074525,-2.459207379068573e-05
2022-12-23 00:00:00+00:00,0.007239453806382342,-0.00024376322861419109,-0.014451686760656446,-0.007457602520970207,0.011739414656552238,-0.007291549161277788,0.0007325648503533127,0.000174389991429
2022-12-24 00:00:00+00:00,-0.001803452795838593,-0.0023252356456839873,0.005868056373107056,0.004451948266405314,-0.010713183992782316,0.0068311322682585995,-0.012796994361096868,2.0897446987744317e-05
2022-12-25 00:00:00+00:00,-0.0049229929282659755,0.0031293960563649748,0.0,0.005562847604650244,-0.002397809142021634,0.008443895700028459,-0.00726043236365892,0.0001980872626157
2022-12-26 00:00:00+00:00,-0.0016392295461648664,-0.00026739715608270487,0.0,0.002993725304122852,-0.017314768485343347,0.016494027042009217,-0.010494724187988668,6.957495363502098e-05
2022-12-27 00:00:00+00:00,0.013801342616589666,0.005260217303440173,0.0,0.010610556625501812,0.0033463693517716605,0.016925532659347577,-0.0064406622140389825,2.2602146740879903e-06
2022-12-28 00:00:00+00:00,-0.010703138148702754,-0.012694452163733105,-0.004049604402806883,0.0028193362868500268,0.0014931221893793364,-0.0009422167374474773,-0.0017322905415226627,7.662037551270373e-05
2022-12-29 00:00:00+00:00,-0.03738373776999677,-0.009533961744379704,-0.01202063067180259,0.02871454645147202,-0.018273372862347717,0.022863962968806505,-0.020848846764085605,0.0001286196095255
2022-12-30 00:00:00+00:00,-0.0009956527750899723,0.0055202853860572,0.017461316021801565,-0.004562912735172153,0.0064568364738395,-0.015454587894859696,0.009995324418072115,-1.57811838147337e-05
2022-12-31 00:00:00+00:00,0.0007619341866179556,-0.0017498181031009308,-0.0025407348906808513,-0.000787387540826745,-0.002952282489008895,0.0027980456477294077,0.0008112604844732639,0.0002334798021106
2023-01-01 00:00:00+00:00,0.001672622274926505,-0.0038310483579501176,0.0,-0.00017685309547805757,0.0042974674148621664,-0.0006319954635222613,-0.003971051283408,9.08838182960281e-05
2023-01-02 00:00:00+00:00,0.007221890963271527,0.004396042956656299,0.0,-0.006642075875874953,-0.006699010483722811,-0.001154094877579048,0.007215475574165643,0.0001234433496251
2023-01-03 00:00:00+00:00,0.017934982540859352,0.0033533409992594354,0.0,0.0022266181970285633,-0.0033713878860127874,-0.005599014240777578,-0.0002355000903458311,4.591919237340037e-05
2023-01-04 00:00:00+00:00,-0.0019272645146048391,7.20028801153294e-05,-0.004000520901158988,0.006226470945153184,-0.0069160384788099945,0.002618740993016089,-0.0003716774218429864,0.0001414609780518
2023-01-05 00:00:00+00:00,0.04917134493162842,0.010493664202745334,0.00753894993384141,-0.030136902618652293,0.042896007885848686,-0.061059110793716086,0.02949244524195516,6.522610260240036e-05
2023-01-06 00:00:00+00:00,-0.016569420599697585,-0.0010865628395508864,-0.01164556173549236,0.004450056357804443,0.0072041953513695585,0.010174914200360608,-0.008776750653536426,8.593291869396502e-05
2023-01-07 00:00:00+00:00,0.01818590240087238,0.007132752410276,0.02284078674404566,0.023605266454169403,0.015406765544543344,-0.027339273523712928,-0.011530648227129615,4.140708385480529e-05
2023-01-08 00:00:00+00:00,-0.001988820350139623,-0.00043083605802707314,0.0,-0.006146409713939938,0.004337885606053482,0.0032869208648891534,-0.0058168462197619505,0.0001131294235148
2023-01-09 00:00:00+00:00,0.036435880884418397,0.011112095179051096,0.0,0.002713833439201979,0.010510638956975037,-0.03313469733914625,0.02491071012719486,-4.504337838606709e-06
2023-01-10 00:00:00+00:00,0.02849814422641539,0.002627783260436667,-0.0007676350678290644,0.020151230110627295,-0.0338559859870839,-0.046084091355389795,0.023716900287392262,0.000204633807699
2023-01-11 00:00:00+00:00,0.011456585572482058,0.01509053740018751,0.006978255898501873,-0.005409714561967238,0.011664892078503764,0.0012545944003050646,0.006869710294657992,0.0001561549867699
2023-01-12 00:00:00+00:00,0.041330123560024766,0.029084044799412512,0.012849397206098123,-0.014848974921397386,-0.031173890778381952,0.028730789066059016,0.03514905061581862,-7.458250307201819e-05
2023-01-13 00:00:00+00:00,0.021028852857416534,0.05030748730186163,0.00341595270064321,-0.01733477851430696,0.02456973249309786,-0.0038917089760678314,0.00899851479078979,3.437701510589086e-05
2023-01-14 00:00:00+00:00,0.04363766892872592,0.057660048837456346,0.003996816605869258,0.022500068639218537,-0.03233620423357913,-0.027622994364153268,0.030692190353936694,6.0015497474807944e-05
2023-01-15 00:00:00+00:00,0.06303152158175633,0.052127563465534266,0.0,0.0029544431175888286,-0.02079584249337354,-0.053782265839984286,0.03129625469365104,-0.0002202165352584
2023-01-16 00:00:00+00:00,2.2618559363770293e-06,-0.0038210544392923707,0.0,0.004101102621713527,-0.007339468270918092,-0.014725484958494994,0.02975998931562085,0.0002191970338791
2023-01-17 00:00:00+00:00,-0.002046535801570082,0.014634122982181363,0.0,0.005603502401093285,-0.0246203946123281,-0.0030281337957386964,0.005897625192278722,0.0003227278219193
2023-01-18 00:00:00+00:00,0.0016545744669729764,-0.002709042254451677,-0.0020304619300891558,0.0007486603489848199,0.011783860597384944,-0.006005810835462278,-0.003231106404558926,0.0002483356015132
2023-01-19 00:00:00+00:00,-0.05173759864569191,-0.02133841909241918,-0.01556263264319191,-0.0144454862401028,-1.7550046429337662e-05,0.02190255683285016,-0.012492625197911347,5.217752126229769e-05
2023-01-20 00:00:00+00:00,0.02393771631888906,0.018776595744680824,-0.007638348019527341,-0.008908191221335262,-0.00012074879535006744,0.0045136265186175965,-0.006723827786328497,0.0002915722391192
2023-01-21 00:00:00+00:00,0.0724095877288097,0.07560173340990972,0.01891839901509429,0.03944194175701977,0.02277284803136275,-0.034729110914214836,0.0150915620423802,0.0001956392156334
2023-01-22 00:00:00+00:00,-0.011519890704112095,0.005330720927051225,0.0,0.014671139126990406,0.0030822495170274005,-0.002483610060531837,0.01235093669383731,8.103067774212214e-05
2023-01-23 00:00:00+00:00,0.021742334131307793,-0.00339304447829214,0.0,0.02785666322575881,0.0029025694643578515,-0.0429591289862836,0.039090979834729395,0.0001579185983859
2023-01-24 00:00:00+00:00,0.017703249235045012,0.009183161121534944,0.011881357596139619,-0.017256627231038536,0.02355698838179665,-0.0053710108879041485,-0.005230842805163947,0.0002397585863866
2023-01-25 00:00:00+00:00,-0.046787899626729614,-0.012468849697334639,-0.0007114764130643492,-0.017410303187954584,-0.013233406769955484,0.035713291956324535,-0.020220534059815033,0.0001621858653702
2023-01-26 00:00:00+00:00,0.03737404360427243,0.0191449304825122,-0.00018172991946630024,0.015330570864001199,0.024520652397791266,-0.021718503771604603,0.020991290352298676,5.286703015761063e-05
2023-01-27 00:00:00+00:00,0.0035168490623067447,-0.0025454671604380197,0.011007863115068517,0.0106242306935314,-0.02221654134783515,-0.010428817267148283,0.014170532913381974,0.0002254365180631
2023-01-28 00:00:00+00:00,0.02833502460823855,0.0028736756528808804,0.002494809663015962,0.043849683829704715,-0.05886126690301666,-0.04179478810124648,0.023441264530398985,0.0001099383490936
2023-01-29 00:00:00+00:00,-0.016451216083671512,-0.002258539968787887,0.0,-0.01635862778210826,0.009931793888584915,0.014396360970827327,-0.009452739463021519,0.0001342291340955
2023-01-30 00:00:00+00:00,0.031150142165417744,0.0314738941340551,0.0,-0.009290696418469621,-0.0031902025332785737,0.005014704318671768,-0.012872969313481829,0.0001035824172508
2023-01-31 00:00:00+00:00,-0.058224102966563517,-0.03876951849808119,-0.012968731575016657,-0.023411011062118778,-0.014166164927335786,0.03419047825532183,-0.0254841757335506,0.0002424531840412
2023-02-01 00:00:00+00:00,0.018778528834721604,0.013124509748070778,0.014642450911824145,-0.005223543726412316,0.007167975506876756,0.0009587444350415801,0.0009135153263506897,0.0001090028311367
2023-02-02 00:00:00+00:00,0.04061862801884737,0.026410720001384114,0.010452337732424155,0.03849963881615333,-0.013623438773285867,-0.03974767046885814,0.027323858396264146,5.7130973298846754e-05
2023-02-03 00:00:00+00:00,-0.006188069980407011,-0.009983143699957897,0.01469942051995421,-0.015874199602640648,0.021400330317327534,0.01656125666132797,-0.019933852935650198,4.583569762650619e-05
2023-02-04 00:00:00+00:00,0.02995212779860399,-0.002911493161821932,-0.010354661511665864,0.03396674171259288,-0.0011523585486878478,-0.040213960822580885,0.03373298551647292,0.0003851448077782
2023-02-05 00:00:00+00:00,-0.006419679645002548,-0.004358647069119481,0.0,-0.023294067301545728,0.005041713997566188,0.0063635454402633405,-0.011900902192770468,0.0001045629608211
2023-02-06 00:00:00+00:00,-0.03134500251435553,-0.01686775916921779,0.0,-0.01616725860921104,-0.011260077158277107,0.02697005784800372,-0.016806787186174656,0.0001179481526489
2023-02-07 00:00:00+00:00,-0.017373389467809485,-0.007479545732079651,-0.006140486597300043,0.003017527953473653,-0.007525093164368314,0.004339642315900562,-0.0016659740360900344,0.0001713605456052
2023-02-08 00:00:00+00:00,0.04767647731590707,0.020933574130953314,0.01287252984617182,0.02020022267706892,0.01566721342505821,-0.03470555843386767,0.02186351665193737,0.0002255992849777
2023-02-09 00:00:00+00:00,-0.024622859990029836,-0.011973779918309613,-0.011080691642651352,-0.02383559339601662,0.053747908677066226,0.026618410715909716,-0.022844348318486207,9.73696304389371e-05
2023-02-10 00:00:00+00:00,-0.08500291824524024,-0.05064057606105621,-0.008829829085981511,-0.08606080626510557,-0.040825384637906414,0.07775038745262879,-0.062080407575877634,0.0001135075075306
2023-02-11 00:00:00+00:00,0.005683785714039261,-0.008020776932465945,0.0021952713463186946,0.03617422886981014,0.032728684887993964,-0.03023373345471849,0.033185691511038604,0.0001733844437192
2023-02-12 00:00:00+00:00,0.01227655689631025,0.01076387925212563,0.0,-0.00037351660308422227,2.114539476907179e-05,0.0006508153502360337,-0.008481321545728093,0.0001662295881705
2023-02-13 00:00:00+00:00,-0.019078136356153328,-0.003670262181197481,0.0,0.00025486795943439194,-0.005854272785759829,0.01801723610879795,-0.012098541528376618,7.893811211912016e-05
2023-02-14 00:00:00+00:00,-0.008294566959137528,-0.0002250690135086053,0.011448590134117032,-0.049680966930887416,0.02878652241803721,-0.02547734618263562,0.032960763958177354,6.167359896447344e-05
2023-02-15 00:00:00+00:00,0.040419761200941935,0.01935110400529272,-0.0002803767683676739,0.031655835256737944,0.028683816386927456,-0.03917973087630147,0.0034326080318749508,0.0001839281017492
2023-02-16 00:00:00+00:00,0.07288044466000686,0.09668550618819682,0.0027731236687436045,0.010835302440016029,-0.01090545262707475,-0.007038866789848053,-0.010322205902562456,-0.0003687444739918
2023-02-17 00:00:00+00:00,-0.048697745415947145,-0.03312428593738437,-0.01378869707782826,-0.027023348106045425,0.015038070011774457,0.02538037351351377,-0.004829783835909304,0.0002485175775903
2023-02-18 00:00:00+00:00,0.08410829984203458,0.044838608213681574,-0.0027674487398573477,-0.03715561711543462,-0.05846886759738385,-0.08979687646217135,0.14017598064782505,6.554708688177868e-05
2023-02-19 00:00:00+00:00,0.0132023783673569,0.0022537273966194427,0.0,0.004176904760426047,-0.007762290499212843,-0.009041774715985863,0.01360733532431524,0.0003366972970799
2023-02-20 00:00:00+00:00,-0.0015395669914732475,-0.015058712743892255,0.0,0.01857722385967466,0.03877866399029191,-0.028693161240025876,0.003685602211610472,0.0004018777793524
2023-02-21 00:00:00+00:00,0.023517010133573064,0.02406669441479603,0.0,-0.013531879251616093,-0.008764965825845229,0.0017819419825564342,0.018219417179342653,-0.0001112822876809
2023-02-22 00:00:00+00:00,-0.026792068805981714,-0.016358214721186037,-0.020041234687148357,-0.030762787042730236,-0.00401404597810202,0.022078364652436868,-0.014096189406016,0.0004455661458295
2023-02-23 00:00:00+00:00,-0.011897981652508504,-0.011131839269496124,-0.0015735464083616035,-0.023994322884192343,0.00027486568033894057,0.020045018667107194,-0.01467495795160574,0.0002300508914296
2023-02-24 00:00:00+00:00,-0.013277295613678245,-0.010032559274842479,0.0053294245875146196,0.00803361949605206,-0.01780334774410708,0.00903355465238962,-0.008295137224817851,7.509606550115677e-05
2023-02-25 00:00:00+00:00,-0.05049844807596583,-0.03147671425228182,-0.010537544363360851,-0.03141316307880013,-0.02961283343829013,0.046427825521016916,-0.01053218053213463,-5.085722585063124e-06
2023-02-26 00:00:00+00:00,-0.00905883426381331,-0.0012685755708589097,0.0,-0.006769743020377961,-0.017178363085262972,0.019446784891018764,-0.0013448403508106825,8.926589261348816e-05
2023-02-27 00:00:00+00:00,0.02521137170058056,0.017242571134786555,0.0,0.006982774345056033,0.017792682225764977,-0.020087417078053973,0.003888473390908722,6.139413194383714e-05
2023-02-28 00:00:00+00:00,-0.010718324749517038,-0.0027733772769936715,0.0030730168965551474,-0.0008561477173356855,0.004261344386278275,0.00967122177544677,-0.00338402006015932,0.0001098744455552
2023-03-01 00:00:00+00:00,-0.02093842820085999,-0.014923339011925107,-0.0030359797500902896,0.0068240743150989915,-0.01819648069207287,0.023023254972688714,-0.0007875277629651144,3.604363271803024e-05
2023-03-02 00:00:00+00:00,0.03766119014016784,0.021193622025456493,-0.004725262269687613,0.022950940318781223,0.018701315714254686,-0.03531237230795763,-0.0045736209552228665,0.0001042143477705
2023-03-03 00:00:00+00:00,-0.019652141228507017,-0.006888288639192552,0.0075821419804169565,0.01011401409778676,0.006542324240229137,0.022049856385544173,0.0024691250689541384,9.85385799325833e-05
2023-03-04 00:00:00+00:00,-0.03642215650346655,-0.04750374087163367,0.0161477890665227,-0.007725944395958438,-0.038883443588421905,0.024828809407941903,0.019267554622464964,5.243910337271451e-05
2023-03-05 00:00:00+00:00,-0.022859963033982477,-0.000317775748786997,0.0,-0.0089149761290791,-0.0012149370723467008,0.027906991138927074,-0.01988135908028863,2.0766249033021825e-05
2023-03-06 00:00:00+00:00,0.0034771647498948047,0.0037473640852985213,0.0,0.01109953620175761,0.012923661859586022,-0.017108976647957498,0.0019254383459664124,4.350386541185358e-05
2023-03-07 00:00:00+00:00,-0.002136394019298312,-0.000994674255332617,0.0006871595099910977,-0.007935237837197096,0.010950541944749627,-0.0066391706462272096,0.005180249387194324,8.72615719738068e-05
2023-03-08 00:00:00+00:00,-0.007383888535701325,-0.00937621388483334,-0.015326967063694075,-0.004853063393360114,-0.005018687623405071,0.013865175694162369,-0.009651232146403245,2.9214701966706613e-05
2023-03-09 00:00:00+00:00,-0.04810360921566383,-0.022161526292304834,0.001414821002566402,0.004446326136469982,-0.05168953768796701,0.06522780139744107,-0.06500643172706377,6.0603026648786695e-05
2023-03-10 00:00:00+00:00,-0.054792163522202036,-0.06209150326797397,-0.018459372596762003,-0.005491460194877271,-0.009887621681035075,0.004556646361066674,-0.008405936242079436,0.0001554680448037
2023-03-11 00:00:00+00:00,0.0034492740371704356,-0.010221984146095764,-0.014478143694236278,-0.009397589389787919,-0.016019813920066395,-0.007030383095893789,0.036804004111532417,-0.0002060889075663
2023-03-12 00:00:00+00:00,-0.019207021168872216,0.015243069864897762,0.0,0.019788885434339522,0.002434947120030829,0.04120823202133113,-0.013963865619301031,-6.979329498801867e-05
2023-03-13 00:00:00+00:00,0.08760514412410982,0.07526177050270699,0.0,-0.06472034443970132,0.028271640078232657,-0.051635825912450174,0.0313860411938586,0.0001650142277271
2023-03-14 00:00:00+00:00,0.056998686631314535,0.09702904549217228,-0.0015097408062482165,-0.001361635710047035,-0.028013228336693577,-0.02315919665136481,-0.004334929202279084,-0.000369495088791
2023-03-15 00:00:00+00:00,0.021757141292409726,0.023342109081863294,0.016476647924144494,-0.027941566957171225,-0.0008967312411711122,-0.01075188489726464,-0.000837111905921329,0.0001728552849185
2023-03-16 00:00:00+00:00,-0.06936843388700868,-0.01598298389547248,-0.006980856226510457,0.05902532751848279,0.04682399972617805,0.06512938833733345,-0.03172799611554413,0.0003661139638748
2023-03-17 00:00:00+00:00,0.03251396648096445,0.02891963109354423,0.017561980816715783,0.00988610242895658,0.0036971878041871103,-0.015588974067868744,0.009301217517200033,0.0003294183440947
2023-03-18 00:00:00+00:00,0.07995744168858411,0.09578077981945055,-0.01101942286909019,-0.03371390696682748,0.008775882948095462,-0.03385912037153957,0.01945056455193836,0.000220948588504
2023-03-19 00:00:00+00:00,-0.032185621606716334,-0.017418930762489016,0.0,-0.0015353666715018505,0.012136122351640966,0.02619599965439936,0.0019386448442807007,-0.0001608897168392
2023-03-20 00:00:00+00:00,0.024644609928598758,0.038974987921358784,0.0,-0.0194921550041828,0.0017497252513615433,-0.000674110460726407,-0.021275990454295755,0.0004494075151704
2023-03-21 00:00:00+00:00,-0.03385173075766391,-0.00899995349785565,0.008918358593079878,0.049608671518824685,0.004805034911322309,0.013946438515789205,-0.0006466566576608865,6.179278974638436e-05
2023-03-22 00:00:00+00:00,0.052368153697993275,0.013969051512231045,0.012982181765728518,-0.05370754731494383,0.038380066995976736,0.0638456168962825,-0.04272864881225236,7.783603297117914e-05
2023-03-23 00:00:00+00:00,-0.04200164898977828,-0.0305185628188287,-0.01646318766285193,-0.018596119764187184,-0.022418048581722364,0.03110378564776744,-0.0002778452232395298,3.716141960130592e-05
2023-03-24 00:00:00+00:00,0.042645406156958124,0.03856604660385243,0.002984528711166279,-0.0059778930292974305,-0.0130089480814898,0.005743560803004352,-0.009397700810624875,-6.6062426193891355e-06
2023-03-25 00:00:00+00:00,-0.034689184587380885,-0.029882513496982344,0.0056398022650376856,0.007392321871801631,-0.008028368191816779,0.01368156586198526,-0.0058346440153810505,0.0001733475374618
2023-03-26 00:00:00+00:00,-0.011975776278854038,0.0003061347211439358,0.0,0.0268404786964447,-0.004172250684519183,-0.001241287557076842,-0.014937837835802981,9.300886464558287e-06
2023-03-27 00:00:00+00:00,0.020258051840747835,0.018471762249838708,0.0,-0.010177768710671577,0.011198416434044178,-0.003961147604973722,-0.007997457190252088,-1.9941126200184733e-05
2023-03-28 00:00:00+00:00,-0.03135533230495904,-0.030131321478269912,0.0016469444647304599,0.022060107572373915,0.04440328112820757,-0.024538824510100855,-0.009170838985006813,-1.219290406262452e-05
2023-03-29 00:00:00+00:00,0.026120607220320634,0.005078931838300438,-0.0015738410521103363,0.013750602836954305,-0.012678243511653496,-0.008537942159746174,-0.004346252425416773,4.432250081221056e-05
2023-03-30 00:00:00+00:00,0.03284029477327636,0.039956403189759904,0.014237259113583312,-0.008151094725560078,0.0006052164375318185,-0.013335985530659088,0.0087153990344691,9.868166819493318e-05
2023-03-31 00:00:00+00:00,-0.013481536613189508,-0.011415565396898253,0.0057152646227105475,0.007766733769574952,0.012258954308055481,0.02141803474604096,-0.012104886857228391,8.511989706994072e-05
2023-04-01 00:00:00+00:00,0.050376727629597176,0.01570230233803316,0.014436547571732294,0.07670998284201785,0.08433625245885729,-0.07635131744305629,0.09860042784021358,8.115754800930297e-05
2023-04-02 00:00:00+00:00,0.006193162902932118,-0.0003900909860867774,0.0,-0.0013978130382751534,-0.02015144035249885,-0.014799578183493133,0.026700235278271523,9.256262706625051e-05
2023-04-03 00:00:00+00:00,-0.014221390471312278,-0.009935381348483596,0.0,0.011139904535734813,0.014601418756299524,-0.0021412318431777606,-0.021665848422958912,9.496368784445151e-05
2023-04-04 00:00:00+00:00,0.017726134252054833,-0.013319744897234531,0.0036989178231867648,0.04235235104906199,0.0258739011643786,-0.056499995273943115,0.014522523505683437,5.25831306994462e-05
2023-04-05 00:00:00+00:00,0.008844935543042103,0.013283620227380055,-0.0057970522559043225,-0.048120360292104404,0.029415933405171988,0.01721823310592987,0.016939198113826825,-6.310432407474753e-05
2023-04-06 00:00:00+00:00,-0.002316814461916961,-4.262090129003582e-05,-0.0024923181973370845,-0.023513763537335385,-0.01879098166601263,0.01889024264775243,-0.005774594145479583,0.000179890544671
2023-04-07 00:00:00+00:00,-0.010013516590662725,-0.004660083824678529,0.003579129567424122,-0.0014769889446001553,0.003065986032403179,-0.004022203783553424,0.009983163414495056,-8.370089800191494e-05
2023-04-08 00:00:00+00:00,-0.007399249696217406,-0.004714018584866531,0.0,-0.005541477056009558,-0.009660778622105392,0.006224786820123529,-0.017139199287377328,8.44184766441991e-05
2023-04-09 00:00:00+00:00,-0.011180990547535682,0.0012262151900095386,0.0,-0.016776630032207175,-0.00757807683616438,0.012440618579374774,-0.003742770216409519,-1.5726692468742698e-05
2023-04-10 00:00:00+00:00,0.005341700911841348,0.013769073479224625,0.0,-0.0018982648800543343,-0.0015688021036108337,0.013719365256235782,-0.0006227550729478448,5.8227592285131635e-05
2023-04-11 00:00:00+00:00,0.03041500446059229,0.046405080997830916,0.0009963410653295313,-0.007498607541733905,0.015252443265829994,-0.015738459386031155,-0.006611873370848852,0.0001343642737621
2023-04-12 00:00:00+00:00,-0.0005366363329974385,0.01897168088417489,-4.137148920324574e-05,-0.01043216600667547,0.019773984330171256,0.025321679906000913,0.008804080845142549,0.0001807328956529
2023-04-13 00:00:00+00:00,-0.013819594410216312,-0.010273280525822326,-0.004134886369720592,0.00168713289638691,-0.021209658480496697,0.03516858466052493,-0.0023385652915203226,5.079890815840038e-05
2023-04-14 00:00:00+00:00,0.026962088860445245,0.01632468619246863,0.013262625398648753,0.012888327108014287,-0.018758759054292765,0.011429763476851519,0.005979011762094456,4.1712226155787846e-05
2023-04-15 00:00:00+00:00,0.02384114515718146,0.002977337325073215,-0.0020693547375681964,0.022550411510942812,-0.011985677336838751,-0.013336174660449139,-0.026903099876923294,-3.0434802034684516e-05
2023-04-16 00:00:00+00:00,0.007420713227338186,-0.005671015430284476,0.0,0.0062020992331185635,-0.027958128972318443,-0.01613986603741944,-0.00785024618092034,0.0001388185592627
2023-04-17 00:00:00+00:00,0.012207968899357595,0.00020475290947263858,0.0,-0.018488166031172426,0.003901671771512438,0.013703193052836182,0.009713394862295943,0.0002024887662162
2023-04-18 00:00:00+00:00,-0.021452239388754728,-0.028613314138926094,0.0033062325383550473,-0.011242527836180492,-0.02578955827363203,0.005805772577869628,0.011943236235457079,-2.2387826625669405e-05
2023-04-19 00:00:00+00:00,0.022729418590112956,0.032148198504418746,0.0008551496873283604,0.0031973018297990485,-0.012067662888902528,0.003707785439481224,-0.002471918258447347,0.0001457804247555
2023-04-20 00:00:00+00:00,-0.08584112050736523,-0.05172595485710896,-8.423849602978706e-05,-0.002761796847817119,0.0021947035782815955,0.0046931516338501456,-0.019326159957022096,-0.0001266142889496
2023-04-21 00:00:00+00:00,-0.02435769743063983,-0.019628339543880657,-0.005952552882162232,-0.00946821076579014,-0.010490972682853504,0.030379065977919083,-0.005212697819669331,0.0002627952005631
2023-04-22 00:00:00+00:00,-0.04249233592443199,-0.03462286440972162,0.0009031936248575789,-0.005061170382207526,-0.029050318296002752,0.030313138400229,0.0010226146771220579,7.853823484138545e-05
2023-04-23 00:00:00+00:00,0.036361350845497735,0.020354095954499662,0.0,-0.039959793622446636,-0.03325885611097608,-0.033262005988445906,-0.03777337365825697,-5.192649263408011e-05
2023-04-24 00:00:00+00:00,-0.017368432057125304,-0.008314393394516562,0.0,0.026890666396081668,0.020085954786406776,0.021794216800718358,0.01363987529025874,0.0001352094188877
2023-04-25 00:00:00+00:00,-0.008781052071764139,-0.002846678270960301,0.0008515744450250384,-0.008412163603367606,-0.01615743463545034,0.010579340076934039,-0.0038201081294003906,3.605663729766562e-05
2023-04-26 00:00:00+00:00,0.018063541511345305,0.028700790980998203,-0.015810821263512076,-0.004701622272735051,-0.02268421289607718,0.012248698379067903,-0.007984349941181312,0.0001089611184399
2023-04-27 00:00:00+00:00,-0.014947240649017838,0.003860471529022469,-0.003841213469789828,-0.0035140413346488996,0.0062350274279232565,0.0009130775745270318,-0.028455465562897197,0.0001719208896828
2023-04-28 00:00:00+00:00,0.01885716662748312,0.037438503445919924,0.019566123190639217,0.00442597544017498,-0.0036405555866377177,0.0049024025331790184,-0.0017510737332814066,7.94933629144623e-07
2023-04-29 00:00:00+00:00,-0.006102100696681608,-0.0053973318849926954,0.008253231286347917,-0.008701534886834894,-0.0021438059019021965,0.010797454377260384,-0.003949171781702665,4.006076260032465e-05
2023-04-30 00:00:00+00:00,0.0033002155543968054,-0.0029795221843003095,0.0,-0.0024825314104829576,-0.005537694780069313,0.0017495993627889784,0.00775302007197165,0.0002064214970041
2023-05-01 00:00:00+00:00,-0.01621931480233203,0.000352586375103936,0.0,0.015524244320281988,0.021725971908261577,0.017741073838287845,-0.02439615424974004,-7.364166345547041e-05
2023-05-02 00:00:00+00:00,-0.022670702427627143,-0.03998904972111006,-0.0003861392787588569,-0.007751592762013183,-0.0046040893678930515,-0.001796371659645881,-0.0051911180024354145,3.9801196756172885e-05
2023-05-03 00:00:00+00:00,0.010808283387169482,0.02146187407322908,-0.011586253889876552,-0.003404736383109074,0.002205559973956838,-0.011151155280242265,0.0034304008475848358,7.725459312690752e-05
2023-05-04 00:00:00+00:00,0.015058468876109813,0.012628897457819477,-0.006998286233062534,-0.009764970306296885,-0.010864869776452069,-0.01040672891469574,0.017347179350726116,6.9976429519780226e-06
2023-05-05 00:00:00+00:00,-0.017693320183136924,-0.006630275962837384,-0.007218725172645657,0.0028744537810635913,0.0024694433569562267,0.0128138716752499,-0.016514386774690082,0.0001765948172784
2023-05-06 00:00:00+00:00,0.020460828607184605,0.023086796641920593,0.018474744042430657,0.008689444241308505,0.01272305860187739,-0.0005200644034536669,-0.0003232028746371629,0.0001885745237149
2023-05-07 00:00:00+00:00,-0.04059227939963792,-0.02216570876354207,0.0,0.012289993899964588,0.009326893870144848,0.028081218372598735,-0.0080940537731806,5.9198454696041125e-05
2023-05-08 00:00:00+00:00,-0.00940977560084982,-0.014508735063007538,0.0,-0.001966464630337672,0.0013556201527378693,-0.0018026530674308816,-0.00036854329148938714,6.279539497122677e-05
2023-05-09 00:00:00+00:00,-0.05198286998349167,-0.026728220863213248,0.0004521003324267081,0.04754006487967299,0.0008381435727309733,0.03457069431568875,-0.032838926552135654,1.8799004457337176e-05
2023-05-10 00:00:00+00:00,0.001790364712534968,-0.0017932161476221786,-0.004579374208577791,0.0031146479048181686,0.0037582202090850054,0.005114808344271738,-0.0050443818937159655,0.0002221479013924
2023-05-11 00:00:00+00:00,0.007994817708749775,-0.0009887650216223731,0.004483913021312569,-0.0032304963339499166,0.005784671336908654,-0.004198551576382825,0.005485174512993929,8.889845235948712e-06
2023-05-12 00:00:00+00:00,-0.03154250551483489,-0.022713347762563063,-0.0016966193288928677,0.017051530962947068,-0.001957617389828737,0.00818866553064923,-0.020056686680962877,1.40142229319018e-05
2023-05-13 00:00:00+00:00,0.0150029695030005,-0.0063547061180276865,-0.0015832974226629437,-0.019637737141874598,0.017231473748299565,-0.021427210501167495,0.013286454918632739,-1.1622204254102542e-05
2023-05-14 00:00:00+00:00,-0.009744834863118834,-0.0008362858454886712,0.0,0.008266587000261994,0.015273937774191969,0.011230558894854782,-0.007876693115341426,0.0001057110956084
2023-05-15 00:00:00+00:00,0.009609900189262813,0.005201268930264957,0.0,0.005819418515754559,0.0010367448322418302,-0.006932096896285334,-0.002773214488896336,0.0001136634726854
2023-05-16 00:00:00+00:00,0.006077257274797591,0.009315327170199783,0.002958235533743192,0.009494974741801544,-0.005884485063775369,-0.009100953756403806,-0.012588269318751589,-7.686573389242835e-05
2023-05-17 00:00:00+00:00,0.0049923772906256565,-0.004703066016020663,-0.006377711373504735,0.009195902020124725,-0.007307358915700135,-0.0037700151844002995,-0.009125025562120071,7.69683253889486e-05
2023-05-18 00:00:00+00:00,0.018576961308486583,0.01372813119801064,0.011890800262780221,-0.0074916500710186865,-0.003141099589745268,-0.012168709748127293,0.0054812274654802776,0.0001208348506558
2023-05-19 00:00:00+00:00,-0.016923370161842564,-0.021408391067243904,0.009445100354191105,0.0037985213208958646,0.013182290573967647,0.0073367296034964075,-0.004842043921515547,0.0001408696936044
2023-05-20 00:00:00+00:00,0.003894119593950792,0.0022678697317721763,-0.001445909410321633,0.002630385762341425,-0.0010906717067624915,-0.009343382357355611,-0.0023336591801753183,3.54423785295932e-05
2023-05-21 00:00:00+00:00,0.0026781199751630736,0.008165209656830541,0.0,0.005491013432576142,-0.004943430266157356,0.001323451307356005,-0.0021985922156521065,8.035579181653318e-05
2023-05-22 00:00:00+00:00,-0.017369547255202337,-0.013167463408331637,0.0,0.008760110676652765,-0.000323369163929655,-0.0041095243484365225,-0.007525847875453228,0.0001153604727222
2023-05-23 00:00:00+00:00,0.007957852711318185,0.004017536509456576,0.00015505799168891166,-0.002607732536947127,-0.0030468361569419237,0.01080939693118108,0.0004677943214244527,-3.441980102414366e-05
2023-05-24 00:00:00+00:00,0.01032907581978145,0.013774114946982552,-0.011222073018606449,-0.002350886175694544,0.006079663162436066,-0.0007594819273216927,-0.0029113831419607106,0.0001614826168265
2023-05-25 00:00:00+00:00,-0.03296469422191312,-0.032932866346440215,-0.007318638164020563,0.0047334416806651194,-0.011143747249000937,0.01810416497541836,-0.0018163970292199155,0.0001579472165011
2023-05-26 00:00:00+00:00,-0.0024919655371556716,0.005624425206545602,0.00875769092446621,0.007409753674349218,0.003590346444690162,0.0008879726725825599,-0.005635386183649183,8.9397916474665e-05
2023-05-27 00:00:00+00:00,0.011874307379490082,0.008619972942127907,0.013048987300302572,-0.008607943835022813,-0.009492075428536584,-0.003927095814801374,-0.0035579794868702656,0.0001795256566483
2023-05-28 00:00:00+00:00,0.009236935712073801,0.005683797991000272,0.0,0.0023313143517948998,0.007259435854667772,0.0018605585802275119,0.0029683716731195627,6.32642596882782e-05
2023-05-29 00:00:00+00:00,0.02884741560568364,0.04523202789699576,0.0,-0.008584035109184682,0.0058654145893481495,-0.00039743381621288806,-0.012151544846971472,8.761263691514642e-05
2023-05-30 00:00:00+00:00,-0.008347226996128642,-0.011894196188296902,0.0,0.008302454641395497,0.004963111521444219,0.008605272094572602,-0.010681940913671473,0.000226101927641
2023-05-31 00:00:00+00:00,0.005709519202118418,-0.0015114349614026024,1.6645067709930572e-05,0.010008461269514823,-0.018624211571192407,-0.006958599178772041,-0.01552683336815599,7.912584590608063e-05
2023-06-01 00:00:00+00:00,-0.017143684049551237,-0.017304850777273173,-0.006108638170785219,0.0011017573181125277,0.003959027453373131,0.0058383204289740535,-0.0034852879797996773,-2.0661037579694508e-05
2023-06-02 00:00:00+00:00,-0.007163729494930989,-0.014550882133443133,0.009854467765435526,0.011390205192158276,0.00503870291359907,-0.019371374666916387,-0.007532811674623363,0.0001816058216825
2023-06-03 00:00:00+00:00,0.030948657484237828,0.015761808299105118,0.014534401637518846,0.030031713729875523,-0.019397973081363953,0.004249158065165168,0.0225410754717104,0.0001716761036643
2023-06-04 00:00:00+00:00,-0.002603379807872774,-0.006350127443274789,0.0,-0.01096847638670926,0.011980333143941469,0.004712870954428983,0.005545120687652916,9.292094358159808e-05
2023-06-05 00:00:00+00:00,-0.0008814131887683541,0.0017556893575656485,0.0,-0.009888626982588212,-0.0014023529531232318,0.012442908780883699,-0.0015488657939378926,0.0001211591977627
2023-06-06 00:00:00+00:00,-0.06654037532292444,-0.05120210756242993,-0.002003563447343426,0.005996200195881124,-0.022867614576178877,0.015128384350908568,-0.012613679300927431,6.512864670948915e-05
2023-06-07 00:00:00+00:00,0.03609130687923109,0.05859683371767899,0.002353882619408054,-0.009922152273528259,-0.0017305538817116162,-0.011107068034937391,0.003947117669237783,-3.611656491731008e-05
2023-06-08 00:00:00+00:00,-0.042496338977347926,-0.032900464706206445,-0.0038119915496573897,0.038235358567184054,-0.012254450013447805,-0.0021864556987510053,-0.0014812613616095108,0.0001839211655623
2023-06-09 00:00:00+00:00,0.005944951666912527,0.006077664961121831,0.006188606028794119,0.008730358400488525,-0.005236886155272869,0.004769083645764382,0.004633458874924079,5.1454638136494424e-05
2023-06-10 00:00:00+00:00,-0.011619998928750127,-0.0006720556975599035,0.0011481323635922358,0.013698327657807118,-0.026326962763347696,0.014142254799801047,-0.009846847507551715,4.655624640781397e-05
2023-06-11 00:00:00+00:00,-0.10359361073817183,-0.024236722696377888,0.0,0.028837917659444795,0.006350329031268392,0.022757341278276,-0.06613508766646331,0.0001422384827689
2023-06-12 00:00:00+00:00,-0.00037524859965002805,0.003225356802676327,0.0,0.023076179929717312,-0.008855981438732386,0.00942766933493413,-0.004086984436352648,0.0001007975117257
2023-06-13 00:00:00+00:00,-0.0019552961476530036,-0.0005827888181738627,0.009321075820101221,0.011919577888626631,-0.002360460364213512,-0.0008771513860953428,-0.00777090114419725,-1.5079807429652092e-05
2023-06-14 00:00:00+00:00,0.013891910863433525,0.0008959327741477896,0.006932584761680793,-0.022701362813760118,0.011592180332058156,-0.001746497480147569,0.0042710067545187035,0.000178426487329
2023-06-15 00:00:00+00:00,-0.042543895280653166,-0.03094760398178864,0.0008194076003487094,0.022558653355614154,-0.009415706159452614,0.0026152383355287703,-0.006837690481915362,-4.9476391228542305e-05
2023-06-16 00:00:00+00:00,0.010796809425568488,0.01872120847749814,0.012178136985173449,-0.021414991376967916,0.02290299725734979,-0.028739619574365903,0.008250816751542643,7.352266519777828e-05
2023-06-17 00:00:00+00:00,0.009607754291998975,0.029308882557326,-0.0036716193988033385,0.006160996554675302,-0.013475012085488779,0.005835253149988073,-0.00874386478642273,-9.52288084365982e-06
2023-06-18 00:00:00+00:00,0.008393901501824279,0.0065651579586878395,0.0,-0.0003982712064251933,0.0029579006813622577,0.007250767766856137,-0.002372658344848965,8.616163471630855e-05
2023-06-19 00:00:00+00:00,-0.0075472914637513345,-0.006759993813398535,0.0,0.005711087092954337,0.003731229493772581,0.002268757622434614,-0.00836376914267738,0.000146461875871
2023-06-20 00:00:00+00:00,0.006832790100758028,0.018944385997561763,0.0,-0.002327506360526055,-0.0019142544063566191,0.00037649034077395956,0.0019690604063663294,0.0001682082093983
2023-06-21 00:00:00+00:00,0.02911187879992001,0.0544980151704344,-0.0047351341054383544,-0.001880534283414191,-0.015363589432993052,-0.005310868422879891,0.009796231273378628,4.5839309965600705e-05
2023-06-22 00:00:00+00:00,0.04472871245124004,0.060016401207468206,-0.005245277085977551,0.0023658683090930638,-0.02541714232557859,-0.011617770218769467,0.001929746490581287,-9.62009223673954e-05
2023-06-23 00:00:00+00:00,-0.007268830102506393,-0.0037847841672641325,0.003710753626574581,0.0014789579951429935,0.0011798936840269128,0.008083048848139618,-0.0013380826625319035,0.000128303004663
2023-06-24 00:00:00+00:00,0.06749382162069337,0.026724686192468594,-0.007658795633847637,0.04505531826976958,0.040321444455773,-0.09172067681593257,0.09696591437141211,0.0002367692261968
2023-06-25 00:00:00+00:00,-0.002886818179364122,-0.0048641493932853885,0.0,0.05792148650405109,-0.051769074097517076,-0.026477261975235478,0.004292061081901033,-4.3486852659868624e-05
2023-06-26 00:00:00+00:00,-0.007236773524867439,-0.002168771007921566,0.0,-0.06553542796993916,0.07344795996508109,0.041004501607061525,0.01455447065306308,0.0001758776768492
2023-06-27 00:00:00+00:00,-0.006132234828429432,-0.00649747192855743,-0.004486779982200151,0.03747351281914195,0.04255424323969672,-0.023790082362773978,0.0008658470460552563,0.0002043848825143
2023-06-28 00:00:00+00:00,0.014239841363897821,0.013982108453045594,0.011455777787018118,0.006203308670554941,0.0068073456927818295,-0.005026699135888445,-0.0019679686694870305,0.0001742010229459
2023-06-29 00:00:00+00:00,-0.0498714175899995,-0.020105464879804025,-0.00035400978894173374,0.009775384650628077,0.01301701130203163,0.03610138094650992,-0.02003734678200537,0.0001332914221752
2023-06-30 00:00:00+00:00,0.024741601264391067,0.012425872155868989,0.004473526683512752,0.014727894999667115,-0.012861470859543943,-0.02167790167234078,-0.015632644550677897,8.654516409878354e-05
2023-07-01 00:00:00+00:00,0.0794640670228556,0.0006668878675686329,0.012269017659743087,0.061542576802761935,-0.07298791965149358,-0.07574388908165246,0.019711589116188803,0.0002238428228298
2023-07-02 00:00:00+00:00,0.003658610271638474,0.0037228908542950023,0.0,-0.04488689889320452,0.030775005082354,0.03149706852761849,0.0037906253615192843,0.0001601893303964
2023-07-03 00:00:00+00:00,0.02561587462461501,0.0012788811262005595,0.0,0.06094376318994556,0.07223202885069734,-0.05708845364243702,0.058599972075939095,1.956224858212785e-05
2023-07-04 00:00:00+00:00,0.005121540033304369,0.017518872886089776,0.0011706865481149187,-0.037637703057556274,0.03527410204500934,0.029581258371411102,0.016922863910775198,0.0002015688205048
2023-07-05 00:00:00+00:00,-0.022984710068511608,-0.012613567048701424,0.0,-0.019500642095712874,-0.009318466136170045,0.02293041915038421,0.0009392611980338257,0.0002067249076835
2023-07-06 00:00:00+00:00,-0.016129021267613907,-0.008703964416814758,-0.0019683139606652134,0.01366755198469831,0.011262062815215001,-0.002804211723675641,-0.008792144015814539,0.0002506982848882
2023-07-07 00:00:00+00:00,-0.03007062850547427,-0.020138806890489525,-0.007922515415510367,0.0012438487036918952,-0.014747258051486533,-0.006374408406137344,-0.008358927187539077,0.0001284487562571
2023-07-08 00:00:00+00:00,0.016095794106903094,0.015180221192726773,-0.0028651801277997935,-0.017551334535417816,0.0018405592230475772,0.006131837444528587,0.00789230387362463,-3.665455548795826e-05
2023-07-09 00:00:00+00:00,0.008699949027460045,-0.0019322142317800273,0.0,-0.009248526248291422,9.650801282363661e-05,-0.009818628133047968,0.0170940565499079,2.9141348750982843e-05
2023-07-10 00:00:00+00:00,-0.004149578152124341,-0.004013967947722574,0.0,0.00946980072531527,0.03346389393400413,-0.00994174451302443,0.00796989399426502,1.2450142065079106e-05
2023-07-11 00:00:00+00:00,0.014600855180211036,0.00826262612860651,0.0024051194034939716,0.003226965315164622,0.03472647458742162,-0.0005725536506567368,-0.01861345411365838,0.0001086175684432
2023-07-12 00:00:00+00:00,0.007986476088723287,0.006957946369531065,0.006742215156717579,0.00794520438113393,0.030470489056338555,-0.010100207596796551,0.0033260079643563814,8.304535291925319e-05
2023-07-13 00:00:00+00:00,-0.003249347011066154,-0.007824649442636611,0.007411145100759908,0.02202528179112804,-0.018290002177964726,-0.021931920640892444,-0.011693519138312826,6.041696563707788e-06
2023-07-14 00:00:00+00:00,0.11664940013360754,0.03532561271564005,0.00847017995778332,-0.20114467724102447,0.029533439979509586,0.17296678700625603,-0.06929525193359952,0.0001108034718868
2023-07-15 00:00:00+00:00,-0.04270919209108369,-0.036524742618878836,-0.001024381158481913,-0.03719594595054369,0.0241085862554117,0.04564712440172211,0.040097565178382345,0.0001669272560889
2023-07-16 00:00:00+00:00,0.005950096299850823,-0.0005578791349901691,0.0,0.011498932440118258,0.0009926509143676654,-0.015809925877594333,0.007008966182730659,-5.395282049081018e-05
2023-07-17 00:00:00+00:00,-0.014970488525131697,-0.001968529944115005,0.0,0.00779491750646626,0.0006934716787822433,-0.03098147848348949,-0.031064526423945502,0.0001102664013263
2023-07-18 00:00:00+00:00,0.0036431891497153385,-0.003001641470969818,0.003855356437357571,-0.02486061885423159,0.019601427756026402,0.029713753900634885,0.031677510263981155,3.140795906753091e-05
2023-07-19 00:00:00+00:00,-0.01555962097128721,-0.009310863337770203,0.007117288222535212,0.0033788049336981995,0.02180908544581519,-0.010337847221545248,-0.03396925270534701,0.0001436924222049
2023-07-20 00:00:00+00:00,0.010592891214242058,0.0016719382421530593,0.0023578588709500803,0.028985224281124353,-0.022342008906681546,-0.0034531774277894774,0.0053957331694134865,8.157139097741961e-05
2023-07-21 00:00:00+00:00,0.02099170286769417,-0.003495509357595572,-0.006756875147840957,0.05100817275959575,0.06584738260036091,-0.013710062991076176,0.06503740662802134,1.1835943097837642e-05
2023-07-22 00:00:00+00:00,-0.0023767729024352533,0.0033701453459098474,0.00032415482692993436,-0.030913261343975162,0.007709886593699822,0.021612779441619767,0.001090783322777833,5.320534112995823e-05
2023-07-23 00:00:00+00:00,-0.011755280483885463,-0.0036097339033970277,0.0,-0.0005737442044348763,-0.0165436863063539,0.00593153575542278,0.018505090513844726,2.4337127443985196e-05
2023-07-24 00:00:00+00:00,0.008010571891900872,0.009646280658754058,0.0,-0.01893121149439749,0.014932788846825718,0.0044483866329707794,-0.007383175434904231,0.0001845308347416
2023-07-25 00:00:00+00:00,-0.03981961795995641,-0.03016215065778094,0.004034089155574794,-0.0024620125090642625,-0.02371384833969903,0.033062595095455574,0.008926874562822547,0.0001041398635175
2023-07-26 00:00:00+00:00,-0.00041465729555422527,0.0018001769316755567,0.002814712029929778,0.007320369768724455,-0.009454443598702266,0.0021641427121593007,0.0025169243307168855,0.0001247552681546
2023-07-27 00:00:00+00:00,0.02483870978035656,0.00409702802887435,-0.00015544744781559316,0.0249822186081865,0.024366533499545918,-0.046928370833169766,-0.0008631038726689029,0.0001449929599257
2023-07-28 00:00:00+00:00,0.004636607981065621,-0.004305290428142872,-0.006424700279192064,-0.0016934700478072441,-0.0034230256707139086,0.00030312300197667954,0.0025634924057470476,4.550018069426898e-06
2023-07-29 00:00:00+00:00,0.0030672138184897704,0.003088015282594503,0.009877881875342887,0.0020554971434792566,0.019825172651540005,-0.0047698784787727705,0.005234744242844114,0.0001482961394703
2023-07-30 00:00:00+00:00,0.011940819472871194,0.0013378885252166572,0.0,0.006646209241806034,-0.026276359697656248,-0.014019330164434463,0.017792591434756574,9.244584131318234e-05
2023-07-31 00:00:00+00:00,-0.005255843161989311,-0.002317726174286161,0.0,-0.032884022534887446,0.00489444669461434,0.01567927134284337,-0.005172825988419505,-5.128729631431739e-06
2023-08-01 00:00:00+00:00,-0.018052200117446838,-0.0017184185083580772,0.0014687171966489831,-0.010220977759932894,-0.006432271632216002,0.011246668703193418,-0.00620751226403342,0.0001318839425248
2023-08-02 00:00:00+00:00,0.015901919232303396,0.016440343864644325,-0.0026650918726683903,0.0199852648072248,-0.010560502307626262,-0.0023436756330190035,1.5471457017567428e-05,1.9030701469358036e-05
2023-08-03 00:00:00+00:00,-0.034890434204028355,-0.01788143240003781,-0.01383957541738301,-0.0012795678898110743,0.007161257109226882,0.0026868608143843856,0.02031857016800336,0.0003273914400911
2023-08-04 00:00:00+00:00,-0.017753234852465626,0.00034624495630808383,-0.002547973917609636,-0.0014346230077215937,-0.02005283588579776,0.022735629753348707,0.00852322676547006,9.82102259174944e-05
2023-08-05 00:00:00+00:00,-0.0031097331661873377,-0.002710742215612072,-0.00529999622380839,-0.0022464475971912365,-0.030511719018390802,0.021900018696621747,0.01394385164106593,0.0001059075348377
2023-08-06 00:00:00+00:00,0.001234510710358035,-0.0014913525605561029,0.0,-0.005343546569961633,0.007511896627165648,-0.0005436737156847117,0.007338568207671159,0.000169143456252
2023-08-07 00:00:00+00:00,-0.005489224664491325,0.0006263400062633817,0.0,-0.0025919796585797796,-0.005363533308972013,0.0018013754062188962,0.0063900648558272485,0.0001125333847697
2023-08-08 00:00:00+00:00,0.004038086391776408,0.004361000003439308,0.00902405745383561,0.02118929919325836,0.009000992314472312,0.010046326614056578,-0.016439849808404405,6.382434343876753e-05
2023-08-09 00:00:00+00:00,0.012373165944428492,0.01904960842661807,-0.004218270022397053,-0.0068944032611605085,0.018316549229667946,-0.003902021269644163,-0.0068120082007869995,0.0001648057071976
2023-08-10 00:00:00+00:00,0.0036861269278111544,-0.006256930676434069,-0.007038747560775049,-0.00256500438952294,0.0006025162951338592,-0.00578099933161993,0.008467673978238398,9.932560260561552e-05
2023-08-11 00:00:00+00:00,-0.007265028845539397,-0.004365498025212355,0.00025068771249703303,0.015496318618441406,-0.0004973212322508368,0.002567884858242952,0.004402693313703153,0.0001865302113881
2023-08-12 00:00:00+00:00,-0.005401744307206709,-0.0009577600641224038,-0.0010696312010077813,0.00024093322308986736,0.00011697002705206554,0.0040304222062656605,-0.00688689142183323,0.0001061819342222
2023-08-13 00:00:00+00:00,-0.005432452909737677,0.0001767775492511614,0.0,0.0013066873295946024,-0.0014150383545586728,0.005636295037987638,-0.004978908522438008,0.0001234283355424
2023-08-14 00:00:00+00:00,-0.006520168509634039,-0.0043302844595812795,0.0,0.013099627806140046,0.009669351915320434,0.0035037221898256646,-0.0004335523111406612,0.0001385408630605
2023-08-15 00:00:00+00:00,0.004912739320891135,0.004308152376140573,0.005750383620255262,-0.005318186646494772,0.004818589145909536,-0.005563905444194206,-0.004335713113505913,0.0001601958316386
2023-08-16 00:00:00+00:00,-0.03804160042928606,-0.007841737623005218,-0.011550831677699436,0.027001788894343348,0.011272451630537965,0.03332284230446106,-0.027514736737361243,0.0001398496420232
2023-08-17 00:00:00+00:00,-0.04580293351913607,-0.016252809296716464,-0.0075554433893813,0.0025959359831235554,-0.015568699997842696,0.021191424831673668,-0.002271354394012874,0.0002259011875513
2023-08-18 00:00:00+00:00,-0.09396175061722079,-0.07329771821803699,-0.007712864385729601,0.05395913062711451,-0.02782946575202834,0.02249674397040613,0.024547565243176153,9.750133442421038e-05
2023-08-19 00:00:00+00:00,0.00998421455709706,-0.021330567424660996,-0.00014872916647590273,-0.02073861255204166,0.0237702669707762,-0.012554095109645247,0.025687350835581955,-0.0001216580368161
2023-08-20 00:00:00+00:00,0.016196539149299534,0.00177405047980006,0.0,-0.012167954593282548,-0.016207846701286922,-0.0016805174743482303,0.010586201624145388,-4.973190407753236e-05
2023-08-21 00:00:00+00:00,0.008529362959668855,0.0033578270719059056,0.0,-0.0033329262883078133,-0.012192157980090813,-0.006504614417709886,-0.013584985901027214,1.0654501225504376e-05
2023-08-22 00:00:00+00:00,-0.016208728558451117,-0.0023112863359043834,0.006879175048229769,-0.008395226066629811,-0.010867430383593434,0.015327328185433278,-0.014474717719233077,-5.364005424646212e-05
2023-08-23 00:00:00+00:00,-0.012244137147043562,-0.002718702374843951,-0.0027774179104816943,-0.010045786558254964,0.002030622941303163,0.0035348679188925477,-0.0027379991689436816,8.408710990170931e-06
2023-08-24 00:00:00+00:00,0.024757680012569373,0.014390809540630656,0.011044888377340412,0.0043946027000098635,0.010354169944016611,-0.0021785366321699605,0.007395569096307675,3.474098604283604e-05
2023-08-25 00:00:00+00:00,-0.01463921526149284,-0.009636930717054293,-0.013458039995401183,0.007549626689538891,-0.0008375306477214975,0.009213801143116606,-0.005407489617842586,6.927985751348231e-05
2023-08-26 00:00:00+00:00,-0.004662595752467828,-0.004314990483324732,0.006717988442317857,-0.003470853840865584,0.0073143918695831155,0.0011841648013831245,-0.004297734580909119,-7.620875561054063e-05
2023-08-27 00:00:00+00:00,-0.004244068159549904,-0.0018194589988369536,0.0,-0.011236771224682451,0.008482102510095402,0.00346444914373536,-0.0022771784008603912,0.0001260737448693
2023-08-28 00:00:00+00:00,0.011047673157249896,0.0032071618924562895,0.0,-0.0025266047903127475,0.0005484868894718442,-0.010631729445648963,-0.002807655919423358,4.401467824410865e-05
2023-08-29 00:00:00+00:00,-0.0015098879633708964,0.0007206461282520671,0.0062645975336552695,-0.010898404987812738,-0.001268237523830762,0.01380650593727919,0.010347393507447622,3.48285895073186e-05
2023-08-30 00:00:00+00:00,0.047945428910151106,0.06104226916668254,0.014508347036412905,-0.016677380519280534,0.037413323146743546,-0.0058830546172917095,-0.031111759081499595,3.872633309098816e-05
2023-08-31 00:00:00+00:00,-0.02349337136490229,-0.014790560322886837,0.0038331298928546698,-0.0014375966740595159,-0.0005939731226713083,0.005863239521424646,-0.005957381587543685,-6.005901367900357e-05
2023-09-01 00:00:00+00:00,-0.030083466495721616,-0.049922317005247296,-0.0015969452055097921,-0.0010417789967941404,-0.017009248257557383,-0.024132566333643003,-0.0018271983947427684,0.0001477289186067
2023-09-02 00:00:00+00:00,-0.013501926879668691,-0.005106448626967075,0.0017991596526802933,-0.002111577320876388,-0.004458756272220076,0.011979937623310864,0.006776644754660334,2.0995208149576783e-05
2023-09-03 00:00:00+00:00,0.0016465590259193104,0.0023337313340259236,0.0,-0.005079914342893722,0.0011703713693589357,0.0016861502237926376,-0.001739125552475729,0.0001029910128642
2023-09-04 00:00:00+00:00,0.0027819208670366506,0.004111263236875162,0.0,-0.0005120181674240552,0.011292785634259239,-0.005587669343657664,0.005592281127566601,-5.801838657648606e-05
2023-09-05 00:00:00+00:00,0.0017575765652034854,-0.005704469207036378,0.0,-0.0038917526677904493,-0.009789894989849302,-0.006466958582056903,0.01158370463893903,5.6868638185880727e-05
2023-09-06 00:00:00+00:00,0.002494718502344965,-0.0013287363446191636,-0.00419419058100845,-0.001184885184215645,0.002230108552827303,0.007757386348801432,0.005870955010399248,4.117718235874257e-05
2023-09-07 00:00:00+00:00,0.0035932540861367693,-0.0012529238121467001,-0.0069715777558858605,0.0016660955038362733,-0.0025601262004831815,-0.003856878322031254,0.002975355655924039,1.797808468828599e-05
2023-09-08 00:00:00+00:00,0.007797273236141877,0.019159216076186203,-0.0032113009127796577,-5.2552190556665046e-05,0.006565847322108298,0.0008494729735632582,0.0005467636343924106,7.727896418652236e-05
2023-09-09 00:00:00+00:00,-0.008610178023795564,-0.012991269287785823,0.0014266008258556617,0.007409353819008669,0.0030605640763706303,-0.007918728101626728,0.002260238863529063,-9.929962051891116e-05
2023-09-10 00:00:00+00:00,-0.0002591978152842067,-0.00027799442466736046,0.0,0.002631946856760092,-0.00971947010697154,-0.008792368884278479,0.0034055583150850222,-2.520299871111575e-05
2023-09-11 00:00:00+00:00,-0.017697591112598107,-0.0024794728995928272,0.0,0.011821988874035782,-0.008780051913528063,-0.0016478314663676882,-0.004937861941163859,0.000105552426677
2023-09-12 00:00:00+00:00,-0.034085330085754394,-0.026250174226820078,0.006723514803174124,0.004535372262317726,-0.001968256008373956,0.004630634006505763,0.0032309807499479246,1.0250370976017107e-05
2023-09-13 00:00:00+00:00,0.013676495082466896,0.02685444366689982,-0.005695872498027943,0.01822969108352006,-0.02100847804193602,0.0009736885077854286,-0.03906887675291355,6.089788444252342e-05
2023-09-14 00:00:00+00:00,0.013689175729323384,0.014872724175049923,0.001241623523611013,-0.006065433370417516,-0.0019248508969827108,-0.005113072380632898,0.0012543244367740243,-1.757823981984874e-05
2023-09-15 00:00:00+00:00,0.012429230106147679,0.011461318051575908,0.008429883781315706,0.002402649085941566,0.0031213820132088618,-0.004827148313721108,-0.005635796807166436,-1.3724478478693848e-05
2023-09-16 00:00:00+00:00,0.024880838456304046,0.003047871959200643,-0.012159552507158722,0.022503059936770285,0.003747322031452248,-0.036188519550257946,-0.005419452118567224,-3.96265078475011e-05
2023-09-17 00:00:00+00:00,-0.0023768649443642134,-0.0016622102884046308,0.0,-0.010381559355664626,0.0023755155200125173,0.008769420496919223,0.00868936637484665,3.806811014461786e-05
2023-09-18 00:00:00+00:00,-0.015208447523902203,-0.0012317822419943836,0.0,0.008951535109216403,-0.0036648219057620075,0.007018617288528971,-0.002811330213024023,1.8131030974810617e-05
2023-09-19 00:00:00+00:00,0.014135190546851868,0.008889576151646983,0.0007212964460983073,0.013413488069170774,0.012245952021820994,0.003999554422614326,-0.011840348412260426,-3.236956661167856e-05
2023-09-20 00:00:00+00:00,0.017363942209888898,0.01667669785681447,-0.0021511026084926055,0.00480252016154523,0.0021188084134370136,-0.01281942974718464,0.00607804298655581,5.330370036471521e-07
2023-09-21 00:00:00+00:00,-0.005154320697302794,-0.0032468010001470704,-0.009394795170962755,0.009006172295005844,-0.01780021263740721,-0.01003825860938561,-0.0032706660370340973,3.1024838998972015e-05
2023-09-22 00:00:00+00:00,-0.023847807686354913,-0.020477576481959026,-0.016400890463858953,-0.00859263962131589,0.014814185592566975,0.0016627619868797572,-0.005949682162358846,2.407783952418363e-05
2023-09-23 00:00:00+00:00,0.009913862833525378,0.0005310214442277861,-0.0022956120092377796,-0.0004226066704483113,-0.015863961985802113,0.00015555773513094024,-6.778788901731217e-05,1.0801335608379148e-05
2023-09-24 00:00:00+00:00,0.002280732321655539,-0.00013550798556094534,0.0,-0.0006759799517634282,0.00920367038823806,-0.003817269562965864,0.0023242354737225803,-6.930294558338268e-06
2023-09-25 00:00:00+00:00,-0.007943180330389195,-0.012449601138421196,0.0,0.013559709242511219,0.02398007586295885,-0.012270390735483505,0.001450099857821142,8.803707789617476e-05
2023-09-26 00:00:00+00:00,0.01708574499361708,0.0022148183162806756,0.00402309227186648,0.018039871681174536,0.018556773933674497,-0.026009843280489296,0.00037498987869053445,1.4598106008900658e-05
2023-09-27 00:00:00+00:00,0.0034731396985912284,-0.003107586390521333,-0.01473449776826885,0.019389310679922753,-0.021872434661522153,-0.015335610550796953,-0.007501582715441168,4.55355935271573e-05
2023-09-28 00:00:00+00:00,0.010544257978795346,0.0057537926192727795,0.0002293186195019281,0.03268813946575098,-0.00867409819932845,-0.028712978556256385,-0.01030322422306622,3.7922577696081206e-05
2023-09-29 00:00:00+00:00,0.02238429346164945,0.024742408837767016,0.005893073124170867,-0.006458038793631871,-0.006140257453857802,0.0026359139551437073,-0.0016808317381877824,-0.0001206912124548
2023-09-30 00:00:00+00:00,-0.000909554682181235,-0.004475821677933256,-0.002709491359862204,-0.002422719619552649,-0.00307136606855527,0.012455128946111782,-0.010894101340279905,0.0001116459536074
2023-10-01 00:00:00+00:00,0.004199793172346674,0.0022312380768214624,0.0,0.001111828169630135,-0.0017591786504236092,-0.0009261386139441715,-0.008983675560872784,-6.535762583192994e-05
2023-10-02 00:00:00+00:00,0.02477839799167465,0.03823619990427041,0.0,-0.026673994002422676,0.015068947758406016,0.02359113745233801,0.009232998681152908,8.593683647584172e-06
2023-10-03 00:00:00+00:00,-0.032521167581059364,-0.018004817485901436,7.92901202177898e-05,-0.010285281484687013,0.0014059539765012494,0.01175627317988108,-0.008737509449275739,0.0001227632531852
2023-10-04 00:00:00+00:00,-0.007043905238551806,-0.0023873991906133707,-0.01374408577578079,-0.03483936757385571,-0.0036476651719202554,0.033794971681566977,-0.0012785329596124223,8.136586017615244e-06
2023-10-05 00:00:00+00:00,0.00377198881980263,0.012687873923828974,0.008109801510834735,0.001592770340247118,-0.007979423178440314,-0.010276550130291095,-0.000198824768912087,8.001952673719614e-05
2023-10-06 00:00:00+00:00,-0.01172606131286203,-0.013018825784047339,-0.0013040164174730196,-0.005712763028157019,-0.008244659842510016,0.008085649447618314,0.0027614434479506407,-0.0001662027366434
2023-10-07 00:00:00+00:00,0.01599936474106691,0.018902563653351967,0.011814879091820885,-0.0003629118543807767,0.008102286557840397,0.0022842407840297785,0.014068307283908954,5.27064830526669e-05
2023-10-08 00:00:00+00:00,-0.009415142172576203,0.0009564304725195871,0.0,-0.012962065662369304,0.004785425602195104,0.004625733959098822,-0.004102760912758763,6.235987997094128e-06
2023-10-09 00:00:00+00:00,-0.0057618699549439436,-0.0014959023726872633,0.0,0.0024691286216696803,-0.0006444430742963631,-0.007085800938119102,-0.01112270598702938,9.371969626004172e-05
2023-10-10 00:00:00+00:00,-0.03508548393987929,-0.011572978939973999,0.006303818034118613,-0.009809612986272073,-0.005487190979169915,0.017403580642244985,-0.0009698022099486683,1.3799217876808711e-05
2023-10-11 00:00:00+00:00,-0.007574267410368692,-0.007146923486944345,0.005207972949908379,-0.005570243665046104,-0.012227504184247472,0.007537370252784004,0.0020530496695257746,9.15179915028652e-06
2023-10-12 00:00:00+00:00,-0.005435345068810101,-0.018870611952726768,0.004293017364807916,0.010794126417093874,-0.0009055674125994177,-0.019724490558536378,-0.0037880843969251505,0.0001649564747889
2023-10-13 00:00:00+00:00,-0.012700678389118902,-0.004485473394256312,-0.006246358765807258,-0.011746394554292562,0.007343189100638026,0.00862573407725813,0.0031603380294739757,0.0001472955931975
2023-10-14 00:00:00+00:00,0.010546570424181338,0.0039560275201913075,-0.005018840769632216,0.0009795918064303914,0.014124187820080335,-0.01798058872651167,-0.0054414821950586004,-3.984882206253815e-05
2023-10-15 00:00:00+00:00,0.000856181705320765,-0.0005027970413187255,0.0,-0.0008099533948048742,0.008796051169744712,0.006159168715226549,0.005368412791807287,8.649432979690452e-05
2023-10-16 00:00:00+00:00,0.005104835854709629,0.011309308660284678,0.0,0.004087806801402815,0.003144767005406202,-0.0017001886775186211,-0.004308317129054906,2.8017599380536495e-06
2023-10-17 00:00:00+00:00,0.021490989765717165,0.04961348278174493,0.010594346293018697,0.009752883192852679,0.006171298479675191,0.016441502418622213,-0.024368639804033965,5.419467116318799e-05
2023-10-18 00:00:00+00:00,-0.020673907503749565,-0.0036649196280316154,-9.831650139591197e-05,0.0017062980141183681,-0.0046332227105769785,0.008761269832982265,-0.00551308963952777,-3.2537287907863366e-05
2023-10-19 00:00:00+00:00,-0.009074327767630138,-0.0026354824729846182,-0.013399798774352711,0.0063859567588019795,-0.0030845706457839784,-0.0016456096597350367,-0.008485564930728384,-2.396750956734639e-05
2023-10-20 00:00:00+00:00,0.01045212961082093,0.013770396826238152,-0.00848282575441528,0.004022597866184041,0.007199417147547127,0.002665134069845365,-0.008875568388724563,-3.888382148797831e-05
2023-10-21 00:00:00+00:00,0.019451906815698933,0.03331718757078295,-0.012585320243104325,-0.003926547508116007,0.01898868742031192,0.00522007113146028,-0.012817776958819848,4.299133008922595e-06
2023-10-22 00:00:00+00:00,0.03690668542002537,0.008174552321856154,0.0,-0.04709166762358712,-0.01787062111830018,-0.03253168676960458,-0.004576258496595022,-7.05362175014157e-05
2023-10-23 00:00:00+00:00,0.0236804908851472,0.002880041745552786,0.0,0.013533980603507412,-0.04938906749730929,-0.02499958949057335,-0.01988897393433986,1.402005283424046e-05
2023-10-24 00:00:00+00:00,0.0583144429130016,0.10314694061337826,-0.001685542214310054,-0.0018168614612133344,0.012555710196193504,0.02918236453769575,-0.017303621510604834,-0.0001457547564377
2023-10-25 00:00:00+00:00,-0.009666953937421001,0.02548829896595506,0.00726575986948208,-0.0041601779244826,0.018377097616641212,0.015478533987153887,-0.010875355218639693,0.000208822583567
2023-10-26 00:00:00+00:00,0.005527292138520901,0.016826370256803225,-0.014339592436341642,0.030159879782368094,0.013349284893223668,-0.01922125569683482,-0.010329518552968998,0.0001915274626085
2023-10-27 00:00:00+00:00,-0.0033765483557415413,-0.00967591344160379,-0.01183251050332379,-0.03216307453276444,0.006058025293609037,0.021845564958191434,-0.006907207830912565,-4.545237596742524e-06
2023-10-28 00:00:00+00:00,-0.018148742675249834,-0.007638929554371399,-0.004800313253070176,0.004057823770034807,0.000909007993404343,0.011957663542121043,-0.02026266888682806,0.0001690812802761
2023-10-29 00:00:00+00:00,0.01655219289322336,0.005709126636395112,0.0,-0.021003631761013455,0.020876134998387343,-0.009597517660604394,0.02731215763804131,8.551792489530641e-05
2023-10-30 00:00:00+00:00,0.014669102838440124,0.012966972358639417,0.0,-0.0056935801590087595,0.003464487242790049,0.00344773051883256,0.00609300755377842,0.0001979960939162
2023-10-31 00:00:00+00:00,0.009477971390780193,-0.0012974751365533166,0.012010093822027113,0.01493997400657845,-0.02114065534735341,0.007490600609172171,-0.01341000703481574,5.9546461260051586e-05
2023-11-01 00:00:00+00:00,-0.0002448879180150687,0.004860253220352773,0.006474961721408823,-0.00643395970690317,-0.001532261351589481,0.005187593446468109,-0.007156505193633577,0.0001155278752766
2023-11-02 00:00:00+00:00,0.029516208227482948,0.022683066196459656,0.010505985025513809,0.016458900931910114,0.029593210930175237,-0.015953319858975946,0.0114813537841391,8.898841485538433e-05
2023-11-03 00:00:00+00:00,-0.011772742224857913,-0.014033196566339612,0.018858574846738696,-0.00866043686332172,-0.005435650941250869,0.010279794081022042,0.018829533965448463,0.0004178853724683
2023-11-04 00:00:00+00:00,0.008460000487155355,-0.006860312363158538,0.009393716215277292,-0.0021189295249342648,0.020707536104160318,-0.0107806153428053,-0.00877631745595049,0.0003753447974508
2023-11-05 00:00:00+00:00,0.013982279839375425,0.010642528616384705,0.0,-0.004951630976548648,0.008560314532735293,-0.004627178790742859,0.011341081970529389,-0.0002005534729553
2023-11-06 00:00:00+00:00,0.015807471641501054,-0.00126034725133084,0.0,-0.005572604092336931,0.036105403261437255,0.026789136010637236,-0.033305312403405084,6.762104507873623e-05
2023-11-07 00:00:00+00:00,0.03939561505397718,0.0009107650140611767,0.0017529609897344312,0.02976248515761215,-0.02533272277006788,-0.013343988547572481,-0.0006693606470338231,0.0001892736630033
2023-11-08 00:00:00+00:00,-0.019207856304506433,0.009957954668629032,0.0028401412741241305,-0.013568883372722662,0.007414573097532042,0.0011785932800028494,-0.022862595165300648,0.0002166573435691
2023-11-09 00:00:00+00:00,0.02455217015695288,0.006219197040091329,0.0010049378994057,0.047867684072484935,-0.016918204805168854,-0.05350636195650584,-0.0005975206816002387,0.000238222424777
2023-11-10 00:00:00+00:00,0.011913676599782107,0.030673623995486565,-0.008083910212239531,-0.06777155883653542,0.04665103450968313,0.08121232844079748,-0.01123768373345957,-2.6119007572988903e-05
2023-11-11 00:00:00+00:00,0.03125141117316436,0.016636936777461697,0.01561640999689451,0.06850528966690758,0.03917572500760331,-0.05461868995441102,0.03201383938199849,2.2833863285942613e-05
2023-11-12 00:00:00+00:00,0.017226070249262912,-0.004508389944924307,0.0,0.030096036851832954,-0.049865540162158606,-0.03990330325324827,-0.0063794528406181834,9.889146043651208e-05
2023-11-13 00:00:00+00:00,0.020340862662133048,-0.0020612398115283925,0.0,0.04370682927684568,-0.04034246157589309,-0.0506636934183059,0.048791587167904035,0.0005567582506609
2023-11-14 00:00:00+00:00,-0.04826544146433579,-0.016159954699276113,-0.0008357416584374722,-0.07230314010707939,0.03876811003657624,0.05967155828880324,-0.02725197575961531,0.0002160856094484
2023-11-15 00:00:00+00:00,-0.01968547399441196,-0.025412347682137293,0.01907492831317792,0.004819055805603755,0.03353663508774412,-0.00850278093453234,-0.001027491428282755,0.0004041835591235
2023-11-16 00:00:00+00:00,0.06833939300757623,0.0654292865378665,0.001597081655804411,0.06176295453733678,-0.02771481328501424,-0.06162513537314101,-0.015802101278929823,-0.0001126267227307
2023-11-17 00:00:00+00:00,-0.02351686628593937,-0.04512532466161279,0.0011903492875668942,0.05169469155285911,-0.048435903845873686,-0.040690965387131156,0.03245519241154258,0.0003816561644964
2023-11-18 00:00:00+00:00,-0.013803639133793085,0.01232585139318898,0.0012820967827800178,-0.03640733482176412,0.02540819310013715,0.03822450318963155,-0.03597349003438013,0.0002060804819545
2023-11-19 00:00:00+00:00,-0.002419864539694716,-0.0011195486853494696,0.0,0.0041153568911506564,-0.0043042133421699715,0.0036134961464932003,-0.012512372339762878,8.256075628265691e-05
2023-11-20 00:00:00+00:00,0.03122571888788735,0.02173265283248904,0.0,0.028922033684113304,-0.005269116025646975,-0.04272232548000324,0.000766762510448292,0.0001056985793386
2023-11-21 00:00:00+00:00,-0.02230460423485176,0.0023170010621818005,0.007390308416887814,-0.044624568556024126,0.02743800853153693,0.04541020682376877,-0.006767389452112457,0.0001787870550067
2023-11-22 00:00:00+00:00,-0.07415167108046335,-0.04605939272605941,-0.002020943928152108,-0.02313897935230194,-0.025672398080359093,0.025777571101334107,-0.028651662810699793,0.0003941884191178
2023-11-23 00:00:00+00:00,0.06562613732660341,0.04690936564345072,0.004061090434732906,0.04771091779626397,0.04042208005076678,-0.04969930513331238,0.015511779818417046,1.6484100159308568e-05
2023-11-24 00:00:00+00:00,0.014468065787786337,-0.0031833514195448442,0.0,-0.02097199348082184,-0.03538321790396763,-0.038161946191323556,0.03151406480317323,0.0002164358451808
2023-11-25 00:00:00+00:00,0.007831922363620951,0.011047264595393846,0.0005969336920788049,-0.0066484793669435716,0.013671361433948825,0.0011565962071154127,0.011229081124658391,0.0002506574126119
2023-11-26 00:00:00+00:00,0.01198948938278083,0.0015992022553259488,0.0,0.011837390851848761,-0.012678821424822883,-0.007176459306915594,0.005880490206619626,0.0002409757242591
2023-11-27 00:00:00+00:00,-0.01400923734548969,-0.008703457552440397,0.0,-0.0012734076841606438,0.011874163550594783,0.0018895062558532908,-0.00910329428785075,9.105531381403686e-05
2023-11-28 00:00:00+00:00,-0.014894189001827025,-0.0054383392230866745,-0.001954230217531494,0.012316654851467447,0.009292895124791879,-0.006797713123192706,0.012617489547479523,0.0001323684101641
2023-11-29 00:00:00+00:00,0.0099890076256777,0.015517949847318135,0.0009801271528184774,-0.002713785985154726,0.017253565603833045,0.002279404188105994,-0.014210266974908459,0.000131217253166
2023-11-30 00:00:00+00:00,-0.009270970436354038,0.0006611640189251311,-0.0009462358037187757,-0.008918473843548979,-0.009918536004350753,0.008785954585103894,-0.020401795418680105,0.0002931927970413
2023-12-01 00:00:00+00:00,0.005328001601867897,-0.003179419141530304,0.0037841330116161753,0.02137376464231169,0.0236872779906218,-0.013629819457088322,0.004091393048399982,1.2440017158388272e-05
2023-12-02 00:00:00+00:00,0.015967768520718965,0.02500742374750775,0.005873724769035471,-0.01113851366024705,0.019657479189986792,0.005619026594872834,-0.0031016960774494784,0.0003612899926686
2023-12-03 00:00:00+00:00,0.025183451781948207,0.020046559751681237,0.0,-0.0033813754753015957,-0.013905998567374088,-0.015560483658041767,-0.00834496568336469,3.462991860270215e-05
2023-12-04 00:00:00+00:00,0.0004098105028543501,0.01381260301762377,0.0,0.008165423371100156,0.004694273098539714,0.008550595344915379,0.00479841889729018,-0.0001451082443685
2023-12-05 00:00:00+00:00,0.028125607227232643,0.05036055798317651,-0.005408487734594569,0.023072035500276297,-0.02716714391970498,0.015256430808743508,0.01668993646769317,0.0002405467510029
2023-12-06 00:00:00+00:00,0.016274024599824195,0.049736742464833394,-0.0005689551794614278,0.035303763652216276,-0.018776180250932396,0.004492427248382702,-0.02041121151008709,-3.117116107742568e-05
2023-12-07 00:00:00+00:00,-0.005209352541253358,-0.006962072696833244,-0.0039061302598102365,0.007505186571637478,-0.03166521409052839,0.006747786808214861,-0.02435374239957333,0.000102531124384
2023-12-08 00:00:00+00:00,0.026984266007619606,-0.010937799830039285,0.007968188792220499,-0.004788746572866695,0.004154289496356343,-0.012325025874188354,0.027597575561316878,3.157326004532557e-05
2023-12-09 00:00:00+00:00,0.0588211740304085,0.0210989467849223,0.004095438100658821,0.033297660956754786,0.029311769408645244,-0.03472389457319691,-0.013176560442967139,9.843440463730424e-05
2023-12-10 00:00:00+00:00,0.0012787991521789296,-0.010748820954772142,0.0,0.0492580962836688,-0.027751232426413218,-0.018194271761674763,0.017493980643191142,0.0005719875601533
2023-12-11 00:00:00+00:00,0.019621535215924402,0.0017309068625768198,0.0,0.0334579834965024,-0.02335385364759968,-0.03802427717263788,-0.03134441597480526,0.000309177435031
2023-12-12 00:00:00+00:00,-0.06580714379264244,-0.05795480483907789,0.003924532563629679,-0.000644782248384379,-0.014451737463828385,0.005457882192332786,-0.03685180380891855,0.0001838530133246
2023-12-13 00:00:00+00:00,0.010165270200538427,0.005912141697560047,0.004599302532861449,0.018799551214436994,0.009981172426874796,-0.006472614239347597,0.013992857294078821,0.0001005868419376
2023-12-14 00:00:00+00:00,0.028368692548683728,0.03275924364687466,0.013650752632599072,0.0400657057104139,-0.029143798397470676,-0.028139492591158978,-0.01404973193641652,0.0003609485727897
2023-12-15 00:00:00+00:00,0.004818185615913636,0.003671137026239002,0.002647070695482867,-0.023249345589672864,0.0014981357154788986,0.015605040807312042,-0.015168452223462638,0.0001044095800362
2023-12-16 00:00:00+00:00,-0.03992661729310378,-0.024734850949517106,-7.627845875146644e-05,0.0010180651508692393,-0.008965142820599632,0.009841132560183222,-0.010071481158345955,-5.961407636467797e-05
2023-12-17 00:00:00+00:00,0.03339434179375691,0.007610560426992041,0.0,-0.0076609665550460455,-0.03469395898724641,-0.03432583215204055,0.019711636245538157,0.0003696124507501
2023-12-18 00:00:00+00:00,-0.02944473915456407,-0.021067741218424474,0.0,-0.019772196662241524,0.02418632933720608,0.015786561213908246,-0.0004852551137247488,1.5718939296860412e-05
2023-12-19 00:00:00+00:00,0.006015596332689259,0.03080453661541438,0.00452831947855481,0.005915229810488043,0.020645798055696774,0.010079506653136018,-0.03325752512048683,0.0002711998320101
2023-12-20 00:00:00+00:00,-0.01694906931078882,-0.008750530210889007,0.005866395531329616,-0.019271072097734418,0.016773099857646877,0.029728888005449507,0.008009844843793855,5.7004725062981265e-05
2023-12-21 00:00:00+00:00,0.026321094750401328,0.03334885799192877,-0.014684263175886003,0.03245600489804281,0.02214121384041352,-0.01950390436488307,-0.016520033480124627,0.0001047846189803
2023-12-22 00:00:00+00:00,0.05085432928131266,0.00428745633040406,0.01030148882054327,0.04905404767321731,-0.033254130354284636,-0.035663441927080756,0.008850804818246696,0.0005279672533684
2023-12-23 00:00:00+00:00,0.009408796045913907,0.0023441611251973082,0.0016600832148312428,-0.04006181768566239,0.028468795482206842,0.022155231705063238,0.026542945968182033,0.0003852128583499
2023-12-24 00:00:00+00:00,0.0026934635826717586,-0.006227385952471853,0.0,0.026310932164595437,0.024728493797108574,-0.032260956172008345,-0.014230657371701129,0.0002666549559569
2023-12-25 00:00:00+00:00,-0.008881467625951633,-0.016393292655036307,0.0,0.009404080769589183,-0.019231061045074348,-0.010894784979292572,0.01654601323081666,0.0003345184771115
2023-12-26 00:00:00+00:00,0.028897105070577998,0.014032142558197958,0.0,0.008006155464830744,0.013364497642126591,-0.012775331724250716,0.003198239908328661,0.000248453447853
2023-12-27 00:00:00+00:00,-0.01064929653936492,-0.024612548409952417,0.0042316647141837915,-0.015491202442029284,0.022900368447911258,0.04416321188866619,0.031177307033026968,0.0004817164996822
2023-12-28 00:00:00+00:00,0.04078550870059317,0.021516978736908943,0.001430441384365766,-0.0643015140379422,-0.0035289486517423863,0.045559049932684295,0.030854030051664226,0.0004795711142868
2023-12-29 00:00:00+00:00,-0.00933145563243296,-0.019646152925636096,0.0003701705294067992,-0.021314798845313843,0.010711397921523803,0.010676578541144455,0.02463913766844872,0.0005899667623645
2023-12-30 00:00:00+00:00,-0.019465847017489695,-0.011854432266590886,-0.0028264709879060046,0.011868787553743787,0.023423291593080656,-0.012038211739722126,0.00039602201006192633,0.0007483809318251
2023-12-31 00:00:00+00:00,-0.0011614370055417211,0.0018790785625879547,0.0,-0.00857847131802454,0.025379563244514868,0.007734672937882015,0.005775064514935569,0.0004767890460202
2024-01-01 00:00:00+00:00,-0.0032948425179657828,0.003314822806360418,0.0,0.02127071501307474,-0.03068502609706285,-0.0238416638196107,-0.012522861510603289,
2024-01-02 00:00:00+00:00,0.04562482635470245,0.045285248381150334,0.0,0.020897348733136756,0.013948078842275537,-0.03774145191244105,-0.0018902106380764422,-0.0005664320918217
2024-01-03 00:00:00+00:00,-0.02500339843150534,0.016947696370353427,-0.0056605790982068305,-0.029625217427001704,0.032209254966462715,0.02803661125822539,-0.028939453236396483,0.0007982838904405
2024-01-04 00:00:00+00:00,-0.08042695564185415,-0.047361259943352385,-0.008016310936719062,0.0008820237395904956,-0.045128060707466396,0.04260122139751531,-0.023116017951112844,0.0005274433392725
2024-01-05 00:00:00+00:00,0.023613428139443265,0.03020572002007027,-0.003428406248073834,-0.002326123292088103,0.0022400296057479598,-0.01256143497472393,-0.011992669340863668,0.0002901481976811
2024-01-06 00:00:00+00:00,-0.024247669629859706,3.6245180523586384e-05,0.001825673750394552,-0.0052686987800210985,0.02267239042979441,0.04056868561552829,0.010462375579260308,6.65689856214069e-05
2024-01-07 00:00:00+00:00,-0.024763006579977112,-0.004274511047583807,0.0,-0.002208767923529909,-0.021893655599554897,0.029643635746588196,0.004863131500950323,0.0002945085864376
2024-01-08 00:00:00+00:00,-0.03009469122858702,-0.0009054364863603226,0.0,0.010953032472655107,-0.012427415733791539,0.02114978068768245,-0.013721652114422979,0.0001597777200179
2024-01-09 00:00:00+00:00,0.05865730619574638,0.06958141398869211,0.014114671594383177,-0.005071107348010799,-0.0047004407630787184,-0.02182902795286191,-0.010165374501113086,-0.0002359880036449
2024-01-10 00:00:00+00:00,-0.025245503619151958,-0.018280831206211157,-0.001477892491718369,-0.0019478739715670795,0.01101798203145166,0.03773558935285075,-0.0032652430118444327,0.0003719839889457
2024-01-11 00:00:00+00:00,0.08745069752311033,0.011903109684694435,0.005665930831493693,0.00516870782079723,0.013212359965025344,-0.04522642624182267,0.04988075131072725,0.0001022365882201
2024-01-12 00:00:00+00:00,0.03328355981835198,-0.006966990907123161,-0.000671063771963798,0.027032349833617884,-0.019977573327506028,-0.04690503240261761,0.05444542370479184,0.0002841781019478
2024-01-13 00:00:00+00:00,-0.04885675364698689,-0.07658758076559524,0.0007510083175741311,0.011338785316196809,-0.010481014055556237,0.024331890046158412,0.026112750923579058,6.82342608115949e-05
2024-01-14 00:00:00+00:00,0.005359869477910495,0.0013438064544777362,0.0,-0.004021095818665343,0.003081715907630711,-0.0015051507532469312,-0.013531038727487133,0.0002438602842183
2024-01-15 00:00:00+00:00,-0.031176125729581675,-0.025941502670002614,0.0,-0.015533058633283421,-0.01482938358381054,0.02213003795680666,-0.01906666196526634,0.0001012931502208
2024-01-16 00:00:00+00:00,0.02141535084045732,0.018691790324165014,0.0,-0.004183838003479278,-0.007965738760066034,6.399711031768174e-05,0.006880548543613266,0.0001338680776532
2024-01-17 00:00:00+00:00,0.007200645616820174,0.014536046101375932,-0.0037313198838587747,0.005706471219470589,0.0048429965582161396,0.006644539350392154,0.0013545097483852239,0.0002554419017444
2024-01-18 00:00:00+00:00,-0.011359042078237288,-0.008105163100178503,-0.0056168930629166836,-0.014493140465064292,0.010711508374349709,0.004571954855388683,-0.005163685658924911,7.530221018292593e-06
2024-01-19 00:00:00+00:00,-0.041287589847146325,-0.03413239714468708,0.00880526501252299,0.021557171389374317,0.022234285552618242,0.028278004668405354,-0.014102871424763318,0.0002841174248455
2024-01-20 00:00:00+00:00,0.008977164146590489,0.008206063920664253,0.012313478102632613,0.0315425189873005,0.015851059636733014,0.018589284118081674,0.015024084190480359,5.871883335983874e-05
2024-01-21 00:00:00+00:00,0.003478675863311764,0.0007104761630447598,0.0,-0.02019654735097607,0.01846382894904828,0.009692400637109433,0.0034690128093738835,0.0002324561890323
2024-01-22 00:00:00+00:00,-0.011066452455542608,-0.002681582469454491,0.0,0.005956549580073767,0.004807191489564433,0.011461222144603746,-0.002367092123200254,0.0001015657375216
2024-01-23 00:00:00+00:00,-0.05173238536850081,-0.04841269841269846,0.002194301015948863,0.007179143060994292,-0.006419511666436152,0.006253033560770428,0.012599195507848715,0.0001482432288451
2024-01-24 00:00:00+00:00,-0.013652072678899,0.008163368463618648,0.0029213904746590025,-0.016204246240124377,0.01303959037650755,-0.011818515822336107,-0.020172407740229194,0.0002187949042598
2024-01-25 00:00:00+00:00,0.006515870024505754,0.004730508899473573,0.0008119886527155895,-0.01960076313201544,0.00614943314652976,-0.014052555959363278,0.014177378824637854,0.0001220652995332
2024-01-26 00:00:00+00:00,-0.009445988445333923,-0.003128843999430919,0.005260293105750158,0.008504574936249499,-0.0025471851092020437,0.0042091368711415274,0.0014464610091236667,0.0001604592600275
2024-01-27 00:00:00+00:00,0.030887877591450456,0.04638165057704868,-0.0006517972440622799,-0.024612584550647545,0.0008507329628418825,-0.0038915414555909453,-0.01815412248092241,0.0002485504459275
2024-01-28 00:00:00+00:00,0.00651015837530231,0.007075471698113178,0.0,-0.011106186401186102,-0.014741820692694807,-0.008280278677527765,-0.011913527391777335,0.0001543309804785
2024-01-29 00:00:00+00:00,-0.0017839168398967968,-0.0019238899629948625,0.0,-0.010651544751182152,-0.00709141455979907,-0.011168345802117185,-0.011417362360623164,2.1659816916486108e-05
2024-01-30 00:00:00+00:00,0.02705714472838084,0.030139548608797417,0.007556783214781593,-0.00822350863867656,-0.00826263358015793,-0.015426139746114488,-0.00894859470292051,0.0002073235378763
2024-01-31 00:00:00+00:00,-0.008933313988877579,-0.00853360192387198,-0.000600657882721567,0.035520743021413614,-0.007263914583753595,0.0033893396481019297,0.00646368080632511,0.0001752640498924
2024-02-01 00:00:00+00:00,-0.026112592109401898,-0.008336770095740076,-0.01610568186202166,-0.0031857603524806585,-0.004075501187300708,0.022329537261450882,-0.0018175095594174413,0.0001123620220064
2024-02-02 00:00:00+00:00,0.016667679860659187,0.012032283455316595,0.012493679898465615,0.023146456051455398,-0.024998929804789884,-0.006044575302037369,0.0012757358031945769,4.245856987816765e-05
2024-02-03 00:00:00+00:00,0.017778302373604102,0.0025398977540247447,0.01068446187367389,-0.013101301576325277,-0.016705697287760436,-0.03289777601969961,-0.01326202654306019,0.0002290994925335
2024-02-04 00:00:00+00:00,0.002061027140377599,-0.004390718354870038,0.0,-0.017974444639992558,0.00845272148530567,0.018586926699519536,0.016765801849358032,0.0001361945663207
2024-02-05 00:00:00+00:00,-0.015776837252219043,-0.009818014346721693,0.0,0.022223546885726655,0.028269804769596774,0.0036715294911379807,-0.015010883899694228,7.278781310926519e-05
2024-02-06 00:00:00+00:00,0.007979688059067363,0.002879942119270895,-0.00318637682737688,-0.006111785100025991,0.00551570303790847,-0.00827833875057069,0.0018525671764983553,0.0001879686756331
2024-02-07 00:00:00+00:00,0.0042371163278918395,0.009046000623054384,0.002310426660138587,-0.011490546768933064,0.0076592876314113935,0.01433780735301693,0.009516229387532781,0.0001697904722637
2024-02-08 00:00:00+00:00,0.020822612661202302,0.028949072752216143,0.008241442161546875,-0.003832767133660611,0.007987035554911249,-0.008144797509214777,-0.0035162702775561883,0.0001609431744347
2024-02-09 00:00:00+00:00,0.009460535277921804,0.021271843740271024,0.0005705637169521882,0.014217702085615326,0.029995782270408156,0.023809682414393917,0.002722939305925154,1.9592565442483337e-05
2024-02-10 00:00:00+00:00,0.023910689655151515,0.04080045770735441,0.005742400323335062,0.01572211614258157,-0.00679213758562134,0.001968422404091983,-0.010757413812454252,0.0001198818671035
2024-02-11 00:00:00+00:00,0.002306956053927959,0.013084699285382362,0.0,0.029661493648388437,0.001887174552518878,-0.01027110443517638,-0.03251619260252512,7.105188736233892e-05
2024-02-12 00:00:00+00:00,0.01025181437364695,0.0119582842753172,0.0,0.004635494640250215,0.015932191812820927,0.015295704183925273,0.010041154993978483,-7.876651249494326e-05
2024-02-13 00:00:00+00:00,0.031738847975983225,0.03395620184086412,-0.0009489496897510108,-0.007516919149613787,0.005226719812513592,-0.009701234498543921,0.0048167086534029145,-8.6132733119193e-05
2024-02-14 00:00:00+00:00,-0.016679666278727405,-0.004949583129770341,-0.013674270785210219,-0.021721394096557156,-0.021575171918016126,-0.0029679042047586306,0.005558526743560057,0.0004711383039079
2024-02-15 00:00:00+00:00,0.031786347798437094,0.04279585644030548,0.00957972369210025,0.0240370354097025,0.0010413523405681212,0.0005666577650878871,-0.013941501765013034,-0.0001552119548193
2024-02-16 00:00:00+00:00,0.013955368029098343,0.001453017181494154,0.0058212781615079034,-0.010559211710757976,-0.0026391614224359657,0.017283272770729052,-0.003766337271029241,0.0001280667719878
2024-02-17 00:00:00+00:00,-0.005431108155047393,0.004819021744366436,-0.004803438753173572,-0.013873708186711319,-0.010767276859437859,0.02429230980203767,0.0037665308204366983,8.9568152174202e-05
2024-02-18 00:00:00+00:00,-0.0035120877343416844,-0.008997365221693365,0.0,-0.0022289648944696203,0.023687295426855236,-0.0110700837203505,-0.00588386452208689,9.578496466566833e-05
2024-02-19 00:00:00+00:00,0.01370021888336217,0.009607309682387877,0.0,0.001727650173318284,-0.0006079140589311249,-0.004359063785848317,0.00048168937132806594,0.0002621641345765
2024-02-20 00:00:00+00:00,0.016519117192947297,-0.0069399857022111044,0.0,0.04195539233413023,-0.010372538542984408,0.016224745772834524,0.004024719182858405,0.000209181064495
2024-02-21 00:00:00+00:00,0.0010538812320645796,0.009333420826111993,-0.006005310084565729,-0.005721879438807753,0.011571738616930704,-0.015957094452156026,0.01261305427251369,0.0002085926206085
2024-02-22 00:00:00+00:00,-0.019780936362648393,-0.008023343416689865,0.0012641920124771833,-0.011048454631313143,0.004941781242072205,0.02603480626333472,0.003773859340468144,0.000248842308633
2024-02-23 00:00:00+00:00,0.0027209146574564374,-0.010811946535897898,0.021122887309807714,0.024681455984546165,0.015909689546026208,-0.018645100278509963,0.01768257541656846,0.0001779520980744
2024-02-24 00:00:00+00:00,0.0006626419148360707,-0.010620282986696372,0.00034794369209545373,0.012271987397042605,-0.02749394074990434,0.0039713401432443845,0.03844986332758542,0.0001671771200377
2024-02-25 00:00:00+00:00,0.017225827034158293,0.01635156454653064,0.0,-0.010821507716616961,0.009891003536838182,0.006076303719051058,-0.01749301689354199,9.525987356018284e-05
2024-02-26 00:00:00+00:00,0.010355064152340731,0.0031549103621753005,0.0,-0.009846148003925935,-0.014630417847157328,-0.0054241798763074115,-0.005557572762254326,0.0002597338915697
2024-02-27 00:00:00+00:00,0.02274823410794101,0.053061051021058514,-0.0037867473667663187,-0.016127790781232675,-0.020257740451092895,0.014502833608667085,-0.006061065126853293,0.0004185102831495
2024-02-28 00:00:00+00:00,0.018544684670003423,0.047015681066048254,0.0017062725735916828,-0.022036653938273674,-0.0038717231451590676,0.03897673558658126,0.022860613453119606,0.0006445327319493
2024-02-29 00:00:00+00:00,0.018869843115818043,0.09484796187439226,-0.0016580743494716277,0.023467840592707234,0.00999845472805465,0.018520208615749365,-0.03137772271952941,0.0006764055602213
2024-03-01 00:00:00+00:00,0.012347873140462772,-0.020557579947477755,0.005229044372909275,-0.02427571060097593,0.04225208336876622,0.0002983756283656998,0.01973180943072048,0.000597857983299
2024-03-02 00:00:00+00:00,0.04332606493217543,0.020052840288023566,0.008007817482197588,-0.02171406905835296,-0.021565557382886083,0.010491386949265283,0.03189108462269474,0.0009651248934841
2024-03-03 00:00:00+00:00,0.10625189880401803,-0.006258149048703587,0.0,-0.016201817505801804,-0.17432974539288132,0.027791578459683094,0.15219569801269006,0.0007250008870423
2024-03-04 00:00:00+00:00,-0.0036050308809545554,0.018352705275153536,0.0,0.024021174222703445,0.018294443246588223,-0.0005394599063060172,-0.02782067375471091,0.0006268021021988
2024-03-05 00:00:00+00:00,0.016392967872588437,0.08100698813678697,-0.0011932849011501157,-0.014659750791154114,-0.007806849123000625,0.04313447722322383,-0.004321746637192425,0.0009707071745719
2024-03-06 00:00:00+00:00,-0.05183270400382413,-0.06660673183359578,-0.010193044173106403,0.05702229687766029,0.0582099202744917,-0.038460532627097074,0.055441166861746966,0.001085392340544
2024-03-07 00:00:00+00:00,0.07427792266033705,0.03734583684981674,0.005141130024711504,0.02728530107286411,-0.03745330178385027,-0.010907913854056997,0.0035578241296365665,0.0003305012111682
2024-03-08 00:00:00+00:00,0.02801589263882577,0.011219133772178536,0.010304108322428451,0.017151996713534602,0.041901621109350654,-0.006637358281160875,0.016615985131691224,0.0006908173006863
2024-03-09 00:00:00+00:00,0.00898386592461926,0.019593240616120777,-0.00652853397862474,0.03999769860292579,0.026650936511535626,-0.023359342094347202,-0.03425191299852162,0.0005552264534451
2024-03-10 00:00:00+00:00,0.0017325895565048599,0.002638595956010903,0.0,-0.02026702103182374,0.004827459100499442,0.011090896658626549,0.011600621777779895,0.0005107729065407
2024-03-11 00:00:00+00:00,-0.004815571299442249,0.009387054729293798,0.0,-0.011433012190664681,-0.02314281868119561,0.0468766189678488,-0.030385907682808203,0.0007856803048087
2024-03-12 00:00:00+00:00,0.07343828099480901,0.045679967768956775,-0.001122238074512727,-0.08559951663280643,0.06910055616105519,0.031916622977728924,0.030228157784214102,0.0007751170242202
2024-03-13 00:00:00+00:00,-0.016108852615098364,-0.009016850117388175,0.011201772588189884,-0.024740199912228932,-0.00043437963993098183,0.01544495377439914,-0.019132285767211887,0.0008436010806971
2024-03-14 00:00:00+00:00,0.01643219724917542,0.022717864375300767,-0.001924537270519222,0.03263066936987807,-0.027844006084071,0.055782180015340584,-0.030205442846776266,0.0006863525306712
2024-03-15 00:00:00+00:00,-0.01877369936300081,-0.022865511790350124,-0.002871076469757039,0.000569303053513593,-0.007011443896060522,0.0008373273310853923,0.008215790999722139,0.0005226974437
2024-03-16 00:00:00+00:00,-0.03760012717748879,-0.026636158168370616,-0.006482890915021411,0.008428114724813064,0.03460257620206153,0.021639389092331693,-0.03264142799544863,0.0003036383947789
2024-03-17 00:00:00+00:00,-0.07943931276435663,-0.06040355301485789,0.0,-0.013393150531696096,-0.016653586963877073,0.0075018733893119915,-0.016821361748524388,0.0002978044714692
2024-03-18 00:00:00+00:00,0.04256567236813276,0.047388716316506097,0.0,0.029445229152915364,0.015655696064635655,-0.01837156773658362,0.027426220607766116,0.0002793520130592
2024-03-19 00:00:00+00:00,-0.014811782466703642,-0.01151094482080528,0.006318044044564486,0.007362773798630285,0.004955158404646975,0.00869565527984948,-0.006607761583804762,0.0004512771389437
2024-03-20 00:00:00+00:00,-0.10276735957321113,-0.0840363582618977,0.005649179907640134,-0.007019128481791759,-0.014134117062222645,0.0068958785112639,-0.017696142976066698,0.000417901105544
2024-03-21 00:00:00+00:00,0.10000832679781739,0.09523817207510876,0.008904105621114988,0.01325019482317899,0.018742800289403005,-0.02712961636781852,0.028461117141849845,0.0001880249512524
2024-03-22 00:00:00+00:00,-0.0042335289191955654,-0.03442286273284967,0.0032365990253835353,-0.02489386904628741,0.012463722207516416,-0.005897981531060648,-0.005234605781914701,0.0002466829931777
2024-03-23 00:00:00+00:00,-0.021157278592496734,-0.026150482377910178,-0.0014022623165372838,0.023682725941953153,0.01463032836249505,-0.01436457747735378,-0.0022364709500964468,0.0002172256537311
2024-03-24 00:00:00+00:00,0.009615178128565249,0.0030442139566948523,0.0,0.011351121784424567,0.0029111263408692512,-0.016572333500204418,0.0202971553463273,0.0001398349987544
2024-03-25 00:00:00+00:00,0.03904243494551753,0.05061831950178286,0.0,-0.0026979404135895335,-0.00728746347721803,-0.003617616544318872,0.0031269887253713158,0.0001204635601963
2024-03-26 00:00:00+00:00,0.031086124541718944,0.03954154642593255,-0.0030549197773100945,0.00040214533318061463,0.0012842860667638054,-0.00368458446426443,0.002969874991012089,0.0004126699853961
2024-03-27 00:00:00+00:00,0.0034981671172368794,0.0017677219127438804,-0.0027998213940082506,-0.026321423861720383,0.005771977465778866,0.013105484092771992,0.015273690495827186,0.0002640351120775
2024-03-28 00:00:00+00:00,-0.014624169961812816,-0.007302542255521849,0.008630596627706266,0.03074301537714548,0.037551016643727196,-0.02616033396740061,-0.004266223114641244,0.0004445618398494
2024-03-29 00:00:00+00:00,0.016927599292819506,0.01878399484558302,0.001116511606195525,0.0013387654480138365,-0.006522653029793071,-0.009883234400320972,0.002617765148548324,0.0004318397519547
2024-03-30 00:00:00+00:00,0.02392542230451976,-0.013200411639400333,0.0,0.03700891847878156,0.003862019535951222,-0.023389994209780142,0.009211235090939952,0.0004180069945687
2024-03-31 00:00:00+00:00,-0.021629427436821065,-0.003740865992595488,0.0,-0.008835374165628029,0.03125970885221685,0.026744236604398574,-0.016408091349508224,0.0004532721714427
2024-04-01 00:00:00+00:00,0.037367395949066205,0.024710627623233616,0.0,-0.0035961317501190596,0.03629967144092281,-0.04727395966642964,0.02135200472766772,0.000605249765041
2024-04-02 00:00:00+00:00,-0.04700971610876584,-0.023303392514328114,-0.0020135697089078697,-0.0006838745454673667,0.00807717075076548,0.022019638359283576,-0.015512977619344913,0.0005986810201654
2024-04-03 00:00:00+00:00,-0.05381217569043904,-0.060182209469153425,-0.00723906654944817,0.05008908011128171,0.008472554353372644,-0.017104428077564515,-0.012584525700221283,0.0002586465792575
2024-04-04 00:00:00+00:00,-0.019367513465772226,0.007123087750151358,0.0010910886106099138,-0.0036134896203617664,0.01670448688290207,0.044877757688594054,-0.015305795772582533,0.0003602096092363
2024-04-05 00:00:00+00:00,0.030891942512725527,0.0381677653667698,-0.012334284436888443,0.02368236327216646,0.0016438205057958608,-0.00778772466847388,0.005119333106189394,0.0001938920953747
2024-04-06 00:00:00+00:00,-0.012108542300187467,-0.009697780256650912,0.011099216857287653,0.009817175586634752,-0.004388226160590558,0.005474330828234876,0.005356496141204215,0.0001241005309504
2024-04-07 00:00:00+00:00,0.023652093117297806,0.015862718703972156,0.0,0.0026142833326149965,0.0026502500083866558,-0.023066665722639712,-0.0032466039922301806,0.0001461234162194
2024-04-08 00:00:00+00:00,0.013067690495097024,0.006692152286739139,0.0,-0.01797255337894785,0.005879101584405478,0.0025393784337550927,0.006400175934629115,0.0001739324433835
2024-04-09 00:00:00+00:00,0.030334127456932366,0.033385378596853865,-0.00037468728023148934,-0.009793859236609227,-0.02596021292114834,0.01618579193751564,0.004921435194704983,-6.259894178506364e-05
2024-04-10 00:00:00+00:00,-0.0426300888746238,-0.034725942543360255,0.0014454894769517779,-0.024374864573350162,0.015144908507375376,0.007089630564782401,-0.01819564074508078,0.0003699998541173
2024-04-11 00:00:00+00:00,-0.007797895257879594,0.021569809204602386,-0.009456977183866844,0.003015621406342573,0.009808121931984748,-0.007359552462798824,-0.04641786270180033,0.0001294085779754
2024-04-12 00:00:00+00:00,-0.011842058427839357,-0.008856606448345183,0.007444813046443954,0.04084855491744395,-0.024029632388082867,0.005099646561511829,0.0020403208337979924,0.0002703066068612
2024-04-13 00:00:00+00:00,-0.12187999959006808,-0.04167112740290946,-0.014550707243232486,0.03801024803270686,-0.010460103163956819,0.014594663465246724,-0.06872865941400669,0.0004548241063944
2024-04-14 00:00:00+00:00,-0.11175697874157464,-0.04761500467704549,0.0,0.03544860528216914,-0.07223208989437316,0.016956910768028938,-0.046596517969937884,0.0001780345853013
2024-04-15 00:00:00+00:00,0.06140277298810199,0.02621532475128907,0.0,-0.026698822215012144,0.020385855118396676,-0.040344953351644536,0.023315268666711957,0.0005826611978132
2024-04-16 00:00:00+00:00,-0.023966555896275075,-0.03388203164172099,-0.012021290507689297,0.011457694585014576,0.005616563406764485,0.0005825508249395414,0.006068086592199373,-5.324977399912001e-05
2024-04-17 00:00:00+00:00,-0.0019203394784625886,0.00587291596666506,-0.002056572537150636,0.0019806671312772917,-0.02028200728570808,-0.00965721675658815,0.020820968325795032,9.825897004223094e-05
2024-04-18 00:00:00+00:00,-0.026624809148346203,-0.039371128361954,-0.005780564238499708,0.0001150896417389663,-0.0028719002640852573,0.015692252955385212,-0.003798820247642644,3.490369905234658e-05
2024-04-19 00:00:00+00:00,0.028256549007001468,0.035760637993943245,-0.0022081912146246774,-0.02818103286441056,-0.001818018636081064,0.010046597780532074,-0.008355656939262102,-8.73774175162989e-05
2024-04-20 00:00:00+00:00,0.0038574103031140837,0.005396800378280497,-0.00875852104918673,-0.019360844072190034,-0.004959622747393366,-0.0033758649353525117,0.004389631097589053,0.0001623388586049
2024-04-21 00:00:00+00:00,0.061977642475846945,0.017398420377692014,0.0,-0.03903101000286879,0.020340336651065938,-0.02369508648672651,0.022215488420001248,0.0001387400268033
2024-04-22 00:00:00+00:00,-0.012875690272866391,0.00023729837342756355,0.0,0.01661453624542535,0.019620711537851897,0.024320829911155382,-0.016009783771386045,-6.544314974854526e-05
2024-04-23 00:00:00+00:00,0.031911510618059614,0.028737101887769123,0.008731224445012842,-0.010303149177746107,-0.006821992129951916,0.0007163929012477879,-0.008542816734024395,0.0001168916683564
2024-04-24 00:00:00+00:00,-0.015178913513220753,-0.005865704273862571,0.01196463497385536,0.01603948764131158,0.01352911813875848,0.018549483980463678,-0.0039142482616407286,-8.075726303180542e-05
2024-04-25 00:00:00+00:00,-0.034566013967042515,-0.03217983228467325,0.0002129946455513565,0.005166325586873577,-0.02718397250971063,0.014336193658697583,-0.006186790470519711,0.0001980637213572
2024-04-26 00:00:00+00:00,0.0010025938219725343,0.0035610894941635607,-0.004576437949929346,0.008981422657760207,-0.014634433531154189,-0.00026594898003768925,0.005279189974418363,-0.0001268560680867
2024-04-27 00:00:00+00:00,-0.003969640201357127,-0.011321550649205592,0.010209134739185721,0.010786634114251693,-0.006579606848085718,0.002561337195939716,0.0014439618823077092,9.845045281964282e-05
2024-04-28 00:00:00+00:00,0.001338824328107028,-0.005142057575985737,0.0,-0.01718088510472744,0.010338163029630464,0.004041441095509701,0.01556756072326644,0.0002185909172818
2024-04-29 00:00:00+00:00,-0.0073797906851483875,-0.00524589646962359,0.0,0.013182545694579285,-0.01398198176363703,0.005659852305248347,0.0005845262671324569,-7.199702334081959e-05
2024-04-30 00:00:00+00:00,-0.004893957054879561,0.011953087973522791,0.003178456301617949,-0.02249970925187652,0.028902681712778166,-0.0038226924675111907,-0.011192317269190101,5.97759653679919e-05
2024-05-01 00:00:00+00:00,-0.058377644035943074,-0.04998558951417875,-0.015730517164206925,0.017279059487448144,0.01049867616574554,0.027626661785588633,-0.024879364177443422,0.000122906221825
2024-05-02 00:00:00+00:00,0.008182820473859143,-0.03864062046587702,-0.003435477561168243,-0.010991608877917192,-0.01316346362341416,-0.02109702713147321,0.038177384009797935,0.000415063585462
2024-05-03 00:00:00+00:00,0.017250835042477864,0.012504373357846932,0.009128425650457572,-0.018380733782010595,-0.017805317867039164,-0.024956650634332212,0.028135528935297627,-0.0002500751218437
2024-05-04 00:00:00+00:00,0.0360642289795318,0.06465469784049582,0.012556771059594851,-0.00468202558712618,0.018194766747373862,-0.004059071961184289,-0.018345257989209295,7.20442313417724e-05
2024-05-05 00:00:00+00:00,0.003914908602069948,0.01607701694570096,0.0,-0.01754943035164591,-0.02528956383472545,-0.007984309803448619,-0.01227526050824188,0.0001015537121429
2024-05-06 00:00:00+00:00,0.007457656372872049,0.0019384882297124317,0.0,0.004582950822083999,0.003330621465494078,-0.0050767454620106005,0.004312716904572444,-2.6441926215259315e-06
2024-05-07 00:00:00+00:00,-0.009188375679916682,-0.013208726636244283,0.010326085896653403,0.0025744885860972348,0.010585856920151926,0.007343048044088963,-0.008469113448325039,5.2536773475386767e-05
2024-05-08 00:00:00+00:00,-0.020836147938261215,-0.013410871865042417,0.0013434374239973401,-0.004967710716989936,0.010265119332155036,0.014169839797775419,-0.005224747968313716,2.7564214156949873e-05
2024-05-09 00:00:00+00:00,-0.006475445433663281,-0.018269230769230704,-5.782909574536532e-06,0.013849298807165344,-0.0007791068895798055,0.009404646938991967,0.01049324296551426,0.0002577932897767
2024-05-10 00:00:00+00:00,0.02198098675002121,0.030939584256490127,0.005090917502462489,-0.009196814688406097,0.00454712151540182,-0.011841377669387532,0.005191878456959745,-3.204420136693198e-05
2024-05-11 00:00:00+00:00,-0.0411734246431184,-0.036034835789316766,0.0016493801399288799,0.011605530031618731,0.0018775897479771583,0.010598061453753416,-0.005371471412016389,9.56973005490358e-05
2024-05-12 00:00:00+00:00,-0.0024091124156867317,0.0005116974699768129,0.0,0.0012522616663681596,-0.004829739636919039,0.01322211283165171,-0.013532368677304073,1.446047480935242e-05
2024-05-13 00:00:00+00:00,0.0004744067590768249,0.010633259441005682,0.0,0.002136963259494839,-6.179894488675939e-05,0.006459492824882229,0.0006457604138883077,0.0002070939562979
2024-05-14 00:00:00+00:00,0.0008335060868191283,0.023696705599796752,-0.00024125544739483917,-0.0004942291658283082,0.0017316041285111213,0.00453648382662275,-0.001404566945933361,0.000136618971414
2024-05-15 00:00:00+00:00,-0.0258356862398343,-0.02164289540485853,0.004837764439558523,-0.003698532874372343,-0.01319402372917726,-0.004267589828601936,0.000597571628524831,0.0001149461799658
2024-05-16 00:00:00+00:00,0.06545305772985822,0.07513992575202466,0.011715980391409309,-0.03401538252441001,-0.00047984778181847654,-0.034720510198991056,0.014326579136116145,5.522492139431456e-05
2024-05-17 00:00:00+00:00,0.0003094794302904417,-0.01447214523826068,-0.0020817045486656305,-0.022856703229281926,0.0072188333322832365,0.0015196786370271984,0.036724201238679054,-3.9223714480174365e-05
2024-05-18 00:00:00+00:00,0.033722388885928316,0.027021805430121004,0.0011647882803798026,0.0020291451546504483,0.001728864907053887,-0.01679098738312321,-0.0029108889539260427,0.0002210733052026
2024-05-19 00:00:00+00:00,0.005559310410372127,-0.0014198268139744563,0.0,-0.008212673149583271,-0.015785401532730933,-0.01822229986482047,7.700378587025512e-05,-5.3848628811525856e-05
2024-05-20 00:00:00+00:00,-0.02262061381414276,-0.009650907753468996,0.0,-0.005107499106262136,-0.01533484523876896,9.30682216041985e-05,-0.009767768506400265,0.0001193583230261
2024-05-21 00:00:00+00:00,0.10536008430551609,0.07891224860128565,0.0009164157208665369,-0.03544357274214205,0.04026924842524132,-0.02778373103060061,0.0211262890028069,-0.0003565039695424
2024-05-22 00:00:00+00:00,0.005205003325802485,-0.018158158018092396,0.0025018226757822504,-0.012703094557932837,-0.020304615846662145,-0.01763564433853093,-0.0026860860271570985,-1.8827734475035385e-05
2024-05-23 00:00:00+00:00,-0.020555867868503993,-0.013534505364207416,-0.002706049712388192,0.003082013133791795,-0.0036432619620323722,0.0018516401576378592,-0.0016883061755566219,-5.087022977889877e-05
2024-05-24 00:00:00+00:00,-0.015537675134211197,-0.01761363554279105,-0.0073808038801509435,0.0051600587760300964,0.009625924378739659,-0.00852033034208528,-0.01572727928882525,0.0003009655815318
2024-05-25 00:00:00+00:00,0.009827875477593739,0.008591189104689922,0.007000971935366307,0.015390513124927542,-0.006572513087513076,-0.010632945377418901,0.028324352968355157,0.0001166395781941
2024-05-26 00:00:00+00:00,0.015658465924512994,0.0106482406272006,0.0,0.01095737653699298,-0.02464997980607362,-0.020770881634875102,0.02183804260430846,0.000215666895613
2024-05-27 00:00:00+00:00,-0.013002848894740888,-0.011398785822282154,0.0,0.011151166812523594,0.002500983434078452,0.0005234524666708484,-0.0038712298561030863,0.0001953780908667
2024-05-28 00:00:00+00:00,0.02230183185976128,0.01367835935573214,0.0,0.0023865637369121055,0.03248664648563398,-0.002631445305407997,-0.019046909000399626,8.76663050513038e-05
2024-05-29 00:00:00+00:00,-0.021285334553128716,-0.014700208460502018,0.00024883499977379486,0.00837925431209925,0.014727067817295268,0.0035613446579659588,-0.014435259395035448,2.4692917369284473e-05
2024-05-30 00:00:00+00:00,-0.017254978285475887,-0.011013946420613596,-0.007367076011488782,-0.016857891861042272,0.0062744189659653445,0.02077728007439674,-0.008737371885248523,0.0002076454607371
2024-05-31 00:00:00+00:00,-0.004507085467139811,0.010575194240523,-0.005974995016091,-0.006374910815977831,0.0016201260140335846,0.0045026431546191905,0.006250022625778673,5.2981366522875106e-05
2024-06-01 00:00:00+00:00,-0.00854519032543352,-0.012055114944629297,0.008027917211029578,-0.010736987819046195,0.021795579356792258,0.01282080475122802,-0.023226024647918342,0.0002408416592722
2024-06-02 00:00:00+00:00,0.004494027496647653,0.0032747392268774878,0.0,-0.005622396169474642,0.004518946252700418,0.0053850096731611116,-0.006200152853552665,0.0001821633856997
2024-06-03 00:00:00+00:00,-0.01265870813327766,9.882122502924418e-05,0.0,-0.014884508316060186,-0.018441370095449792,0.02017908873712313,-0.012111003383871544,8.717293776450141e-05
2024-06-04 00:00:00+00:00,0.004933739103528745,0.015419012209851868,0.001116056625188655,-0.018791593999846156,-0.01951336267657868,0.01791679530856256,-0.004753134093516231,0.0001669187240396
2024-06-05 00:00:00+00:00,0.037239135677364386,0.02510624330078981,0.0015028201536890773,0.04263531740041482,-0.01406932660882014,-0.03164501004428297,0.02594004362583471,0.0001417259241347
2024-06-06 00:00:00+00:00,0.00882544083657395,0.007839331255313109,0.011847660516995706,-0.0026610795836270462,0.0018205482059641563,0.005540342357039085,-0.005867733830929377,0.0003157785787712
2024-06-07 00:00:00+00:00,-0.01637639036884718,-0.004263825803104915,-0.0001998494591923805,-0.001160175335741375,-0.01373213130457498,0.02498277470781316,-0.020639047292327153,0.0001207149212476
2024-06-08 00:00:00+00:00,-0.04682214176751059,-0.020513906536778204,-0.0011152708034434244,0.007457861074934118,-0.037413670432665344,0.029890535133197678,-0.029467197250007376,0.0002155894927189
2024-06-09 00:00:00+00:00,-0.01470832912148882,-0.00043962696570909454,0.0,0.03576585343280574,-0.006082958753093925,-0.0004670613079488465,-0.008447059210589592,4.266800485686062e-05
2024-06-10 00:00:00+00:00,0.008945164492500232,0.004623160505577095,0.0,-0.01956288272505413,0.02482770946766728,0.0016602042899831254,-0.0016647803049327555,0.0002659974684597
2024-06-11 00:00:00+00:00,-0.015205436775195516,-0.0015559711829544742,0.0025808913052016713,-0.0009379852322079635,-0.0012132590039738225,-0.012489076583489432,0.021606744572719626,0.0001471257825667
2024-06-12 00:00:00+00:00,-0.04065941273241226,-0.032174264326389035,0.0027104214117694703,-0.04880499865197516,0.02057224627562162,0.0025792042114441346,0.02226938673424872,0.0002274749643933
2024-06-13 00:00:00+00:00,0.03723372552189867,0.014105616845933033,0.008503679780924589,0.01864982934763755,0.02758247008329042,-0.018755549080199073,-0.0062616594124019105,0.000143914263915
2024-06-14 00:00:00+00:00,-0.04567793136295817,-0.02172833574775579,0.0023445728948188194,0.05506685635816779,0.019903630465660103,0.04767937705305347,-0.03590993013082425,8.822342549974493e-05
2024-06-15 00:00:00+00:00,-0.015796044542602226,-0.011187822761649313,-0.00039383555341243603,0.009877743636891334,-0.021219750905805326,-0.0022515603778487277,-0.018024318545311658,0.0002655537033178
2024-06-16 00:00:00+00:00,0.02656373144829346,0.002634778777008462,0.0,0.003231654924968793,-0.02667164273218192,-0.035986003125376344,0.019289692222094378,0.0002103662067065
2024-06-17 00:00:00+00:00,0.010035383064291392,0.006643640213430224,0.0,-0.0004622256490264265,-0.014053685220057545,-0.020540265979926753,0.0042995370392181695,0.0002008850970065
2024-06-18 00:00:00+00:00,-0.0388094214370042,-0.0027230337146080252,0.007664408277487045,0.01482510739038248,0.030174782068299,0.04811968041788353,-0.030648917116013252,0.0002001242891094
2024-06-19 00:00:00+00:00,-0.04481808610781515,-0.019889547644801442,0.002521363070800975,0.0035749857081565292,-0.0415145505273796,-0.00703531039688423,-0.017545732094980827,8.08213102616584e-05
2024-06-20 00:00:00+00:00,0.012002892215019897,-0.0033215656178050557,0.0,-0.002289449835975477,0.013615744969650501,-0.010827810679265571,-0.010108808361223276,0.0001572051614819
2024-06-21 00:00:00+00:00,0.0019883731226757683,-0.0012258676555743087,-0.0025259566650810417,-0.022036851513060028,0.010051025538744242,-0.014063892755822028,0.020435078413672824,-9.933504974068974e-05
2024-06-22 00:00:00+00:00,-0.013255899852341605,-0.011256052055385934,-0.001562165984246855,0.01185319963888367,0.016793780022425087,0.013699129043457004,-0.015092409845782861,0.0001462570067165
2024-06-23 00:00:00+00:00,0.0024782494278891825,0.001808995072047903,0.0,0.007404636205647529,0.023973947883928835,0.012777198303594096,0.02505624408096432,3.732902592701315e-05
2024-06-24 00:00:00+00:00,-0.02030765272491201,-0.01626867995018677,0.0,0.007392966666453414,0.0010532697381259622,0.003663463534586398,-0.007550806922937747,2.893078939991689e-05
2024-06-25 00:00:00+00:00,-0.011438451654621495,-0.046226831595587714,-0.0030651719607218686,-0.03640326768623574,0.021891974285114826,-0.022162219116037885,0.004089709537835119,0.0001559204880883
2024-06-26 00:00:00+00:00,0.022223938233749404,0.024956199729234685,0.003933647462219136,-0.0012925502551751396,0.004655402468033466,0.002213386562501675,0.015519612023882034,0.0001785980833601
2024-06-27 00:00:00+00:00,-0.014238365164575861,-0.014854850771636507,0.0015724132887204867,0.003234448622746645,-0.008615730489412287,0.010492908805437117,0.0016240146691049347,-3.767212896810257e-05
2024-06-28 00:00:00+00:00,0.027647119792201462,0.013504742844655304,0.0009072819876230209,-0.01501305434283069,-0.018072879388023932,-0.005191156068494716,0.021981725626352547,0.0002956054020508
2024-06-29 00:00:00+00:00,-0.020625771545180874,-0.020300898155053315,-0.004083627735109618,-0.008128954683137544,-0.014251573347475621,0.012659533889896601,0.00209519750804572,-6.272659214900944e-05
2024-06-30 00:00:00+00:00,-0.006796611396691062,0.00914449493461822,0.0,0.012384019166329209,-0.008001272799667624,0.01931535443906802,-0.011663459550668831,0.0001907684440163
2024-07-01 00:00:00+00:00,0.028768402055420104,0.02924778296688868,0.0,-0.008387557419876533,0.02056079502419888,-0.022710918091038132,-0.005585322801138881,0.0001585836503539
2024-07-02 00:00:00+00:00,-0.006235192266792662,0.0018736258483891266,0.0026755889592124937,0.015322660546922773,0.009667007784409898,0.019683427930613416,-0.0031623018474143724,0.0002286246668112
2024-07-03 00:00:00+00:00,0.008147992230843282,-0.01208582205853359,0.006195331948881222,0.00611128037607862,-0.016657542355970525,0.008520523406145309,0.012327319091098765,0.0001117147288989
2024-07-04 00:00:00+00:00,-0.04640920136115783,-0.03083530252593214,0.005084398104196586,-0.005262452499883309,0.007611185531478611,0.026221937518573914,0.0009317220884606861,5.2499505614811426e-05
2024-07-05 00:00:00+00:00,-0.08741168417531882,-0.05251959872442202,0.0,0.01066266451591276,6.800621627700565e-05,0.01145499419533541,-0.02457119480879119,0.0001628422840351
2024-07-06 00:00:00+00:00,-0.01980843222248762,-0.007730616924266243,0.0054487793072806046,-0.0018032540253178665,-0.012627124578359683,-0.017206644488130765,-0.01283923679627319,0.0001485569988577
2024-07-07 00:00:00+00:00,0.06917135264768272,0.028462200268881244,0.0,-0.02067794147642949,0.011663079095789008,-0.05478209882443154,0.016266280279834615,9.621261323644603e-06
2024-07-08 00:00:00+00:00,-0.06074878776734659,-0.04096983647107322,0.0,0.008217969168574715,-0.0028076069123561323,0.003550212769754202,-0.0030559678500570384,0.0002484128055098
2024-07-09 00:00:00+00:00,0.042777104459881886,0.01532305587049465,0.0010166708878267539,-0.049186943577935446,0.0025319172889826103,-0.013519854264653054,0.029158668830061282,0.000150120724103
2024-07-10 00:00:00+00:00,0.012977275475863892,0.023582376019644746,0.0007410929775606423,-0.0013567194733796976,0.026959816243296974,0.003352917224148655,-0.012587182322558177,9.344694162427558e-05
2024-07-11 00:00:00+00:00,0.008698091871528094,-0.005449544320202948,0.010208033738690059,-0.013122170786970734,0.021251102916454778,0.009280936959442342,0.010504454256632845,5.505354944101981e-05
2024-07-12 00:00:00+00:00,-0.009016067702673899,-0.00678427227199474,-0.008763008283767415,-0.0027676240264590257,-0.011964603232932023,0.017552957029706516,-0.003601976248547434,0.0001789733717052
2024-07-13 00:00:00+00:00,0.032264421810332705,0.009674520853870217,0.005517016620885551,0.0020012265140416235,-0.004730220378614772,-0.00572273896865343,0.004576823983727565,3.30030842445872e-05
2024-07-14 00:00:00+00:00,0.028528641516152604,0.022533264212891035,0.0,0.026801236366207175,-0.02919969096070181,0.018783725758844308,-0.003017509524690664,0.0002269241216521
2024-07-15 00:00:00+00:00,0.012475057016052204,0.02690370770946693,0.0,-0.0184592814028941,0.014295033541080662,0.008774408708654691,0.0055705436585819605,0.0001029456093335
2024-07-16 00:00:00+00:00,0.04893376208635458,0.06442089326267975,0.002826181805230199,-0.01930748629839698,-0.010444434967948939,0.011792424048449712,-0.027105293773226437,8.672377095342299e-05
2024-07-17 00:00:00+00:00,-0.006284326131248674,0.0050927171362047385,0.006389379210899104,0.02056911083081474,0.018346736352977414,0.031119400057717028,-0.02503849192915182,-0.0001645964370645
2024-07-18 00:00:00+00:00,-0.010830304536751992,-0.014679280110752257,-0.013927512704686507,0.028640269427561663,-0.028110447236897818,0.0009944687386470585,-0.01995113683251317,9.097531140644932e-06
2024-07-19 00:00:00+00:00,-0.013882007727069637,-0.0014955733837893614,-0.007816372508844482,-0.0231741461671646,0.033868578175490556,0.016988947773734876,0.005179997982703721,9.99872578022476e-06
2024-07-20 00:00:00+00:00,0.03328511168750651,0.041713636200181536,-0.007140293511332718,-0.01628803447385381,0.017484083002457625,-0.004464720426071753,-0.005208815482424668,6.393510619195908e-05
2024-07-21 00:00:00+00:00,0.006576647273229552,0.007019581886867465,0.0,-0.004681012443873355,0.0032259711205796073,-0.010493669336546363,-0.017944103806342947,8.56784682052858e-05
2024-07-22 00:00:00+00:00,0.020398423139096324,0.015536041111488652,0.0,-0.0019043284244401257,-0.026290006182183114,-0.019199006635999917,-0.026634689190804896,-6.88538692875662e-05
2024-07-23 00:00:00+00:00,-0.03623560212814327,-0.00937509172561568,0.010792007266121617,0.01927405682695849,0.0017823033267692703,0.009225257606595472,-0.029967282809775057,0.0001120960628706
2024-07-24 00:00:00+00:00,-0.01270334323700814,-0.023449166804939914,-0.001558116673645582,-0.02904360093021401,0.006258367125607322,0.03265901091619119,0.028815314028076,-4.2608691962486844e-06
2024-07-25 00:00:00+00:00,-0.02331479802481588,-0.008580565686232777,-0.023149031452155744,0.007112049175756318,0.019171795498810963,-0.0034008379341308632,-0.013408798305455182,0.000196263012087
2024-07-26 00:00:00+00:00,-0.02423724400343601,0.006460517698329671,-0.005142681306694263,-0.010243838455637876,-0.011690619987116891,-0.00037904456063801717,-0.009671066792052319,0.0001632741973351
2024-07-27 00:00:00+00:00,0.042498163105023384,0.03207243093670664,0.011090490848678192,-0.012129679080859379,-0.0028366281006254393,-0.023031998330855872,0.016554346854554678,9.232849459284154e-05
2024-07-28 00:00:00+00:00,-0.0011929906515614653,-0.00012816263396309147,0.0,-0.0013069675119062652,0.0015924743892897107,-0.0005889974406426024,0.009069743278616493,0.0001126603267072
2024-07-29 00:00:00+00:00,-0.006489149415424933,0.005034343148608178,0.0,0.02293190333949717,-0.012436443739753765,-0.00011941585267811756,-0.01435410591253674,0.0001963086230925
2024-07-30 00:00:00+00:00,0.0047590310312210764,-0.02148338720671983,0.000813320877067536,0.004961960052214475,-0.010844496013781613,0.00036547981886176934,0.01941584093269435,0.0001019177101673
2024-07-31 00:00:00+00:00,-0.01196934510935658,-0.00884943820224715,-0.004960154039322595,0.018037931706745836,0.0160382206024011,-0.0040378198601245035,-0.025103163653705487,2.7994642984419116e-05
2024-08-01 00:00:00+00:00,-0.018440668124969663,-0.023541663832598037,0.01579342363752767,-0.0065732132435609054,-0.018813077386052424,-0.0020872239706117186,0.009920656065321418,7.809975291728222e-05
2024-08-02 00:00:00+00:00,-0.0017335317524381556,0.011255104346937772,-0.013693569708273734,-0.04017669407496176,0.0013171806775339025,-0.012596099321746391,0.013349183416908118,0.0001396166188152
2024-08-03 00:00:00+00:00,-0.060384649321217496,-0.05885909605090556,-0.018381839946536194,0.020981140022125006,-0.006570717711975947,-0.005910775746239813,0.015415895467034264,6.586741945757701e-05
2024-08-04 00:00:00+00:00,-0.032761273090293974,-0.012996940652563183,0.0,-0.02400399809254012,0.021945631156057476,0.0360259876518795,-0.027448822070350775,0.0001046104214825
2024-08-05 00:00:00+00:00,-0.05714001615592392,-0.04185740698628648,0.0,-0.013438009819499122,-0.006103251962206381,0.000368052934420951,0.013231021145676314,0.0001387522251956
2024-08-06 00:00:00+00:00,-0.08306502972322706,-0.07122599729983059,-0.029968802370122227,0.028804992912357386,0.009974673184843796,0.006884734115989402,-8.394328334784817e-05,-8.755970505014421e-05
2024-08-07 00:00:00+00:00,0.05148763172815702,0.03681455323861038,0.01035414252467537,-0.014307586746972016,0.013270696680948109,-0.011327894605550837,0.014790255499922855,0.0001416150197131
2024-08-08 00:00:00+00:00,-0.010630951702557116,-0.015864993070339506,-0.007734688541859436,0.050564980730362134,0.04361084985066277,-0.030449136078584925,-0.03076992956695228,-4.2057904957593095e-06
2024-08-09 00:00:00+00:00,0.09932373851561752,0.11899373717172779,0.023042600250024137,-0.04698168868376987,0.03598978755201246,0.010069266458009762,-0.02340468062302356,7.69690289970093e-06
2024-08-10 00:00:00+00:00,-0.024233907626981098,-0.013804780424198637,0.004671658542179324,-0.010383680415741382,-0.004940966447909711,0.014881733536653362,0.008257072663381052,4.467658293605403e-05
2024-08-11 00:00:00+00:00,0.0042807945050037,0.0013369819400546046,0.0,0.0024258385110683895,-0.010808947312946349,0.005836367823923648,-0.008533529322325317,4.244121417196211e-05
2024-08-12 00:00:00+00:00,-0.04599834940955486,-0.036078233007444616,0.0,0.003064692397636355,-0.003554847166285492,0.01562512857693297,0.0016919151131669988,-0.0001244361365516
2024-08-13 00:00:00+00:00,0.05694352678122098,0.010742318943794071,4.303763360380408e-05,0.01904834257866969,0.010413974643285813,-0.05935239454879308,0.007334902466084391,9.69958836567475e-05
2024-08-14 00:00:00+00:00,0.006376460677222011,0.020681482580288568,0.01684757287548244,0.010410040459306468,0.01484310563377762,0.006328073267032153,0.002129297773132288,0.0001113217327277
2024-08-15 00:00:00+00:00,-0.0053037242909336575,-0.03141840282078601,0.0038237680860733203,0.03328070138839747,-0.03841520671574026,-0.010826023085546765,0.025292960142480683,-0.0001058857994564
2024-08-16 00:00:00+00:00,-0.017455490915806737,-0.019388522390324625,0.01613320110499883,0.019506341189656086,-0.017727571202270934,0.014478615379835325,0.015501274700756594,-0.0001051131874859
2024-08-17 00:00:00+00:00,0.013063239744267723,0.02336770356975193,0.001989818192314141,0.015588035006409396,-0.005948949987703456,0.0017873351640000697,0.0072490378925159395,-0.0001226110307221
2024-08-18 00:00:00+00:00,0.008475984773748179,0.010425640006184622,0.0,-0.021379173316765445,0.019591390249073658,0.017720590700120862,-0.009981780097572269,7.604872860689227e-05
2024-08-19 00:00:00+00:00,-0.009454522814451168,-0.018135651647510853,0.0,-0.010989923593220773,0.001693929642256009,-0.0023148759606281596,0.0001281663197410859,7.991384095351606e-05
2024-08-20 00:00:00+00:00,0.019491655839862433,0.017271793115259504,0.009722284736913167,0.015511911489830044,-0.021094937829308182,0.012180382511530285,-0.012691479989757212,-3.400075318682472e-05
2024-08-21 00:00:00+00:00,0.014504739248632648,-0.0069968096837461635,-0.0019845762938528466,0.026127308112293024,-0.011585380357411055,-0.030802173902449725,-0.0054119982754295085,-0.000100850611219
2024-08-22 00:00:00+00:00,0.03426781030301431,0.036232535192403104,0.004239680407066571,-0.03226366482981267,-0.015854053098063113,-0.04527350915392063,-0.004738350585289531,3.071831878287412e-05
2024-08-23 00:00:00+00:00,0.008110575586685842,-0.012599803664921416,-0.008932812652890587,-0.014518336194898973,-0.023013379693315628,-0.011042952760262837,-0.0005680607917424533,-0.0001395649719914
2024-08-24 00:00:00+00:00,0.044412305203814145,0.060812031171551206,0.011483420217425433,-0.016787724159782115,0.0018090129096311747,-0.01945967898155527,0.0041582787517833175,-9.241637965817784e-05
2024-08-25 00:00:00+00:00,0.0038630850835797686,0.0015089058245951747,0.0,-0.0055671192090191775,0.008248860740463894,-0.0055106910747137585,0.004480523335561238,5.699458668972923e-05
2024-08-26 00:00:00+00:00,-0.01611260539772123,0.0011494701051990575,0.0,0.012825878837822824,0.011566410918069203,0.017191506731246607,-0.00481371551350911,-6.21408824137415e-05
2024-08-27 00:00:00+00:00,-0.0373372592682412,-0.021539113447224034,-0.0031537231503155905,-0.012121509499701255,-0.01141347431438966,0.008594157584419684,-0.010030663051896531,2.160949110030508e-05
2024-08-28 00:00:00+00:00,-0.05117978301373687,-0.05450136607671685,0.0015952029967027936,-0.002176899737539699,0.0010205216924713337,0.026039851103998084,0.008392778046705907,4.801899828876799e-05
2024-08-29 00:00:00+00:00,0.001842400047597496,-0.0063063594035480675,-0.005976038963347419,0.00034914094313824844,0.006809810160111351,0.0007302530538498386,-0.005407007008325859,-3.264929074153766e-05
2024-08-30 00:00:00+00:00,-0.003691237321072364,0.005307574987290176,-3.934065069444159e-05,-0.010336692003302362,0.0007208271230974899,0.018852280913112328,0.008987740255691979,8.376765484374715e-05
2024-08-31 00:00:00+00:00,0.00903330996144293,-0.003824810529438616,0.010093062182132906,0.01817116746984331,0.019039287819856088,-0.013426459188345863,-0.0005443188942747088,-4.1617488765410826e-05
2024-09-01 00:00:00+00:00,-0.00990120426103458,-0.0026126847196863423,0.0,-0.007364561553013993,0.006994124521034717,0.013306269943042426,-0.0012665093363868115,8.824301080534447e-05
2024-09-02 00:00:00+00:00,-0.043717847968522204,-0.028397455799694327,0.0,-0.007108976443377754,-0.020173757410462366,0.03178058872507552,-0.004437065448158806,-2.0299766810505385e-05
2024-09-03 00:00:00+00:00,0.03947318124234696,0.032199426906078576,0.0,0.007372406220521731,0.03428188909025934,-0.034147818601532265,-0.001137542904386321,-0.0001755497620919
2024-09-04 00:00:00+00:00,-0.04229658098687889,-0.028085620372140352,-0.021151122441753323,-0.0033598407460530624,0.03637465659351156,0.03563251625248742,-0.00647367856375658,0.0001981187537314
2024-09-05 00:00:00+00:00,0.02486161742924231,0.008579350726433788,-0.0016024800458679378,-0.00461217507117799,0.06126422265206915,-0.054662759591114954,0.01241378444489185,-4.0664028458037293e-05
2024-09-06 00:00:00+00:00,-0.02022105833874035,-0.031048515138545785,-0.0030180776693048417,0.009950076013055576,0.011823881537835979,0.017413546541041058,0.011558134899930895,0.000104662038783
2024-09-07 00:00:00+00:00,-0.0335236200353158,-0.03950436097510579,-0.01726020776209658,0.020373339136623474,-0.015821284024281294,-0.0014858369839571457,0.00823782683675649,1.253114548105394e-05
2024-09-08 00:00:00+00:00,0.016671107961550084,0.003842181290876656,0.0,0.012268626403524508,-0.013569690936490453,-0.0008874861737187874,0.012538902282724893,-0.0001338451199074
2024-09-09 00:00:00+00:00,0.02060881602178899,0.013017480405431492,0.0,-0.006851520373722518,-0.012818698464162413,-0.024498413479586527,-0.006367328470173828,-5.088212144688242e-05
2024-09-10 00:00:00+00:00,0.035179796663212075,0.03957723980481265,0.01158009178281283,0.014540043486449505,0.019998269026456048,-0.02202916964719885,-0.0036691908308101387,-6.89687649035875e-05
2024-09-11 00:00:00+00:00,0.008573289231655715,0.010508682687247806,0.004472633223969957,0.016831681185361602,-0.024567852782244694,-0.01901793358998041,-0.014065411859755983,-0.0001095489839267
2024-09-12 00:00:00+00:00,-0.0030641766228330703,-0.005261321562044841,0.010665050805019227,-0.009613792001682307,0.014757922035110237,0.015947051365627574,0.006318226476447086,2.3019536263824136e-06
2024-09-13 00:00:00+00:00,0.014140413400959624,0.013803092171849274,0.007495323299958834,-0.03250650557148664,0.015994957971502764,0.010586974388588532,-0.005975372073720632,6.589715579208288e-06
2024-09-14 00:00:00+00:00,0.020482627798530464,0.04060794877532392,0.0054076658041088965,-0.006346824150079188,-0.024263707832111136,0.005273626285029233,0.0007866291003398862,-5.572863972957975e-06
2024-09-15 00:00:00+00:00,-0.008585775411068619,-0.008141431317218006,0.0,0.0009112307660960259,-0.02314015139263672,0.028612152980517204,-0.010276746485019018,-9.621302503004524e-05
2024-09-16 00:00:00+00:00,-0.027667984881140542,-0.01440030685077709,0.0,0.023075339331317623,0.008080175668336787,0.00669517268105051,-0.017357705296115734,3.51830044060808e-05
2024-09-17 00:00:00+00:00,-0.014618009781042884,-0.015456722024348335,0.0012566610143582846,0.0008412304961359137,0.007852506782755064,0.00099201632298309,-0.008818643047684472,5.62508657746541e-05
2024-09-18 00:00:00+00:00,0.015666121864339622,0.03598741987041776,0.00026450846693371055,0.0029594386737404436,-0.006578857822840578,-0.009040901216779874,0.002601304282072791,9.734923417026307e-05
2024-09-19 00:00:00+00:00,0.021522545874706856,0.024125346294852523,-0.0028964004415590328,-0.014573603687139112,-0.014873276954076609,-0.010110956773431613,0.006154728702616331,-2.059935525466905e-05
2024-09-20 00:00:00+00:00,0.023004190425835992,0.019301760905025223,0.01697678640717948,0.01869074237479611,-0.00765457116138879,-0.017480319252483743,-0.008780168853530057,5.130560559196695e-05
2024-09-21 00:00:00+00:00,0.017611504729464652,0.003953794005425282,-0.0019409693295342478,-0.01911856858623411,-0.00021878540871260801,-0.035666554316644054,-0.005634774442081315,8.926876913117887e-05
2024-09-22 00:00:00+00:00,0.013178185154578515,0.002293603394976307,0.0,-0.005685679131927414,0.01354332082923806,0.013115192464343516,0.005513859608035878,0.0001618714504656
2024-09-23 00:00:00+00:00,-0.00958872334070328,0.0037554918936333337,0.0,-0.0016912566318254335,-0.0001559255997009689,0.012571216105139983,-0.022667848105013034,-5.0797803368696215e-05
2024-09-24 00:00:00+00:00,0.014684110560829293,-0.0040340851877957995,0.002809269537312087,0.005885896059376106,0.013594914364402653,-0.024281109645526988,-0.006295442679014163,0.0001845777990447
2024-09-25 00:00:00+00:00,0.01931033150700822,0.014866828852168945,0.002511117289812015,0.013912958649910111,-0.0021343979539232526,-0.021056404318833554,0.019050884609734364,-0.0001255580447879
2024-09-26 00:00:00+00:00,-0.012753140136924974,-0.01750693848833562,-0.0018611774432969463,-0.006147873789392345,-0.0004493500855233812,0.0022406224642510953,0.015068545145402656,0.0001330660367677
2024-09-27 00:00:00+00:00,0.0312158966266906,0.03201602068493492,0.004038614114003858,0.026066882419256542,0.01949600132660754,-0.01356297589229516,0.02586927913160575,0.0001439023231379
2024-09-28 00:00:00+00:00,0.022742994604977855,0.009370701513067514,-0.0012531829977877607,-0.005472040841036561,0.0030996064101941126,-0.02149623819564268,0.0054621378001052275,-3.9160867872034544e-05
2024-09-29 00:00:00+00:00,-0.00938250166563932,0.0011102729142078438,0.0,-0.014864463414012997,0.03884654039103654,0.022076465198254125,-0.008809755887916059,0.000171675651061
2024-09-30 00:00:00+00:00,-0.006892341439974473,-0.003866453163503092,0.0,-0.022070717855851397,-0.00878879538126407,0.026830121458423496,-0.010096432368508369,5.802674390942286e-05
2024-10-01 00:00:00+00:00,-0.04234336437089816,-0.03445272929976628,0.0042365423122701085,-0.002322423708312038,-0.005815491655304372,0.007965466650544692,-0.0027120440031097384,2.053618085096076e-05
2024-10-02 00:00:00+00:00,-0.05509879978048748,-0.039998989086876824,-0.009324110452443968,-0.0013826992735339397,-0.012951834150983714,0.03748737156911666,-0.004539533174113153,0.000207978235627
2024-10-03 00:00:00+00:00,-0.02183252941810471,-0.0025371523344435154,0.00013838405955768351,-0.01670737244819784,-0.0050291909329210245,0.0050291909329210245,0.02712961861736489,8.897215548797632e-05
2024-10-04 00:00:00+00:00,0.0031385973852964193,0.0017254291303903102,-0.001681396399709989,-0.018403303971753493,-0.014947631886613499,0.007755024610141325,0.006641227358272173,6.846841324392727e-05
2024-10-05 00:00:00+00:00,0.023503889096877596,0.02185511599415091,0.008970269862489832,0.009758968735798713,0.020937461895775923,-0.02153922541320852,-0.01568394785549092,5.1680037637780174e-05
2024-10-06 00:00:00+00:00,-0.0033889128604254414,-0.0005043961427393384,0.0,-0.002051117575667071,-0.005307403024793844,0.006126804540681019,0.0017060018766320126,3.7722836667031245e-05
2024-10-07 00:00:00+00:00,0.016457977566573204,0.012353461855341141,0.0,0.0004960620377063556,0.005972530443972212,-0.014521060569958076,-0.0035200365604496596,2.6289689031955277e-05
2024-10-08 00:00:00+00:00,-0.008919218184160794,-0.009533471467272348,-0.009586042249529192,0.004050633198415655,0.0005108037993509342,-0.0018888103257733053,0.0062203393782048755,1.9250951422966622e-05
2024-10-09 00:00:00+00:00,-0.00230400926898308,-0.0009486949013276513,0.00968935768284096,-0.01431560180344462,-0.014227908895981889,0.03201077959764063,0.0026221445936420954,8.662300846995485e-05
2024-10-10 00:00:00+00:00,-0.015355803805520736,-0.024549465087869704,0.0071133846739683815,0.004110988410956607,0.00044556656778946616,-0.008837641134341911,0.012213320305725727,8.230550732735153e-05
2024-10-11 00:00:00+00:00,0.009907716177232665,-0.0051677710604821625,-0.0020700823889336917,0.012287195756802285,-0.01674346495220469,-0.03173777360636436,0.02289227030892522,9.276528810819862e-05
2024-10-12 00:00:00+00:00,0.01998760999620536,0.036750412981895186,0.00605185076253667,-0.00208807183315245,0.013710777742186406,6.220993619141663e-05,-0.02406805179704312,-2.548066748597755e-06
2024-10-13 00:00:00+00:00,0.016241002291966167,0.010670463453262835,0.0,-0.007614425150030125,-0.0018666348390696808,-0.022319205209665013,-0.005807690452632474,2.8004041789264633e-05
2024-10-14 00:00:00+00:00,-0.01260245078251098,-0.005321641129542809,0.0,0.0018209365419483044,-0.006092027702395808,0.004429778538143504,-0.01108573602585241,5.512326963641456e-05
2024-10-15 00:00:00+00:00,0.05057239655174869,0.05132256945439018,0.007707612858403268,-0.029540845638193328,0.020128751719236164,0.03162535321635196,0.022568887127280224,6.65847992431523e-05
2024-10-16 00:00:00+00:00,-0.009846326956405289,0.014821788877301234,-0.0076094097971791674,-0.0163599086228192,0.024274590725787592,0.04563383807833934,-0.001977084731058975,0.0002351978536081
2024-10-17 00:00:00+00:00,-0.007357248010508477,0.008172232903417287,0.004679068519722218,0.008276440057456801,-0.00044825887248611807,0.02205546226320858,-0.013700071803181467,0.0001348613518201
2024-10-18 00:00:00+00:00,-0.009883556383766857,-0.0028183808734761895,-0.00017116048520571248,0.01302609159528727,-0.016030608587062022,0.016553963880270483,0.015338865376606958,9.870579307236228e-05
2024-10-19 00:00:00+00:00,0.019484795543867537,0.014929934793736166,0.003971603038276372,-0.022662560416267397,0.016742203615695495,-0.008736957667740342,-0.001770172897624888,0.0001611514887709
2024-10-20 00:00:00+00:00,0.0006496465225871217,-0.0007411435538052791,0.0,-0.002961091648302494,-0.0009653597689157191,0.011534301000284764,0.010049126612717863,0.0001672178548912
2024-10-21 00:00:00+00:00,0.026987767939319295,0.009699065642047477,0.0,-0.023051772805021506,0.005562900469563915,-0.01587137778918031,-0.0014509364942254521,9.079544124634964e-05
2024-10-22 00:00:00+00:00,-0.0271799353613359,-0.02392491462631907,-0.0018227794573267841,0.003241607033621509,-0.006998628702411747,-0.007721374213533961,-0.01614703227503691,0.0001366809181104
2024-10-23 00:00:00+00:00,-0.005019435146897348,0.0005581218605643645,-0.0004748905872585807,0.005718876204045454,-0.009091470753872333,-0.010445466928293113,-0.004059720295463377,0.0002438814915608
2024-10-24 00:00:00+00:00,-0.0250401193203685,-0.011263025469391619,-0.009191277003007925,0.004425419392563468,0.0035627430218006864,0.013088963600986946,0.0018096910650611496,0.0001719961463204
2024-10-25 00:00:00+00:00,0.011575846165490714,0.022905688461030804,0.002145782089274073,0.02657454734733238,-0.01083592711322059,-0.004689140330490504,0.002976954072523963,0.0001846333987605
2024-10-26 00:00:00+00:00,-0.049885488957822535,-0.022163939812655298,-0.0002994908655286066,0.01423936794560423,-0.019408072638758808,0.04086581596416871,-0.0021500406685845547,0.000219454508479
2024-10-27 00:00:00+00:00,0.01141566071484219,0.006135355850639401,0.0,-0.01799663861019449,0.007470291474623615,-0.002099830494950083,-0.007033976881194604,2.9191046496901407e-05
2024-10-28 00:00:00+00:00,0.015105827916975774,0.013728571471169682,0.0,-0.012350006322363181,-0.002458963994096997,-0.007588141938112856,0.00785714915957778,0.0002194798633587
2024-10-29 00:00:00+00:00,0.016175160960482333,0.02864135214714536,0.002651460369276215,0.008051894742198341,0.0036120965986019757,-0.012472587263693869,-0.015475416131643025,0.0001046307248966
2024-10-30 00:00:00+00:00,0.03003145414604646,0.040027166142407866,0.0016141440228589765,0.0007081018754802951,0.002713091249701649,0.002624814601746482,0.008852714287114163,-0.0001250988059868
2024-10-31 00:00:00+00:00,-0.0005503319362371917,-0.005368472425573478,-0.0033002338451409985,0.0061868009594840505,0.01071794907073551,0.0010028017176618499,0.007962503607833349,0.0001465652941587
2024-11-01 00:00:00+00:00,-0.04270977437122496,-0.02801835547139564,-0.018614747655095742,-0.017509051685785447,0.023244622831540232,0.030087389023882107,0.0029014337202707616,-3.074608215369867e-05
2024-11-02 00:00:00+00:00,-0.005321521274561314,-0.01175167337628813,0.004092578148962911,-0.001432525081802894,0.00013959296871006617,0.018227834207709393,-0.0033025697550755455,0.0003666895544423
2024-11-03 00:00:00+00:00,-0.008389255326362055,-0.0018547963537206558,0.0,0.0031336839967043726,0.011022563457272351,-0.0027084162139928477,0.006823739815735409,0.0002028776291278
2024-11-04 00:00:00+00:00,-0.021887922848642122,-0.00870880221893544,0.0,-0.008004250362563758,-0.02999419782116277,0.009225069482222526,0.008002056587389507,0.0001848081324544
2024-11-05 00:00:00+00:00,-0.025021664459344995,-0.013498636611525172,-0.002812107247591178,0.0017828360202278189,-0.012581286968860583,0.029567476251511238,-0.01108562526281709,0.0001615760419118
2024-11-06 00:00:00+00:00,0.03082363033088973,0.02238985292101492,0.012265675189796932,-0.03900174707265662,0.04137917559776649,-0.04220818754870159,0.005148462033711866,0.0001719705259644
2024-11-07 00:00:00+00:00,0.11564670797260494,0.08978401830631921,0.025295879476236127,-0.09244817589151047,-0.12465248806993218,-0.11962471301447301,0.028714271585263157,-3.205068046685522e-05
2024-11-08 00:00:00+00:00,0.027863537658962354,0.0036980731649551846,0.007431219893945906,0.017362519747942187,-0.03312507411125616,-0.024514358497015484,0.0030619927768280146,0.0002075693369951
2024-11-09 00:00:00+00:00,0.01881523491449225,0.008209925203732205,0.0037568431802581514,-0.01619721850511573,-0.006571434952839339,0.02646715896501035,-0.007786107028475198,0.0003711510104162
2024-11-10 00:00:00+00:00,0.041497421283810544,0.0025221554819292447,0.0,-0.0032121954381272785,-0.028850818569986284,0.0014615663372052473,-0.00605042404358791,-1.6193607673908872e-05
2024-11-11 00:00:00+00:00,0.04459481425249119,0.04871072877635618,0.0,-0.019739205102395192,-0.0551170692315561,0.024555123243711206,0.007354667316772791,0.0001344766240769
2024-11-12 00:00:00+00:00,0.06015853910369669,0.10345603780624302,0.000969053663222974,-0.01689612337751467,-0.010448698034652537,0.018263456866638307,0.0026870370621141504,-2.3424172645114535e-05
2024-11-13 00:00:00+00:00,-0.02996206037068243,-0.008530478795522045,-0.002892682479775477,-0.023726547917540627,-0.02496707546702048,0.024202815397140778,-0.012872809894095316,0.0006970392433471
2024-11-14 00:00:00+00:00,-0.020331799832068172,0.027750875278497844,0.00023228648443596178,0.012918782321078104,0.0028914606968690314,0.011379720776145665,-0.04027554685925847,0.0001271414519168
2024-11-15 00:00:00+00:00,-0.021713326349933556,-0.03351940477783699,-0.0060497412027306074,0.015451015526290445,-0.0626753492473686,0.07991885536468293,-0.063755486784599,4.323229976144205e-05
2024-11-16 00:00:00+00:00,0.06565629701150254,0.042249781707363265,-0.013203522508181798,0.05178013879352088,-0.0298097079214259,-0.06408299728029537,-0.017679885048024688,0.0002362466591052
2024-11-17 00:00:00+00:00,0.07948145494207738,-0.004735678224225048,0.0,0.009396753865707097,-0.06909544538236982,0.014446254731840219,0.03356622355912535,0.0001273659467193
2024-11-18 00:00:00+00:00,-0.04147680662668029,-0.008201378369940282,0.0,-0.03802208084106915,0.05012322944667975,0.02579172766011832,-0.016208279430778027,0.0002177621844692
2024-11-19 00:00:00+00:00,0.05595662292341408,0.00675751585930584,0.003917814472747416,0.030266226067286038,0.056127033358410516,-0.053694886238980555,0.056404239691512134,0.0004118688727785
2024-11-20 00:00:00+00:00,-0.01762891015465884,0.02020276795046594,0.003963608105035599,0.0027435876821674254,-0.002025198472472709,-0.007667805000564121,-0.023567361799045596,0.0004025596341528
2024-11-21 00:00:00+00:00,-0.009057353525628361,0.02114128957426109,2.1970667468895755e-05,0.04469913928095701,-0.04290767810345135,-0.0269422360272511,-0.026243518372476182,0.0002906823761523
2024-11-22 00:00:00+00:00,0.06575914122601659,0.04325895129815027,0.005340444913141784,0.012302250879763,-0.0008741154653340993,-0.006385733877454808,-0.0015232536452578493,-0.0001067145207138
2024-11-23 00:00:00+00:00,0.09574363355039567,0.005638081141198015,0.0034679787718681077,0.1275419167711126,0.047380155443001955,-0.1451517178656899,-0.01710779508612474,0.000279523822366
2024-11-24 00:00:00+00:00,0.08280408127025639,-0.01208939622771199,0.0,0.12247446011184684,-0.14888089578960811,-0.10236256020214862,0.08342760326823535,-7.034122273164023e-05
2024-11-25 00:00:00+00:00,0.004521120674497007,0.0024036715084598814,0.0,0.009975089191681885,-0.030573217152402618,-0.004935139719702053,0.026066400493444483,0.0002613670188944
2024-11-26 00:00:00+00:00,-0.026822663291841797,-0.049983462705338044,0.0030204344198856425,-0.04340599491256296,0.035869057171861285,0.02241387054659063,0.03621628267317149,0.0003085966749041
2024-11-27 00:00:00+00:00,-0.014049482158750999,-0.011203043067136709,0.005722044904524104,-0.0007308598110560508,0.0018273360779175636,-0.002625714917141298,-0.0011994288066948348,0.0003581528917917
2024-11-28 00:00:00+00:00,0.08537747934495968,0.042205400048249686,-0.0038012963267421984,-0.023678269708510107,0.0639086676470208,-0.002626721708507071,0.07791030272239934,0.0002488393330877
2024-11-29 00:00:00+00:00,-0.007586670208637829,-0.002198003862147191,0.0,0.03250928921627971,0.02248461741647958,-0.0012933802324045507,-0.046302929507389366,0.000184053580237
2024-11-30 00:00:00+00:00,0.039491643352843844,0.019038731629019034,0.005607844313972654,0.04792655542765652,-0.06138480733154372,-0.006249878714895997,-0.05513906344788891,0.0001858092362592
2024-12-01 00:00:00+00:00,0.02317946120071372,-0.010677189351933958,0.0,0.012860474411915401,-0.008205247461183233,-0.007423621543621861,0.041196127675646,0.000158954927858
2024-12-02 00:00:00+00:00,0.03604407727461111,0.008188641421465137,0.0,0.061075230095880166,0.030910540225183223,-0.036258729372095816,-0.06162300460338556,0.0002075554982619
2024-12-03 00:00:00+00:00,0.07444987653241902,-0.01413251001643967,0.0024484531809998433,0.04811139088185856,0.021132155534897876,-0.008847875377210213,0.02470210729142397,0.0003981149417613
2024-12-04 00:00:00+00:00,0.005848040356321212,0.00023777120778389893,0.00045145233705135013,-0.09039339430703877,0.059248504365791786,0.07071403585161795,0.07470098986378586,0.0002387342198553
2024-12-05 00:00:00+00:00,0.020017566427087668,0.028739497024917293,0.006051359696390701,-0.041676991930332585,-0.010525547975875193,0.0588330810495437,0.035388873484760545,0.0002832942747048
2024-12-06 00:00:00+00:00,-0.027715629057674145,-0.01690790900559247,-0.0018697147288503357,-0.014168709035101566,0.010864891114206389,0.016225294333757103,-0.004351384361332797,0.0007987846271866
2024-12-07 00:00:00+00:00,0.05619395804675068,0.028875842126152795,0.002495428066323191,0.014418228650818855,0.05030117006971299,-0.0398359451535487,0.015577698379938582,0.0002552210825745
2024-12-08 00:00:00+00:00,-0.0030497334453897535,0.0009689136043686819,0.0,0.01806731600248739,-0.007471586649364692,-0.006925077301675775,-0.029634656062829334,0.0001908181061036
2024-12-09 00:00:00+00:00,0.007274376829440491,0.013021125294296665,0.0,0.0027546161198954257,0.01413762644258245,0.003336352786050889,0.015545581042734246,0.0002100000828058
2024-12-10 00:00:00+00:00,-0.14240497945610336,-0.03805237154150187,-0.006144226774839168,-0.0680036094453966,-0.026784560016126502,0.07528758817881903,-0.03959104214224138,0.0003000839979756
2024-12-11 00:00:00+00:00,-0.00400995118840719,-0.007670332853616624,-0.0029638930421207466,0.044365257073150866,0.0447635340713151,-0.05902010415205486,-0.051593298900959164,0.000465627248354
2024-12-12 00:00:00+00:00,0.06393486392809553,0.04671623065265473,0.008165821859812183,-0.005936876202353968,0.03878140023471948,0.02151702024164208,0.04897080995547508,0.0002465554353732
2024-12-13 00:00:00+00:00,0.026825208802346276,-0.011204041327079195,-0.0054140321061636465,0.04229268387369267,-0.07412861325759733,-0.04617085521326458,0.02040886798462691,0.0002143887153114
2024-12-14 00:00:00+00:00,0.006162996940508947,0.013897445950487253,-2.6440818012729572e-05,-0.008261305586129364,0.038621853955342324,0.012997767875519073,-0.028157541226688766,0.0002883137599218
2024-12-15 00:00:00+00:00,-0.027366686300820724,8.976846640940117e-05,0.0,0.000875563941223189,-0.005187736593072079,-0.0042320243810383806,-0.005427362603292529,8.637485429030534e-05
2024-12-16 00:00:00+00:00,0.022883535317570303,0.030374527771475757,0.0,-0.023709891740297542,0.02361876303691894,0.016202590547310748,-0.0035342357103809174,-3.258806277917081e-05
2024-12-17 00:00:00+00:00,-0.012615780572743217,0.014960693238777578,0.00379931549522472,0.007711005989271925,0.006085365873012071,0.005647763509813087,-0.012314864193177066,0.0003051835819947
2024-12-18 00:00:00+00:00,-0.009542620221293248,0.00048479955330549274,-0.0038639596449174807,-0.009542922035597923,0.011685706951797605,0.0047044349912835235,-0.027771033963476865,0.0002802327654538
2024-12-19 00:00:00+00:00,-0.08963797520183565,-0.05555995497508359,-0.029492894104891865,-0.005812720610973335,0.0130346625711861,0.020360981570484354,-0.018135846696070795,-3.1877765144239234e-05
2024-12-20 00:00:00+00:00,-0.07072040320036015,-0.027417347184249485,-0.0008650990436227524,0.022045557002296823,-0.044004289246826825,0.006197726352503152,-0.026087565834577414,0.0001748817095303
2024-12-21 00:00:00+00:00,0.026663417922804983,0.003386894156478526,0.010869120584686254,-0.024902602801229447,0.024203870451727647,0.019318184208847858,-0.0007434193539880528,0.0002147244142955
2024-12-22 00:00:00+00:00,-0.03809327278940333,-0.0051409306455109105,0.0,0.005792172545477391,0.021002257288091596,0.015603805042659503,-0.015077382532501085,5.0496500618057993e-05
2024-12-23 00:00:00+00:00,-0.002658344758483337,-0.021676547215864872,0.0,0.03276199773302966,0.008973178727465192,-0.03423638882254596,0.03936098547105667,0.0001555554505525
2024-12-24 00:00:00+00:00,0.07047301617810359,-0.0030729295296546555,0.007287319692792726,0.04516017259053556,-0.05695325308900834,-0.030558754555736048,0.064198742498271,7.543260023035181e-05
2024-12-25 00:00:00+00:00,0.0295718726442903,0.039701205235865844,0.011042722967758989,-0.028123808680535434,0.007321824756404263,-0.0033993676740167386,0.005540984568738347,0.000228117749113
2024-12-26 00:00:00+00:00,-0.012926913249422568,0.0076297410856234205,0.0,0.012821141172398808,0.01646813556487612,0.014899619615317848,-0.010951720287648436,0.000215148432346
2024-12-27 00:00:00+00:00,-0.058131055303486584,-0.0365134931983091,-0.00040562645280495246,0.0019396071015171448,-0.02198432765012326,0.011141354849115777,-0.00912374242249818,7.942567119423316e-05
2024-12-28 00:00:00+00:00,-0.011132362052463884,-0.01558312706916909,-0.011055735815118317,-0.016426195096339156,-0.02876372219584029,0.022913900005509413,-0.006507475412826946,0.0001399570708009
2024-12-29 00:00:00+00:00,0.03335239441960563,0.010611199579031894,0.0,0.0083665022804746,0.037428205881908386,-0.030256771261808212,0.02374781213377406,0.0001030899721934
2024-12-30 00:00:00+00:00,-0.03842192408626603,-0.016366940271323238,0.0,-0.002907402480548389,0.030827397550687172,0.013899114785253009,-0.0108584113604695,8.209311122042706e-05
2024-12-31 00:00:00+00:00,-0.006851215758745818,-0.010039487726787644,-0.010702011777237508,-0.004693256173236104,-0.01170758315542586,0.018767828084290915,-0.006829342522637094,0.0001065273140739
2025-01-01 00:00:00+00:00,-0.005868885315790528,0.008512354017332857,-0.004284790432948271,-0.0007748917058302716,-0.02335240214998562,0.014195575275242957,-0.007445558585758816,0.0001137853565571
2025-01-02 00:00:00+00:00,0.06125922451252796,0.011031663653982005,0.0,-0.0895967069380279,0.0320147711549601,0.03367651801883578,0.0483104633710468,6.006554097326422e-05
2025-01-03 00:00:00+00:00,0.028975080149208556,0.025233424507485225,-0.002223873314030289,-0.017840001726729504,-0.013566194156444823,-0.013963297623057504,0.010325063239092814,0.0001771472925928
2025-01-04 00:00:00+00:00,0.05461466616842299,0.0121504627839224,0.012595956411720177,-0.04042294688319248,-0.024187895337850582,-0.01271256290918394,0.03284298158737054,0.0001687831343319
2025-01-05 00:00:00+00:00,-0.003532736673887767,0.00028019566827675035,0.0,-0.007963807712216475,0.00914009966334257,0.00285294122494566,-0.005321783184766349,0.0001973405576893
2025-01-06 00:00:00+00:00,-0.00021504572491962322,0.001701075242530603,0.0,-0.013173843615123658,0.010889629225074327,0.006336787174385794,0.0027776990654409858,1.964472599635947e-05
2025-01-07 00:00:00+00:00,0.008903917034580955,0.03905015446379001,0.005538101159955344,-0.0025203956586676846,-0.00931705508979792,0.021609086311281445,-0.01255433975258069,0.0003118031787556
2025-01-08 00:00:00+00:00,-0.08571642060859866,-0.05147856144622642,-0.011103896321238205,0.02113590880458635,-0.03072615242196655,0.03562120375828761,-0.01529714335499563,3.088737566425692e-05
2025-01-09 00:00:00+00:00,-0.021538420277768474,-0.019667706352539116,0.0015603237756451893,0.02447238575480912,-0.04746314210391492,0.030793306105548156,-0.015879953082115476,0.0002050591460684
2025-01-10 00:00:00+00:00,-0.03373709129326236,-0.02639818721642384,0.0,-0.012517274026440095,0.0005485615156430035,0.01861135640791687,0.004944743819469702,6.127197233118942e-05
2025-01-11 00:00:00+00:00,0.028448426473029424,0.023453639173285135,-0.01541165040341319,0.009324675046641584,-0.0018265608138834794,-0.00823923566540663,0.010614229032478082,8.013379492122219e-05
2025-01-12 00:00:00+00:00,0.017675260391247456,-0.0011935506017924924,0.0,0.0279885109189447,-0.023885596792874386,-0.004658484297688045,-0.03673430456594695,-9.5017629941907e-06
2025-01-13 00:00:00+00:00,-0.018182741944643976,-0.0006619960343688946,0.0,-0.025106634760509495,0.016785963662238258,0.008476420378508842,-0.006965877225597163,0.0001099803024195
2025-01-14 00:00:00+00:00,-0.02265207487977065,-0.00015449751798668476,0.0015754139322881056,0.01843971614241928,0.003385736534171978,0.0008811842205014297,-0.023195514216147208,0.0001121701290662
2025-01-15 00:00:00+00:00,0.03630723763937214,0.021480590102375574,0.001146289893115604,0.0009228861616360703,-0.0007670224233499862,-0.017795137255897982,0.002909067390663725,9.385458004640412e-05
2025-01-16 00:00:00+00:00,0.09101090423284784,0.04087555393001496,0.018312792769356268,0.00443628917263382,-0.036031386989919645,-0.02084943639737645,0.010213778824234868,3.246666262834985e-05
2025-01-17 00:00:00+00:00,-0.0007666342419919111,-0.005202070475811338,-0.002112636997870454,0.021917659564616575,-0.016661907647925234,-0.007190555840265622,-0.012588873648469258,0.0001468775010371
2025-01-18 00:00:00+00:00,0.05332176053878675,0.04107671402297841,0.009991006073426734,-0.03596719462565639,0.008532104143999894,-0.010853387168812699,0.030902182199573323,2.526585081152888e-05
2025-01-19 00:00:00+00:00,-0.043358110302142386,0.004630799913496908,0.0,0.006825314797465176,0.044882450434169364,0.018085844230813854,-0.047700012759502045,0.0001417559569465
2025-01-20 00:00:00+00:00,-0.06782965030771028,-0.03073735007074918,0.0,-0.034214244792225505,-0.004951142627939248,0.01471522419355336,-0.027020037464653486,9.675778510964685e-05
2025-01-21 00:00:00+00:00,0.029171645366504052,0.009239819763797952,0.0,-0.013119218801727416,0.003239828082369358,-0.029397513504319604,0.010894639925054482,0.000118792140606
2025-01-22 00:00:00+00:00,0.024495325358653442,0.03781898059220934,0.00876821430596375,-0.004824338161150776,-0.014323771442232113,-0.005846870269452253,0.0034000323795900338,0.0002374404583584
2025-01-23 00:00:00+00:00,-0.027637393097100095,-0.02308449834848214,0.006137961132307579,-0.015469379812146355,0.00019996496267696284,0.031216974717318526,-0.02017143394804606,0.0002168615481192
2025-01-24 00:00:00+00:00,-0.0019207059522158509,0.0019215761554780553,0.00531351199483443,-0.0006994748602664911,0.01261043563966715,0.006806711901846119,-0.0027017456491101434,0.0001217232900163
2025-01-25 00:00:00+00:00,-0.005539367286468814,0.009088799691134852,-0.0028551769899211044,0.0036118340272497606,-0.004561610262154403,-0.008231076056217312,0.00044651792743422014,0.000201313051467
2025-01-26 00:00:00+00:00,0.0022351525834091684,-0.0010123263373728042,0.0,-0.007113357911793283,-0.0005744235145939581,0.017557535205729956,-0.0035940333768793354,4.076203724601157e-05
2025-01-27 00:00:00+00:00,-0.028992168561305022,-0.020457106836545558,0.0,-0.004609230423335057,0.01508971068484253,0.009435251702338322,-0.013537247930926609,0.0002196934012665
2025-01-28 00:00:00+00:00,-0.015251661500309795,-0.005253505018033344,-0.0145806426234667,0.030236835485689093,0.014840311673299779,0.000788325343147234,-0.008644144811607291,7.767005603809274e-05
2025-01-29 00:00:00+00:00,-0.04328325028268389,-0.007270050469852851,0.009217800900823026,0.026411695437548444,-0.03494413860992676,0.01409276681150369,-0.0320464871804466,9.19742643668009e-05
2025-01-30 00:00:00+00:00,0.021873910570032327,0.023880426068033422,-0.004678873378710091,0.005044793688832615,0.016900516425504677,-0.008652027692469312,-0.0011144719537034657,3.81593048874862e-05
2025-01-31 00:00:00+00:00,0.05575689941539301,0.009437965172008678,0.0052754370946348494,-0.03044718321317852,-0.029233913523460137,-0.04532617481101457,0.04438935255495906,0.0001638883757293
2025-02-01 00:00:00+00:00,-0.00014257058286657465,-0.021945625061498775,-0.005046803169735048,-0.018374648643289727,-0.008222118897977703,0.022340187932413078,0.00734696522638485,0.0001651807982196
2025-02-02 00:00:00+00:00,-0.06689573032023659,-0.01734816570081754,0.0,0.01595488821757529,0.020881243882279632,0.04001127603220764,-0.026263200930648052,-1.344585746743121e-06
2025-02-03 00:00:00+00:00,-0.10946884355934869,-0.02921466031036668,0.0,0.06850792944499201,-0.0633226665667681,0.04350306637052086,-0.06052878291258465,8.169417489534148e-05
2025-02-04 00:00:00+00:00,0.02605651798664514,0.037159868734289336,-0.007608603880785325,0.0014606325527404505,0.01904442562238393,-0.009160914648674946,-0.008194149784909156,7.904460821128723e-05
2025-02-05 00:00:00+00:00,-0.06219181375547669,-0.035380285249724364,0.007224871842350655,0.02622076048641136,0.0030276201445659442,0.007603072618753953,-0.0036873083905872017,0.0001431544154884
2025-02-06 00:00:00+00:00,-0.01627595187959079,-0.011838104429540919,0.003908656680821743,-0.006492672741675488,0.0012861782974415755,0.008439309209984813,0.010922269968338182,7.241267443403032e-05
2025-02-07 00:00:00+00:00,-0.029632820151690782,-0.00039460111109723695,0.00364432448840879,0.03360608559620684,-0.0301852854322576,0.03895901526322161,-0.00459536535644256,-3.343187854765173e-05
2025-02-08 00:00:00+00:00,0.005753620321098755,-0.0006278810258706358,-0.009464837258386094,-0.012986402316988842,-0.0013720422987992809,-0.017737809918818903,0.011085253976511833,0.0001043194571206
2025-02-09 00:00:00+00:00,0.017807271191971837,-0.00044165902057458073,0.0,-0.015326888572620698,-0.017923209844287413,-0.01092824362453677,0.030821713959464207,-7.216774472884602e-05
2025-02-10 00:00:00+00:00,-0.0007194351221659382,0.00012135431414606046,0.0,0.0029672740806799378,-0.018837836125331943,-0.014684614067327507,0.018004513534973968,0.0001011027737143
2025-02-11 00:00:00+00:00,0.03177148476824872,0.009910436864004168,0.006712589964470439,0.009592420994239292,-0.024255773514698233,-0.019654852927529595,0.010631365701209775,0.0001640411491312
2025-02-12 00:00:00+00:00,-0.0017777652788180849,-0.01692147809799216,0.00033957312690802155,-0.020676708595940507,0.001660736863351908,0.03001377444026494,-0.02144912381748454,5.133892900577308e-06
2025-02-13 00:00:00+00:00,0.0426266591558713,0.021778643162013722,-0.002723902117491961,-0.0068404560681933485,-0.013138588868423319,-0.002055390142508884,0.01745140662442886,0.0001307950331759
2025-02-14 00:00:00+00:00,-0.0119189629010061,-0.012837328747867138,0.010426357037460532,0.009442331238199174,0.023536043359854732,-0.01648335474938343,-0.019579368506068985,1.2586428874250544e-05
2025-02-15 00:00:00+00:00,0.01728800493364949,0.009160050786759744,-7.195338728738232e-05,-0.03544192323201041,-0.009307575269582367,-0.012934136741832835,-0.006047365660084791,0.0001001351151026
2025-02-16 00:00:00+00:00,-0.009036749107619358,0.0009533573263302841,0.0,0.05237951008003596,0.025989310673521795,0.015371582065638333,-0.013359927854400211,-6.72688882157324e-05
2025-02-17 00:00:00+00:00,-0.012807109506903728,-0.01508130164653776,0.0,-0.0007004287997399265,-0.001870596753331455,0.01785814796491483,-0.0011906825264755387,0.0001466602922259
2025-02-18 00:00:00+00:00,0.007535631352314261,-0.0033705642936701086,0.0,-0.026995240829132648,-0.009694224224942927,-0.004855715307560926,0.0013551803625134976,1.4701291185970078e-05
2025-02-19 00:00:00+00:00,-0.031241162470847777,-0.0012658862457072262,0.0024449557863681637,0.05178837403120582,0.04272499925871094,0.007546576406909877,-0.0003071544785135452,0.000193287878673
2025-02-20 00:00:00+00:00,0.022739057163043,0.010206856162807698,0.002376998097748828,-0.005571057902917342,-0.0038830313293348948,0.0020091525754793345,-0.001506688230174278,7.55550038757935e-05
2025-02-21 00:00:00+00:00,0.017337895336939767,0.01713182467545904,-0.004334204080303938,-0.03163451328727192,0.009871927979763884,-0.008869233195749969,0.008823172840891045,8.07650907541646e-05
2025-02-22 00:00:00+00:00,-0.038978013790360165,-0.021627860348142347,-0.0170641044083224,0.02281075875240537,0.004708591240342307,0.025623302273589957,-0.027442731020735113,6.774442797063962e-05
2025-02-23 00:00:00+00:00,0.018160788924991875,0.003905213782887218,0.0,-0.021716464617144028,0.007221645874115867,7.88020075848557e-05,0.01059767813126462,3.0762403608664e-05
2025-02-24 00:00:00+00:00,-0.0005419199107472202,-0.0029522306491074346,0.0,0.01748949107903468,0.016097724838141602,-0.0006424914803105034,-0.0017952527925563008,-3.2661582131887634e-05
2025-02-25 00:00:00+00:00,-0.10599452180084104,-0.04888773872772767,-0.0049691258961639395,0.049965571675800374,-0.00010023887174070989,0.05576922327205272,-0.010571491597805266,8.233724242190377e-05
2025-02-26 00:00:00+00:00,0.007427599160918389,-0.03142015746138582,-0.004679730915472358,-0.02655115274602391,0.027752484073946773,-0.029014030388287357,0.017958806656332912,5.962931960112883e-05
2025-02-27 00:00:00+00:00,-0.014635017253710185,-0.04998471329244103,0.0001360144410393893,0.022798404215309587,-0.02297075192173157,-0.04957116391951677,0.004557870501402883,8.73713065119297e-06
2025-02-28 00:00:00+00:00,0.004583737316246765,0.005457881330269476,-0.01586451446090209,0.015498649990662063,-0.023524579191922523,-0.009399074641783444,0.0011053997027371087,8.171892363573185e-05
2025-03-01 00:00:00+00:00,-0.016700326684814883,-0.004352288524249404,0.015854114170776867,0.022381601542056085,0.00589820544155455,0.007821879906629081,0.010672642075151504,9.750934773600228e-05
2025-03-02 00:00:00+00:00,0.007323848112453361,0.02026225509966828,0.0,-0.00567363855374281,-0.010099830825120427,0.023853133015480598,0.00360395060994454,-1.9965023645429625e-06
2025-03-03 00:00:00+00:00,0.16377745946329708,0.09551586660264144,0.0,-0.08036509515395182,-0.14763686801092255,0.022673807162415432,-0.020683798539961856,-0.000107499712984
2025-03-04 00:00:00+00:00,-0.14794607505274548,-0.08522459532087778,-0.017596775547904953,-0.011609512955766982,0.09500557003096351,0.09352818815217048,0.012971160082238059,-9.057882938845464e-05
2025-03-05 00:00:00+00:00,0.01623271859576862,0.012219132246698461,-0.012234773630190987,0.0026518596650985937,0.0515225932322543,-0.05569158935639444,-0.02338926826294088,7.185324345315713e-05
2025-03-06 00:00:00+00:00,0.04214059125935609,0.03805565648357123,0.011159281084776262,-0.04434777409680457,0.0029125650354660873,-0.026893116401604855,0.0040469872748015966,7.85477742015761e-05
2025-03-07 00:00:00+00:00,-0.01435531004552315,-0.007489557350929377,-0.017819030128555013,0.003756782417500283,0.016316927329766705,0.005573933853292768,-0.0033749376730047194,8.833399820562526e-05
2025-03-08 00:00:00+00:00,-0.02832319821310257,-0.034865688113403626,0.005520587189728143,-0.006988211650878505,0.0040001831370354915,0.0485605762680269,0.04612834367874084,5.113263543532476e-05
2025-03-09 00:00:00+00:00,-0.005214637910747736,-0.006559943195571849,0.0,0.010365855566518367,-0.029301177459482332,0.01050539237361343,0.006708229639930096,-6.357190577466199e-05
2025-03-10 00:00:00+00:00,-0.0824089022396601,-0.06376885920586828,0.0,-0.004682184472095202,0.010906994477982893,0.025999842288745786,0.0004909327595000734,0.0001150013568453
2025-03-11 00:00:00+00:00,-0.055455141368267485,-0.02628617602442962,-0.026973068524487775,0.014698974900856969,-0.033149217905808055,0.01366276587897914,-0.0026713989289223403,-4.359219955962779e-05
2025-03-12 00:00:00+00:00,0.039723542072792765,0.055088725915705794,-0.007567823658488071,-0.006635173575715837,0.02177839801392434,-0.012670192614087347,-0.031400614296746676,-1.4856072988456148e-06
2025-03-13 00:00:00+00:00,0.013647183229172903,0.008983545647558433,0.004886873280486537,-0.003007997237514614,-0.03431606918262784,0.0008016525096351092,0.0003434718403169338,6.99108411885696e-05
2025-03-14 00:00:00+00:00,-0.017176041934700282,-0.030550916001420347,-0.013891022092047178,0.0027486898847773646,0.007328787451499631,0.017464417345876535,0.037517680403160794,-3.0165228048772974e-06
2025-03-15 00:00:00+00:00,0.031203009256060364,0.03520239155261007,0.021265883307494793,-0.012296456311499206,0.02511504117534771,-0.01101168327415061,-0.008070489584085825,8.12688226794478e-05
2025-03-16 00:00:00+00:00,0.020190601696743374,0.00432571914634039,0.0,0.003097553395201791,0.0048374230006529954,0.0034725933054224473,0.0064748958468402885,-6.281225796067602e-05
2025-03-17 00:00:00+00:00,-0.03630797595026549,-0.02089251971165862,0.0,0.001389125376556312,-0.004747035882003647,0.018534078832802028,-5.087919696342841e-05,1.9093150986693175e-05
2025-03-18 00:00:00+00:00,0.03276440111976743,0.017219196138674064,0.006416099479689574,-0.013826462830534458,0.021551205434786967,-0.005422303983033935,0.01827441083029786,0.0001447405623933
2025-03-19 00:00:00+00:00,-7.387775497100791e-05,-0.015444916742989867,-0.010653519220738983,-0.02160692339253993,-0.010033864104229817,0.013707674190222386,0.040269984672104985,4.217703366582448e-05
2025-03-20 00:00:00+00:00,0.04428127293562418,0.050125746829716045,0.010798516740105457,-0.013863798276091542,0.04829026652906709,-0.05296908977396782,-0.04246634870124069,-1.1589112725918229e-05
2025-03-21 00:00:00+00:00,-0.024866316341459402,-0.030252344781349527,-0.002184910374623983,0.0008611697533223994,0.026502983090466392,0.026865035481424514,0.01411873296790862,-4.743795212525104e-05
2025-03-22 00:00:00+00:00,-0.010950964206273431,-0.0015834438061570477,0.0008246672635350283,-0.004644609920900189,0.009095522131812596,0.018364935622403777,-0.004108961971969305,4.454648492724367e-05
2025-03-23 00:00:00+00:00,0.0034761307489973746,-0.002919680239095057,0.0,-0.013447786011631858,0.006183719760740702,-0.0066454796512804394,0.008148730063090182,1.0167325105170376e-05
2025-03-24 00:00:00+00:00,0.011582128181286462,0.026720394630862954,0.0,-0.008688447662820998,0.007173590139884858,-0.020366902702414723,-0.011032237245557686,4.49467577612328e-05
2025-03-25 00:00:00+00:00,0.028881193443044812,0.016493848510416687,0.017646041682840563,-0.02731535556781599,-0.012954038009547222,-0.02275508730087228,0.0012140594037682445,-1.2154966401722866e-05
2025-03-26 00:00:00+00:00,0.007041935141275239,-0.0010701619191569867,0.0015743198608773046,-0.005223388623976399,-0.020207164434576194,-0.017510797030308157,0.0057840730353220906,-9.71348953242579e-05
2025-03-27 00:00:00+00:00,-0.011576001648749256,-0.005677018832594305,-0.01115698545004451,0.029622812114485475,0.023604115537222525,0.003134840872167155,0.03541440965406826,8.024510060722356e-05
2025-03-28 00:00:00+00:00,0.008709032505149206,0.0036535756465123637,-0.0033069570393192693,0.00899956022517039,0.0017150685927809885,-0.005704292040969538,0.00355632641587751,4.922152812003589e-05
2025-03-29 00:00:00+00:00,-0.0569790541471237,-0.03223261063043048,-0.019737200328104554,-0.012073594601070409,-0.002254870855345016,0.02043831555647093,-0.022000861275841714,7.978651033613282e-05
2025-03-30 00:00:00+00:00,-0.03124632269399726,-0.021048627175850543,0.0,-0.0006011655246296807,-0.014340208995027547,0.014362914740096013,0.004892073256735706,5.457771328609695e-05
2025-03-31 00:00:00+00:00,-0.010411351942219198,-0.0030494632871979066,0.0,-0.005279576689213417,-0.008008205790588162,0.020323264316531156,-0.002278151140824857,-2.932345306794204e-06
2025-04-01 00:00:00+00:00,0.0029716685167570384,0.001999931999883353,0.0055384935154294546,0.019997275989550478,0.014894027305511613,-0.008009604488880906,0.020161590058846678,3.101577274033929e-05
2025-04-02 00:00:00+00:00,0.030992904163198814,0.03154967128184927,0.003781284246727745,0.014013307821063938,-0.0010091658212888245,-0.02186567665484107,0.005431069011484536,4.944346308644043e-05
2025-04-03 00:00:00+00:00,-0.041718892804812634,-0.030965368082339184,0.006728125160880394,0.031141283422841257,-0.0023559764507614656,0.05002991060236525,0.038769570707505974,1.0825790487167808e-05
2025-04-04 00:00:00+00:00,0.020750186678323512,0.00844273693066988,-0.04839560075260485,0.015561382776481648,-0.007137065317061708,-0.01872374899017299,0.02366492925506827,7.724439640011127e-05
2025-04-05 00:00:00+00:00,-0.0017989641950066026,0.008172490277285283,-0.05974961641947041,-0.03357288184698117,0.02944561564064161,0.02880522825430969,-0.035653215458287854,8.653026410465614e-05
2025-04-06 00:00:00+00:00,-0.010374851625591737,-0.004235565153413945,0.0,-0.01206917133303087,-0.002275973757413596,0.0019718407085556056,-0.006562273737350899,5.897661357634476e-05
2025-04-07 00:00:00+00:00,-0.10114896567564995,-0.06126618294950914,0.0,0.05718404496676949,0.013535335021515896,0.02982101369316313,0.0014435539481616189,9.203040808292152e-05
2025-04-08 00:00:00+00:00,0.014672268641426811,0.009567546880979716,-0.0023314571311449095,0.02150395383523467,0.014150030902065545,-0.04920112540864217,0.012424999038201667,-2.594802982813782e-05
2025-04-09 00:00:00+00:00,-0.04011285800403589,-0.0359123073035128,-0.015700528421156545,0.005679289743158941,0.013538822126080596,0.031116138216839652,0.012653702494464444,8.063141793890338e-05
2025-04-10 00:00:00+00:00,0.10750053384673822,0.08244132538379167,0.09515390034057347,-0.03517458017361785,0.01877070584378883,-0.05558721655121232,-0.013049718350006415,-2.4373577995007167e-05
2025-04-11 00:00:00+00:00,-0.038131868788987874,-0.03666150046011529,-0.034607561069471604,0.029324377060755726,-0.0243575861165807,0.008204135384754216,0.02642448859025628,0.0001747939658054
2025-04-12 00:00:00+00:00,0.03787229994526366,0.047990075439729996,0.018092083408471682,0.007585626920754776,-0.013789275731366946,-0.012384987213686038,0.02445648584302016,5.247105592243173e-06
2025-04-13 00:00:00+00:00,0.054158077109499186,0.022301965859222284,0.0,0.0034371629972246506,0.007593578697081688,-0.04652525064720821,0.0023308564045508642,4.631205518701442e-05
2025-04-14 00:00:00+00:00,-0.030413165535606853,-0.01788056472597843,0.0,-0.00992509533779113,0.04293819621929611,0.05833989971586071,0.014697888431837548,5.015441837241674e-05
2025-04-15 00:00:00+00:00,-0.002085979057772732,0.01003658899319948,0.007944646639420183,-0.01406725753531426,0.01272478676770159,-0.0015378715147690957,-0.016901765179846984,-1.290231599182512e-05
2025-04-16 00:00:00+00:00,-0.025929832485200793,-0.011178668281415671,-0.0017277195396940837,0.01732953289777206,0.018899835910841656,0.012337159020336098,-0.005845786261901621,4.092631211727315e-05
2025-04-17 00:00:00+00:00,0.005241408050974698,0.0045605301840598855,-0.022408428964001637,0.019189726723829972,-0.015356165773561957,-0.01911987113539304,-0.002816655048194594,7.899893051299678e-05
2025-04-18 00:00:00+00:00,0.010976862245963163,0.011013215859030812,0.0013268381447011368,-0.00391507428670883,-0.009383534636059232,-0.0021065684334010907,0.013134734866749454,1.145001511226873e-05
2025-04-19 00:00:00+00:00,0.001437583184991076,-0.005817582288170531,0.0,-0.019099014030464167,-0.0029327163555203707,0.001517344945562793,-0.0012828247265720405,0.0001851254195273
2025-04-20 00:00:00+00:00,0.022717770008276527,0.007414032053635777,0.0,-0.018577555355989976,-0.008488055376688751,-0.01415979261932461,0.027914469794961237,-0.0001191664498494
2025-04-21 00:00:00+00:00,0.00036340304785226576,0.001080580244547491,0.0,-0.0005670160271275424,-0.004893474798664354,0.0030395048286447897,0.00559105994279141,6.943964268901759e-05
2025-04-22 00:00:00+00:00,0.0003213876213708019,0.027334188407635462,-0.023567493895167213,0.0032595168527651762,0.011399600206150495,0.011825815037024423,-0.0057134041662152855,0.000132975634874
2025-04-23 00:00:00+00:00,0.07441498739737554,0.06789952667322163,0.02511728897677501,0.0029895040480719948,0.012465510787847037,-0.056043563933921396,-0.020301485494745815,-0.000119755593293
2025-04-24 00:00:00+00:00,0.011199162290060941,0.0024324205689423284,0.016661119264111734,-0.04332403968258218,-0.01161361354862269,-0.023320907037669203,0.012187303974567241,0.0001393914917189
2025-04-25 00:00:00+00:00,0.008547573581527638,0.0031986893383786352,0.02025908412793509,0.002778899563246574,-0.0037601490358690533,0.0006345330451170694,0.009759340774982061,-5.127105635271967e-05
2025-04-26 00:00:00+00:00,0.0006668416374519426,0.007028518624190294,0.007373144179245283,0.0014919577538777154,0.005215638551293189,0.007914229042256093,0.005563604218163975,-6.638133943404068e-05
2025-04-27 00:00:00+00:00,0.004244994928501936,-0.00017020502834286244,0.0,-0.026252697495649423,0.014069450409068575,0.007557858561705477,0.0018013017109662632,-9.08000892416716e-05
2025-04-28 00:00:00+00:00,-0.020479531064274914,-0.00928991273656965,0.0,-0.021554304389916346,0.004870706516510514,0.00523062644692902,-0.035796756503147883,-3.563623329427834e-06
2025-04-29 00:00:00+00:00,0.015680711803573652,0.013574593023690129,0.0006406996295162948,-0.0021050493002224384,0.014733208784192774,0.0021814524793306814,0.016063208989660828,-8.468507595638108e-05
2025-04-30 00:00:00+00:00,-0.011382842383400482,-0.008096326169592105,0.0058023965634184105,0.0005306225250192743,0.008952345224254098,0.0002311262726510492,0.0004608885112756811,5.9492724438392486e-05
2025-05-01 00:00:00+00:00,-0.002164876911754206,-0.0007961774987500503,0.0014799948928487794,0.009100385098105245,-0.02884300152822683,-0.012982341123968122,0.009200430786201984,-3.8973037750134054e-05
2025-05-02 00:00:00+00:00,0.023165345629226643,0.02441644152303679,0.006299088176460632,0.0041290975796782516,0.030536845046863555,-0.0102664465138643,-0.0018564857624272305,3.057179963894541e-05
2025-05-03 00:00:00+00:00,0.0062324149259525745,0.004230305330765516,0.014726612825518126,0.015011059805763028,0.022905803966277814,-0.008350837391499555,0.013895664697319975,-0.000179291947251
2025-05-04 00:00:00+00:00,-0.0182824127516938,-0.010615380166723032,0.0,-0.011967067580840918,-0.009948263464246442,0.0021062132615803364,-0.020759802945221104,-4.243891904787134e-06
2025-05-05 00:00:00+00:00,-0.021253167169881217,-0.016420102439060114,0.0,-0.0003776273273004907,0.010061733575168375,0.015959915089755205,0.003085279831589214,-6.8893309522755075e-06
2025-05-06 00:00:00+00:00,-0.0007483271925053048,0.004950642150817863,-0.0063815906321273985,0.013172458794961673,0.000826048798556922,-0.0029264897687147685,0.004831538550395443,-3.805542091728231e-05
2025-05-07 00:00:00+00:00,0.014595014703099977,0.022199295223592763,-0.007693287885062627,-0.006553964854587124,0.030566653489804318,0.02805504484715822,-0.0009011043302712407,2.226355898593546e-05
2025-05-08 00:00:00+00:00,0.006721606072907356,0.001957666874313757,0.004346422539330819,0.03300777518778555,0.04177016874031856,-0.0295930189050847,0.04914304762285622,5.525627577318559e-05
2025-05-09 00:00:00+00:00,0.11283236812189788,0.06433449773374966,0.005799747126763233,0.0037465699546272574,0.06883709164556606,-0.059307097288920516,-0.026455534833570882,6.416861562885678e-05
2025-05-10 00:00:00+00:00,0.025565866655121314,-0.002772500898495789,-0.0007115188367108338,0.005159738511419043,0.0031921816870171572,-0.001350094815768442,-0.007198114425729728,0.0001121751603356
2025-05-11 00:00:00+00:00,0.06568952299862216,0.017941188184791734,0.0,0.04658090522186267,-0.015178335266971807,-0.06448531284990547,0.01815219804410037,8.368622075871635e-05
2025-05-12 00:00:00+00:00,-0.030702172322802073,-0.006833745591131923,0.0,-0.011506681916309477,0.0003283704919096117,0.007621405616248668,-0.0009241724112260853,0.0001275159609694
2025-05-13 00:00:00+00:00,0.002819271051649837,-0.012812197627235511,0.03255882160670387,-0.04282864830275275,0.02812742992011448,0.04521909726038442,-0.02134855403205009,0.0001271471708961
2025-05-14 00:00:00+00:00,0.021702319900718397,0.013069000859456947,0.007248224304822415,0.024253883795275752,0.022972966965583416,-0.03320055745331145,-0.012158276584005078,-1.04940642871032e-05
2025-05-15 00:00:00+00:00,-0.029913059732438466,-0.005994312176937355,0.001024369112638146,-0.02979318015577985,0.0018347035721928626,0.036445395086167134,-0.02446762186804399,0.0002020023554241
2025-05-16 00:00:00+00:00,-0.02989655945816822,0.0024782979776354352,0.004132315556174104,-0.004332138770318659,-0.019779748159310096,0.01632498226010981,-0.002264110164142675,5.439857124733827e-05
2025-05-17 00:00:00+00:00,0.0009374453847778981,-0.0029147322698369615,0.0070053220166539365,0.03166480814051207,-0.019628238893000846,-0.019869695746087546,0.012960140939662579,8.55902715048984e-05
2025-05-18 00:00:00+00:00,-0.023809901004670155,-0.0032162549486423053,0.0,-0.0006126708866582842,0.007011228513470514,0.020704006288815722,-0.013747894954738294,3.095218124093968e-05
2025-05-19 00:00:00+00:00,0.02956691350384161,0.03228572869898594,0.0,-0.005248402867337944,0.01518650402494386,-0.0013989322489223154,0.0010861097058804114,0.000108515273042
2025-05-20 00:00:00+00:00,-0.015007696318094938,-0.008232494671433277,0.000876077054501545,0.01653056807914355,-0.0028137587905425095,-0.0036564377691272517,-0.022278348248679112,6.0975989416123255e-05
2025-05-21 00:00:00+00:00,0.008277310490919813,0.012020096350287446,-0.0038802065866255786,-0.004518740873859816,0.011095216417258592,-0.031312078362801345,0.018158270806852773,0.0001240576677381
2025-05-22 00:00:00+00:00,0.01971188812932534,0.026305218815338094,-0.016135114115741978,-0.02433675309066381,0.01434998946206234,0.013115195506727463,-0.006217687352677557,4.0840350703730266e-05
2025-05-23 00:00:00+00:00,0.047109194150442915,0.018731952978528366,-0.0004448543187653975,-0.021659821053095427,-0.027297103834938503,-0.028667251773040102,0.02328831818672938,0.0001524384841449
2025-05-24 00:00:00+00:00,-0.05480096486487447,-0.039325576042850474,-0.006708307585916562,0.007561290994912387,0.02349569968948801,0.009548026536771136,-0.007238040909642529,0.0001639591780135
2025-05-25 00:00:00+00:00,0.0019556463733380863,0.003984282871032807,0.0,0.013063588801533244,-0.013226684209836415,0.004826974686441664,-0.007849779500025056,0.0001923461763773
2025-05-26 00:00:00+00:00,0.007174297284590692,0.011671428398990047,0.0,0.0036577151550121643,-0.004730736627409527,-0.006341637791630839,-0.009191793276102624,1.2886472332329646e-05
2025-05-27 00:00:00+00:00,-0.0003555663721198939,0.003954811074939668,0.0,0.007806352902327739,-0.0009750803056451261,-0.007423624258950268,0.006919338588553892,0.0001430154553287
2025-05-28 00:00:00+00:00,0.01016723507041791,-0.0045480807556305125,0.020459018201495205,-0.006967211425813379,0.004549871653413829,0.0002871551508177427,0.0019105481263327999,7.277020682150415e-05
2025-05-29 00:00:00+00:00,0.0020602987102324778,-0.01070995956443832,-0.005571185873944895,0.01666340789776457,0.025035112852936005,-0.026160072382674947,0.010684381959896027,0.000101553167132
2025-05-30 00:00:00+00:00,-0.031613745806124166,-0.020266776578097057,0.004011174227950942,-0.025449602832766007,0.013611844309812906,0.02628578151333074,-0.009019002638504591,2.8359797906052364e-05
2025-05-31 00:00:00+00:00,-0.05199588082468278,-0.015064444821342393,-8.118846379590039e-05,0.028380840085672408,-0.022607024389699373,0.014447566305616479,-0.02873325264207565,3.060197760307304e-05
2025-06-01 00:00:00+00:00,0.006390810694312976,0.005721019721019793,0.0,-0.0154503863196088,0.008056074694848458,0.01772729669701676,0.011615445583576078,0.0001139059068502
2025-06-02 00:00:00+00:00,0.005822940440842536,0.00993450648382943,0.0,-0.0014105209943417792,0.015770931205616612,-0.0036748259244946194,-0.003732234059488904,8.800940508102428e-05
2025-06-03 00:00:00+00:00,0.013415282256082113,0.0021878459945843254,0.00410204188649943,0.001564163376412719,0.012590077488325744,-0.021833317465348424,0.0005062558263487782,-8.532839655961411e-07
2025-06-04 00:00:00+00:00,0.00307085767688237,-0.004575941059006161,0.005800260784307065,0.007516381461640598,-0.012400049712137396,-0.00868894703493317,-0.002038304900898913,6.840402687635638e-05
2025-06-05 00:00:00+00:00,-0.020136574888492343,-0.0065346942611845815,7.369727504324963e-05,0.030662655768622992,0.00739868865458446,0.032438714277172265,-0.013613638733782275,5.781174212615703e-05
2025-06-06 00:00:00+00:00,-0.05147662488144026,-0.030419966017404154,-0.005277340930292529,0.022820439952460123,-0.02445088925645189,0.03958799489307196,0.016496659995152617,-1.0749565528822558e-06
2025-06-07 00:00:00+00:00,0.02830541525628601,0.02741413739200027,0.010280672806559643,-0.018748300934236427,0.020879793237179037,-0.009726278373340082,-0.0143015370615448,-5.2284136718872e-05
2025-06-08 00:00:00+00:00,0.02902811301484706,0.012159439754412915,0.0,-0.008811136642004544,0.012087104583272668,-0.02310682432114235,0.02724492426553984,-7.679109715885701e-06
2025-06-09 00:00:00+00:00,-0.0012634490765789672,0.001601781863848517,0.0,-0.0018842716585230736,0.011927953033330652,0.009856288339356256,-0.01922102550660205,6.0558087169759744e-05
2025-06-10 00:00:00+00:00,0.049584639822425974,0.04306917810487665,0.0009199448033119229,0.02059490357808373,0.02463825802274959,-0.04452721724417871,-0.00021696194121992307,-3.7890470195089954e-05
2025-06-11 00:00:00+00:00,0.050589790279638835,6.804084991185455e-05,0.005482960032501483,0.05029745547575004,-0.07822190240579148,-0.08707043387886482,0.024348622211826012,0.0001599004921821
2025-06-12 00:00:00+00:00,-0.029985363760839445,-0.0148355247044053,-0.002743918089822439,-0.007531154714278964,0.02013550611270678,0.02252004435878676,-0.02226039095463854,0.0001087463267961
2025-06-13 00:00:00+00:00,-0.048204372300594454,-0.027536832412523027,0.0038224979409655635,0.024074224654557594,-0.021882739597986055,0.03914859426464961,-0.012663674886137136,0.00011696988528
2025-06-14 00:00:00+00:00,-0.0076988064956189746,0.003956083496276408,-0.01129645375054178,0.034728019570664695,-0.01942548785659881,0.01604206134455819,0.013871123452511114,-8.211883866260372e-05
2025-06-15 00:00:00+00:00,-0.023305722553327392,-0.006294605257325281,0.0,-0.009342864132962547,0.005724617987292669,0.03067928211388107,0.0016189484478802661,8.094541363723451e-05
2025-06-16 00:00:00+00:00,0.009824251965389608,0.0016581260992085678,0.0,0.006223468556299649,0.005570101913789904,0.008114853474096306,0.011692685396931978,7.055145204093449e-05
2025-06-17 00:00:00+00:00,0.010076789727489361,0.011517549694602502,0.009392719053299414,0.0018784648040844221,0.0043009891628966734,-0.0038916583628391347,0.0015592162366845127,-2.146070034070302e-05
2025-06-18 00:00:00+00:00,-0.023376956992488193,-0.021003259013340547,-0.008352242873078675,0.023507359470052426,0.006944610431233001,0.008473580214650812,0.004084322868680636,2.5679881698215112e-05
2025-06-19 00:00:00+00:00,-0.0005825931532436934,0.0031078960462356253,-0.00030922389816012696,0.002233286719097549,-0.001728789835873323,0.004393563047091109,0.004788864334134524,0.0001079055372616
2025-06-20 00:00:00+00:00,0.0009846860912595605,-0.0021529521294861853,0.0,0.029696249997888204,0.007560624629566948,0.00861260160785835,0.011327200466883337,2.085378280392014e-05
2025-06-21 00:00:00+00:00,-0.03369232434061545,-0.013010589147390617,-0.002178612810510794,0.00047097157963010144,-0.0017626177216743394,0.03019726849601527,0.002599089798435348,7.312036648743359e-05
2025-06-22 00:00:00+00:00,-0.03221791669459703,-0.011296310465964354,0.0,0.002430291783616312,-0.025144230582788515,0.02660078635101293,0.010057066098770304,4.695807544807806e-06
2025-06-23 00:00:00+00:00,-0.02768595953912385,-0.011511582115168784,0.0,0.012852490934569884,-0.00541182318121225,0.01165157850006824,-0.010135666540136624,0.0001538414329278
2025-06-24 00:00:00+00:00,0.07217344517180459,0.04346873832437925,0.009606490790637912,-0.040096608130071446,0.027150784428098484,-0.04452241305935929,-0.010062754311556121,-6.123188580020589e-05
2025-06-25 00:00:00+00:00,0.01127156249361907,0.00706613771940412,0.011121677894565751,0.005763078123969611,-0.028803744521774522,-0.017175500066147653,-0.011904327087706544,1.6913249808903075e-05
2025-06-26 00:00:00+00:00,-0.013430094353763381,0.011742360298354626,-3.282897091061443e-06,0.046123018026248096,0.015061790798094022,0.03541428477733697,-0.013075462492966716,7.876956735408669e-05
2025-06-27 00:00:00+00:00,-0.015213675108857568,-0.003414429530201324,0.008020143922681022,0.01195685007627336,-0.01561846791414394,0.012563046409628086,-0.0008153823944071735,-0.0001012534766035
2025-06-28 00:00:00+00:00,0.013470500596109814,0.0009072738105593281,0.005219002706390752,0.0041751131259631265,0.0026598872218003052,-0.008505230716644973,-0.0018430849647530952,3.850787318726567e-05
2025-06-29 00:00:00+00:00,0.011532343462252292,0.002152121236474569,0.0,-0.01415903017556377,0.004552694890800524,-0.0092408903652184,0.006057664758403237,0.0001504763715742
2025-06-30 00:00:00+00:00,0.028695141438531142,0.009966337501515321,0.0,-0.006210909829453246,-0.003929850781642586,-0.031896956009966004,0.0024676221401738647,4.266747491610268e-05
2025-07-01 00:00:00+00:00,-0.015430608395228607,-0.011286144005436372,0.0051643671625301035,0.012926520965135024,0.032599652086043006,0.024765367360047443,-0.016317888890372178,0.0001035123414647
2025-07-02 00:00:00+00:00,-0.03480782612954289,-0.013535672730872195,-0.0011184618731818752,0.019635913489345878,-0.028929469671344025,0.031617532141335086,0.00556198856418557,-3.9395042840006944e-05
2025-07-03 00:00:00+00:00,0.056302171880001965,0.029933385650415367,0.004745071401949907,-0.058195184107576875,0.05918215295181746,-0.04344862815393076,0.0027910563917131065,9.446953119196522e-05
2025-07-04 00:00:00+00:00,0.0074949360055962385,0.00684926470588243,0.00833892687501403,-0.008313550994398877,-0.009659029049758504,0.0011029281478729391,-0.0031478201645412044,2.4748627126758297e-05
2025-07-05 00:00:00+00:00,-0.03652387783369279,-0.014695303856307795,0.0,0.028353280104405562,0.01993879951502888,0.03259024926209589,-0.009018401087636983,8.498400626377745e-05
2025-07-06 00:00:00+00:00,0.007387724371838308,0.002019726614252537,0.0,-0.01081898767610594,0.009656014598688279,-0.011758282067117022,-0.009897226520563773,2.622245187344774e-05
2025-07-07 00:00:00+00:00,0.015802707721274612,0.009175855775223063,0.0,-0.004593573914560523,-0.0028199064579870654,-0.010218176461133054,-0.015469374331890016,8.982856791273086e-05
2025-07-08 00:00:00+00:00,-0.004535154676976516,-0.008629741135252167,-0.00786227873904155,0.0005259688396464846,0.010194448424881352,-0.0018625502843913734,0.006104224982254269,5.021105341018739e-05
2025-07-09 00:00:00+00:00,0.018638882191035357,0.006184619962866567,-0.0007158931489344988,-0.004481409797114864,0.01549774388010743,-0.01857836659350722,-0.010073285131217656,1.4135890400446272e-05
2025-07-10 00:00:00+00:00,0.04258320130093122,0.02137167032076781,0.0060621442064277,-0.03579093098050703,-0.01862703166899977,-0.030286814002055972,-0.0017989889487538338,1.8404790204096244e-05
2025-07-11 00:00:00+00:00,0.04928456806793199,0.042979355197261926,0.00274617371784025,-0.029745554599154428,-0.030367078578425265,-0.010871431555329547,0.012115513285213098,9.45174103943458e-05
2025-07-12 00:00:00+00:00,0.014975541642877888,0.013112696069640162,-0.0032975291618766445,-0.014540556770278568,-0.012364888897351966,0.016580879511431945,-0.006798149021109489,4.7522765583618565e-05
2025-07-13 00:00:00+00:00,-0.00918707768579982,-0.0009421276595744654,0.0,0.006327158920610133,0.01738219217239403,0.006440128092956266,-0.011950395991028429,0.0001650495427916
2025-07-14 00:00:00+00:00,0.03363638891276615,0.014047276881283155,0.0,0.032888446224750775,-0.0352486290178089,-0.043217154417692825,0.039744462130753444,0.0002205309517666
2025-07-15 00:00:00+00:00,0.015827510072504915,0.006537391747025945,0.0014074044490595128,0.0040370240300611,-0.014731292181219024,-0.024993456324225668,-0.0039887655271138925,5.4314587172754614e-05
2025-07-16 00:00:00+00:00,0.01867369128303804,-0.017343187290565165,-0.003956251515499609,0.007240077673273548,-0.03162673522765456,-0.035240537336594976,0.010573600467379029,0.0001292857249519
2025-07-17 00:00:00+00:00,0.027209008694920357,0.007238074206822764,0.003193588478737075,0.0472350032114929,-0.044032149158273644,-0.015198508674161615,0.024480060890529586,0.0002414223599933
2025-07-18 00:00:00+00:00,0.04588214233930772,0.004940522317517404,0.005373820585277134,0.07087755829222817,-0.04896524354507366,-0.006287073532850913,-0.0036559299888414346,-1.316315364408016e-05
2025-07-19 00:00:00+00:00,0.0034399790223018276,-0.010742041642403,-9.051412020266714e-05,-0.03175518116215934,0.06252839334227159,0.005517927230704366,-0.0036433031761807125,0.0002713876843221
2025-07-20 00:00:00+00:00,0.017886518764961265,-0.0006955259024024052,0.0,-0.022056349699737177,0.0019912656382834685,0.019153872106644654,0.034859649448113574,0.0001415912899449
2025-07-21 00:00:00+00:00,0.02586976096604831,-0.00507917538093805,0.0,-0.01278120307311845,-0.01455331410182039,0.019046016425286475,0.0006312719525324757,0.0002535559281853
2025-07-22 00:00:00+00:00,0.005702510411827862,0.0009742697242696163,0.0013991255862113583,0.021358477861331937,0.0030277895361929597,-0.015841409864892242,-0.022482239670194824,0.0001582997109508
2025-07-23 00:00:00+00:00,0.009990235186311465,0.02270089030786626,0.0006375285460542557,0.005433457482303772,0.00800385602337983,0.014339514707174938,0.010128348674906595,-0.0002321073018661
2025-07-24 00:00:00+00:00,-0.0626733164473969,-0.01066889345023947,0.007811880905664648,-0.039093871978189504,-0.026436944174080976,0.03932010290201271,-0.005319829890820138,0.0005072503838137
2025-07-25 00:00:00+00:00,-0.006230415284128924,-0.00353119063964924,0.000698232873244109,0.010166385835136914,-0.016478128771321467,0.008405750759690833,-0.0048949070672784645,0.0001707734729641
2025-07-26 00:00:00+00:00,0.024663101365567493,-0.00600874260213724,0.003974321701619488,-0.0019641831888572263,-0.0211971989989884,-0.005808696053227137,0.04045438263781605,8.282154655403495e-05
2025-07-27 00:00:00+00:00,0.011976050427331571,0.002599854571432081,0.0,0.013043651803302848,-0.01388008619330572,-0.014994317652564648,0.017766543358384367,0.0001515444682014
2025-07-28 00:00:00+00:00,0.025268580112773546,0.013013914760639622,0.0,-0.02850981768959748,0.008198686793404877,0.02749027247636659,-0.013672580460424168,-1.3038832641809606e-05
2025-07-29 00:00:00+00:00,-0.040230451836143696,-0.011572271430892123,0.00017687645570885202,-0.0023678798572164678,0.0027865193040118794,0.01548982745788725,-0.012524198750916725,0.0002773638124757
2025-07-30 00:00:00+00:00,-0.012245435267188886,-0.001223299621996965,-0.0029594179446209568,0.0017679312500268555,0.001138008933959012,-0.0010962735905114323,-0.011322130024606025,0.0002944295540139
2025-07-31 00:00:00+00:00,-0.0081408089360323,-0.001068729484210773,-0.001249438851269713,-0.0005046188801380632,-0.006363862552732136,0.010690435976754786,0.009280475416424584,0.0001977638451662
2025-08-01 00:00:00+00:00,-0.03648787074229488,-0.017607900077268535,-0.0036948561190650597,-0.009435198709472625,0.009648779758862136,0.02245045169529123,-0.01967742995195416,8.469461163529424e-05
2025-08-02 00:00:00+00:00,-0.033478420603812634,-0.021197556036312015,-0.01599207494727417,-0.010640617675110174,-0.017205786941880217,0.006909494976648632,-0.005088915074994205,5.569248249237546e-07
2025-08-03 00:00:00+00:00,-0.024434489440689457,-0.006499194665008923,0.0,-0.009331272739147203,-0.007172437209405726,0.017433720341637173,0.012749464858198278,-1.3837899986102188e-05
2025-08-04 00:00:00+00:00,0.03965123437739222,0.014594413948064489,0.0,-0.010926686438235661,0.02323508838526367,-0.03344695023151898,0.0027300118658206696,0.0001674840827485
2025-08-05 00:00:00+00:00,0.04630727187862541,0.007457678789811295,0.01473707159815385,0.017464878015083056,-0.018248944735161164,-0.018736443824205473,-0.0021594893801531317,6.135368752913095e-05
2025-08-06 00:00:00+00:00,-0.030437262853822703,-0.008108547583044134,-0.004857865951336082,0.006998542275750693,0.01313524189441164,0.020786666863705564,-0.0028645992986065863,0.0001220263686474
2025-08-07 00:00:00+00:00,0.015468387729896471,0.007639195719104874,0.007281888623775545,-0.0029713617650916502,0.013529796918209347,0.005148658343760059,0.006104092784463866,7.258438897328467e-05
2025-08-08 00:00:00+00:00,0.05561206308026246,0.02156671683733391,-0.0007974707882983934,-0.02508327456765578,0.0028797246168627694,-0.035045654119921596,-0.0179696403326592,8.483527895264409e-05
2025-08-09 00:00:00+00:00,0.016414581320102064,-0.00674246869568107,0.007799684542586727,0.004395746861697438,-0.028499968920774176,-0.01837808128731939,0.007361949457703587,6.898027297408404e-05
2025-08-10 00:00:00+00:00,0.01689912989335299,-0.0017671540845181077,0.0,-0.004440544943220215,-0.03692601981397612,-0.0018138465923690714,0.005909492632457368,9.3518186478736e-05
2025-08-11 00:00:00+00:00,0.0004330050538874364,0.024335585769368562,0.0,0.012778195481325015,0.013038448863923913,0.00978438219231097,-0.008168569650879687,0.0001482362549585
2025-08-12 00:00:00+00:00,-0.02168978700491467,-0.005143586909764242,-0.002504127898332431,0.025049563997591305,-0.03937109105405958,0.020434698673727845,-0.009017970490245575,0.0001778391911801
2025-08-13 00:00:00+00:00,0.06599280412372825,0.012129778771243549,0.011345503612643082,-0.001377071729055282,0.051894806628716816,-0.018436476632201965,0.013821151493198153,0.0001606228688988
2025-08-14 00:00:00+00:00,0.027178374185871088,0.027005937658747037,0.0032300302834731287,-0.01383744592952767,-0.015690720037859273,0.0007976617159172854,-0.002386498307914091,-0.0001476245253162
2025-08-15 00:00:00+00:00,-0.058903424357912695,-0.041206124684671774,0.00030309684562790373,-0.0029472296881566523,0.0039002639674514256,0.04314592749748161,-0.04903744908535815,0.0004162905964171
2025-08-16 00:00:00+00:00,-0.013105602151104715,-0.008144300427427753,-0.0028970988816641174,0.00020696706949305775,-0.016328430766717462,0.0030987922581317447,-0.020393506496860517,0.0001476664433774
2025-08-17 00:00:00+00:00,0.004726825196798612,0.0004305963887885067,0.0,-0.011686112243152169,0.010000972346463667,-0.015608739816374761,-0.0027198947855604947,7.698338180306408e-05
2025-08-18 00:00:00+00:00,0.019736785618325533,0.00020540408779701202,0.0,0.02889904124621714,-0.022668793204870006,-0.020313455687870838,-0.006315366097040843,4.8693354826045976e-05
2025-08-19 00:00:00+00:00,-0.024647757982846033,-0.009971556097885137,-0.00010077831870769494,0.004866272409189621,0.016510223257982258,0.007221241053575311,0.0013995716043054378,2.5809013919131377e-05
2025-08-20 00:00:00+00:00,-0.04963936268872394,-0.028914580026785264,-0.005858136343549147,-0.0035681555152652644,-0.008052143075466048,0.025307487430530774,0.010361722841555877,9.17958756661008e-05
2025-08-21 00:00:00+00:00,0.049994009249553585,0.012375890987926352,-0.002431617579394141,0.00843092548459521,0.02333188128412704,-0.043690275952397654,-0.001128857294593999,4.444323418839602e-05
2025-08-22 00:00:00+00:00,-0.025030169617982226,-0.015393909149408413,-0.00400420277120217,-0.006208661946141669,0.01509188860899324,0.012808530579398635,0.009013125452581372,5.365050099404023e-05
2025-08-23 00:00:00+00:00,0.09068988061849484,0.03943814010396385,0.01518640789806236,0.04261515762610277,0.012228862753665568,-0.04985061339391667,-0.0076295995612747775,0.0001313486615763
2025-08-24 00:00:00+00:00,-0.007438620777104954,-0.013006266173356984,0.0,0.01393593364423884,-0.026875577451425613,-0.016589893813943556,-0.00021694839721404444,0.0002440904206251
2025-08-25 00:00:00+00:00,-0.014126688328955021,-0.016734689986141138,0.0,-0.009989115588226814,0.015492946348817394,0.003935957567763281,-0.0011845239328831525,8.904692869937669e-05
2025-08-26 00:00:00+00:00,-0.07840918952048129,-0.02981410588093225,-0.0042663343080389105,-0.01531673104837561,-0.004545547966206542,0.05228039560630289,-0.014808255076911123,0.000111726745325
2025-08-27 00:00:00+00:00,0.0353005182210271,0.01495402674807389,0.004133976879546308,0.008752561890100985,0.004523698113414909,-0.009936319800529156,-0.010291925378503295,9.727761959865688e-05
2025-08-28 00:00:00+00:00,-0.014624716130909899,-0.004610155411472028,0.002390990327779008,-0.012411570288409581,0.010402894195244606,0.0043226492356458045,0.0020600610170993672,0.0001281086087723
2025-08-29 00:00:00+00:00,0.013074267301341062,0.011802699584243515,0.003156725398833604,0.0072420599852060195,-0.00014856192480294794,-0.004653147879619235,-0.004614695811838598,7.184283615502274e-05
2025-08-30 00:00:00+00:00,-0.03921080277473513,-0.03710781433738086,-0.0063981691392923645,0.016212786129819315,0.0158606552623906,0.012547870537126582,-0.0004046119550212418,2.9555381608759035e-06
2025-08-31 00:00:00+00:00,0.006921073988012412,0.003927726146563781,0.0,-0.006979197035680639,0.005732145029020352,0.0017180800685153482,0.013353991099508411,0.0001264041948936
2025-09-01 00:00:00+00:00,-0.012020960352260539,-0.005052506530560108,0.0,0.010733090199926786,0.00469964519670105,0.008373358348207316,-0.006825150177263661,3.0460629374395864e-06
2025-09-02 00:00:00+00:00,-0.01121579745348628,0.009051977480491358,0.0,-0.013541976417845712,0.006834243773055438,0.020576311084066344,0.005870803375520794,0.0001525928746954
2025-09-03 00:00:00+00:00,0.030927130778440358,0.01831796380368167,-0.006922322011807647,-0.0037936166862320604,-0.00938582155217036,-0.01240575137092561,0.005017141075780884,8.673952164062193e-05
2025-09-04 00:00:00+00:00,0.013092474748542604,0.004243263661546148,0.005100116280157385,0.010727290654213848,-0.0025719785912395876,-0.015068601756923327,0.005860737346294865,1.827385664787684e-05
2025-09-05 00:00:00+00:00,-0.031732550162818805,-0.008780241411860068,0.00834643764364329,-0.01096167232176655,0.022748737665366666,0.033153710931976055,0.0008491509608347311,0.0001170030509476
2025-09-06 00:00:00+00:00,0.009026737249101783,-0.0005827642723036375,-0.003165141001033489,-0.007828453354700237,0.0010419750978870159,0.004430326732814716,0.007980151195679986,6.561741172705915e-05
2025-09-07 00:00:00+00:00,-0.008409342912368892,-0.004335763084358346,0.0,0.0013284538225110777,-0.005778272514724802,-0.006784011111869526,-0.009988278241838079,9.3077431488231e-05
2025-09-08 00:00:00+00:00,0.019330561853748072,0.008541312367605913,0.0,-0.007647697149422237,-0.0020727722042448438,0.014690769825037274,0.013441690930358161,0.0001343693843689
2025-09-09 00:00:00+00:00,0.012185749157485316,0.008432064532392314,0.0021059939828742547,-0.026375772073118208,0.00595036445544066,-0.0025624930629145615,-0.009475339611040256,4.553882823832289e-05
2025-09-10 00:00:00+00:00,0.00038553705743312366,-0.004577163640519077,0.0026881596267984698,0.004460733873439438,-0.0024413732090394326,-0.0016954296531206613,0.005239816530726183,9.796396090755444e-05
2025-09-11 00:00:00+00:00,0.024882852935204182,0.02149688026626051,0.0029834428900241683,0.01997732777580392,-0.024220670994806556,-0.02658285557989184,-0.007562065997220469,0.000173603954144
2025-09-12 00:00:00+00:00,0.01872779583438425,0.013434969200188274,0.008485863528086224,-0.022648947001729078,0.02725117454733879,-0.010451524706399696,0.006463257439004489,3.545326765230783e-05
2025-09-13 00:00:00+00:00,0.01979937811436771,0.004777045232051469,-0.0004827346462299431,-0.007399641534108591,-0.004192845250055501,-0.0010305692981416696,-0.014522659263758354,2.483440944023307e-05
2025-09-14 00:00:00+00:00,0.00470414318445224,-0.0009975995530201454,0.0,0.026469619001691445,0.01264699981527564,0.005366793321341512,0.00884360247047835,8.716882979453722e-05
2025-09-15 00:00:00+00:00,-0.02767372303156827,-0.0056333919371808205,0.0,0.008330332064008683,0.01153096151589159,0.01197977929643217,-0.00038324305617378623,8.027343082384064e-05
2025-09-16 00:00:00+00:00,-0.019267328082039303,0.000786390070306453,0.004706657817319604,0.011200573541217018,-0.02814767700327463,0.014878154217341979,-0.015966607071301313,4.857384818035548e-05
2025-09-17 00:00:00+00:00,0.011706622865930324,0.012547202703194982,-0.00128792734396721,0.03222817366070922,0.006279962221351566,0.014508437452872492,0.004997580078457631,6.950064427568847e-05
2025-09-18 00:00:00+00:00,0.026508732787849664,-0.0029533873588512005,-0.0009702183823840915,0.0041096796680591755,7.589575662735049e-06,-0.026567215270825083,0.010280489428774107,0.0001128353295465
2025-09-19 00:00:00+00:00,0.018269449586058664,0.005279955327420094,0.004789139969850087,0.006468602690183633,-0.029174096756762944,-0.033733194128426326,0.013166114448993717,0.0001140079259973
2025-09-20 00:00:00+00:00,-0.033072233155433374,-0.0123708415265803,0.004885433567150432,0.004661289438109305,0.015331741839723568,0.024194770882732634,-0.009885207796750662,8.26965516864675e-05
2025-09-21 00:00:00+00:00,0.0037354301147908423,0.00047936523044578294,0.0,0.0062052758896718576,-0.012856630555125847,0.01314943311091612,0.007773700266015959,-4.0827068253701526e-05
2025-09-22 00:00:00+00:00,-0.0097672453632251,-0.0038140573526982413,0.0,0.005516140850568752,0.0042326533622130125,0.011825977540348132,-0.014106871027884839,1.1698544779781272e-05
2025-09-23 00:00:00+00:00,-0.051804271492768936,-0.022392018328950436,0.004410025868950784,0.01992957828799844,-0.025839146988576457,0.010323978114629394,-0.017094537542848218,5.695539358319124e-05
2025-09-24 00:00:00+00:00,-0.009350181595979853,-0.005840786397015352,-0.005502147525676904,0.004030620136822671,-0.002766296628801278,0.015086348661555891,-0.01896841666127076,0.0001220804667902
2025-09-25 00:00:00+00:00,0.0037842138576657043,0.011675167713292911,-0.002846661819580154,-0.008951908078054216,0.0017765159389697026,0.014468510667950407,0.004037740473623885,5.858420039994705e-05
2025-09-26 00:00:00+00:00,-0.05768997416213713,-0.038139933247390845,-0.005009061505249379,-0.004666668970705112,-0.0009715679211878686,0.024279970874900858,0.019513646124084967,9.784783732791348e-05
2025-09-27 00:00:00+00:00,0.02737491715782072,0.006003607672500522,0.00590183989631643,-0.02052427172484328,0.011789808371238795,-0.012729465208967602,0.01167719589404359,3.532241630366251e-05
2025-09-28 00:00:00+00:00,-0.0034748313633727584,-0.00010220050461495767,0.0,-0.0008965332781642136,0.005418839188778924,0.006707796935156729,-0.0013361219798194712,8.4184352423744e-05
2025-09-29 00:00:00+00:00,0.026627455251422228,0.023200973194265728,0.0,-0.006100653214000551,0.00449657174700251,-0.01776079530088388,-0.007985937356222172,-2.420284517579141e-06
2025-09-30 00:00:00+00:00,0.004896584174229609,0.01906446330525613,0.0026355795716241914,0.01729284173530956,0.0029711411218386495,0.014216890445342955,-0.025064810426255878,6.347285248375911e-05
2025-10-01 00:00:00+00:00,-0.008776039488350092,-0.002348212933813376,0.0040908483593822265,-0.008486588424306473,0.007611432010135211,0.004162184127875502,0.00463880227693696,8.072023713001641e-05
2025-10-02 00:00:00+00:00,0.04733319197034129,0.040035512260853556,0.0033998857734067744,-0.026831493370099845,-0.011192521086449102,-0.0030303756429240075,0.016825031893937664,3.291537607630346e-05
2025-10-03 00:00:00+00:00,0.024134220120222934,0.016270442437268384,0.0006183692931220897,-0.0019529357304814976,0.004733568912135319,0.014509856129266962,-0.003061020806308344,0.0001728999300769
2025-10-04 00:00:00+00:00,0.008044477275689117,0.014121693574023375,6.552152903416264e-05,0.029901903939497744,-0.011409055360044997,0.029832756652512615,-0.029533729608402726,0.0001628377155844
2025-10-05 00:00:00+00:00,-0.004246098326785168,0.0013136065907857208,0.0,0.05758771684099377,0.051396051584004954,-0.03624742965733985,0.04897626212761044,0.0001334032452049
2025-10-06 00:00:00+00:00,0.00544525468582883,0.008856233938625113,0.0,0.009033026259650544,-0.010793717812643799,-0.00853967889092906,0.009641652721903891,0.0001779988279018
2025-10-07 00:00:00+00:00,0.024037961915924267,0.009736953187600372,0.0036466298082578064,-0.039774906099704646,0.021708449237551906,-0.00689457862061682,-0.01726800242363826,2.5901589569166102e-05
2025-10-08 00:00:00+00:00,-0.0546252160335775,-0.02681569624925273,-0.003811414362608012,0.008610763076920165,-0.02273734632049984,0.0322894838538601,-0.05197113006306243,0.0001615746328016
2025-10-09 00:00:00+00:00,0.04645703610133474,0.01608587930231309,0.005827608238179849,0.05145500591953388,0.09701226159125124,-0.08715097963709373,0.0840516582549054,0.0001828243839876
2025-10-10 00:00:00+00:00,-0.005479433734760312,-0.013455320012171645,-0.002755518440207827,0.062337331883365946,-0.03900965649742429,-0.021546231793124315,0.00043954925716249704,0.0001012907533994
2025-10-11 00:00:00+00:00,-0.17521422531445535,-0.07291043787881657,-0.027111658161485086,0.1378111023020545,-0.06963397674916846,0.023180250452151885,-0.04901972595073412,-2.7229053051636143e-05
2025-10-12 00:00:00+00:00,0.01870103800912081,-0.01894869267505883,0.0,0.05000014209463979,-0.05604721617169937,-0.06584825045208675,-0.011027161987532041,5.9940950123849035e-05
2025-10-13 00:00:00+00:00,0.07049045213817823,0.03902455346444289,0.0,-0.03142338472712716,0.020668289514042162,0.026164537523046108,-0.0007069664912845719,-6.287311273556195e-05
2025-10-14 00:00:00+00:00,0.02556586141594833,0.001893042654820487,0.015598602672868944,-0.05302065993660163,-0.015421530137555033,-0.01443203412929681,0.01642786790717807,-6.29511620344747e-05
2025-10-15 00:00:00+00:00,-0.03368762923637806,-0.018487228514167398,-0.0015643032313906735,0.009522432327240062,0.01652683429899899,0.01245391627574106,0.006313947815005133,-8.647947390050259e-05
2025-10-16 00:00:00+00:00,-0.041136136556586635,-0.020222368162515325,0.004026001195007511,0.00031359709352405535,-0.005926820414033918,0.015252524966534134,-0.012602239818430137,9.272921638747712e-05
2025-10-17 00:00:00+00:00,-0.04279918788064336,-0.023212495144490974,-0.0062943520220175575,0.0010858457196555316,-0.024491458024963532,0.012621069175227824,-0.022030749860443576,-2.289043525238732e-05
2025-10-18 00:00:00+00:00,-0.03170529451352781,-0.01619171104251005,0.005270724249404557,0.011643376026939298,0.023571231712543692,-0.017134018182710674,-0.0157088006218766,-7.626942702965156e-05
2025-10-19 00:00:00+00:00,0.013015165034614655,0.006945945895133088,0.0,-0.008718053378760039,-0.0030935987706807843,0.008376779971397984,-0.00950047820532993,8.888899757808488e-06
2025-10-20 00:00:00+00:00,0.03321568979687436,0.01371111162975236,0.0,0.0232258741957136,0.023620512390321615,-0.041626152665656765,0.032203308286587885,-3.7201675643694365e-05
2025-10-21 00:00:00+00:00,0.028717571937725537,0.017347508246904342,0.010672252892777845,0.009713318313288258,-0.03233619630331624,-0.024611645844733056,0.016942254728856507,-5.5241310747966565e-06
2025-10-22 00:00:00+00:00,-0.030684211775350707,-0.02006157333355052,3.266455138950519e-05,-0.015548078158031699,0.014852249776530765,0.020400904455347545,-0.00032228519299479924,-9.999621496059596e-05
2025-10-23 00:00:00+00:00,-0.030789187377016042,-0.006666746725516037,-0.005337510300132964,-0.022558216171214094,-0.01764041388273478,0.049234612591785694,-0.03570857292807221,4.24326536427877e-05
2025-10-24 00:00:00+00:00,0.021522318884907646,0.023192166052895757,0.005827387527241212,-0.010236534493123006,-0.00905664384988323,0.0016762196234719542,-0.0027051185919202865,0.0001192088199528
2025-10-25 00:00:00+00:00,0.026266245181552836,0.008538898568428044,0.007902422519158847,0.02010495933983225,0.023357466796135394,-0.006345689411758813,-0.012065370540603061,-6.82930191586717e-06
2025-10-26 00:00:00+00:00,0.0011768922298423486,0.005623374493310518,0.0,-0.007608215804420971,0.0035325476800566417,0.018732256101126034,-0.03091845337109802,0.0001172156274529
2025-10-27 00:00:00+00:00,0.05142786249640247,0.026063407456263787,0.0,0.0020338512966530317,-0.028880853612151598,-0.02060784181147554,-0.0010962810301328868,0.0001051359364834
2025-10-28 00:00:00+00:00,-0.009393171237980454,-0.0037878457053323045,0.012290019126314666,0.021088144674670285,-0.00991347809365839,-0.0009243807526578829,-0.025509481348572803,3.769363816141791e-05
2025-10-29 00:00:00+00:00,-0.030983890059174398,-0.010788670580840098,0.0022879467532392894,0.0029037537424999177,-0.003464643752320515,0.029390342222802037,0.0031932011331440267,0.0001447864131449
2025-10-30 00:00:00+00:00,0.007022482588627787,-0.02523984454971262,-4.353574066628951e-05,0.008920339857447245,0.03196401804589682,-0.03654434900850025,-0.009472673536668608,-7.876135290729724e-05
2025-10-31 00:00:00+00:00,-0.05213193264751225,-0.015657504255102483,-0.009904812214919234,0.03171783099755554,0.01424312067397153,0.03761941976459167,-0.04108129304308695,0.0001348550396955
2025-11-01 00:00:00+00:00,0.024128178062481093,0.011950472689318259,0.0026178701149457417,0.026328379962117947,-0.029749340911146605,-0.027002893782475754,-0.03392687255113194,0.0001047495213108
2025-11-02 00:00:00+00:00,0.01984073838598938,0.004471632652502278,0.0,-0.027630344824853978,0.005872463986985644,-0.014160939925566333,0.031651765954701254,0.000131937106331
2025-11-03 00:00:00+00:00,0.0060435901838383176,0.004068254349042899,0.0,-0.0044891093865771165,0.03405711320823444,-0.01718963731272576,-0.0005312273388046185,7.265538612544198e-05
2025-11-04 00:00:00+00:00,-0.06404697896270965,-0.035756401426672135,0.0017207099207625642,0.11201586777881317,-0.1013686440815507,-0.06392524109792615,0.026143176221343968,7.24175330697463e-05
2025-11-05 00:00:00+00:00,-0.03851445394852306,-0.0478084171797567,-0.011736770592982726,0.019722379027733085,-0.009470363862400855,-0.043279462831143256,0.015554534488659885,0.0001191362047265
2025-11-06 00:00:00+00:00,0.03273322765620124,0.023525805246509934,0.0036535209811638936,-0.03852305961179514,0.01940068291174426,0.01703769593569602,0.00035921831718153246,-7.28182891263085e-05
2025-11-07 00:00:00+00:00,0.017660456458924192,-0.024378593372304636,-0.011178157494750818,0.039881535241143906,0.06960922837319787,-0.13973178586176213,0.05510802451536004,4.869723192668651e-05
2025-11-08 00:00:00+00:00,0.12893344745107027,0.019738296797018107,0.0012618446740633171,0.13728381239429627,-0.14180240646761127,-0.19880350592869594,0.18182651344391088,7.154654147378814e-05
2025-11-09 00:00:00+00:00,-0.030325631636805774,-0.010027568796149633,0.0,-0.05691799825503356,-0.020789505717629476,0.06029868614902838,-0.025033734177250543,7.508441899539697e-05
2025-11-10 00:00:00+00:00,0.021935425584151926,0.02348016462418334,0.0,-0.02489169860698839,-0.02920480677780928,0.01506500730822582,0.0015411747718849997,0.0001562514804931
2025-11-11 00:00:00+00:00,-0.009337083476443605,0.012378834171199893,0.015400963024610581,-0.084482578445861,-0.04807160884995525,0.08663679156270063,0.016251171481821758,4.285774943713072e-05
2025-11-12 00:00:00+00:00,-0.06964783317939179,-0.027938127499025578,0.0020753963084874094,-0.04983660711340427,-0.016840180874281588,0.07164963842213715,-0.012799669186137792,6.969013541513469e-05
2025-11-13 00:00:00+00:00,-0.006051997077165676,-0.013591467664927581,0.0006295086181336007,0.0133448055913143,0.013506480509209284,-0.003767757426971285,-0.0501140573288678,1.5313726675403316e-05
2025-11-14 00:00:00+00:00,-0.02397414885526158,-0.019206580726690792,-0.016556900387101336,0.028001613961734777,-4.895911432343386e-05,-0.008550185398026499,0.003934403356203566,7.414886746248683e-05
2025-11-15 00:00:00+00:00,-0.018848465630225,-0.05127124469290345,-0.0005016705034071034,0.07347193199238973,0.0023372031756294653,-0.08201479827202032,-0.03280974113064026,0.0001841546253464
2025-11-16 00:00:00+00:00,0.04281084792746291,0.010739870685779973,0.0,0.0702394729192605,-0.049253280710122825,-0.07001191592487892,0.04611222972050282,4.699877987235368e-05
2025-11-17 00:00:00+00:00,-0.025330150588836736,-0.014007909142185637,0.0,-0.0010007039064971156,0.010199759295717082,0.0036681207653218376,-0.03498450745167712,0.0001471732328106
2025-11-18 00:00:00+00:00,-0.026231622533189766,-0.021778422592672375,-0.009162309495983845,0.0005785185363713641,0.03132264196587091,0.014329156388528984,0.0316534125391557,0.0001526145343164
2025-11-19 00:00:00+00:00,0.02103188535550106,0.008106785635626501,-0.008256387122493991,-0.02712346500483036,-0.012943889273790867,0.032697822489298665,0.01968695667063001,9.019540111609992e-05
2025-11-20 00:00:00+00:00,-0.02182385152070499,-0.015153325175506271,0.0037537855204221593,0.02049044540945992,0.012699092787774615,-0.02969509393809202,-0.025023023953555736,6.95674718986794e-05
2025-11-21 00:00:00+00:00,-0.05113620183142878,-0.053629756231361014,-0.01556722511953934,-0.006015492324139095,0.004357625164059575,0.0037103903467755814,-0.009071415276064719,5.398369804221481e-05
2025-11-22 00:00:00+00:00,-0.05092376822755345,-0.017410824086936394,0.00982296337531885,-0.05448659818769503,-0.021172209676160597,0.07136455970019727,0.0368561832229868,-8.507602544860493e-05
2025-11-23 00:00:00+00:00,-0.01028202277257786,-0.004748893863808723,0.0,-0.031086297396935046,-0.030689093930130484,0.03813393297342444,0.01187003482896749,0.0001587568375072
2025-11-24 00:00:00+00:00,0.015186031315541408,0.02501257536362278,0.0,-0.0021308429057533378,0.0015899215189810745,0.008080720086906544,-0.04195260659982927,-0.0001638258401509
2025-11-25 00:00:00+00:00,0.02784430843089006,0.01658147837115842,0.015467235297948356,-0.03736693831897886,-0.0022241708258684996,0.047799507142383145,0.016942615504943668,0.000172391291114
2025-11-26 00:00:00+00:00,-0.004152927393961173,-0.010459267216713086,0.009061731930226413,-0.012150989735186801,-0.0077085622667120825,-0.0039936754496431755,-0.00578459370932367,-2.517406978230774e-05
2025-11-27 00:00:00+00:00,0.03882327277476628,0.03566025873727874,0.006906714278112958,-0.05419885596136287,-0.04216206564841754,-0.0288159945768816,-0.002449792932370489,1.2379034801890398e-05
2025-11-28 00:00:00+00:00,-0.018518408148638907,0.009444028567605844,0.0,-0.0077252646393154226,0.0027334017291210204,0.04782727864690412,0.003616485039550787,2.1483100978159086e-05
2025-11-29 00:00:00+00:00,-0.015710701887038152,-0.004867885755847623,0.005354775922884247,0.020330940070016235,-0.009728153548252605,0.021742009626702696,0.013944669121406439,1.8650348171167508e-05
2025-11-30 00:00:00+00:00,-0.013052350325351332,-0.0009114144756394715,0.0,-0.008365776385533596,0.012421902696965793,0.0015196983520504364,-0.018000980120020646,2.3818473593451017e-05
2025-12-01 00:00:00+00:00,-0.01626685478479181,-0.004896160414256556,0.0,0.03068522157594156,0.01134830909970419,0.029733395110771686,0.012059862580826319,6.870240372425229e-05
2025-12-02 00:00:00+00:00,-0.07012604809878571,-0.04516134746669087,-0.00532333492478565,0.045430857990570735,-0.03605263615005692,0.040664462609407565,0.027167798471029944,4.6498352220814e-05
2025-12-03 00:00:00+00:00,0.05749338057376614,0.05806362590675507,0.002457200816718297,0.013290221929350317,-0.03749351855975067,0.05855595543906238,0.04374779626094741,-6.517501762037803e-05
2025-12-04 00:00:00+00:00,0.05108627791832947,0.02331639435347843,0.002979777051177468,-0.0038084390229676177,-0.0028017847799791454,0.0006552394428857647,-0.0008820911663042844,0.0001551768671255
2025-12-05 00:00:00+00:00,-0.017656203429854907,-0.014371893630852228,0.0010803361305278258,-0.026350830031570485,-0.017105572496180634,-0.025741287534065238,-0.01939001849134383,3.0082727435098988e-05
2025-12-06 00:00:00+00:00,-0.04354980408371399,-0.029838745603560368,0.0019366731222436595,0.01823166067082211,-0.010561510915490513,0.011938621193178255,-0.025338636342686537,3.602181439354979e-05
2025-12-07 00:00:00+00:00,0.007001344673805354,-0.00102364806218036,0.0,0.024325021131415124,0.008042017501794474,0.005072163881504865,0.026369408097414462,1.1927407958189916e-05
2025-12-08 00:00:00+00:00,-0.004530848371975082,0.012873736926424684,0.0,0.026990628899955647,0.006105041266602584,0.03127851387755014,-0.021065154677925933,9.096463880475802e-05
2025-12-09 00:00:00+00:00,0.03317438926333444,0.002937614975416558,-0.0034772356776897606,-0.0715817366315555,0.032466154596907354,-0.04904243335395167,-0.013976885689041318,-9.47872121850324e-05
2025-12-10 00:00:00+00:00,0.04014312714927651,0.02237702348947357,-0.0008763589040255981,-0.006714797323014297,-0.013709558498887508,-0.009500519546900541,0.002963189548209663,0.0001737646208563
2025-12-11 00:00:00+00:00,-0.03014831856103212,-0.007134190573239496,0.006749496748049477,0.03136282657173928,0.008622202000057498,0.0331102853244335,-0.0216188855920509,2.606408580008157e-05
2025-12-12 00:00:00+00:00,-0.007735675173719706,0.0054361120926313955,0.0020793764194066977,-0.00171513666443881,0.00126279609229647,-0.02955335822549996,-0.027697760731958752,4.780565556372629e-05
2025-12-13 00:00:00+00:00,-0.022218965386194937,-0.02430753426509147,-0.010663671931604113,-0.009122849784113728,-0.01375282008682148,0.0050601064406323275,-0.016421435497352175,5.9768794973047434e-05
2025-12-14 00:00:00+00:00,0.003973828315238699,-0.00042447267858891635,0.0,0.01853000987484066,0.005533186345413865,0.010081468024211082,0.004179043126746129,0.000170951114919
2025-12-15 00:00:00+00:00,-0.0386620410375786,-0.022978934775305326,0.0,0.02749317801663631,-0.01710956989719896,0.03370872252265204,-0.012858732093937175,6.180504920183516e-05
2025-12-16 00:00:00+00:00,-0.02212100462602263,-0.019620103769002806,-0.0015965058492165562,-0.0027321730638367077,0.02584366464336807,-0.01437753686822878,0.0004768615089058015,-1.688216039530399e-05
2025-12-17 00:00:00+00:00,0.005614800360327155,0.016626943658923254,-0.0023839178699950336,-0.0039748482547539606,0.018259720513138976,0.01908939030184762,-0.003670512928338754,3.0159582422806253e-05
2025-12-18 00:00:00+00:00,-0.04163961413644801,-0.01849901453209346,-0.011592203827500702,0.029692615664206626,-0.013643343690041145,0.011064245170481705,-0.00828154201515647,0.0001307606908413
2025-12-19 00:00:00+00:00,-0.018583288462953117,-0.008490561660108531,0.007934323499612317,0.013647165251332471,-0.015815941769545084,-0.007296327146262247,-0.02753342930415266,9.334532736238188e-05
2025-12-20 00:00:00+00:00,0.06748187559653138,0.030774648793666204,0.008818024549947179,-0.036824002625515724,-0.005915194093520523,-0.03110153600699262,0.007955669084270103,9.574118803956644e-05
2025-12-21 00:00:00+00:00,0.013451740687627141,0.0025062429057889357,0.0,-0.06038863697403332,-0.04431872116930398,-0.0004737855494754582,0.04489498596433914,0.0001099582828603
2025-12-22 00:00:00+00:00,-0.018904610892966096,0.003402369543754169,0.0,0.009013376257914919,0.006327698338429277,0.020049089617224916,-0.046191154106129576,7.190975931736787e-05
2025-12-23 00:00:00+00:00,-0.004972835137934147,-0.0004491019653288797,0.006436462067451965,-0.015956892878692196,-0.019155945216002057,-0.0006844802651677862,-0.013558947271038279,8.03785792844458e-05
2025-12-24 00:00:00+00:00,-0.015515123841469454,-0.012626790018231748,0.004550417315428268,-0.019304101195501255,-0.009068775136656269,0.008617953592169948,0.008599678703377835,-8.556351927091477e-06
2025-12-25 00:00:00+00:00,-0.0029522198421858842,0.00187850862650496,0.0032215161386959235,0.02962702939887123,0.02274249255871823,-0.010940190588556553,-0.02513220532524283,0.0002108120750787
2025-12-26 00:00:00+00:00,-0.009195527310564314,-0.005072620062469113,0.0,0.022720376599784188,-0.020354648382488617,-0.0007703092832590294,0.008766983184322407,0.0001062510801057
2025-12-27 00:00:00+00:00,0.011379634424879777,0.0015530586308307726,-0.0003043832632483312,-0.01964084584521364,0.00864349446092676,-0.012370249586970904,0.0011208796310759207,0.0001365322231998
2025-12-28 00:00:00+00:00,0.045865199462066984,0.0058544495878292135,0.0,0.0013345193948443718,-0.048696537979549745,-0.03877533980417276,0.023784583223058542,2.1537551238903777e-05
2025-12-29 00:00:00+00:00,-0.0011255337633954514,0.0010372381002261566,0.0,0.01734254507281392,0.003400729214010356,-0.003927329592474948,-0.012996405038297043,5.0808404748803326e-05
2025-12-30 00:00:00+00:00,-0.015501657550674364,-0.008157369441711526,-0.0034920937266411656,0.006742435432309079,-0.006315679953509654,0.013690238613222938,-0.014048625450265619,0.0001344978177091
2025-12-31 00:00:00+00:00,0.0006674865787938818,0.014357254828659016,-0.0013756671985912794,-0.011270319710077813,-0.006481862505329872,0.020685320030311226,-0.013885742500044752,5.952006013898448e-05
2026-01-01 00:00:00+00:00,-0.021032144259368633,-0.009576588401147279,-0.0073576325649918894,0.00858640780917632,-0.017311074227142797,0.02284590258609265,-0.018342078773774896,0.0001311932056482
2026-01-02 00:00:00+00:00,0.04770348153567953,0.013603749420716404,0.0,-0.05658846855430553,0.026815178239056305,-0.035377142255203546,0.07136234186689251,8.220944572601141e-05
2026-01-03 00:00:00+00:00,0.03843035480724372,0.012966216216216075,0.0018946753341611,-0.07029757919989914,-0.008138306131048982,0.013800166062507089,0.0243613757610065,8.820826118594027e-05
2026-01-04 00:00:00+00:00,0.007656022282779092,0.007163868488984093,0.0,0.006825745761657886,0.019779892698834754,0.005061965332208906,-0.010949482628900964,2.485333146884372e-05
2026-01-05 00:00:00+00:00,0.006671827648089624,0.009948584812982553,0.0,-0.030701394375414283,0.008003461950824197,0.013239335013083785,-0.009940667416884687,0.0001018962627725
2026-01-06 00:00:00+00:00,0.03430507763011451,0.025413920222608022,0.0063541868667500445,-0.014926475458956333,-0.022209256402798652,0.0034783204786209346,-0.006986068483890627,8.951194738582302e-05
2026-01-07 00:00:00+00:00,0.003072279096799191,-0.0012193250225958074,0.006196709673212952,-0.017665538435717318,0.00030618342642116923,0.007562057378970911,0.002281463304649423,7.866940166412206e-05
2026-01-08 00:00:00+00:00,-0.03798928018660117,-0.025398044990822544,-0.0034399739662078765,-0.016421331560063382,0.003892930429363166,0.01927142528467318,0.004341677862628353,9.166642520774816e-05
2026-01-09 00:00:00+00:00,-0.022004927497957644,-0.0029366678346181008,7.65793036485718e-05,-0.025639265575789397,-0.030679452928476403,0.027334043927452287,0.007243278720202848,9.406136209322292e-05
2026-01-10 00:00:00+00:00,-0.0037067383753947246,-0.0050098945967375075,0.006475512391894256,-0.00815092992759998,-0.003598309791466603,0.006177539295463963,0.004259059363049799,5.2913694165157565e-05
2026-01-11 00:00:00+00:00,-0.00687963948941277,-0.00147896993055463,0.0,0.016587944027418235,-0.025596707497745497,0.02334155758644649,0.01764638309163651,0.0001023934475916
2026-01-12 00:00:00+00:00,-0.0012861677461097972,0.005469240496254857,0.0,-0.015034591328131385,0.0049964310804756495,-0.0028005672819810586,-0.012094214499304456,0.0001236647219533
2026-01-13 00:00:00+00:00,-0.00806459602483951,0.0031682724230579495,0.0015775995222702122,-0.01700475668774204,-0.01141252000844497,-0.015173378963547467,-0.03019294363207814,1.9414143888063503e-05
2026-01-14 00:00:00+00:00,0.06002756208108517,0.04517789082174084,-0.0019391538524380358,0.04497141750599125,0.005254772863850364,-0.012063626060144592,0.029456723464661577,4.266419243559305e-05
2026-01-15 00:00:00+00:00,0.00478016254876635,0.016070215318028103,-0.0053333409920530706,-0.007721358386259802,0.023650247561940473,-0.022662893118913008,-0.025222514309337106,6.252378944848758e-05
2026-01-16 00:00:00+00:00,-0.035190669445518394,-0.013833753491717338,0.002579909335027164,0.006886469841405729,-0.013705077575081458,0.01954167121200954,-0.008941421007889014,-7.815109692355104e-05
2026-01-17 00:00:00+00:00,0.0017490203963664705,-0.0006654996008049752,-0.000642237636565457,-0.006252935346570543,-0.010288423315215156,0.013450263223007219,-0.0009647626349671644,9.79488571302145e-05
2026-01-18 00:00:00+00:00,-0.011562519649509391,-0.0041443420516692475,0.0,-0.025083932346092852,0.015408982016920224,0.03671155193114788,-0.003242846820818923,9.119959949899226e-06
2026-01-19 00:00:00+00:00,-0.028301708087733926,-0.01570742283238291,0.0,0.02892867435127415,0.03575139140922707,0.006704232193470629,-0.014685688920203253,0.0001960595068128
2026-01-20 00:00:00+00:00,-0.014227797254277681,-0.010942807699703017,0.0,0.004422374137333131,-0.0009945535790936606,-0.013290218806332544,0.01059059221038785,-2.3459046081253376e-05
2026-01-21 00:00:00+00:00,-0.06196147711524817,-0.04535066573351654,-0.020626771431165203,-0.0469562519924941,0.004126989702484485,0.03752599572501553,-0.028078648165162257,8.053087342885235e-05
2026-01-22 00:00:00+00:00,0.02039675996921834,0.011548739345586423,0.011587703733783039,-0.008427055934076642,-0.0022753280589306937,-0.005195706728646355,0.01687126468829796,0.0001014954756501
2026-01-23 00:00:00+00:00,-0.010058255571756746,0.001197833833269657,0.005487505126810399,-0.027972271019073156,0.0069593443415388884,0.020982435036869206,-0.016623386094951266,8.000663075646841e-05
2026-01-24 00:00:00+00:00,0.0044255935844383035,0.0004490691868161978,0.0003269037442048539,0.012857500567858282,0.014187281627095306,-0.01428754559566674,-0.0033456545529204186,5.654558647205654e-05
2026-01-25 00:00:00+00:00,-0.008564531521914024,-0.004220695476821357,0.0,-0.013039334452183662,0.014277836620954476,0.01718424826994132,0.006291394976016763,8.134456507669086e-05
2026-01-26 00:00:00+00:00,-0.05035296036855465,-0.028613814423972928,0.0,-0.007189181640467959,-0.028743205888404885,0.043626346948923395,0.0034075092274125363,6.113666963747377e-05
2026-01-27 00:00:00+00:00,0.031657084803376485,0.019297255303946104,0.005006065986948416,-0.015866827526577598,0.021809565508949726,-0.01643853157460997,-0.023046537952589975,-6.511728345315326e-06
2026-01-28 00:00:00+00:00,0.023148797157826244,0.010160746359594297,0.004081879304713709,-0.005607930426620247,-0.01331481686941096,-0.012557079359112724,-0.019015845010173883,0.0001335483909923
2026-01-29 00:00:00+00:00,-0.01224951680675322,0.000716385381702267,-8.16782735792998e-05,-0.0018688356947677669,0.027530532045364087,0.024964517059045364,0.013513119249508954,8.478494838648487e-06
2026-01-30 00:00:00+00:00,-0.059206183484728135,-0.05217243229739066,-0.0012926284352460238,0.019767679567184816,0.004153620823594967,0.0015061559376547268,-0.021018385913456686,0.0001124483710992
2026-01-31 00:00:00+00:00,-0.023835278981495105,-0.004648677910328858,-0.004301902278802894,-0.00334538379157516,-0.012957630565477494,0.018080891793182355,0.007618170414289582,7.757266366592575e-05
2026-02-01 00:00:00+00:00,-0.080353075561317,-0.0653664468231141,0.0,0.008634312945010852,-0.031378132641885784,0.0008647939683130018,-0.0023307099414128923,-5.154596369050246e-05
2026-02-02 00:00:00+00:00,-0.031593477390966705,-0.022555865566888822,0.0,-0.011970076436742152,0.02601031865806047,0.015609058128692399,0.006046037523926431,3.6185387927156754e-05
2026-02-03 00:00:00+00:00,0.02014054795285684,0.022890493490962838,0.005391243444688998,-0.02133968673937601,-0.0013643630055724526,0.031042969615454434,0.017415617165599497,-9.305488162747456e-05
2026-02-04 00:00:00+00:00,-0.031517822370970366,-0.03761603710645878,-0.008403999747722213,2.9729240402814883e-05,-0.015104338622399481,0.01872988909773441,0.026393640397032778,-4.374523517469697e-05
2026-02-05 00:00:00+00:00,-0.027495157250823958,-0.034265387073432296,-0.005072414535814085,-0.002288304739600358,-0.032268004036052525,0.001979027139210096,0.034850601907473286,2.174088845752209e-05
2026-02-06 00:00:00+00:00,-0.1578049006482641,-0.14041106191907282,-0.01225097054652824,0.020550356408629344,0.009605104114784657,0.021115143611937864,0.008596290718735078,5.9828489717306255e-05
2026-02-07 00:00:00+00:00,0.1231787083900323,0.1221032606361574,0.01969581077900684,-0.013590223112909389,0.03745203210375024,-0.0041432432567681116,-0.03802973820731363,-0.0004578067313325
2026-02-08 00:00:00+00:00,-0.004079904885727529,-0.018290582540098854,0.0,-0.013757792756559173,0.006644490847030049,0.0016868408345467097,0.010855178275269118,-0.0001698888226651
2026-02-09 00:00:00+00:00,-0.009356357860683333,0.014929058454216548,0.0,0.019904310224761468,0.01479795170323699,0.004002950841770802,-0.023396756597809043,-7.023858318078169e-06
2026-02-10 00:00:00+00:00,0.00264761744063986,-0.0025267435028121232,0.0046910837672922145,-0.007057906034397109,0.0071075811777281395,-0.0076117839762430695,-0.0036503617507863463,-0.0001617569604331
2026-02-11 00:00:00+00:00,-0.024230942142467474,-0.018616327083675,-0.003303746543341979,-0.002891494714304166,-0.011177634761469046,-0.005414295716274609,-0.0022284252203539807,7.989910477679274e-07
2026-02-12 00:00:00+00:00,-0.01845274144813392,-0.025447167587380748,-4.897858051433612e-05,-0.01047354986310709,-0.012110245857069057,-0.012219045931559602,-0.0036232323643512927,-0.0001115567233511
2026-02-13 00:00:00+00:00,0.0029551139942459873,-0.012099131451478007,-0.015660947897203292,-0.008368016665628052,0.028183874802462514,0.009151062464136396,0.012555894696598659,4.508980574668975e-05
2026-02-14 00:00:00+00:00,0.05246076758205029,0.038923299181348625,0.0004990662631205733,-0.02138793473250323,0.04422640673430243,-0.03711262442135022,-0.014894861896802336,2.851354717514631e-05
2026-02-15 00:00:00+00:00,0.055170903141514946,0.014151101036739888,0.0,-0.004118867277676692,-0.012936955422402696,-0.06480015888325479,-0.019700201890100105,-4.0310709790492005e-05
2026-02-16 00:00:00+00:00,-0.03991015478349318,-0.014306100402032174,0.0,0.01633495093452402,0.010508738467799185,0.02723478007211726,-0.0004828804465094108,8.325266307274148e-05
2026-02-17 00:00:00+00:00,0.01035690880988888,0.0009535313364410491,0.0,-0.00664780267982088,-0.005264892617869266,0.005800751416520567,0.0036918983460468855,-4.884109542235837e-05
2026-02-18 00:00:00+00:00,-0.010606087711964578,-0.02013577781811593,0.0010312792104349988,-0.002235928892571736,0.009784865927804831,-0.014871576895797302,-0.001473334933543468,3.72223156517304e-05
2026-02-19 00:00:00+00:00,-0.030329895438421742,-0.015607053777718982,0.005566093154976803,0.00168726622193318,0.010959644982846496,0.02432241045935113,0.009148202306006083,7.333404579279446e-05
2026-02-20 00:00:00+00:00,-0.0014081930860990151,0.008298355383994593,-0.0028221370640183485,0.0035566013486022286,-0.01781882417686209,0.002078367540439352,0.0012179181650237459,-3.5730905456610174e-05
2026-02-21 00:00:00+00:00,0.019404266250382333,0.01501030250544999,0.00693977898217546,-0.007290949503219155,0.032342900064403324,0.04231632082464573,0.0010048221314236765,0.0001024441039381
2026-02-22 00:00:00+00:00,0.0030355033698670356,-0.0006796186486179856,0.0,0.007864418139788155,0.012032599518026576,-0.004003659514339941,0.01362697404161275,4.59641680421452e-05
2026-02-23 00:00:00+00:00,-0.024461088026404818,-0.004704628524239363,0.0,-6.71348517276224e-05,0.013581803898685105,0.003748774580973401,-0.009393427339987222,-3.467735803608374e-05
2026-02-24 00:00:00+00:00,-0.04526837200974947,-0.04418792105126934,-0.010385685815636703,-0.02143412367271831,0.024788259853026948,0.008863818282716256,0.00038153222724901514,-3.977716300118672e-06
2026-02-25 00:00:00+00:00,-0.006618179195212304,-0.009199112428782352,0.007651639793791798,-0.00666413755454205,-0.006777953046896701,-0.014782641857299272,-0.002783795865950456,-2.0081495246793143e-05
2026-02-26 00:00:00+00:00,0.11754430815871536,0.06123880039917973,0.008136346945676998,-0.07843166894035046,0.07056320688423937,0.10844686542477762,0.11315999839773405,4.862517161297042e-05
2026-02-27 00:00:00+00:00,-0.024372513170856966,-0.007421360509179298,-0.005365577666988752,-0.0164704216575658,0.010145822366819955,0.016202206464389215,-0.019467576285406317,2.012806804407852e-05
2026-02-28 00:00:00+00:00,-0.030409578137672384,-0.023902787620722177,-0.00433935555214604,-0.018760080396410705,0.00926748346605466,0.0011048050939054047,0.025242971096753778,-3.050785078095863e-05
2026-03-01 00:00:00+00:00,0.011013104265465201,0.016724892156267268,0.0,0.009253458081552979,0.003462996278016806,-0.004008010351792036,0.001054666287330041,-3.901427380004208e-05
2026-03-02 00:00:00+00:00,-0.02162801398006046,-0.017734559758340374,0.0,-0.015623603789979491,0.010910317099505629,0.02127193093252724,-0.006973594143680149,-3.463397211100894e-05
2026-03-03 00:00:00+00:00,0.030265527025847092,0.046415209125475254,0.0003983206568511921,-0.006693984423959007,-0.024226682184480167,0.0035516597953011222,-0.0075248866520808005,-3.480237607433878e-06
2026-03-04 00:00:00+00:00,-0.016204450990929983,-0.0073617260013546515,-0.009443997198334109,-0.0039875676917332965,0.022111059540419496,0.00027439111285183435,-0.009923566740220012,9.187200277738228e-05
2026-03-05 00:00:00+00:00,0.04744528633086566,0.06363688277231372,0.007756031939536001,-0.039286623145842414,0.02556494880102753,0.006028567862485096,-0.030057145042435972,-6.90832305961786e-05
2026-03-06 00:00:00+00:00,-0.01830971205860677,-0.024594790298644975,-0.005646699177523806,0.013054589581190965,0.020172312752917997,0.0034360850970282866,0.020976664955825685,0.0001125797187842
2026-03-07 00:00:00+00:00,-0.03595327401200917,-0.039119438626599834,-0.013276804314631963,0.002533589667205474,-0.017663881365306097,0.009024217818559933,0.015547630311612638,-6.0349916550017646e-05
2026-03-08 00:00:00+00:00,-0.01492873097025409,-0.012497980406268705,0.0,0.005056679659410923,-0.01620157719301092,0.02157073835935197,0.0060593005670714906,-2.647519650600394e-05
2026-03-09 00:00:00+00:00,-0.01413990688093844,-0.01930327923715014,0.0,0.004997612792886618,-0.003580835812807815,-0.0002119849499880415,-0.005988016333379642,-2.7960565728291087e-06
2026-03-10 00:00:00+00:00,0.02886897376256268,0.03730683422740522,0.008304129661336201,-0.000383214587770353,0.0003031298729984089,-0.018668824223443202,-0.024887443886585214,-4.1678577342274536e-05
2026-03-11 00:00:00+00:00,0.009830296518805005,0.02204576125718427,-0.0021350826001804712,-0.020764146851520594,-0.021008836656281924,0.015147172388063245,-0.0285797884660038,2.187094278904844e-05
2026-03-12 00:00:00+00:00,0.005658386830121676,0.0035492597483044452,-0.0008375752785526602,0.0165838836660797,0.028485416981368285,0.00846674851102045,0.014618397804871218,-0.0001300942327027
2026-03-13 00:00:00+00:00,0.001256803091128959,0.00470563079116193,-0.015227722187786008,0.00448259688107362,0.0036675002275645685,0.001894691526525172,0.0019155834806904748,6.0518025179368e-05
2026-03-14 00:00:00+00:00,0.004546647965590707,0.005893862239128467,-0.006059089233314663,-0.001920367215421592,-0.009224491050514016,0.013503817847141697,0.0032588124863093927,-0.0001744860421204
2026-03-15 00:00:00+00:00,0.00136429661231674,0.003933959137039755,0.0,-0.015766435728374682,0.0002713042703012423,0.007508013636620503,-0.0075631236438113755,-3.2443118050062836e-05
2026-03-16 00:00:00+00:00,0.028037817395946442,0.02254321778617041,0.0,-0.005417348197292379,0.002566092821589594,-0.012574089418202528,-0.01534513535422093,-1.4200988867840714e-05
2026-03-17 00:00:00+00:00,0.06220450989463973,0.028407958900175778,0.010130891907499606,-0.030721855237567923,-0.023833438515987515,-0.08283943607294857,-0.03511939552177137,6.234504918900541e-05
2026-03-18 00:00:00+00:00,-0.014315028985024413,-0.013013317941811486,0.002494260662927017,-0.017985759840219016,0.002563115279634598,0.017005559572910545,0.002659358378766607,-6.32306435993657e-05
2026-03-19 00:00:00+00:00,-0.04281258006638095,-0.036136635604095746,-0.013607619909798752,-0.016692973201324054,-0.015003892502180864,0.02831838958569699,0.007944763640914475,2.903291968925359e-05
2026-03-20 00:00:00+00:00,-0.0230647324838907,-0.018475371087413595,-0.0027488037194136616,0.008011394071027533,-0.015565057664229687,0.024141322882284055,0.006232054084183258,-1.344399743963276e-05
2026-03-21 00:00:00+00:00,0.006520139976724478,0.008374900196602031,-0.015138144460977054,-0.00013535438587293155,-0.017199951681634996,0.015747821579797573,0.005547097292607627,-3.686123399526675e-05
2026-03-22 00:00:00+00:00,-0.02719354324790023,-0.022578956106407144,0.0,-0.0010335873546939434,-0.013237407909155396,0.01851979842292644,0.01135826433392555,-5.040530631772455e-06
2026-03-23 00:00:00+00:00,-0.01616805066338057,-0.015256636397290912,0.0,0.013022817514954533,0.005011614538622646,0.009830377668494572,-0.004760663042598036,-0.0001250285532709
2026-03-24 00:00:00+00:00,0.03839773366895461,0.04474824046964043,0.011453197427795159,-0.013916708109378326,0.024201602832212645,-0.018306947168639495,-0.0006685070854497016,9.51498924068872e-05
2026-03-25 00:00:00+00:00,0.0066250758257096,-0.004826016462078364,-0.003742592311198889,-0.008515720377357172,-0.020348436549424663,-0.01698691640391543,-0.002780657759862382,-9.497488559828682e-06
2026-03-26 00:00:00+00:00,0.003605086129434117,0.010969330964396562,0.005419157247074091,-0.0045969137150069445,0.005921479790718421,0.01625449647941122,0.01575361929045027,8.681318528780402e-05
2026-03-27 00:00:00+00:00,-0.042675570528942976,-0.0351975875731968,-0.01740621065246739,0.010981599049045408,-0.00041764932241108305,0.02102239886713839,-0.005749222569164637,-3.785837737491082e-05
2026-03-28 00:00:00+00:00,-0.02721832382723648,-0.03523579694132706,-0.016721834878249076,0.02786910653205665,-0.027538981385606794,0.020045452300951408,0.01047762021402716,-1.8394519701980805e-05
2026-03-29 00:00:00+00:00,-0.00546698260334697,-0.00044300993607993,0.0,0.023971329344807436,-0.018062085072837953,0.027269738090500283,0.00484049539909479,-6.11821088188913e-05
2026-03-30 00:00:00+00:00,-0.008825602624539441,-0.005380283049018164,0.0,-0.0011988404822961922,0.010978463843181952,-0.011064798932730158,-0.011906035819893045,-5.249356748915357e-05
2026-03-31 00:00:00+00:00,0.014789723889665995,0.011920658281030505,-0.003945767289228019,0.0017087853238783486,-0.0009119407645109111,-0.015694651462447397,-0.003677771216380089,6.954481544640956e-06
2026-04-01 00:00:00+00:00,0.018163511488038533,0.022124066119069585,0.029131172245937753,0.014911940804416579,-0.03277731200174289,-0.02968746484053555,-0.0318434913772784,3.3041307822667676e-05
2026-04-02 00:00:00+00:00,0.005719790895506131,-0.002271345149212678,0.007168546623124161,-0.010408879926389525,0.0041320302526653314,-0.012173765713173502,-0.0015458637228426887,-9.363134267159624e-05
2026-04-03 00:00:00+00:00,-0.03466121048215679,-0.017889008834350406,0.0011208579962647125,0.020770311220240333,0.00805819343086249,0.007899063500178015,-0.007795524644121962,6.701104436013239e-06
2026-04-04 00:00:00+00:00,0.004927642954307706,0.0009197155611386787,0.0,-0.008781887512598674,-1.645958977161135e-05,0.005674521887546224,0.013023833701691223,2.324827861954759e-05
2026-04-05 00:00:00+00:00,0.007790511731235298,0.005094875242791064,0.0,0.01479315763748199,0.0043140779950582514,-0.01363725515254659,-0.019480625556286733,3.702075274336636e-06
2026-04-06 00:00:00+00:00,0.0046362123989233785,0.02567079425012264,0.0,-0.00040818724742248697,0.0008176126438983023,0.0036319137128236314,-0.004313859605804194,0.0001119841093237
2026-04-07 00:00:00+00:00,-0.002919422813716051,-0.0026087750496753825,0.0044267617038020735,0.011542241056166015,0.009400837677889328,-0.006528304790795514,-0.009061213779824183,2.423904690007639e-05
2026-04-08 00:00:00+00:00,0.06123785171420657,0.04464390805299212,0.0007592451711553316,0.018841011598328586,-0.04123281839334432,-0.07361921259038487,-0.05378560931679681,7.269556498545882e-05
2026-04-09 00:00:00+00:00,-0.027067523487726276,-0.01185279773877368,0.025081420917808295,0.031270129034667686,0.009088271295538665,0.017464030844989663,-0.012511836502435283,1.1513470529633809e-05
2026-04-10 00:00:00+00:00,0.017382340595949165,0.01002701367294434,0.006170009184983671,0.02690602975062888,-0.023146627946676924,-0.031436910143661526,-0.02488058858691542,6.027857880908094e-05
2026-04-11 00:00:00+00:00,0.01128551528639085,0.016264717687985097,-0.001138518255854426,0.00021622567008128257,0.009923154700330183,-0.006145665512682985,-0.00230466338530606,1.8836799055232945e-05
2026-04-12 00:00:00+00:00,-0.0035316114484220747,0.001316558187757666,0.0,0.002919074961388879,-0.0087909034180641,0.011308675064578355,-0.003739201270820325,-0.0002203095305021
2026-04-13 00:00:00+00:00,-0.03444270286629358,-0.03153256799436799,0.0,0.004037358628431423,-0.007017778013180709,0.01996905190815168,-0.003745792647938305,-1.7492681008590694e-05
2026-04-14 00:00:00+00:00,0.052003040640942036,0.05195648207989967,0.010173260827151198,-0.019651275606587346,0.047904427876016765,-0.013647105411322993,0.017459867269782527,-4.0257892651052174e-05
2026-04-15 00:00:00+00:00,-0.0229231881663694,-0.0037386569872959186,0.011782917818722538,0.014277425190278147,0.01465097964958939,0.034900654752630794,-0.005202930462005262,-0.0001234143466491
2026-04-16 00:00:00+00:00,0.01915781255032245,0.009031547669650308,0.007975738369372598,-0.020089792871986756,0.002861986108440951,-0.009035947242809074,0.016747805930895553,-1.817618051369596e-05
2026-04-17 00:00:00+00:00,0.0394249638194312,0.004421192839432875,0.0026100143102256723,-0.05975778929699056,-0.05688820777999752,-0.03392484979010639,0.04385082506354905,8.929936703117036e-05
2026-04-18 00:00:00+00:00,0.002402041958167134,0.0256141920571773,0.012040424468278577,-0.003009989948948655,0.010026868889135865,0.021109319575508836,-0.012383684122960049,-0.0001330941322638
2026-04-19 00:00:00+00:00,-0.03269035823522167,-0.01787341653836272,0.0,-0.018557923886938953,-0.02196554007943596,0.03544420849532439,-0.01680814059060103,-0.0002259784627942
2026-04-20 00:00:00+00:00,-0.03448875963622591,-0.025053599422633188,0.0,-0.012199948821591367,-0.017687188294366267,0.033616499486843816,-0.006636157822387023,-8.229625443212374e-05
2026-04-21 00:00:00+00:00,0.019790303132252038,0.02754533720905017,-0.0023743836004749275,0.009724438767896571,0.0033472637404583297,-0.0019163569484329512,-0.01732033727021205,-2.719591412525535e-05
2026-04-22 00:00:00+00:00,0.008762954997880979,0.00657209846668616,-0.006348165882230528,-0.0029736054362051057,0.0012728786304704986,0.00014052664174881747,0.0023078759839215927,-8.024396896177954e-05
2026-04-23 00:00:00+00:00,0.004836491326371562,0.02427111925566483,0.010460064467632257,-0.006657036258484373,0.00042019560001824684,-0.00222526074909466,-0.003919776918425821,-8.612165317190001e-05
2026-04-24 00:00:00+00:00,0.0051725643568010975,0.000985413323300044,-0.004132868210538154,0.01909498816891155,0.002201359850361939,-0.007847189707839309,-0.013162808053977825,-6.126689591223755e-05
2026-04-25 00:00:00+00:00,0.0012765832578126505,-0.010501580223174711,0.007973664959765925,0.013567477544419181,-0.01837665188519779,-0.017315369506911614,-0.009418063095996087,-4.957376387393353e-05
2026-04-26 00:00:00+00:00,-0.00393440007287064,0.002449757995953261,0.0,-3.823531339026704e-05,0.004842575675918415,0.0002792612455544633,-0.0027712498884192587,-7.051317120010392e-05
2026-04-27 00:00:00+00:00,0.008305727711702208,0.013256428433331191,0.0,-0.0021044763550354785,-0.00045748549293063174,-0.0006025109192667518,-0.004998948809371172,2.345236421552599e-05
2026-04-28 00:00:00+00:00,-0.01352195714904895,-0.016311447779325472,0.0012323658633259793,-0.010915690149155234,0.005214510903443314,-0.0009142587054615358,0.0038132788488144404,-0.0001112486317821
2026-04-29 00:00:00+00:00,-0.009786950825498571,-0.013359420259869137,-0.004894123288415875,-0.01814823118966693,0.003465412517567424,0.010708432211538454,0.014644065637734661,4.525469871152765e-05
2026-04-30 00:00:00+00:00,-0.011809689955268661,-0.007184975772660307,-0.0003992267608001754,-0.0012218141816791699,-0.0063798103814519894,0.00925172509794654,0.007185930318782651,-0.0001112179204584
2026-05-01 00:00:00+00:00,0.00618481728077079,0.00733334301431432,0.010238300436522074,-0.0025440471608629608,0.008275941427833566,-0.018546895433913236,-0.01009744359970024,2.985262575161407e-05
2026-05-02 00:00:00+00:00,0.015760612848921163,0.02472433143656949,0.0029282800273546794,-0.02689146601263981,-0.03622866511700753,-0.01958726950076104,-0.013305005492487476,-4.183740075724973e-05
2026-05-03 00:00:00+00:00,0.006302236415349038,0.005894464906895713,0.0,-0.00048564780121913495,0.01088741701234972,-0.007048072447156239,-0.006458368313419505,-6.076646111230488e-05
2026-05-04 00:00:00+00:00,0.005510198033217202,-0.001575275673242782,0.0,0.011206298596327468,0.01766649787116592,-0.014080658912837163,0.001006443310706295,5.4328577129281186e-05
2026-05-05 00:00:00+00:00,0.022339352051222595,0.0165174648855837,-0.004062173241937916,-0.03263525305120489,-0.036584722118494506,-0.0463911423713212,0.032216177916479925,-4.946941370831403e-05
2026-05-06 00:00:00+00:00,0.03966243450456073,0.012975705940788673,0.00811998750130205,0.03939886356062332,-0.04244854056568421,-0.050163674391428,-0.022979977406826314,-5.923564349230581e-05
2026-05-07 00:00:00+00:00,0.028521483413271778,0.006532124523416005,0.01458834420226962,0.0497242860277243,-0.049036046301479196,-0.04952193484561303,0.020241604169828013,3.5330339889227957e-06
2026-05-08 00:00:00+00:00,-0.009943386716076412,-0.017455439912225312,-0.0038030609141467275,0.02068980316275959,-0.01631343903309319,-0.015096981616063921,0.005525464140640856,-0.0002111679583258
2026-05-09 00:00:00+00:00,0.03405057295558166,0.0023233886961764316,0.008425660784695976,0.009707006188792701,-0.009326949186880441,-0.041342741447798106,-0.013784872847554986,2.3633167058445537e-05
2026-05-10 00:00:00+00:00,-0.009048380067313462,0.005973411581531973,0.0,-0.025386310953287847,0.019713246370436588,0.029217436977292132,-0.0076141667525630565,4.148628993405623e-05
2026-05-11 00:00:00+00:00,0.019502006723179914,0.01914452960289692,0.0,-0.03541816903849424,-0.02853531887097278,0.020720376581084898,-0.00421654305128265,7.449230666978224e-06
2026-05-12 00:00:00+00:00,-0.014216038596761467,-0.005823964408835813,0.0018800015677942206,-0.017087283249171303,-0.00845259454343996,0.01917765109314271,-0.004963700013260209,0.0001290468395735
2026-05-13 00:00:00+00:00,-0.02086621768852664,-0.015154389705639426,-0.001602624635092642,0.005780998737115595,0.008950320285195068,-0.00030140032610186107,-0.007913966427136777,5.860380213329464e-05
2026-05-14 00:00:00+00:00,-0.02074188829821025,-0.014574762928623808,0.0058492411795225685,-0.03421338094662383,0.00970115335863115,0.028148269670006033,-0.005896977838276873,-5.943030558230866e-05
2026-05-15 00:00:00+00:00,0.025351134959517685,0.022205041601345954,0.007655573093326984,0.01850273805052343,0.012112347799967702,-0.014642115143718163,-0.0031361911701259376,0.0001168263997184
2026-05-16 00:00:00+00:00,-0.03661786228790504,-0.024366771171477897,-0.01236328926950736,-0.02921375751027173,0.023323876327162596,0.037708450942570006,0.0016443374906889088,5.248955635472896e-06
2026-05-17 00:00:00+00:00,-0.026629649183881252,-0.012264461137668548,0.0,-0.009138104045342814,-0.01104784603396567,0.011378424396373175,-0.01772163882963742,7.400772604904127e-05
2026-05-18 00:00:00+00:00,-0.010827097208448551,-0.00862693683566318,0.0,0.01666961064706296,-0.010834371154583146,-0.017839523288831982,-0.016247392198671308,-0.0001063334650414
2026-05-19 00:00:00+00:00,0.004337865975510943,-0.006033805843699613,-0.0007356414928797461,0.03543593819558044,-0.021241753017161646,-0.034602377942800785,-0.004570061292567318,0.0001641871289765
2026-05-20 00:00:00+00:00,-0.013028371295734214,-0.002121793272629069,-0.006678328526755983,0.001584495523722685,0.0030035512890913326,0.007165453706988888,-0.012918305870343637,3.985259047167844e-05
2026-05-21 00:00:00+00:00,0.03764990953055315,0.00925001204428666,0.010791978361648358,0.08797295990522579,-0.015774963503962614,-0.08772782663137395,0.011494808960164304,0.0001332238678699
2026-05-22 00:00:00+00:00,0.007085890815471574,0.000979224696588732,0.0017153304802790537,-0.0058808904777025274,0.005806423064315646,0.0069197337106720715,0.0025774017196208638,-1.3644310564830953e-05
2026-05-23 00:00:00+00:00,-0.04555918615738714,-0.02671995793066284,0.0037269733484470713,-0.04361698821211984,-0.03710206926653396,0.049898315127160094,-0.008091934701651482,7.197036151485037e-07
2026-05-24 00:00:00+00:00,0.02406473712147726,0.015919092184005113,0.0,0.0317424858370702,0.021822024598731553,-0.0243927230134882,-0.0007284509418413951,0.000153115073544
2026-05-25 00:00:00+00:00,-0.009938903067289706,0.004107399837320447,0.0,0.0104528056586354,-0.009841407034912365,-0.0017797351645205683,-0.026341511624948508,8.177533062214692e-05
2026-05-26 00:00:00+00:00,0.0033602993790962246,0.0032610544162492427,0.0,-0.010856106694847312,0.015146977529980976,0.0069499043901582345,-0.004416455428939203,0.0001031317744626
2026-05-27 00:00:00+00:00,-0.02089683797281805,-0.017805037428103798,0.006108273666717068,-0.01041908005097545,-0.03511347004690912,0.016623052962740338,0.021763456003239725,-7.375665082132166e-06
2026-05-28 00:00:00+00:00,-0.019251929648265113,-0.019595417986838837,0.00016491291534115327,0.009727323886657513,-0.02075005074054819,0.008854527562752913,3.78715141167163e-05,0.0001853513232792
2026-05-29 00:00:00+00:00,-0.023130896068043964,-0.011108856581933835,0.005753713917950876,0.021412646573372877,-0.007752693541296131,0.021706599317389053,-0.02022380611387489,8.514011070714922e-05
2026-05-30 00:00:00+00:00,0.016130524592717275,-0.002217650431979745,0.0021722374045267667,0.04755039422362126,-0.04853354552035434,-0.03706645815565479,0.056871482155271824,0.0001160313047956
2026-05-31 00:00:00+00:00,0.007576169534477676,0.005836994506198012,0.0,-0.0035209871441553185,0.0034000673266213477,0.04664199807059159,-0.020225332271056717,4.044440928030468e-05
2026-06-01 00:00:00+00:00,0.008900238065930537,-0.0027566859111145536,0.0,0.028460132126819748,0.052366143614242834,-0.03985049853136475,-0.01143998682757943,4.2102129898857754e-05
2026-06-02 00:00:00+00:00,-0.02060153956830959,-0.030707423438492754,0.002625309034492984,-0.024754008786616155,0.021368782655945218,0.0051664445212178806,0.0036352180556731527,8.866836706133974e-05
2026-06-03 00:00:00+00:00,-0.0613193418178812,-0.06529488804689632,0.0012921120637476857,0.03518735774042032,0.04259555571272235,-0.03891989022052864,-0.04098377804927089,0.0001809168253781
2026-06-04 00:00:00+00:00,-0.01400500276495064,-0.03914731005544736,-0.0073720922286846235,-0.009018186831758212,-0.011662542533569619,-0.030401455461442108,0.011581638271966697,-8.732852516635248e-05
2026-06-05 00:00:00+00:00,-0.05765193176681198,-0.004122106688168703,0.004054977176687347,-0.05960672453071183,0.07288161844400895,0.06920506429389148,0.01960661685519543,6.467550306288317e-05
2026-06-06 00:00:00+00:00,-0.09247261684692148,-0.04434219634349934,-0.026445385275654654,0.0331496381098761,-0.037867673665846355,0.025738921432820056,-0.01347778391265958,-2.217730375897453e-06
2026-06-07 00:00:00+00:00,-0.0047391565785370885,-0.0028235718265543497,0.0,-0.007951570487767979,-0.009849484488950622,-0.01353088340426074,0.010083263582588663,3.720353272118615e-07
2026-06-08 00:00:00+00:00,0.055362017613283444,0.040243419441673645,0.0,-0.044880690720452046,0.038351268233498166,-0.014685095122958396,-0.04518940448511631,1.704822296422215e-05
2026-06-09 00:00:00+00:00,-0.003138554008376097,-0.0038010379392876548,0.0029781655367062676,0.02745363663288025,0.001368211690807186,0.011259867139276092,-0.031049132228501742,-2.7146617053608324e-05
2026-06-10 00:00:00+00:00,-0.02503124511592538,-0.021613469525626483,-0.0025763834220259296,-0.003992279322483069,0.002394813369105433,0.018101294668373118,0.014057152924937012,7.108996774229936e-05
2026-06-11 00:00:00+00:00,-0.028976133337808678,-0.003424912877866948,-0.016199495034961653,0.007283159157706436,-0.012006514345971463,0.017985984471083995,-0.0036905875848541013,-6.501757276311526e-05
2026-06-12 00:00:00+00:00,0.038017734454324076,0.03438634955280828,0.01751894525794051,-0.022386875850052612,0.01987540878602221,-0.024798446290651047,-0.01050508788348654,2.3010844895754445e-05
2026-06-13 00:00:00+00:00,-0.007335169849725443,-0.000800340891759066,0.005025492609171955,0.00663784309308384,0.01422989734040041,0.017325832165948653,0.011307204182078602,7.829057048125421e-05
2026-06-14 00:00:00+00:00,0.01993952053600095,0.013709537822399032,0.0,-0.018707356804125365,-0.0016005658957256377,-0.006966811322087565,0.011337921667019834,3.3207685885772165e-05
2026-06-15 00:00:00+00:00,0.02872513009182933,0.01993070281380116,0.0,-0.025640355805157177,0.011572533559726095,-0.023529773076388236,-0.02503249770472147,1.0432388287684446e-05
2026-06-16 00:00:00+00:00,0.030782450601228875,0.008885560735501397,0.016528380695045142,-0.011616941840957566,-0.021425483851027806,-0.039057377036081004,-0.019917762519728256,-4.088641529031989e-05
2026-06-17 00:00:00+00:00,-0.006160380755042083,-0.00967174014383132,-0.005684187395506357,0.01392896980816518,0.002035481278002904,0.008369442792361605,0.021865563465365633,-8.895837058453537e-05
2026-06-18 00:00:00+00:00,-0.01678371991097091,-0.01785213756459003,-0.012148282266170485,0.00269316304314564,-0.018187168470287653,-0.007629220939479774,0.007517176238661615,1.4221961115445936e-05
2026-06-19 00:00:00+00:00,-0.021610346130133722,-0.02402249627362818,0.010846215010579252,0.02970951278238576,-0.003463436885993997,-0.009635152406413907,0.010417662473946866,2.2976939496155424e-05
2026-06-20 00:00:00+00:00,-0.012287873522069111,0.009352537422068874,0.0,-0.004262715363970004,0.02194852297203558,0.011791893745628567,-0.036438104661694524,3.068868518552037e-05
2026-06-21 00:00:00+00:00,0.008715975629519306,0.011925192796389927,0.0,-0.01330608222209424,0.004937039817012989,0.018392151752334752,-0.0016701985508913442,9.271347988892842e-06
2026-06-22 00:00:00+00:00,-0.023474744068869083,-0.01529329391629064,0.0,-0.006623522105936176,-0.008579366772158915,0.010621357081368289,0.01015039514076066,4.246760061299426e-05
2026-06-23 00:00:00+00:00,0.006587366830398807,0.011109689020353253,-0.003705046809713397,-0.004267632566239077,-0.0042464270617698086,0.0035525208117567213,-0.006646361289836489,8.80376920462389e-05
2026-06-24 00:00:00+00:00,-0.025000454131119444,-0.02021403277376843,-0.014362774813690748,-0.007830805263863948,-0.008364381089917529,-0.0032214955181389497,-0.0024730303142314752,6.849235453154634e-05
2026-06-25 00:00:00+00:00,-0.014905754061887204,-0.02624540047562307,-0.0009829664406567629,0.015135896654611524,-0.0026666885758551487,-0.0032759293325723936,0.029705864740097357,-7.905563757670819e-05
2026-06-26 00:00:00+00:00,-0.017066554014073428,-0.020954543072044363,-9.920877603553091e-05,0.009316269403769041,-0.026187508425831774,-0.0232439835862684,0.01150256039802744,-8.726466913633324e-06
2026-06-27 00:00:00+00:00,0.02606022092015449,0.005020753899407593,-0.0004716282319104925,0.012709245858027442,-0.027692620531086183,-0.025514452468135107,0.03926054808653099,7.165078193649421e-06
2026-06-28 00:00:00+00:00,-0.017333384923858053,-0.001193567718737465,0.0,-0.002690144011123885,-0.0025090277906098194,0.01513936788636976,0.0016944071030887686,8.936082991617411e-05
2026-06-29 00:00:00+00:00,-0.009474770461984446,-0.007501629158520928,0.0,-0.004848545309865025,-0.013542155268284617,0.019002943455887957,0.0086046064800984,2.9496903478420933e-05
2026-06-30 00:00:00+00:00,0.021165625958914115,0.011326578248267882,0.011750036034712918,-0.02617879098590252,0.01869491860012091,-0.012714099444752127,-0.02171492320962047,0.0001847832172763
2026-07-01 00:00:00+00:00,-0.01697790819115225,-0.026887639124810847,0.007920241168857034,-0.038684808775730925,0.003306641813548096,-0.013423318637948321,-0.010975221653309598,-5.059221760173038e-05
2026-07-02 00:00:00+00:00,0.02311138703415677,0.02378961665648549,-0.002150850205884236,-0.003976612721929219,-0.026316381469339723,-0.007228853258597744,-0.01666526367299137,0.0001276083563996
2026-07-03 00:00:00+00:00,0.04102753418774318,0.02568350455669699,1.3363213478001512e-06,0.017673126669807533,0.008511508053422247,-0.007763390045341899,0.01871383000261031,6.402831805241149e-05
2026-07-04 00:00:00+00:00,0.037070248934673984,0.016654046271892042,0.0,-0.02570215021751032,-0.0012406504986190135,-0.015456366146854042,-0.010052486305464958,0.0001089338594086
2026-07-05 00:00:00+00:00,0.011471448821573915,0.00877959898026881,0.0,0.004701873583709304,-0.00900928959539251,-0.016304689829136708,-0.0018542836255143417,0.0002477931569264
2026-07-06 00:00:00+00:00,0.0037307784534767277,0.00795851369250955,0.0,-0.008089053360805232,0.004558467119381659,0.008174263421295569,0.002100281764005474,0.0001640050169231
2026-07-07 00:00:00+00:00,-0.003056493715644352,0.006389791424003866,0.007241515707100188,0.006634679708636515,-0.000644028388228835,-0.0037094548221460635,-0.0006613654667753542,2.7076940536385763e-05
2026-07-08 00:00:00+00:00,-0.02054847753344288,-0.010749161246790151,-0.004455099417175368,-0.013380494203756711,0.003520972893390706,-0.006016910865335179,-0.020152688619235228,0.0001695607416334
2026-07-09 00:00:00+00:00,-0.01969989554461251,-0.017053654038657662,-0.0028172204934800993,0.0003324033834184899,-0.020370288443702478,0.006953251654410211,0.011817192702837232,0.0001257461254029
2026-07-10 00:00:00+00:00,0.01477516746313891,0.015126422971216913,0.008142771803263837,0.007264794144869536,0.008709964951655234,-0.015524445246154485,0.003303272446853578,9.186705422625784e-05
2026-07-11 00:00:00+00:00,0.0250942355639974,0.014755447252243092,0.004208843476093849,0.005787710631470766,-0.008358808295432008,-0.007416547314939636,0.010391238515626799,0.0001376196208922
2026-07-12 00:00:00+00:00,-0.0036474119557383445,-0.005403129604940049,0.0,0.020252740151178127,-0.022412834800319616,-0.018438403666373636,-0.012564855467611836,8.305789039741995e-05
2026-07-13 00:00:00+00:00,-0.0038932598278240177,-0.0005173792389822074,0.0,0.0009645362283487108,-0.00521317092475344,-0.002116370110394561,-0.015576626293482089,3.391428428267673e-05
2026-07-14 00:00:00+00:00,-0.020139872313653752,-0.022635294117647087,-0.007926984617293686,-0.008489260025183954,0.020342308192328493,0.017992981082724603,0.012077191359329185,9.93998006177943e-05
2026-07-15 00:00:00+00:00,0.04479268657253231,0.04345739644020741,0.0037589783030442803,0.020999017369339155,0.029155707404362283,-0.014295130238457611,-0.028996487080667155,0.0001185527618885
2026-07-16 00:00:00+00:00,-0.003078033482136,-0.004511287447300338,0.0038191365119260023,-0.01978768472503716,-0.021270654917214006,0.0017417559237369764,-0.011822296865140068,0.0001374098476458
2026-07-17 00:00:00+00:00,-0.023203948783038258,-0.014220953193225139,-0.0051014209497648455,-0.023229307924312548,0.02184080553638266,0.022920296065417078,0.023504203444627163,6.61497566651903e-05
2026-07-18 00:00:00+00:00,0.00404505041763786,0.0017068697982789427,-0.010098529686996094,0.009345787702456731,0.018295821432497684,-0.02120357754775752,-0.012701314426230592,-4.820994918497412e-06
2026-07-19 00:00:00+00:00,0.004413939324198261,0.014032254783687526,0.0,0.010754127725754525,-0.0056230068866977454,0.005914947924319658,-0.01252226940850798,0.0001052445479208
2026-07-20 00:00:00+00:00,-0.008386177912489145,-0.001728216372689828,0.0,0.010909548958981486,-0.016992389580955815,0.0012509542436466743,-0.01739408251079444,9.406966993918964e-05
2026-07-21 00:00:00+00:00,0.01284292050118412,0.008193870595272879,-0.0019322337077566365,0.007537033888141153,-0.00044713810176186773,-0.00012771608490738141,0.012736902778998862,0.0001191246976122
2026-07-22 00:00:00+00:00,0.01745190020053576,0.019894273343881386,0.008856310658741817,-0.018290721843058553,-0.012259999903441132,-0.012091591393756219,0.009108399984553149,0.0001071908464067
2026-07-23 00:00:00+00:00,-0.003929569567283512,-0.006620326386299835,-0.0013636605763596155,0.006126470472235823,-0.007236746159578123,0.0017765704494244528,0.0037333435475083174,-8.992964962817318e-05
2026-07-24 00:00:00+00:00,-0.025279621078701832,-0.015320359553282259,-0.012089676435132368,0.011884762533332528,-0.006388131236490489,0.007920911104502572,-0.0014858863848583592,5.624562643991027e-05
2026-07-25 00:00:00+00:00,-0.012156844349177735,-0.014647392945399962,0.0004967401428126461,-0.0056848277651180956,-0.002176495148272471,0.006709412095591725,0.005290364302053008,3.866538491226201e-05
2026-07-26 00:00:00+00:00,0.005954140965973198,0.003456208620245871,0.0,-0.02947810607906165,-0.011962385028072009,0.013458815783594247,0.012392578867469051,0.0001496701240197
2026-07-27 00:00:00+00:00,0.03116888038531602,0.016117976750945395,0.0,0.0418867298348391,0.03855676719417369,-0.018188304840203576,0.0025327832568271536,-4.792622038896077e-06
2026-07-28 00:00:00+00:00,-0.04635934348193471,-0.025304741407661258,0.00016190005909355598,0.014203435907550618,-0.0026534827053187326,0.012095368696411701,-0.023490472965979836,0.0001538224867809
2026-07-29 00:00:00+00:00,0.014153147395689455,0.0028687649872567444,0.002104360072195721,-0.0013412765150825103,-0.003337164895505928,-0.015261817086594265,0.01583626285674753,-9.765390411453634e-05
2026-07-30 00:00:00+00:00,-0.008722923884775913,0.0008653659574735517,-0.015161305086434096,0.0004397203723739869,0.015877094757978136,0.0027490369964261684,-0.009011502575226605,0.0002115896026164
2026-07-31 00:00:00+00:00,0.023896609052679058,0.012368880640536428,0.016604361583619776,0.0073027289435966675,-0.009942223454973309,-0.027104500977145233,-0.0009538915490238109,0.0001621334395713
2026-08-01 00:00:00+00:00,-0.02043421136294544,-0.029190733590733542,0.007003575063561973,-0.020190948183717895,0.0007385911400263449,-0.0008979107326922732,0.013985755979971827,7.578076557912539e-05
2026-08-02 00:00:00+00:00,-0.00883881071082587,-0.0010754073741765513,0.0,-0.013244010213804681,-0.004358966662559593,0.007209617982376048,-0.0017002089230837118,7.830166226607815e-05
2026-08-03 00:00:00+00:00,0.031025107765162607,0.012066766148078667,0.0,0.008211174492729793,-0.012444563993980348,-0.023800309402451217,-0.0012972509273549114,4.164118507210546e-05
2026-08-04 00:00:00+00:00,-0.005171084552907312,-0.0008308418568057085,0.014790940115251283,-0.017685654681882036,-0.016294114888243193,0.0034098600984697304,0.010827629600241705,7.802424396952112e-05
2026-08-05 00:00:00+00:00,0.004631622893657705,0.009107488204204373,0.017896191040063236,-0.003159553657835756,-0.001240684797982583,0.0008411216341902786,-0.0076493105514987775,0.0001351599391423
2026-08-06 00:00:00+00:00,0.002754648867980321,0.008714719354511402,-0.00167646435348201,0.005927341329841207,0.0028422645072035957,-0.004790089431325529,-0.010194430159186883,5.192533150610856e-05
2026-08-07 00:00:00+00:00,-0.0075556141689727095,-0.005166019689358037,-0.0017595535731625978,0.025835443820195026,0.0021662691578186568,-0.006519851935449529,-0.004072376798853328,-1.1051740401724077e-05
2026-08-08 00:00:00+00:00,-0.0009116470938930791,0.009104199066874097,0.006184208478383857,0.006697003380365363,-0.010737955327725368,5.087511944996677e-05,-0.007842210919622738,0.0001846485454433
2026-08-09 00:00:00+00:00,0.00903155423361038,0.0006642480434735365,0.0,-0.009937890404718309,0.008141506230396445,0.009270124420573378,0.008653056373889245,4.84443023374137e-05
2026-08-10 00:00:00+00:00,-0.00891416295935803,-0.000934874515813533,0.0,0.0028605965167866733,0.0020135926823340537,0.003263164274729658,-0.011378028901918214,0.0001017325167944
2026-08-11 00:00:00+00:00,-0.0077995488618496514,-0.014313727303839507,-0.000583940476743039,-0.0028617463990696645,0.015697742983696618,0.003179231868972442,0.014807931423315001,5.093330617156333e-05
2026-08-12 00:00:00+00:00,-0.00159481663352119,-0.005744510809470915,-0.00321290424100773,-0.010367523420920066,-0.021490797610855192,0.028858086307940334,-0.00033769919925010763,7.703796355884585e-05
2026-08-13 00:00:00+00:00,-0.014314805956369773,-0.0018451519536903938,0.0026267436142957123,-0.0033981017609328486,0.0074752108215080625,0.011338667197072393,-0.02041513488373585,8.322466470667145e-05
2026-08-14 00:00:00+00:00,0.00045423905399233355,3.151854787741826e-05,0.00651609989030133,-0.003372244386359413,-0.008116762998240157,0.003761857205398145,-0.005892218083365642,0.0001781084246337
2026-08-15 00:00:00+00:00,-0.010487022627214607,-0.006960651909097004,-0.0016963735047742512,0.0208948790477127,-0.027350488239690617,0.010748959113153255,-0.004843559815352961,2.2132644247108143e-05
2026-08-16 00:00:00+00:00,0.00013358271222592885,0.0006173133380942275,0.0,-0.0009568524593761784,-0.0033525160512417385,0.007891989401816856,-0.0010684056658763817,8.631293279193208e-05
2026-08-17 00:00:00+00:00,-0.004100409008744991,-0.0028213956630755987,0.0,-0.0017694559974928302,-0.0031618708975944985,-0.0010464764955217644,0.00023102237288177233,-1.0446058879454156e-05
2026-08-18 00:00:00+00:00,0.014884358711027453,0.025893822762262264,-0.005227492242247389,-0.003017663934990122,-0.0038768458261184465,0.004205600536481956,-0.013526110984534467,0.0001331416098082
2026-08-19 00:00:00+00:00,-0.008369682644427123,0.0029439989085964235,-0.00688180595114829,0.0048161904154629285,0.003276033950518897,0.01616303082588462,-0.0183672604381816,7.447690225137471e-05
2026-08-20 00:00:00+00:00,0.08232615268885421,0.07135128450860972,0.002108750143010152,-0.021849175316199787,-0.022567543372261592,0.0003714734740696696,-0.041324221801117604,7.007101063027932e-05
2026-08-21 00:00:00+00:00,0.04729727979753425,0.05322031452892806,-0.008668937905910501,-0.03804868503997181,-0.011926905226314767,-0.014087644699322333,-0.016879715701451123,0.0001570383987041
2026-08-22 00:00:00+00:00,0.1302002911547397,0.07274650096508584,0.004346198744693108,-0.010320006305908375,0.004958090828520584,-0.02670763842480442,-0.0033665964275737537,4.0032251239274785e-05
2026-08-23 00:00:00+00:00,-0.0038542349417376516,-0.015638029296722977,0.0,0.0011609186094732938,-0.022434715077391254,-0.02823735053495666,-0.03090037465054714,-0.0001041437530308
2026-08-24 00:00:00+00:00,0.021449458943003926,0.008232524048284784,0.0,0.028929488209879728,-0.032053476584464155,-0.0523852667071697,-0.027988773897156816,0.0003232254264853
2026-08-25 00:00:00+00:00,-0.012882944412045938,0.01587640618586672,-0.0028028359331124797,-0.008977067740575072,0.04005538840586864,0.04411678056812973,-0.0009803202742234562,0.0003057889001869
2026-08-26 00:00:00+00:00,-0.03253792776354882,-0.005669195597380772,0.003190963901077426,0.00345333634502365,-0.035049126508758334,0.019003551554130426,-0.005887085946970384,0.000106806138572
2026-08-27 00:00:00+00:00,0.015650914756508764,0.0061651809939189395,-0.0002058020548943995,0.007008453487887836,0.00598278572123323,-0.009370908701515511,-0.013328798519758324,9.866503180289143e-05
2026-08-28 00:00:00+00:00,0.012093740532849262,0.015438780393318696,0.007203251820680823,-0.0020027054912249223,-0.005361317222017114,-0.006991597380318961,-0.002572255510559618,0.0001667685686193
2026-08-29 00:00:00+00:00,-0.03223560864348425,-0.029959268859191424,-0.002487391653591575,0.0018461503651081082,-0.004786069921565626,0.035750158768625286,0.004883596563250523,0.0001332747673588
2026-08-30 00:00:00+00:00,0.009720585971193503,0.005074165326794056,0.0,0.01369960572118132,0.00980603852838122,-0.029767641740187867,-0.018036695692803886,7.750877735879236e-05
2026-08-31 00:00:00+00:00,-0.011803310986944648,-0.007239065634962238,0.0,0.008865148376014508,-0.017972011299105993,-0.008985224394203328,0.001208103367167257,0.000250794370691
