time,ret,price,funding,fee,slip,traded,gross,net
2024-01-02 00:00:00+00:00,0.0013293897361719154,0.002221952173618093,3.3908668272459e-05,-0.0005,-0.0004264711057186236,1.0,1.0327150285795648,0.22740121868378016
2024-01-03 00:00:00+00:00,-0.0005769550143479574,-0.0006980549079010265,0.0001210998935530531,0.0,0.0,0.0,1.0139216367073844,0.22683403681084244
2024-01-04 00:00:00+00:00,0.0030557802215969154,0.002874835246882664,0.00018094497471435705,0.0,0.0,0.0,0.9437571966447819,0.22900907066900827
2024-01-05 00:00:00+00:00,0.005781778074585686,0.005782598898085936,0.0001509483107346825,-7.5884567117433e-05,-7.5884567117433e-05,0.15176913423486602,0.9656848091894695,0.22750481146972923
2024-01-06 00:00:00+00:00,0.010790167302421327,0.010447400608705311,0.00034276669371596254,0.0,0.0,0.0,0.9384606635323121,0.23541207638918507
2024-01-07 00:00:00+00:00,-0.001043227018187931,-0.001403728708144867,0.00036050168995695306,0.0,0.0,0.0,0.9185970301810803,0.2342527264543617
2024-01-08 00:00:00+00:00,-6.532696998140519e-05,0.0003153203781710378,5.333425628624524e-06,-0.0001929903868905412,-0.0001929903868905412,0.3859807737810824,0.9030062736010824,0.22523124319395704
2024-01-09 00:00:00+00:00,0.010392669042765812,0.010397654551481656,-4.985508715872083e-06,0.0,0.0,0.0,0.9493901922719069,0.23320527252901654
2024-01-10 00:00:00+00:00,0.002765960139702317,0.002830058228001841,-6.409808829961771e-05,0.0,0.0,0.0,0.9180806060112561,0.23538426725627448
2024-01-11 00:00:00+00:00,0.025018772494973307,0.025323463032625882,-6.765238600889337e-05,-0.00011851907582185732,-0.00011851907582185732,0.2370381516437146,0.9935780397986999,0.26313647156934805
2024-01-12 00:00:00+00:00,0.019504304185108623,0.019584768953887114,-8.04647687784037e-05,0.0,0.0,0.0,1.015719009230065,0.27731245406483584
2024-01-13 00:00:00+00:00,-0.0059394431141925885,-0.005862753563521206,-7.66895506713448e-05,0.0,0.0,0.0,0.9641227917058146,0.27307159369818645
2024-01-14 00:00:00+00:00,-0.0003477601384236362,-9.332170164471211e-06,-7.151852811481063e-05,-0.00013345472007216251,-0.00013345472007216251,0.26690944014432505,0.9341064064199481,0.23688433564160744
2024-01-15 00:00:00+00:00,-0.01613660657346727,-0.016068915474851456,-6.769109861583738e-05,0.0,0.0,0.0,0.9120995825882086,0.22443707291285128
2024-01-16 00:00:00+00:00,0.008982927413510033,0.009052464752917327,-6.953733940731273e-05,0.0,0.0,0.0,0.9206072877211041,0.23141079132459708
2024-01-17 00:00:00+00:00,0.0033967238591010585,0.003899465119924662,0.0001383333227763834,-0.0003378435939426927,-0.000303230989657297,0.6756871878853854,0.997986818902059,0.1598779127544158
2024-01-18 00:00:00+00:00,-0.0007852143197436545,-0.0009158048066854265,0.00013059048694174453,0.0,0.0,0.0,0.9885847439348509,0.15908702535812697
2024-01-19 00:00:00+00:00,-0.00661450811804043,-0.006713529417090702,9.902129905029265e-05,0.0,0.0,0.0,0.9594122632013413,0.15338808265899467
2024-01-20 00:00:00+00:00,0.012214990575961426,0.012406803477446422,0.00014942317278916436,-0.00018784349880373658,-0.00015339257547042215,0.37568699760747315,0.9863744797571093,0.14812961797796992
2024-01-21 00:00:00+00:00,-0.007497176167249542,-0.007603331088941815,0.00010615492169228638,0.0,0.0,0.0,0.9972174394266393,0.14158779553528855
2024-01-22 00:00:00+00:00,0.001105630468110963,0.0009900936486707923,0.00011553681944008988,0.0,0.0,0.0,0.9863340446447156,0.14242042482299364
2024-01-23 00:00:00+00:00,-0.0007397404388798101,-0.0003904164432314488,0.00020616594970039782,-0.0002777449726743704,-0.0002777449726743704,0.5554899453487407,0.9399412753914467,0.18496169066246856
2024-01-24 00:00:00+00:00,-0.009182580993237544,-0.009376155038687254,0.00019357404544974674,0.0,0.0,0.0,0.936605419400514,0.1772128065731782
2024-01-25 00:00:00+00:00,-0.002915778112253631,-0.0029931642855822445,7.73861733285673e-05,0.0,0.0,0.0,0.9448796786140297,0.17472911361264137
2024-01-26 00:00:00+00:00,-1.2783797198268054e-05,0.0007528680561938004,-2.6559576665800612e-05,-0.0003865239313120911,-0.0003525683454142135,0.7730478626241821,0.9647747598985488,0.14202161143120196
2024-01-27 00:00:00+00:00,-0.000665382555293137,-0.0006417182074299727,-2.366434786311378e-05,0.0,0.0,0.0,0.9925184339532094,0.14147402757374633
2024-01-28 00:00:00+00:00,-0.004174248781693146,-0.004135914842011128,-3.83339396820295e-05,0.0,0.0,0.0,1.000525697590179,0.13791379924019187
2024-01-29 00:00:00+00:00,-0.0056636455618155335,-0.005198296802387145,-1.586814965978478e-05,-0.00022474030488428648,-0.00022474030488428648,0.44948060976857296,0.9925509888640482,0.20927246231100508
2024-01-30 00:00:00+00:00,-0.0006503995182021161,-0.0006614906835122538,1.109116531016887e-05,0.0,0.0,0.0,1.0201575137567023,0.20874674040687974
2024-01-31 00:00:00+00:00,0.011634432189312927,0.011641454528329135,-7.022339016309274e-06,0.0,0.0,0.0,1.0016433762574917,0.21785359209082988
2024-02-01 00:00:00+00:00,0.0004801804994625236,0.0009859473694583934,2.479566099661424e-05,-0.00028277878353872774,-0.00024778374745381093,0.5655575670774555,0.9816787456600069,0.2002873378241622
2024-02-02 00:00:00+00:00,0.016768205771422684,0.01679008227077831,-2.1876499355673604e-05,0.0,0.0,0.0,0.9865582674744979,0.21349745090646696
2024-02-03 00:00:00+00:00,-0.0034794548332083286,-0.003462712960353492,-1.674187285481695e-05,0.0,0.0,0.0,1.0018854856188024,0.2107680960164842
2024-02-04 00:00:00+00:00,-0.003956387523696203,-0.0033051718730653596,-5.382466676318615e-05,-0.00031576160450723546,-0.0002816293793603893,0.6315232090144709,0.9989615651209921,0.19808533891724264
2024-02-05 00:00:00+00:00,0.007195114400406322,0.00725518521688642,-6.007081648015976e-05,0.0,0.0,0.0,0.9724139051661043,0.20387363004274558
2024-02-06 00:00:00+00:00,0.0010392002513690546,0.0011008639995813395,-6.166374821225646e-05,0.0,0.0,0.0,0.9829975390944321,0.2047617056263692
2024-02-07 00:00:00+00:00,-0.005260713582935117,-0.004773852583187682,-3.1812644483673503e-06,-0.00024183986764954654,-0.00024183986764954654,0.483679735299093,0.9816354712123262,0.1952231863464257
2024-02-08 00:00:00+00:00,0.004577223467059799,0.004589140218062515,-1.1916751002803949e-05,0.0,0.0,0.0,0.9982795002512764,0.19890190808316666
2024-02-09 00:00:00+00:00,-0.006015228253578031,-0.006064713190355427,4.948493677741755e-05,0.0,0.0,0.0,1.0088177713723918,0.19400417428327224
2024-02-10 00:00:00+00:00,-0.008061047506412011,-0.007880754527487542,0.0006801721235036727,-0.00044870147898079564,-0.0004117636234473784,0.8974029579615912,1.0377844492032544,0.20516359552335714
2024-02-11 00:00:00+00:00,0.0030784148103881748,0.001991876704880792,0.0010865381055074202,0.0,0.0,0.0,1.0393312834101085,0.20651971886704024
2024-02-12 00:00:00+00:00,0.012982289594290153,0.012498474823295264,0.0004838147709948492,0.0,0.0,0.0,1.032349437970796,0.2162112762880135
2024-02-13 00:00:00+00:00,0.006650113910483313,0.006948085611217837,0.00011065536064355811,-0.00020431353068903416,-0.00020431353068903416,0.4086270613780683,1.04976190702775,0.2117765577455199
2024-02-14 00:00:00+00:00,-0.004093059421847234,-0.004171483015405924,7.842359355871744e-05,0.0,0.0,0.0,1.0425467953345724,0.2084583069675096
2024-02-15 00:00:00+00:00,0.00830494579383001,0.008029631031287213,0.00027531476254280643,0.0,0.0,0.0,1.0641891689231486,0.214704826056722
2024-02-16 00:00:00+00:00,-0.00797378601422627,-0.007795701268607135,0.00025737189793762107,-0.0002249352341679197,-0.00021052140938887555,0.4498704683358393,1.0401544191200287,0.1710697479144909
2024-02-17 00:00:00+00:00,-0.001935067375415489,-0.002097736700286787,0.00016266932487135307,0.0,0.0,0.0,1.0374222677651386,0.16929961738046737
2024-02-18 00:00:00+00:00,-0.0042447244441642384,-0.0043125304719492915,6.780602778500884e-05,0.0,0.0,0.0,1.0402869715198506,0.16569039698677115
2024-02-19 00:00:00+00:00,-0.001466923057613756,-0.001262690338188032,-3.205186007484686e-05,-8.609042967544122e-05,-8.609042967544122e-05,0.17218085935088243,1.0472154470173543,0.17223782922137063
2024-02-20 00:00:00+00:00,-0.014408474120468528,-0.014192068366860959,-0.000216405753607622,0.0,0.0,0.0,1.0598024230886585,0.16035624972878237
2024-02-21 00:00:00+00:00,0.021338725756075094,0.021432336187711672,-9.361043163664183e-05,0.0,0.0,0.0,1.0421428155899943,0.1779904955448739
2024-02-22 00:00:00+00:00,0.009592187927225826,0.00951110920785607,8.10787193698225e-05,0.0,0.0,0.0,1.0229063732352563,0.18572014224643102
2024-02-23 00:00:00+00:00,0.0012268771832071312,0.000865837558031014,0.0003610396251761584,0.0,0.0,0.0,1.0173978580663319,0.18635734223335285
2024-02-24 00:00:00+00:00,-0.012057998149838878,-0.012455463790405383,0.00039746564056653336,0.0,0.0,0.0,1.027658207551048,0.17602438009242843
2024-02-25 00:00:00+00:00,-0.01576940146663164,-0.015521978386168337,0.0003709367522635573,-0.00032770828244933157,-0.0002906515502775412,0.6554165648986631,1.0273844966307677,0.1784302766724001
2024-02-26 00:00:00+00:00,0.005078207216181241,0.004850699016300237,0.0002275081998810515,0.0,0.0,0.0,1.0296746059984325,0.18235493951892917
2024-02-27 00:00:00+00:00,3.977170863023183e-05,-0.00014341927405535847,0.0001831909826856755,0.0,0.0,0.0,1.0563765667844407,0.1822042736695904
2024-02-28 00:00:00+00:00,0.010680224289487672,0.010954618374819449,0.00010167881271198506,-0.0002063014128265359,-0.00016977148521716415,0.4126028256530718,1.0593168115887936,0.20237627909725736
2024-02-29 00:00:00+00:00,0.021360947275668618,0.02138300376674083,-2.2056491072262614e-05,0.0,0.0,0.0,1.0604746786504247,0.21907953643698994
2024-03-01 00:00:00+00:00,-0.017665664058083563,-0.017450606625738205,-0.00021505743234539855,0.0,0.0,0.0,1.0872785999929728,0.2052548938116051
2024-03-02 00:00:00+00:00,-0.0027016922157337975,-0.0022053350320754817,-4.5829862651606586e-05,-0.00022905028820911774,-0.0002214770327976118,0.45810057641823543,1.0727640488829469,0.13618389173747844
2024-03-03 00:00:00+00:00,-0.02960010205215058,-0.02968790232178845,8.780026963789619e-05,0.0,0.0,0.0,1.1622477656854968,0.10974443591853442
2024-03-04 00:00:00+00:00,0.018958952421558983,0.01921951306716797,-0.0002605606456090714,0.0,0.0,0.0,1.1405973452229945,0.12656442016552197
2024-03-05 00:00:00+00:00,0.005479266275588257,0.006082137433001581,9.99927647909467e-05,-0.0003560391889868027,-0.0003468247332174674,0.7120783779736054,1.0521245408524378,0.0343732143641178
2024-03-06 00:00:00+00:00,0.026704422912399828,0.02676066457021523,-5.624165781538258e-05,0.0,0.0,0.0,0.9701185542203673,0.05954379621830972
2024-03-07 00:00:00+00:00,-0.0026980338826509964,-0.0027421433645801693,4.410948192914247e-05,0.0,0.0,0.0,1.0332532210110823,0.056955320237527696
2024-03-08 00:00:00+00:00,-0.01068022083775988,-0.009873729096433885,2.8377909990590774e-05,-0.0004174348256583011,-0.0004174348256583011,0.8348696513166022,1.037003899082376,0.123531426525382
2024-03-09 00:00:00+00:00,-0.008367486540969193,-0.008469803143424286,0.00010231660245504602,0.0,0.0,0.0,1.0561686018216225,0.11603252396454601
2024-03-10 00:00:00+00:00,0.0018406498369691882,0.0015167525467085865,0.0003238972902605017,0.0,0.0,0.0,1.0532047806180787,0.1173333069788928
2024-03-11 00:00:00+00:00,0.019704211898731616,0.020415439342945003,0.00011197397988447088,-0.0004116007120488934,-0.0004116007120488934,0.8232014240977867,1.0128112449107758,0.1482855770602577
2024-03-12 00:00:00+00:00,-0.018876789216420997,-0.019052563103000113,0.00017577388657909416,0.0,0.0,0.0,1.1012551791527454,0.1317194543323918
2024-03-13 00:00:00+00:00,-0.005867439460332302,-0.006035610303438339,0.00016817084310599326,0.0,0.0,0.0,1.1033050515582021,0.12642563881091046
2024-03-14 00:00:00+00:00,0.01644045264585281,0.017436282748401352,-0.00037488359403393766,-0.0003104732542573116,-0.0003104732542573116,0.6209465085146232,1.0573982502699724,0.21410967927062619
2024-03-15 00:00:00+00:00,-0.009005238328125942,-0.008779131294530973,-0.00022610703359494353,0.0,0.0,0.0,1.0446072882043071,0.20719640094735617
2024-03-16 00:00:00+00:00,0.021922128748966374,0.0221417532171475,-0.0002196244681812126,0.0,0.0,0.0,1.0011951413293456,0.224418424567495
2024-03-17 00:00:00+00:00,-0.012705521727332303,-0.011989903892971202,-4.0078181192631914e-05,-0.0003570823176176523,-0.0003184573355508694,0.7141646352353044,0.9080292415422266,0.07328079350310245
2024-03-18 00:00:00+00:00,0.0115893489512362,0.011592632944508435,-3.283993272165527e-06,0.0,0.0,0.0,0.9352377871032772,0.08390106769669242
2024-03-19 00:00:00+00:00,-0.007605411848340848,-0.007560332538524424,-4.507930981643033e-05,0.0,0.0,0.0,0.9287386472149819,0.07692578745350982
2024-03-20 00:00:00+00:00,-0.003513793058364967,-0.002702421591293904,-1.3164170551600342e-05,-0.0004144578446050739,-0.0003837494519143375,0.8289156892101479,0.9199866793574883,-0.012203494445170817
2024-03-21 00:00:00+00:00,0.0021469575905819216,0.0021288675407058976,1.809004987594636e-05,0.0,0.0,0.0,1.0069897621642325,-0.010053043446529714
2024-03-22 00:00:00+00:00,-0.012626895768140356,-0.012645709330836035,1.8813562695640568e-05,0.0,0.0,0.0,1.0157842738262324,-0.022989032899599384
2024-03-23 00:00:00+00:00,0.012535501063794197,0.013020696400947464,8.440653111627714e-05,-0.00030054699393908073,-0.000269054874330526,0.6010939878781615,0.9796743515911428,0.020736638750262496
2024-03-24 00:00:00+00:00,0.008642102042411226,0.008638775923367306,3.326119043922814e-06,0.0,0.0,0.0,0.9775848591935574,0.029123724474862833
2024-03-25 00:00:00+00:00,0.004343766907291213,0.004371595965908094,-2.7829058616873122e-05,0.0,0.0,0.0,1.0123201661039107,0.033350453843025034
2024-03-26 00:00:00+00:00,-0.0018242962819833286,-0.0013095551597772565,-9.210346195269616e-05,-0.00021131883012668305,-0.00021131883012668305,0.4226376602533661,1.0268271809549219,-0.0029107541043167763
2024-03-27 00:00:00+00:00,-0.009318499758932064,-0.009268161037289781,-5.0338721642281716e-05,0.0,0.0,0.0,1.0367972589780574,-0.012293471856134237
2024-03-28 00:00:00+00:00,0.022985317748613676,0.023131696951705385,-0.00014637920309169825,0.0,0.0,0.0,1.0030961373428564,0.010594702492332688
2024-03-29 00:00:00+00:00,0.0015638719883483976,0.002007250774196106,-3.6884636098563215e-05,-0.0002032470748745874,-0.0002032470748745874,0.40649414974917475,1.0141494952930117,0.026874712831595194
2024-03-30 00:00:00+00:00,-0.0013688084630061326,-0.001452013979109792,8.320551610362688e-05,0.0,0.0,0.0,1.0532876138470195,0.025457545356015868
2024-03-31 00:00:00+00:00,0.0010143212233222343,0.0007764351292087234,0.00023788609411357428,0.0,0.0,0.0,1.0290580186522023,0.02620739776546249
2024-04-01 00:00:00+00:00,0.009098707325138733,0.009482011571788958,0.00022471887136318573,-0.0003040115590067051,-0.0003040115590067051,0.6080231180134102,1.0458502347032834,0.03567902135615822
2024-04-02 00:00:00+00:00,-0.0018580650248491981,-0.0018580631227596376,-1.9020895332571095e-09,0.0,0.0,0.0,0.9999877955963824,0.03388391675402477
2024-04-03 00:00:00+00:00,0.022341148127802413,0.022457506432071433,-0.00011635830426905509,0.0,0.0,0.0,0.934046187962531,0.05511019808727557
2024-04-04 00:00:00+00:00,-0.006683512011518178,-0.0061076661966186835,1.1870168189219423e-06,-0.0003043463549561009,-0.00027268647676230033,0.6086927099122017,0.9444281197185774,-0.009352343630061995
2024-04-05 00:00:00+00:00,0.01451862946322846,0.014528583419493639,-9.953956265069304e-06,0.0,0.0,0.0,0.9605982145646752,0.00510216337000192
2024-04-06 00:00:00+00:00,3.640686470407495e-05,5.827491914931835e-05,-2.1868054445339873e-05,0.0,0.0,0.0,0.9519619938261912,0.005160250420612395
2024-04-07 00:00:00+00:00,-0.0009924477960915334,-0.000508475160498163,0.00010149300932334483,-0.0002927328224583476,-0.0002927328224583476,0.5854656449166952,1.0262432000390331,-0.02835815546760634
2024-04-08 00:00:00+00:00,-0.006991927625032646,-0.007140138943442652,0.0001482113184099884,0.0,0.0,0.0,1.0468606259534923,-0.035748243542620996
2024-04-09 00:00:00+00:00,-0.004530593238312841,-0.004620041076335387,8.944783802252652e-05,0.0,0.0,0.0,1.0851259055077451,-0.04055200927799156
2024-04-10 00:00:00+00:00,-0.004063567995807871,-0.003279801025881477,2.7611529797846416e-05,-0.0004395597736636166,-0.0003718187260606682,0.8791195473272332,0.9666053830277421,0.028095719591398213
2024-04-11 00:00:00+00:00,0.0032895351299202513,0.003116587384257386,0.00017294774566291264,0.0,0.0,0.0,0.9607724790710829,0.031109969637641618
2024-04-12 00:00:00+00:00,0.004004261028722311,0.003996927114166685,7.333914555716858e-06,0.0,0.0,0.0,0.9433806045820674,0.034966880235983266
2024-04-13 00:00:00+00:00,0.01956237099176028,0.020003524666300523,0.00010170017615980535,-0.00030246223966860314,-0.000240391611031515,0.6049244793372064,0.8514756901507334,0.0056873378818607006
2024-04-14 00:00:00+00:00,0.002021814583167192,0.0018218831678778631,0.00019993141528927972,0.0,0.0,0.0,0.7538578034919694,0.007494069430876068
2024-04-15 00:00:00+00:00,-0.006262269580056823,-0.006431872408284937,0.0001696028282280937,0.0,0.0,0.0,0.8024357475240484,0.001068890704333333
2024-04-16 00:00:00+00:00,-0.0005910107794636632,0.0002389957729973298,8.96658839043635e-05,-0.0004737869163803839,-0.00044588551998498295,0.9475738327607678,0.948531814275562,-0.048082082898399575
2024-04-17 00:00:00+00:00,0.0041791260990555745,0.0041178072539979375,6.13188450575704e-05,0.0,0.0,0.0,0.9443534251085228,-0.04378130803733198
2024-04-18 00:00:00+00:00,-0.006325286494345939,-0.0063432328981877775,1.7946403841828353e-05,0.0,0.0,0.0,0.9225556424111525,-0.050443611228349325
2024-04-19 00:00:00+00:00,-0.0010743599798820336,-0.0009519404947213581,9.399292136932758e-05,-0.0001082062032650147,-0.0001082062032650147,0.2164124065300294,0.9853187870237913,-0.01666646908699267
2024-04-20 00:00:00+00:00,-0.00300801983123411,-0.003088661241871784,8.064141063765066e-05,0.0,0.0,0.0,0.9912023501710943,-0.019814733440001873
2024-04-21 00:00:00+00:00,0.00040576737325115353,0.00035101364589726174,5.475372735396878e-05,0.0,0.0,0.0,1.0551046995406088,-0.019455825254996673
2024-04-22 00:00:00+00:00,-0.0009276546731885604,3.353766362764436e-05,2.4593905813166868e-05,-0.0005230993391880338,-0.00046268690344128865,1.0461986783760677,0.9766473176488747,0.057167169426466026
2024-04-23 00:00:00+00:00,-0.009637089232074403,-0.0097037449089088,6.665567683442255e-05,0.0,0.0,0.0,1.02045641742782,0.047925284763293746
2024-04-24 00:00:00+00:00,0.008884193869980184,0.008724147080434378,0.00016004678954570028,0.0,0.0,0.0,0.994798257944021,0.056150579212096347
2024-04-25 00:00:00+00:00,0.002539561194351725,0.002569686229289946,0.00015595593041788433,-9.304048267807842e-05,-9.304048267807842e-05,0.18608096535615684,0.954200369965453,0.061437418288631716
2024-04-26 00:00:00+00:00,0.0010134559554164646,0.0008226673272708177,0.00019078862814559682,0.0,0.0,0.0,0.953611472723368,0.06219705164350506
2024-04-27 00:00:00+00:00,0.004759459221366669,0.004559815496898551,0.00019964372446802274,0.0,0.0,0.0,0.943815579615279,0.0664406455970429
2024-04-28 00:00:00+00:00,-0.0024297860791367976,-0.0025016550716497796,0.00022318782591683426,-9.035815735431864e-05,-6.096067604948674e-05,0.18071631470863728,0.9728706904001531,0.048790647370925026
2024-04-29 00:00:00+00:00,0.007264465013107069,0.006957226687685865,0.0003072383254212857,0.0,0.0,0.0,0.9623694862790179,0.05534581631238697
2024-04-30 00:00:00+00:00,-0.0048566012056573404,-0.005136936834971611,0.000280335629314283,0.0,0.0,0.0,0.9527211764390721,0.05045391401706043
2024-05-01 00:00:00+00:00,-0.008516263862407891,-0.008321390058609003,0.00037456728979929136,-0.0002847205467991023,-0.0002847205467991023,0.5694410935982046,0.9322382968707487,0.03344319829058237
2024-05-02 00:00:00+00:00,-0.015375899436329776,-0.015504049811297136,0.00012815037496734181,0.0,0.0,0.0,0.9505211933789983,0.018219286394691798
2024-05-03 00:00:00+00:00,5.273025229501904e-05,-0.00011211152913874942,0.00016484178143383056,0.0,0.0,0.0,0.9701489276387797,0.018106220119997858
2024-05-04 00:00:00+00:00,0.012303581809387953,0.01255518452173006,0.0001258195575486727,-0.00018871113494537425,-0.00018871113494537425,0.37742226989074856,1.012475483963337,0.02986975997003036
2024-05-05 00:00:00+00:00,0.004694218697742114,0.004416965200306679,0.0002772534974353993,0.0,0.0,0.0,1.0081428172713907,0.03412652778551727
2024-05-06 00:00:00+00:00,0.0029918318067052585,0.0028249196370058404,0.00016691216969945207,0.0,0.0,0.0,1.0148493438259507,0.03684122467474303
2024-05-07 00:00:00+00:00,-0.0006080986797272203,-0.0005913254920807556,0.00014704372016102608,-9.685378871453882e-05,-6.696311909293025e-05,0.19370757742907763,1.0012140241847212,0.04183889474096164
2024-05-08 00:00:00+00:00,0.009427118956499392,0.009363036651352243,6.408230514712773e-05,0.0,0.0,0.0,0.9695065602860637,0.050723752543169597
2024-05-09 00:00:00+00:00,0.00019806308690095698,0.00016471814524877682,3.334494165218087e-05,0.0,0.0,0.0,0.9621510174708732,0.050878393556733945
2024-05-10 00:00:00+00:00,-0.0010554462123153474,-0.0009800713631633916,8.675889967006841e-05,-9.540157170731986e-05,-6.67321771147253e-05,0.19080314341463972,0.9850291149366722,0.04962454436163129
2024-05-11 00:00:00+00:00,-3.78247500231188e-05,-0.00015286041609745214,0.00011503566607427921,0.0,0.0,0.0,0.9456361633261332,0.04947355527039534
2024-05-12 00:00:00+00:00,0.0023736989561802257,0.002311988444270081,6.171051191018409e-05,0.0,0.0,0.0,0.9435775287127299,0.051662911515527904
2024-05-13 00:00:00+00:00,0.00039889285433436505,0.0008885705160517019,6.30932097844812e-05,-0.00029146223044284925,-0.0002613086410589858,0.5829244608856985,0.9676498669689584,0.01899490386284716
2024-05-14 00:00:00+00:00,-0.0030376980995499014,-0.0031183737244478878,8.067562489799706e-05,0.0,0.0,0.0,0.9702559878056248,0.015924905192638925
2024-05-15 00:00:00+00:00,-0.0052290604011292485,-0.005553530803899736,0.000324470402770541,0.0,0.0,0.0,0.9484347993310744,0.010425892007783316
2024-05-16 00:00:00+00:00,0.0018402405404189803,0.0021346890239551373,8.669457097488191e-05,-0.00020483990035590773,-0.00017630315415507536,0.4096798007118155,1.0238268574045277,-0.016598724689552154
2024-05-17 00:00:00+00:00,-0.004497725219803295,-0.004571531400841805,7.38061810384653e-05,0.0,0.0,0.0,1.020611254650753,-0.02126590428441558
2024-05-18 00:00:00+00:00,0.0003171492941076437,0.00024962081830319884,6.75284758043737e-05,0.0,0.0,0.0,1.054935053295456,-0.02100962027987141
2024-05-19 00:00:00+00:00,-0.003038198267721448,-0.0024974419516713303,4.585897356143007e-05,-0.0003082985526899762,-0.0002783167369215643,0.6165971053799524,1.0449595809346905,-0.008089252787428815
2024-05-20 00:00:00+00:00,0.013124430040183377,0.01310542407565195,1.900596453146949e-05,0.0,0.0,0.0,1.0078453890095103,0.004951189744801343
2024-05-21 00:00:00+00:00,-0.016366467022716935,-0.016413757501324535,4.729047860762188e-05,0.0,0.0,0.0,1.135740665619601,-0.011653290958704758
2024-05-22 00:00:00+00:00,-0.0028303525666413254,-0.0022310170767160502,7.670265081526385e-05,-0.0003539283892042973,-0.00032210975153628373,0.7078567784085945,1.0453020456195048,0.0433389556712286
2024-05-23 00:00:00+00:00,-0.00193771559500433,-0.0019744937973860933,3.6778202381744236e-05,0.0,0.0,0.0,1.0235580332237564,0.04144477005110277
2024-05-24 00:00:00+00:00,0.012711433138001826,0.012690915015058729,2.0518122943088783e-05,0.0,0.0,0.0,0.9918172904236254,0.053456180403154245
2024-05-25 00:00:00+00:00,0.005580366262063707,0.005745120732893038,5.224060640721301e-05,-0.00010849753861832612,-0.00010849753861832612,0.21699507723665223,1.0007172138272111,0.06779079753926257
2024-05-26 00:00:00+00:00,-0.004351297066518711,-0.004414133801959037,6.283673544035582e-05,0.0,0.0,0.0,1.0155212195585064,0.0636536396327106
2024-05-27 00:00:00+00:00,0.004349169875755621,0.004305358118526914,4.381175722879523e-05,0.0,0.0,0.0,0.9991485896434659,0.06766471242231882
2024-05-28 00:00:00+00:00,0.0010657854107409825,0.0015183837862846699,-5.896279914718871e-05,-0.0001968177881982714,-0.0001968177881982714,0.39363557639654273,1.0304388230980897,0.08365298432169868
2024-05-29 00:00:00+00:00,0.00809664997812698,0.008107204646641879,-1.055466851484999e-05,0.0,0.0,0.0,1.0053046984502754,0.09102320593003789
2024-05-30 00:00:00+00:00,-0.004475206534113263,-0.004471589150497295,-3.6173836160012788e-06,0.0,0.0,0.0,0.9911072514607614,0.08694069434294424
2024-05-31 00:00:00+00:00,0.0026237898908756385,0.003217938959917563,-2.2888744870875936e-05,-0.0003015529321257551,-0.0002697073920453462,0.6031058642515102,0.9829118367970281,0.06050674173384136
2024-06-01 00:00:00+00:00,-0.007856521822910745,-0.007866260827040865,9.739004130119933e-06,0.0,0.0,0.0,0.9801290829184702,0.053057326953878554
2024-06-02 00:00:00+00:00,-0.0005124827277734889,-0.0005454592621665513,3.2976534393020656e-05,0.0,0.0,0.0,0.9842750927898483,0.05253879291561952
2024-06-03 00:00:00+00:00,-0.0031926769395163035,-0.0028016132792968544,-2.6055739275104717e-06,-0.00021077342456165036,-0.0001776846617302483,0.4215468491233007,0.9949864208587714,0.06959603258001626
2024-06-04 00:00:00+00:00,-0.0003761286028640676,-0.0003647819772821751,-1.1346625581864227e-05,0.0,0.0,0.0,1.0017538360753557,0.0692573002543171
2024-06-05 00:00:00+00:00,0.02519294642290415,0.025195632579941056,-2.6861570369567663e-06,0.0,0.0,0.0,1.0210603075893394,0.092131859825823
2024-06-06 00:00:00+00:00,-0.0006596762057026195,-8.282006985954709e-05,1.3917893032198385e-06,-0.00030525621638791877,-0.000272991708758321,0.6105124327758374,1.045157207300485,0.09257445414526044
2024-06-07 00:00:00+00:00,0.0030012531010230603,0.0029746146249438775,2.663847607910387e-05,0.0,0.0,0.0,1.0267026102291748,0.09526315991609285
2024-06-08 00:00:00+00:00,-0.00609992825712391,-0.006159506824710235,5.9578567586324624e-05,0.0,0.0,0.0,0.9850895907826965,0.08965051479987594
2024-06-09 00:00:00+00:00,0.006432481778716248,0.007206571499591292,-2.1829210523979343e-05,-0.000390207069579647,-0.0003620534407713157,0.780414139159294,0.9881601479461296,0.07656537472104381
2024-06-10 00:00:00+00:00,-0.006405868133041337,-0.006393949236333582,-1.1918896707807076e-05,0.0,0.0,0.0,1.001186208975048,0.07062383244238593
2024-06-11 00:00:00+00:00,6.445696119516953e-05,5.14743645440758e-05,1.2982596651100695e-05,0.0,0.0,0.0,0.9857691522032498,0.07067075158503744
2024-06-12 00:00:00+00:00,-0.012960088232194966,-0.012452619632513139,7.246891974929814e-05,-0.000303959965056209,-0.0002759775543749654,0.6079199301124181,0.9354587422335521,0.029634275649630927
2024-06-13 00:00:00+00:00,0.004927286227358607,0.00488134495403284,4.5941273325735966e-05,0.0,0.0,0.0,0.9711519128196039,0.03434638612833363
2024-06-14 00:00:00+00:00,0.004812815360221379,0.004781471756530947,3.134360369050545e-05,0.0,0.0,0.0,0.9317899099436399,0.03894044471440905
2024-06-15 00:00:00+00:00,0.01130534730010635,0.01191339140393942,4.977565356987283e-06,-0.00032277151768345596,-0.00029025015150653923,0.6455430353669119,0.9793335764069983,-0.03231589069209048
2024-06-16 00:00:00+00:00,0.013479639051063197,0.013476863990843269,2.775060219862249e-06,0.0,0.0,0.0,1.0003292316863552,-0.018588460957032035
2024-06-17 00:00:00+00:00,0.0045658975896329945,0.004573268091262033,-7.370501628940647e-06,0.0,0.0,0.0,1.010417439784355,-0.013951491783065581
2024-06-18 00:00:00+00:00,-0.002852521677166542,-0.002327070207962403,6.617069943192816e-05,-0.00031225378249712934,-0.00027936838613889137,0.6245075649942587,0.9738980167886759,-0.06834262857589303
2024-06-19 00:00:00+00:00,0.022860340412839575,0.022946356875111096,-8.601646227162603e-05,0.0,0.0,0.0,0.9071664240784212,-0.04438169113337503
2024-06-20 00:00:00+00:00,-0.005248528032002375,-0.005213142826029105,-3.53852059732415e-05,0.0,0.0,0.0,0.9178367104049356,-0.04985650723520643
2024-06-21 00:00:00+00:00,0.01104146859543964,0.011744286073998723,-4.784039485771491e-05,-0.0003417060553629791,-0.0003132710283383265,0.6834121107259583,0.9845574935097089,-0.20686517115797945
2024-06-22 00:00:00+00:00,-0.004894896660119552,-0.004916403336739735,2.1506676620169663e-05,0.0,0.0,0.0,0.9756703978137091,-0.2128233226660326
2024-06-23 00:00:00+00:00,-0.008645080560644947,-0.008669003295723317,2.3922735078370493e-05,0.0,0.0,0.0,0.9897513683205383,-0.22342384308438978
2024-06-24 00:00:00+00:00,0.0015378603728881668,0.0018362364196694513,6.38639157254043e-05,-0.00019944885003064347,-0.00016279111247599295,0.39889770006128694,0.9695968745086605,-0.2104201558981207
2024-06-25 00:00:00+00:00,-0.00037673553672279425,-0.00047844513352920416,0.00010170959680636011,0.0,0.0,0.0,0.9601270671717701,-0.21097808397335208
2024-06-26 00:00:00+00:00,5.323017236746885e-05,2.1372752589674954e-05,3.1857419777867255e-05,0.0,0.0,0.0,0.9819923192882167,-0.21094548255636592
2024-06-27 00:00:00+00:00,-0.004425429961858018,-0.0043200812220757796,0.0001311908470022582,-0.00011826979339226759,-0.00011826979339226759,0.23653958678453518,0.9634723454456819,-0.21105248914980165
2024-06-28 00:00:00+00:00,-0.012984485315520877,-0.013016363184669972,3.187786914911574e-05,0.0,0.0,0.0,1.002760158346548,-0.22701654533373786
2024-06-29 00:00:00+00:00,-0.0022446196713910016,-0.0023119388488369954,6.731917744603471e-05,0.0,0.0,0.0,0.9814861035508441,-0.2298443974384238
2024-06-30 00:00:00+00:00,-0.005288466395571678,-0.005019941108840405,0.00011371285398255897,-0.0002091844370472778,-0.00017305370366660241,0.41836887409455553,0.9618957004108207,-0.22188856220399522
2024-07-01 00:00:00+00:00,0.0023470991054446166,0.0022771210571406876,6.997804830394048e-05,0.0,0.0,0.0,0.9874176914790413,-0.21909719830869834
2024-07-02 00:00:00+00:00,-0.007095084304949539,-0.007212359657835495,0.00011727535288595446,0.0,0.0,0.0,0.9873984777264917,-0.227926717240707
2024-07-03 00:00:00+00:00,-0.013293307996337433,-0.012856923505077214,6.866195132943091e-05,-0.0002836418630380418,-0.00022140457955158722,0.5672837260760836,1.006166327667003,-0.23323275083723033
2024-07-04 00:00:00+00:00,0.006894037892128502,0.00683884504171458,5.519285041388408e-05,0.0,0.0,0.0,0.9512825690167227,-0.22484382395337046
2024-07-05 00:00:00+00:00,0.021126592969145763,0.02110454822725121,2.2044741894441837e-05,0.0,0.0,0.0,0.852716176300069,-0.1995240131135
2024-07-06 00:00:00+00:00,0.004734942888950711,0.005597304627697471,4.8905761990634e-05,-0.0004842134401821154,-0.0004270540605553092,0.9684268803642306,0.9868014132885997,-0.15781028948861153
2024-07-07 00:00:00+00:00,-0.003723228281877433,-0.003714429520521552,-8.798761355908202e-06,0.0,0.0,0.0,1.0499952878501628,-0.16212835990402177
2024-07-08 00:00:00+00:00,0.0035732456581554217,0.003441689960031517,0.00013155569812387297,0.0,0.0,0.0,0.9845985532184675,-0.15812166240035744
2024-07-09 00:00:00+00:00,0.008116384741432947,0.008430371819381919,4.2717476779709495e-05,-0.0001951627398265021,-0.00016154181490221414,0.3903254796530042,1.0357555671780867,-0.14585902935846706
2024-07-10 00:00:00+00:00,-0.009021006036434631,-0.009029018668267634,8.012631833045802e-06,0.0,0.0,0.0,1.0563846572364235,-0.15629801334863538
2024-07-11 00:00:00+00:00,-0.00036102089285949823,-0.0004068375740120634,4.581668115255522e-05,0.0,0.0,0.0,1.0718754274061786,-0.1567614450795161
2024-07-12 00:00:00+00:00,-0.010664836487818352,-0.010248895991363997,-1.0869610071326183e-06,-0.00022101142751651775,-0.00019384210793066251,0.4420228550330355,1.0298253133199926,-0.13279708686209174
2024-07-13 00:00:00+00:00,-0.004555401163369721,-0.004551053388390836,-4.347774978867635e-06,0.0,0.0,0.0,1.074137325005637,-0.13797667937623126
2024-07-14 00:00:00+00:00,-0.014350051125604169,-0.014413976693692198,6.392556808800307e-05,0.0,0.0,0.0,1.1278893262604164,-0.15460930753758223
2024-07-15 00:00:00+00:00,-0.003408928138208811,-0.002589209577824812,5.4002487650069924e-05,-0.0004542054471791497,-0.0004195156008548877,0.9084108943582992,1.0414628848521248,-0.04599586531689681
2024-07-16 00:00:00+00:00,-0.0040138104846261236,-0.004116738735051233,0.00010292825042509121,0.0,0.0,0.0,1.099279719209703,-0.05031455714896151
2024-07-17 00:00:00+00:00,-0.002507976441584847,-0.002681032815196163,0.0001730563736112994,0.0,0.0,0.0,1.0933900691313132,-0.05312883583279549
2024-07-18 00:00:00+00:00,0.0014383255449135213,0.002221528304878253,0.00013178350361723958,-0.00045749313179100536,-0.00045749313179100536,0.9149862635820107,0.9744074883341969,0.10481346849513153
2024-07-19 00:00:00+00:00,0.0019391134492021678,0.0019454591214068627,-6.345672204646986e-06,0.0,0.0,0.0,0.9540168436762944,0.1065523105980147
2024-07-20 00:00:00+00:00,-0.004912844039992037,-0.0049713352624961545,5.8491222504129955e-05,0.0,0.0,0.0,0.9896003061725204,0.1020824906914998
2024-07-21 00:00:00+00:00,-0.0006519200891054178,-0.0003513843615883923,0.0001000262168608346,-0.00020028097218893182,-0.00020028097218893182,0.4005619443778636,1.000477874174603,0.09947443922999621
2024-07-22 00:00:00+00:00,-0.011704073195412112,-0.011789232201329153,8.515900591703508e-05,0.0,0.0,0.0,1.0396270011199868,0.08872363494624123
2024-07-23 00:00:00+00:00,0.0066720592613593865,0.006634524279866062,3.753498149325126e-05,0.0,0.0,0.0,0.9947094350743109,0.09472614080108259
2024-07-24 00:00:00+00:00,-0.001846185361672914,-0.0015398381115054119,7.664113279370351e-05,-0.00020510680179238835,-0.00017788158116885822,0.41021360358477676,0.9733841945191957,0.10391259034861593
2024-07-25 00:00:00+00:00,0.008598184018697053,0.008509293209046153,8.88908096508767e-05,0.0,0.0,0.0,0.9459062424582801,0.11146349987437426
2024-07-26 00:00:00+00:00,0.003483322671809397,0.003486782892308908,-3.460220499612075e-06,0.0,0.0,0.0,0.9249363763222707,0.11455126375256951
2024-07-27 00:00:00+00:00,-0.0032134149968036096,-0.0030410670152031844,3.553273736575645e-07,-8.635165448704384e-05,-8.635165448704384e-05,0.17270330897408767,0.9689830770248447,0.10212199574588966
2024-07-28 00:00:00+00:00,0.005738279055375273,0.005757572444359747,-1.9293388984424776e-05,0.0,0.0,0.0,0.9626804839366411,0.10726405709800951
2024-07-29 00:00:00+00:00,0.014226963550696636,0.014297251660662405,-7.028810996581105e-05,0.0,0.0,0.0,0.9499717369855921,0.11985612010658772
2024-07-30 00:00:00+00:00,0.0018371842088111823,0.002031833645281474,-2.0050878230388745e-05,-8.729927911990559e-05,-8.729927911990559e-05,0.17459855823981119,0.9540073989952498,0.11931741827637454
2024-07-31 00:00:00+00:00,0.010208132481848375,0.010287537080753936,-7.940459890562338e-05,0.0,0.0,0.0,0.9373353510801292,0.12829529993855768
2024-08-01 00:00:00+00:00,-0.0022540605929830537,-0.0022155180000308647,-3.8542592952236246e-05,0.0,0.0,0.0,0.9171628674155639,0.1263646154385343
2024-08-02 00:00:00+00:00,-0.003714624851468895,-0.003488551586014009,-2.760161457384256e-05,-9.923582544050167e-05,-9.923582544050167e-05,0.1984716508810033,0.9452628217301483,0.09213864635077668
2024-08-03 00:00:00+00:00,-0.004816351889458725,-0.004780884607900313,-3.546728155841065e-05,0.0,0.0,0.0,0.8893698183964152,0.08778054373053043
2024-08-04 00:00:00+00:00,-0.004748135788913976,-0.004778268367172503,3.0132578258564796e-05,0.0,0.0,0.0,0.8748146033157352,0.08339826163415631
2024-08-05 00:00:00+00:00,0.0034215762832463525,0.00435188228205283,4.3895531680934636e-05,-0.0005061470689255334,-0.00046805446156191757,1.0122941378510666,0.9132834802802435,-0.022910267983684063
2024-08-06 00:00:00+00:00,0.015828035073453428,0.015842043509391026,-1.4008435937543048e-05,0.0,0.0,0.0,0.8240589512472164,-0.00695809155708307
2024-08-07 00:00:00+00:00,0.00011516136064848581,5.8234809961295894e-05,5.6926550687197e-05,0.0,0.0,0.0,0.8645279589666118,-0.006899062241726975
2024-08-08 00:00:00+00:00,-0.01653156972388614,-0.01599030989625501,1.0622260747748813e-05,-0.000290547475797392,-0.0002613346125814979,0.581094951594784,0.9438203008299773,-0.04008406663338491
2024-08-09 00:00:00+00:00,0.004100867134715136,0.004085760373554236,1.5106761160967628e-05,0.0,0.0,0.0,1.0212824243821925,-0.03585128490383107
2024-08-10 00:00:00+00:00,0.003964117645769427,0.003944668098748015,1.9449547021454886e-05,0.0,0.0,0.0,0.99092062602885,-0.031780634630550086
2024-08-11 00:00:00+00:00,0.002297009005529649,0.0025636941181143877,-6.036535182922739e-05,-0.00010315988037776971,-0.00010315988037776971,0.20631976075553943,0.9841489810960663,-0.024518739623401956
2024-08-12 00:00:00+00:00,0.0030814644475454234,0.0031948126631836478,-0.0001133482156381277,0.0,0.0,0.0,0.9363002508701083,-0.021258419895100664
2024-08-13 00:00:00+00:00,0.021285889826942128,0.021350179291227307,-6.428946428526789e-05,0.0,0.0,0.0,0.9728190395542352,8.984692439249238e-05
2024-08-14 00:00:00+00:00,0.0009596451152675822,0.0013472249193577993,-1.096002205940333e-05,-0.0002022888039762174,-0.00017433097805468536,0.4045776079524348,0.9752286282476459,-0.01748568299381467
2024-08-15 00:00:00+00:00,0.01309886593872478,0.01307262398587228,2.6241952852449793e-05,0.0,0.0,0.0,0.9612779015255644,-0.004356000343414836
2024-08-16 00:00:00+00:00,0.00410491042257366,0.004145418982172373,-4.0508559598615675e-05,0.0,0.0,0.0,0.9451483971551524,-0.00020972047746910347
2024-08-17 00:00:00+00:00,0.006114434425474435,0.006664488634058903,-1.6163878139659723e-05,-0.00029673100820529745,-0.00023715932223955313,0.5934620164105948,0.9545944309463469,0.008690936943618732
2024-08-18 00:00:00+00:00,-0.01023852772673961,-0.010178473893429778,-6.005383330985135e-05,0.0,0.0,0.0,0.9670405329649149,-0.0015029246858782798
2024-08-19 00:00:00+00:00,-0.006094318730126558,-0.006052807910538028,-4.151081958856986e-05,0.0,0.0,0.0,0.9659497955410171,-0.00760206198515992
2024-08-20 00:00:00+00:00,-0.0007972709824628499,-0.00037912217523126767,-6.363354578514056e-05,-0.00019249646388834542,-0.0001620187975580637,0.3849929277766908,1.0110240316364225,0.013405460251139397
2024-08-21 00:00:00+00:00,0.012279226463376647,0.012208476750714698,7.074971266190873e-05,0.0,0.0,0.0,1.0189916864807214,0.025303232875125134
2024-08-22 00:00:00+00:00,-0.0034759469764197304,-0.0035307104837369865,5.476350731722179e-05,0.0,0.0,0.0,1.0570846131336653,0.02184846650246637
2024-08-23 00:00:00+00:00,-0.011598248032190117,-0.011017989041285597,1.4226378636747905e-05,-0.0002972426847706074,-0.0002972426847706074,0.5944853695412148,1.0523519506951187,0.06020166467267481
2024-08-24 00:00:00+00:00,-0.0027049474733978895,-0.002857760278277264,0.0001528128048794215,0.0,0.0,0.0,1.1007565385810443,0.05749943735218497
2024-08-25 00:00:00+00:00,-0.007139348881333607,-0.007237641845793288,9.829296445962898e-05,0.0,0.0,0.0,1.1093092228187251,0.05062321228035577
2024-08-26 00:00:00+00:00,0.007933050605305025,0.007935481047756248,3.510473381922432e-05,-2.2387539362237606e-05,-1.5147636908252471e-05,0.04477507872447522,1.0420531580809886,0.10252047196044506
2024-08-27 00:00:00+00:00,-0.0030729880580930846,-0.0031504003805312587,7.741232243818692e-05,0.0,0.0,0.0,1.0021648267358096,0.0996763758927064
2024-08-28 00:00:00+00:00,-0.002267150946638763,-0.0022950946661987213,2.794371955998479e-05,0.0,0.0,0.0,0.9551405688221666,0.09760256096499348
2024-08-29 00:00:00+00:00,0.007692509469033881,0.008220722895905383,2.008520350646173e-05,-0.00028975379097918717,-0.00025854483939885325,0.5795075819583744,0.9579257847815575,0.10142435062875287
2024-08-30 00:00:00+00:00,0.0014371129210657418,0.0014542404637848151,-1.712754271914548e-05,0.0,0.0,0.0,0.9510120858140146,0.10273095510955649
2024-08-31 00:00:00+00:00,0.005760140519437851,0.005750344221367334,9.79629807062335e-06,0.0,0.0,0.0,0.9567731026415932,0.10786001051393522
2024-09-01 00:00:00+00:00,-0.003988515486547217,-0.003734304680059535,0.00013819753710223208,-0.00019620417179498227,-0.00019620417179498227,0.39240834358996457,0.957767086610732,0.10155700202277784
2024-09-02 00:00:00+00:00,-0.002383247329601379,-0.002480189791988848,9.694246238750683e-05,0.0,0.0,0.0,0.9211109083417953,0.09931350086652214
2024-09-03 00:00:00+00:00,0.008152955394463923,0.008136705715752994,1.624967871099861e-05,0.0,0.0,0.0,0.9496591865981424,0.10658125436951418
2024-09-04 00:00:00+00:00,-0.01040194897841673,-0.010083398124362817,3.7366971772221436e-05,-0.00019398379970626502,-0.0001619340261198928,0.38796759941253,0.9274811315323311,0.0881800538294603
2024-09-05 00:00:00+00:00,0.020892933603528174,0.02089365543980145,-7.21836273300518e-07,0.0,0.0,0.0,0.9394016359254064,0.10684147737633529
2024-09-06 00:00:00+00:00,-0.003922914621149465,-0.003906445079445337,-1.646954170413524e-05,0.0,0.0,0.0,0.9230840780357346,0.10334042797274046
2024-09-07 00:00:00+00:00,0.0043087255073224195,0.004930368983707464,-4.0536938434521395e-05,-0.0003266049937420952,-0.00025450154420849795,0.6532099874841905,0.9832793538865645,-0.0056047097834053495
2024-09-08 00:00:00+00:00,-0.005912679272302213,-0.005917950083205656,5.270810903461276e-06,0.0,0.0,0.0,0.9987781969643627,-0.011591194884345159
2024-09-09 00:00:00+00:00,-0.0020915501099029177,-0.002140686040429208,4.913593052632709e-05,0.0,0.0,0.0,1.0136051016041352,-0.013760662038974221
2024-09-10 00:00:00+00:00,0.006230150562558601,0.00647759917714296,-3.888322288239264e-05,-0.00010428269585096528,-0.00010428269585096528,0.20856539170193053,1.0355912341805353,0.0008352300108788746
2024-09-11 00:00:00+00:00,0.003085540826272437,0.0030947460200183513,-9.20519374587664e-06,0.0,0.0,0.0,1.0431498342574268,0.003917887229896269
2024-09-12 00:00:00+00:00,0.009639977303190772,0.009591651348052831,4.8325955137945924e-05,0.0,0.0,0.0,1.023218562184148,0.01338055037601953
2024-09-13 00:00:00+00:00,-0.015200238755763151,-0.014727650427245147,8.519198065793798e-05,-0.0003115304591150236,-0.0002462498500609042,0.6230609182300472,1.0439028307913207,0.07194091150211557
2024-09-14 00:00:00+00:00,-0.006767285646850585,-0.007105403147635584,0.0003381175007849858,0.0,0.0,0.0,1.0707935331917373,0.06527725820700991
2024-09-15 00:00:00+00:00,-0.01325255132060732,-0.01355686745755478,0.00030431613694750965,0.0,0.0,0.0,1.0781714305774337,0.052415023538875165
2024-09-16 00:00:00+00:00,0.015787230037601185,0.01620875231985548,2.939629577449572e-05,-0.00023005214299393677,-0.00022086643503486925,0.46010428598787356,0.981893473908155,0.16216149109551448
2024-09-17 00:00:00+00:00,-0.001014756022129637,-0.0009826650435836174,-3.2090978545978865e-05,0.0,0.0,0.0,0.9647059553919839,0.1613425493755355
2024-09-18 00:00:00+00:00,0.006152927424292409,0.006120240348321676,3.268707597079204e-05,0.0,0.0,0.0,0.9720985228236025,0.16643870445475378
2024-09-19 00:00:00+00:00,0.0044436080263126065,0.00478347460651837,6.030747875705289e-05,-0.00020008702948138082,-0.00020008702948138082,0.4001740589627616,0.9885605693531153,0.15849263920408513
2024-09-20 00:00:00+00:00,-0.0023265623456631968,-0.0024368655589253538,0.0001103032132621767,0.0,0.0,0.0,1.0145783551509722,0.1564196938149098
2024-09-21 00:00:00+00:00,0.006452568173483941,0.006416364065904761,3.6204107579176274e-05,0.0,0.0,0.0,1.0308112182556504,0.16179208343253584
2024-09-22 00:00:00+00:00,-0.0036159981049839196,-0.0033295140408153667,4.0516919635350425e-05,-0.0001759837054951433,-0.0001510172783087697,0.35196741099028656,1.0384186528620754,0.162821342603643
2024-09-23 00:00:00+00:00,0.01833857324407351,0.018274997177886634,6.357606618681924e-05,0.0,0.0,0.0,1.0133081468859888,0.17783509781488452
2024-09-24 00:00:00+00:00,0.001020450922306182,0.0009834857299457374,3.6965192360447425e-05,0.0,0.0,0.0,1.0340336557089562,0.17863629397388708
2024-09-25 00:00:00+00:00,-0.019683534364119293,-0.01964065580472375,0.00015862817764766132,-0.00010075336852159043,-0.00010075336852159043,0.2015067370431809,1.049501377720432,0.12929783888744922
2024-09-26 00:00:00+00:00,-0.005504164952163437,-0.0056884087543024745,0.00018424380213907034,0.0,0.0,0.0,1.0426420366967803,0.12429356240310549
2024-09-27 00:00:00+00:00,-0.01438572876148192,-0.014399346230505275,1.3617469023387477e-05,0.0,0.0,0.0,1.0871726089420688,0.11149819902111119
2024-09-28 00:00:00+00:00,0.0051607036077094826,0.005726317453336244,2.7650968128766107e-05,-0.0003137879050181136,-0.00027947690873745076,0.6275758100362273,1.0580990158107342,0.08495074811550635
2024-09-29 00:00:00+00:00,-0.005140915913639854,-0.005173039968244051,3.212405460414466e-05,0.0,0.0,0.0,1.0570293530562307,0.08018995797834731
2024-09-30 00:00:00+00:00,-0.005655554182841804,-0.005683841331388877,2.828714854704247e-05,0.0,0.0,0.0,1.0599192344119561,0.07492988668099664
2024-10-01 00:00:00+00:00,0.00031549248233830873,0.0007733325519071015,1.7065383043460686e-06,-0.00022977330393659032,-0.00022977330393659032,0.45954660787318063,0.9588045207141245,0.1611612831395814
2024-10-02 00:00:00+00:00,0.00366701692635929,0.003736938548484934,-6.992162212562936e-05,0.0,0.0,0.0,0.9092327444188452,0.1642957464050703
2024-10-03 00:00:00+00:00,-0.007766257374062224,-0.0077568686583503734,-9.388715711890844e-06,0.0,0.0,0.0,0.8933495191675488,0.15776411446403835
2024-10-04 00:00:00+00:00,0.002691897916772712,0.003097168063131503,1.1913068788939012e-05,-0.0002085916075738515,-0.0002085916075738515,0.41718321514770296,0.9726597514267727,0.09629726010557942
2024-10-05 00:00:00+00:00,0.001997697849884128,0.001864848422427565,0.00013284942745662008,0.0,0.0,0.0,0.9910756380083586,0.0979664012588521
2024-10-06 00:00:00+00:00,0.0024397327496992194,0.0022274315225840145,0.00021230122711530624,0.0,0.0,0.0,0.9847941457070198,0.09994998153814558
2024-10-07 00:00:00+00:00,0.0022065217609859022,0.002031114997600348,0.00017540676338549186,0.0,0.0,0.0,0.997661049203325,0.10175656845313097
2024-10-08 00:00:00+00:00,0.0030624040931335195,0.002983897072958765,7.850702017464914e-05,0.0,0.0,0.0,0.9896104799560879,0.10442068718624264
2024-10-09 00:00:00+00:00,0.006161743852986401,0.006102059813475645,5.968403951084599e-05,0.0,0.0,0.0,0.9832797670372748,0.10984590467183132
2024-10-10 00:00:00+00:00,0.005060714197066218,0.005099992633449083,0.00011256880111176545,-8.870350311889624e-05,-6.314373437563645e-05,0.1774070062377925,0.9706905256162971,0.10739385972529714
2024-10-11 00:00:00+00:00,0.0076092849795770245,0.007546343044445194,6.294193513180955e-05,0.0,0.0,0.0,0.9773223534972365,0.11407219493027197
2024-10-12 00:00:00+00:00,-0.0056094362591503355,-0.005647243388226032,3.7807129075691154e-05,0.0,0.0,0.0,0.9982191838191349,0.10903658531729907
2024-10-13 00:00:00+00:00,0.012066333996766154,0.01202033281094573,4.60011858203674e-05,0.0,0.0,0.0,1.0031876455462474,0.11961362023591601
2024-10-14 00:00:00+00:00,-0.0019989635544491735,-0.0019952851195117927,-3.678434937404849e-06,0.0,0.0,0.0,0.9905103156370763,0.11785392080885004
2024-10-15 00:00:00+00:00,-0.0029698772508049975,-0.0030049541726771714,3.5076921872129965e-05,0.0,0.0,0.0,1.0361367942562896,0.11519106997438575
2024-10-16 00:00:00+00:00,-0.010640390203948358,-0.010411516653810007,5.6365830957141556e-05,-0.0001426196905477643,-0.0001426196905477643,0.2852393810955286,0.9861839489057237,0.016075941322037584
2024-10-17 00:00:00+00:00,0.006962988878154164,0.006905061307847894,5.7927570306270995e-05,0.0,0.0,0.0,0.9741354068947399,0.022822092652569254
2024-10-18 00:00:00+00:00,0.005485407824704858,0.005433625377677157,5.178244702771566e-05,0.0,0.0,0.0,0.9533061747743217,0.028101569461237066
2024-10-19 00:00:00+00:00,-0.006372669182356683,-0.0062804949532863155,9.87802887400187e-05,-9.547725890521963e-05,-9.547725890521963e-05,0.19095451781043926,0.9941341965807715,0.03809221927196208
2024-10-20 00:00:00+00:00,-0.0007763869394464828,-0.0008516298969398556,7.524295749332726e-05,0.0,0.0,0.0,0.9972642863507143,0.03726952494743126
2024-10-21 00:00:00+00:00,-0.014132027202685027,-0.014153684838914509,2.1657636229425656e-05,0.0,0.0,0.0,1.0338193913742646,0.023447196527672704
2024-10-22 00:00:00+00:00,-0.0013277714554669195,-0.000953792039524126,-6.426287551687516e-06,-0.00019968112789384582,-0.00016787200049726971,0.39936225578769163,1.004904412478373,0.039563080414166854
2024-10-23 00:00:00+00:00,-0.00026969936682563755,-0.0002835907945316431,1.3891427705963943e-05,0.0,0.0,0.0,0.9975319312325172,0.03929008613098706
2024-10-24 00:00:00+00:00,0.005281962668527873,0.005300978602194582,-1.9015933666649996e-05,0.0,0.0,0.0,0.9698400627999032,0.04435677390929591
2024-10-25 00:00:00+00:00,0.006218985011356315,0.006677539007124356,6.529432293713858e-05,-0.0002919863873743384,-0.00023186193133076433,0.5839727747486767,0.9855742978167421,0.030700999603477074
2024-10-26 00:00:00+00:00,0.002320032122429483,0.0022970110625036635,2.3021059925756027e-05,0.0,0.0,0.0,0.9314741182033766,0.032921631423555794
2024-10-27 00:00:00+00:00,-0.0022488431766432004,-0.002334376339484709,8.553316284156282e-05,0.0,0.0,0.0,0.946140236135344,0.030656196061405894
2024-10-28 00:00:00+00:00,-0.001842592239499008,-0.0017260192881476438,8.750020823003872e-05,-0.000102036579790695,-0.000102036579790695,0.20407315958139,0.9742449485450022,0.0414891254305487
2024-10-29 00:00:00+00:00,0.0053310983286090075,0.005275907972855668,5.519035575326822e-05,0.0,0.0,0.0,0.9853831827925391,0.04651704645479744
2024-10-30 00:00:00+00:00,-0.0030392474536263814,-0.003029207496056747,-1.0039957569683631e-05,0.0,0.0,0.0,1.0087267675953038,0.04362041218540116
2024-10-31 00:00:00+00:00,0.001066465790974247,0.0014465977119244619,-1.1296096517535968e-05,-0.00020010174055166632,-0.00016873408388091076,0.4002034811033326,1.0018312597260952,0.07905285575718962
2024-11-01 00:00:00+00:00,0.0012044111178690642,0.001270864889999165,-6.645377213003326e-05,0.0,0.0,0.0,0.9621683133535226,0.08022709424292826
2024-11-02 00:00:00+00:00,-0.008375873353710594,-0.00843864266839406,6.276931468347807e-05,0.0,0.0,0.0,0.9650527887984821,0.07239482143029898
2024-11-03 00:00:00+00:00,-0.004437130818421786,-0.004183467743763582,0.00031995395953852437,-0.00030174785886164293,-0.00027186917533507664,0.6034957177232858,0.9543330302868355,0.07144807772141762
2024-11-04 00:00:00+00:00,0.0062212941804120625,0.0052680728694706825,0.0009532213109413779,0.0,0.0,0.0,0.9343079853876768,0.0762418277515926
2024-11-05 00:00:00+00:00,-0.007591114776542507,-0.008316572788467098,0.0007254580119246462,0.0,0.0,0.0,0.9182509535259378,0.06844482750457326
2024-11-06 00:00:00+00:00,0.006320388350233408,0.006134110693459842,0.0003601856495100257,-8.695399636825127e-05,-8.695399636825127e-05,0.17390799273650256,0.9612843946471049,0.05125456900485747
2024-11-07 00:00:00+00:00,0.039392297544444954,0.03939407544233632,-1.7778978914307726e-06,0.0,0.0,0.0,1.0387594877195074,0.08721311930187498
2024-11-08 00:00:00+00:00,-0.010662309443584372,-0.011212494188614681,0.0005501847450303118,0.0,0.0,0.0,1.0871453386376768,0.07681970053169264
2024-11-09 00:00:00+00:00,-0.029884601988537596,-0.029490374301791508,0.00018968102893799388,-0.000314195565083261,-0.00026971315060082265,0.628391130166522,1.0483676367115426,-0.19621610038139112
2024-11-10 00:00:00+00:00,-0.02522713608608984,-0.02528723853628326,6.01024501934651e-05,0.0,0.0,0.0,1.125155119838468,-0.22723584859378798
2024-11-11 00:00:00+00:00,-0.06576586151724739,-0.0659060172886782,0.00014015577143076474,0.0,0.0,0.0,1.2763975022811895,-0.31377772852375596
2024-11-12 00:00:00+00:00,-0.01229400868218855,-0.011817036794179623,0.00014843398922818023,-0.0003127029386185441,-0.0003127029386185441,0.6254058772370882,1.1325250873786312,-0.12029555681881143
2024-11-13 00:00:00+00:00,-0.001993770072998835,-0.002547017153799815,0.0005532470808010007,0.0,0.0,0.0,1.1109549196669342,-0.12308798310968064
2024-11-14 00:00:00+00:00,0.006886077606726104,0.006817808830708635,6.826877601743256e-05,0.0,0.0,0.0,1.0781013939249178,-0.11547500443678398
2024-11-15 00:00:00+00:00,-0.018392733109851567,-0.018019405243013424,2.39477696495504e-05,-0.00021960299145094467,-0.0001776726450367878,0.4392059829018894,1.0280313880993046,-0.13827325390911838
2024-11-16 00:00:00+00:00,-0.013697897378040724,-0.013719729389323806,2.183201128308752e-05,0.0,0.0,0.0,1.1023053365624578,-0.1541038824660192
2024-11-17 00:00:00+00:00,-0.035494167490966566,-0.035574335628428655,8.016813746212252e-05,0.0,0.0,0.0,1.2377341855168338,-0.19665844591216788
2024-11-18 00:00:00+00:00,-0.0023873535163461135,-0.0011762612988071948,-8.566665983960886e-05,-0.0005676135150251388,-0.0005578120426741478,1.1352270300502776,0.9300488811431661,0.0983600146608047
2024-11-19 00:00:00+00:00,0.0008554814225552043,0.0009465142410298429,-9.103281847455163e-05,0.0,0.0,0.0,0.9653105137512716,0.09922164662643022
2024-11-20 00:00:00+00:00,0.010683615015723902,0.010796135283233536,-0.00011252026750953865,0.0,0.0,0.0,0.9434690813120075,0.1088548189315924
2024-11-21 00:00:00+00:00,0.006399810650516979,0.0070478119689023145,3.975187476648154e-05,-0.0003476456208148142,-0.0003401075723370206,0.6952912416296284,1.0171085402069329,-0.06476437079934406
2024-11-22 00:00:00+00:00,-0.0003035962230306666,-0.00042658232469234766,0.00012298610166167697,0.0,0.0,0.0,1.0818774079358948,-0.06521075086169958
2024-11-23 00:00:00+00:00,-6.532430582772975e-05,-0.00021558833125781692,0.00015026402543011976,0.0,0.0,0.0,1.1644716603738772,-0.06543061340235792
2024-11-24 00:00:00+00:00,0.006626925887935453,0.007262472776102365,0.00010868095105717858,-0.00037211391961208335,-0.00037211391961208335,0.7442278392241666,1.1091836168177063,-0.049284878214582606
2024-11-25 00:00:00+00:00,-0.0146925814953488,-0.014713578068502426,2.0996573153640644e-05,0.0,0.0,0.0,1.1394516548463722,-0.06495278030100694
2024-11-26 00:00:00+00:00,-0.004583457378302236,-0.004698101210167088,0.0001146438318648476,0.0,0.0,0.0,1.10152531703432,-0.06997159332687919
2024-11-27 00:00:00+00:00,-0.007510907054195215,-0.0066993913683173695,2.1652109569096043e-05,-0.00043502393284359413,-0.0003981438626033956,0.8700478656871883,1.0088014352724974,-0.07871412514803186
2024-11-28 00:00:00+00:00,0.0215074925670955,0.02138936080330629,0.00011813176378929281,0.0,0.0,0.0,1.0602902583000344,-0.056117810942987935
2024-11-29 00:00:00+00:00,-0.006126676215353566,-0.006176579205153015,4.9902989799421635e-05,0.0,0.0,0.0,1.059219993220591,-0.06267840041316813
2024-11-30 00:00:00+00:00,-0.021475652125218958,-0.0212136069665837,0.00015248820794751229,-0.00020726668329136463,-0.00020726668329136463,0.4145333665827292,1.1063225755208947,-0.07242042519419822
2024-12-01 00:00:00+00:00,-0.01603497752667904,-0.01618728610445683,0.00015230857777776338,0.0,0.0,0.0,1.1515951391739612,-0.09005168809347358
2024-12-02 00:00:00+00:00,-0.008566251849227213,-0.00868234856002632,0.00011609671079908587,0.0,0.0,0.0,1.1924485082973,-0.09958712504759827
2024-12-03 00:00:00+00:00,-0.06058599538848142,-0.060010963566600524,0.00016493311416240495,-0.0003699824680216231,-0.0003699824680216231,0.7399649360432461,1.2174301589935024,-0.10463119026768156
2024-12-04 00:00:00+00:00,-0.015264280959980336,-0.015414653485090923,0.00015037252511057602,0.0,0.0,0.0,1.2215637599519649,-0.12190666128146593
2024-12-05 00:00:00+00:00,-0.02487940871624883,-0.025173210613567972,0.00029380189731919443,0.0,0.0,0.0,1.284598252234967,-0.150832495190572
2024-12-06 00:00:00+00:00,-0.000784811429340726,0.0009393340914243735,-0.0003363832527858108,-0.0007127727231525386,-0.0006749895448267188,1.4255454463050774,0.9795162911227029,0.23578162343241185
2024-12-07 00:00:00+00:00,0.019374097971945448,0.019630616014957292,-0.00025651804301182686,0.0,0.0,0.0,1.023635036688551,0.25055790602833067
2024-12-08 00:00:00+00:00,0.006553764543465457,0.006692840663712415,-0.00013907612024693334,0.0,0.0,0.0,1.0063752060448647,0.25557576331625204
2024-12-09 00:00:00+00:00,0.000443101690505987,0.0012552105534913444,0.00015844099167115888,-0.0005047062571242944,-0.00046584359753223703,1.0094125142485886,1.0301143490058173,-0.025796593045672014
2024-12-10 00:00:00+00:00,0.0332485677823906,0.03322771088352746,2.0856898863234988e-05,0.0,0.0,0.0,0.8492786353915246,0.0071919943269843235
2024-12-11 00:00:00+00:00,0.0012138087489101945,0.0012075053456195967,6.303403290683072e-06,0.0,0.0,0.0,0.8478885570515273,0.008389316646661135
2024-12-12 00:00:00+00:00,-0.005506302094908433,-0.004883408450167262,-1.7659098217589963e-05,-0.0003174943002841429,-0.000287740246239487,0.6349886005682859,1.059988189624897,0.03423928464110358
2024-12-13 00:00:00+00:00,-0.02698390690299346,-0.02696163937437704,-2.226752861640089e-05,0.0,0.0,0.0,1.1258754892936356,0.007479470605221352
2024-12-14 00:00:00+00:00,-0.0014188173998742615,-0.0014012412514747094,-1.7576148399516893e-05,0.0,0.0,0.0,1.1314938751320693,0.006086865504434743
2024-12-15 00:00:00+00:00,0.0077355375805596704,0.008619460958257389,-7.851355388275001e-06,-0.00045468058960509685,-0.0004213914327044149,0.9093611792101937,0.9807764548650939,0.10144027908091759
2024-12-16 00:00:00+00:00,-0.0038077642360730968,-0.0037772920569627924,-3.0472179110260148e-05,0.0,0.0,0.0,1.0089868404149176,0.09803628608795807
2024-12-17 00:00:00+00:00,0.00233816683880983,0.002363700813071873,-2.553397426203115e-05,0.0,0.0,0.0,0.9843909254269166,0.10016578258979485
2024-12-18 00:00:00+00:00,0.0012664182346686648,0.001690076505245314,-3.4017822360483505e-05,-0.00019482022410809637,-0.00019482022410809637,0.38964044821619265,0.9891624259744263,0.09667424492473829
2024-12-19 00:00:00+00:00,0.001505702622016658,0.0014826366212040752,2.3066000812634007e-05,0.0,0.0,0.0,0.8949184925184542,0.09800930867289165
2024-12-20 00:00:00+00:00,0.000993862034276649,0.0009404566022519664,5.340543202468366e-05,0.0,0.0,0.0,0.8216869685418541,0.09885152050188631
2024-12-21 00:00:00+00:00,-0.00409889515416173,-0.0033369378608671192,-1.123046038299756e-05,-0.00039122390250225083,-0.0003595029304094158,0.7824478050045015,1.0216305943994262,-0.06297728591860206
2024-12-22 00:00:00+00:00,0.003487513098260564,0.0034238591742377636,6.365392402284569e-05,0.0,0.0,0.0,0.9743420635957443,-0.05934645520450287
2024-12-23 00:00:00+00:00,0.018184664134351047,0.018148482246149435,3.618188820156561e-05,0.0,0.0,0.0,0.9581419085310613,-0.04046218177267464
2024-12-24 00:00:00+00:00,0.00890873747146892,0.009329500075420267,1.8611441423727876e-06,-0.00021131187404681645,-0.00021131187404681645,0.4226237480936329,1.0453520908912162,-0.007275970525597009
2024-12-25 00:00:00+00:00,0.0021228117868623553,0.002131215935562017,-8.404148699750778e-06,0.0,0.0,0.0,1.0787465361884094,-0.005133856379200856
2024-12-26 00:00:00+00:00,-0.0005311232390344811,-0.0004915179026132987,-3.960533642121644e-05,0.0,0.0,0.0,1.0614392297351747,-0.0056283636365392
2024-12-27 00:00:00+00:00,0.002264191989393094,0.002477590002851749,9.563150385903112e-06,-0.00011148058192233066,-0.00011148058192233066,0.2229611638446613,0.9673962586233104,-0.020815552319937883
2024-12-28 00:00:00+00:00,-0.0033986510594187225,-0.003350205574114852,-4.844548530389034e-05,0.0,0.0,0.0,0.9525777629153358,-0.024248168959174792
2024-12-29 00:00:00+00:00,0.009240164352880331,0.009277508977905293,-3.7344625024915505e-05,0.0,0.0,0.0,0.9833100592266942,-0.014833595124376004
2024-12-30 00:00:00+00:00,-0.005254101608819339,-0.005042536783679078,1.6961719886574677e-05,-0.00011426327251344035,-0.00011426327251344035,0.22852654502688066,0.9827883429156241,0.01840146830434229
2024-12-31 00:00:00+00:00,-0.0023022314938057065,-0.002315054926255549,1.2823432449823497e-05,0.0,0.0,0.0,0.9748231594366767,0.01612353348466665
2025-01-01 00:00:00+00:00,-0.0022224816401161807,-0.002295597894704641,7.311625458841115e-05,0.0,0.0,0.0,0.9663842945749979,0.013858736377115403
2025-01-02 00:00:00+00:00,0.010144915893600226,0.010507695947126182,4.977187895537379e-05,-0.00020627596624070159,-0.00020627596624070159,0.4125519324814031,1.0181916424873654,0.017126778986716423
2025-01-03 00:00:00+00:00,0.005576164676887485,0.005557288660868958,1.8876016018542446e-05,0.0,0.0,0.0,1.044557144895823,0.022558278969225787
2025-01-04 00:00:00+00:00,-0.003236347252451921,-0.003254529357530734,1.8182105078856572e-05,0.0,0.0,0.0,1.1007812036321802,0.019366426091566514
2025-01-05 00:00:00+00:00,-0.0068957126043065475,-0.006279738660146276,2.5561386209202478e-05,-0.00033688369375099475,-0.0003046516366185061,0.6737673875019894,1.031427350759548,-0.015021982455934573
2025-01-06 00:00:00+00:00,-0.008166513998936864,-0.008167532491789387,1.0184928524747403e-06,0.0,0.0,0.0,1.0384943573430538,-0.023380451734111646
2025-01-07 00:00:00+00:00,-0.005821161059569424,-0.005829794602130242,8.633542560847593e-06,0.0,0.0,0.0,1.0557262062817727,-0.029381279496325782
2025-01-08 00:00:00+00:00,0.010197466640864405,0.010555896320789673,1.639770408238669e-05,-0.00020214768967015902,-0.0001726796943375067,0.40429537934031806,0.9449003916022981,-0.01402585736849148
2025-01-09 00:00:00+00:00,0.0077065798576039235,0.0077376026065668355,-3.1022748962846185e-05,0.0,0.0,0.0,0.9092694658748189,-0.006240164436371068
2025-01-10 00:00:00+00:00,-0.007071931409647458,-0.007080027724569448,8.096314922020992e-06,0.0,0.0,0.0,0.8821649735945628,-0.01341506256324388
2025-01-11 00:00:00+00:00,0.008702304996203392,0.008952587642590938,-1.7447054977474813e-05,-0.00011641779570499039,-0.00011641779570499039,0.2328355914099808,0.951729311631136,0.029967365866568597
2025-01-12 00:00:00+00:00,-0.0008347042647313119,-0.0008458829802853433,1.11787155540055e-05,0.0,0.0,0.0,0.969124121113577,0.02914581101903972
2025-01-13 00:00:00+00:00,-0.0006361844191566934,-0.0006598912844756063,2.3706865318871973e-05,0.0,0.0,0.0,0.9530110529862093,0.028504053569327576
2025-01-14 00:00:00+00:00,0.008024981152924937,0.008622118534608671,-0.00014185327505120943,-0.00023119225366194685,-0.00022409185297057974,0.4623845073238937,0.9688225487905239,-0.033391569529149366
2025-01-15 00:00:00+00:00,0.0018988835040452123,0.0019159089018635004,-1.702539781836627e-05,0.0,0.0,0.0,1.0031157937288921,-0.031416005293071904
2025-01-16 00:00:00+00:00,0.018407740256670024,0.018413889698947906,-6.149442277919544e-06,0.0,0.0,0.0,1.0717133342806422,-0.012767102094930004
2025-01-17 00:00:00+00:00,-0.010390782328794312,-0.009833269994777204,2.160726410512279e-05,-0.0003061196529869182,-0.00027299994513532174,0.6122393059738365,1.0712769437652085,0.0010601339073879562
2025-01-18 00:00:00+00:00,7.102922975343873e-06,-5.666202259651215e-05,6.376494557178604e-05,0.0,0.0,0.0,1.1283301403592498,0.001003464757258479
2025-01-19 00:00:00+00:00,0.006338529410297111,0.006333100918984851,5.4284913121928605e-06,0.0,0.0,0.0,1.073143277727759,0.007290355543221081
2025-01-20 00:00:00+00:00,-0.003947505691621056,-0.003535902621806754,7.590467854842352e-06,-0.00022415958731772097,-0.0001950339503514565,0.4483191746354419,0.9635502468801834,0.03319794467939334
2025-01-21 00:00:00+00:00,0.00957240331487541,0.009585859165269479,-1.3455850393957322e-05,0.0,0.0,0.0,0.9840834909183914,0.04237814316653723
2025-01-22 00:00:00+00:00,-0.00048565696820945803,-0.0004671051921815064,-1.85517760279141e-05,0.0,0.0,0.0,1.0166176380184095,0.041931402252046425
2025-01-23 00:00:00+00:00,-0.020513726355086637,-0.01988169517169145,8.735735540299987e-06,-0.00032038345946772037,-0.00032038345946772037,0.6407669189354407,0.9774696038655064,-0.021592554417251164
2025-01-24 00:00:00+00:00,0.00024331529689836096,0.00022011971116558832,2.3195585732770975e-05,0.0,0.0,0.0,0.9737822023601694,-0.021367235730779643
2025-01-25 00:00:00+00:00,0.0009648790067495749,0.0009510254042172684,1.3853602532227499e-05,0.0,0.0,0.0,0.9680389195352233,-0.02039653014281699
2025-01-26 00:00:00+00:00,-0.010646535373508459,-0.01031365225271524,8.371209124854758e-05,-0.0002118722540507246,-0.00020472295799106227,0.4237445081014492,0.9540482419089026,-0.053475712830201506
2025-01-27 00:00:00+00:00,-0.002279842409849575,-0.0023159571851459194,3.611477529633355e-05,0.0,0.0,0.0,0.928014939916586,-0.05591915688072757
2025-01-28 00:00:00+00:00,0.003353210225327974,0.0033719458747171233,-1.873564938923387e-05,0.0,0.0,0.0,0.9112234409004173,-0.05237159802798671
2025-01-29 00:00:00+00:00,-0.00436087853048428,-0.004030808750158929,6.793588401188101e-05,-0.00019900283216861577,-0.00019900283216861577,0.39800566433723145,0.8739356408205566,-0.03663576917122229
2025-01-30 00:00:00+00:00,-0.0016509227923614533,-0.0017038234814475495,5.2900689086102305e-05,0.0,0.0,0.0,0.8987377428322754,-0.03840299302915692
2025-01-31 00:00:00+00:00,8.635652654964687e-05,4.960667905820295e-05,3.6749847491545485e-05,0.0,0.0,0.0,0.9549796878827085,-0.03835007457086603
2025-02-01 00:00:00+00:00,-0.004498418446093111,-0.004068542064344546,-3.0412872046664805e-05,-0.000199731754850975,-0.000199731754850975,0.39946350970195,0.9603148986715903,-0.02874476919089913
2025-02-02 00:00:00+00:00,-0.006383436701951961,-0.00639063314603287,7.19644408092068e-06,0.0,0.0,0.0,0.9057011898538871,-0.03536112785832525
2025-02-03 00:00:00+00:00,0.0031015246314811673,0.003136401719541441,-3.487708806029113e-05,0.0,0.0,0.0,0.8141823337096883,-0.03212508938277448
2025-02-04 00:00:00+00:00,0.012593361051931762,0.013284873705490594,2.398982403635455e-06,-0.0003469558179812619,-0.0003469558179812619,0.6939116359625237,1.0360855358149839,-0.014000723172403615
2025-02-05 00:00:00+00:00,0.00501461575358908,0.005012141721472898,2.474032116138096e-06,0.0,0.0,0.0,0.9616360893749111,-0.008943732071190548
2025-02-06 00:00:00+00:00,-0.00018904527813012884,-0.00018025992559876216,-8.785352531381967e-06,0.0,0.0,0.0,0.9427278200890916,-0.00912571717052972
2025-02-07 00:00:00+00:00,-0.0031168741690658086,-0.00295378923787628,3.572466364289353e-05,-9.940479741621775e-05,-9.940479741621775e-05,0.19880959483243552,0.9115740259186395,-0.015624208250122725
2025-02-08 00:00:00+00:00,0.0005189373998752966,0.0005016012852626075,1.7336114612714208e-05,0.0,0.0,0.0,0.9155037626953868,-0.015114763348868058
2025-02-09 00:00:00+00:00,0.003974823482883139,0.003969081844973088,5.741637910106848e-06,0.0,0.0,0.0,0.9262278745998855,-0.01110155478324577
2025-02-10 00:00:00+00:00,0.002054575295937555,0.0023873208419181347,4.095475491139173e-05,-0.0002034164652655562,-0.00017028383562651175,0.40683293053111236,0.9666827429343519,-0.03362909043614879
2025-02-11 00:00:00+00:00,-0.0025818111543782774,-0.0026960831375062995,0.0001142719831280552,0.0,0.0,0.0,0.9905885859167725,-0.036419201073219526
2025-02-12 00:00:00+00:00,-0.004765787852579639,-0.0048180942675648515,5.2306414985196736e-05,0.0,0.0,0.0,1.001195029094641,-0.04143476463877391
2025-02-13 00:00:00+00:00,0.0024568218220140103,0.0028413303875803857,3.1741388092259345e-05,-0.0002081249768293648,-0.0002081249768293648,0.4162499536587296,1.0325257562743144,-0.01771629914970006
2025-02-14 00:00:00+00:00,0.009100185256224025,0.009048535353805173,5.164990241885148e-05,0.0,0.0,0.0,1.0152759469651311,-0.008589596873073424
2025-02-15 00:00:00+00:00,-0.012580337441108091,-0.01263636185325614,5.6024412148091606e-05,0.0,0.0,0.0,1.0527389879729252,-0.02149639057351017
2025-02-16 00:00:00+00:00,0.012120221362853956,0.012540572157576783,-3.254615452235207e-05,-0.00020938385690213616,-0.00017842078329830568,0.4187677138042723,1.0096276001269686,0.01286047750769029
2025-02-17 00:00:00+00:00,-0.0037844020333180906,-0.0037129198703562383,-7.148216296185522e-05,0.0,0.0,0.0,0.9925696220708619,0.009182307179294209
2025-02-18 00:00:00+00:00,-0.005030019218989823,-0.005026703526968619,-3.315692021195494e-06,0.0,0.0,0.0,1.0074019292535052,0.004176612091415977
2025-02-19 00:00:00+00:00,0.002184543493921609,0.0027924778744330327,-5.1666084046117535e-05,-0.00029327831596056615,-0.00026298998050468465,0.5865566319211324,0.9577791613335609,-0.033385739534179074
2025-02-20 00:00:00+00:00,-0.0026497948164077023,-0.0025877390080216106,-6.205580838610296e-05,0.0,0.0,0.0,0.9832693914258072,-0.03606905413488032
2025-02-21 00:00:00+00:00,7.511513559177452e-05,9.885187514156396e-05,-2.373673954980688e-05,0.0,0.0,0.0,1.0019306783549866,-0.0359675005560576
2025-02-22 00:00:00+00:00,-0.01377939721867516,-0.013410715252697667,-1.5833242230520346e-05,-0.00019099203418932215,-0.00016185668955763662,0.3819840683786443,0.979331424510786,-0.04349029244636713
2025-02-23 00:00:00+00:00,-0.005772297018689199,-0.005780660944850689,8.363926161543898e-06,0.0,0.0,0.0,1.0005424361932336,-0.04955701117910191
2025-02-24 00:00:00+00:00,0.007658549305083806,0.007631498797799447,2.7050507284416615e-05,0.0,0.0,0.0,0.9924294002979839,-0.041606864160698344
2025-02-25 00:00:00+00:00,0.0005867865658997218,0.0009814726487813198,-4.727834806888694e-05,-0.00020524228693518843,-0.00014216544787745654,0.41048457387037685,0.8613592282392046,-0.0326800101790392
2025-02-26 00:00:00+00:00,-0.006862047742699717,-0.0068078634066881145,-5.4184336011605484e-05,0.0,0.0,0.0,0.8827753214788795,-0.03976071350004826
2025-02-27 00:00:00+00:00,0.004186678783758113,0.004180280189745658,6.398594012451375e-06,0.0,0.0,0.0,0.8767262282409023,-0.03543209052862221
2025-02-28 00:00:00+00:00,-0.005804805497461096,-0.005603752997689564,2.3486079295405113e-05,-0.00012856975486068848,-9.596882420621161e-05,0.2571395097213769,0.949044677652395,-0.10461007008470567
2025-03-01 00:00:00+00:00,0.005530819345705096,0.005539373758121487,-8.554412416432876e-06,0.0,0.0,0.0,0.923356077441165,-0.09852576810231371
2025-03-02 00:00:00+00:00,0.006016383375899048,0.00600743553060135,8.94784529767165e-06,0.0,0.0,0.0,0.9178855505470324,-0.09196503566000301
2025-03-03 00:00:00+00:00,-0.014730890100226657,-0.014266450067860065,0.00012953629303829106,-0.00031269870100920016,-0.0002812776243956579,0.6253974020184003,1.1570199790102966,-0.014500750920803636
2025-03-04 00:00:00+00:00,0.008964552627448219,0.00891224329139922,5.2309336049003264e-05,0.0,0.0,0.0,0.9788584808687814,-0.005538854278726936
2025-03-05 00:00:00+00:00,0.023843705920144398,0.02390467545291867,-6.096953277433811e-05,0.0,0.0,0.0,0.968928038447189,0.01793811015098843
2025-03-06 00:00:00+00:00,-0.003037223207326245,-0.0026123283818470554,-5.5579783921724996e-05,-0.0001846575207787595,-0.0001846575207787595,0.369315041557519,1.0564349752321236,0.0373738959095641
2025-03-07 00:00:00+00:00,-0.019313772382097416,-0.01930434837192633,-9.424010171114756e-06,0.0,0.0,0.0,1.0594755340525583,0.01842541174614933
2025-03-08 00:00:00+00:00,0.01473890288788371,0.014732230946108033,6.671941775571336e-06,0.0,0.0,0.0,1.0119818729292893,0.03267603380326928
2025-03-09 00:00:00+00:00,0.00574074713738737,0.0067665164394976884,-7.641029039054254e-06,-0.00052475034655994,-0.0004933779265113595,1.0495006931198796,0.989555606685628,0.128979471022008
2025-03-10 00:00:00+00:00,-0.0099886097968368,-0.00995428179752785,-3.432799930897402e-05,0.0,0.0,0.0,0.9190568313517847,0.12022608063130903
2025-03-11 00:00:00+00:00,-0.002084965673820993,-0.0020231223798673603,-6.184329395362855e-05,0.0,0.0,0.0,0.8689523547226311,0.11844992227344878
2025-03-12 00:00:00+00:00,0.0007212889932428634,0.0010475735331083667,-5.4548569725328174e-05,-0.0001358679850700832,-0.0001358679850700832,0.2717359701401663,1.0538436843326833,0.23610202978696312
2025-03-13 00:00:00+00:00,0.002185443188158054,0.002245346881041065,-5.99036928829937e-05,0.0,0.0,0.0,1.0611018745827558,0.23782761792046422
2025-03-14 00:00:00+00:00,-0.0013555515462531087,-0.0013740217313963272,1.8470185143224964e-05,0.0,0.0,0.0,1.0466316388550712,0.23677455630498073
2025-03-15 00:00:00+00:00,-0.006097444034348198,-0.006067792199523649,0.0003528077335202983,-0.00019122978417242131,-0.00019122978417242131,0.3824595683448426,1.0931552918830985,0.23640104962087133
2025-03-16 00:00:00+00:00,0.004183076471262925,0.0039054832996983603,0.00027759317156457767,0.0,0.0,0.0,1.1153857503382887,0.23930549971526696
2025-03-17 00:00:00+00:00,-0.00719212563671856,-0.007622962381948243,0.0004308367452296815,0.0,0.0,0.0,1.0839388132472665,0.23336089823210143
2025-03-18 00:00:00+00:00,0.007600134904027334,0.007967617035691448,3.3441127134144216e-06,-0.00020418746716736224,-0.00016663877721021978,0.40837493433472444,1.0987638997702154,0.2593455353449651
2025-03-19 00:00:00+00:00,0.0042725246520953775,0.00425336417019879,1.9160481896589537e-05,0.0,0.0,0.0,1.0985975242709192,0.26247745810479184
2025-03-20 00:00:00+00:00,-0.0035605199739137117,-0.0037406632800697517,0.000180143306156033,0.0,0.0,0.0,1.1428501587219588,0.25966132415583165
2025-03-21 00:00:00+00:00,0.0053832817496390906,0.00539930232420854,4.899133879106001e-05,-3.250595668022932e-05,-3.250595668022932e-05,0.06501191336045864,1.0415397669687012,0.19897756084768253
2025-03-22 00:00:00+00:00,-0.008325846885335997,-0.00846833843602307,0.00014249155068707056,0.0,0.0,0.0,1.0417608411930481,0.19210868994952196
2025-03-23 00:00:00+00:00,-0.004814704055623675,-0.004955916579384408,0.0001412125237606906,0.0,0.0,0.0,1.0459563584227565,0.18805821803520512
2025-03-24 00:00:00+00:00,0.0016828186787070099,0.001953524903949727,0.00014326767159325598,-0.00020698694841802997,-0.00020698694841802997,0.41397389683605995,1.04683092176934,0.20948812534811512
2025-03-25 00:00:00+00:00,0.0014363501735099593,0.0013359217601795741,0.00010042841333031838,0.0,0.0,0.0,1.0771540887141318,0.21052166427927965
2025-03-26 00:00:00+00:00,-0.007755712143595717,-0.007823320429068603,6.760828547288327e-05,0.0,0.0,0.0,1.0911062454648028,0.20428270168035984
2025-03-27 00:00:00+00:00,0.0096078890781357,0.01024088794154495,3.5807571323903745e-05,-0.0003344032173665772,-0.0003344032173665772,0.6688064347331544,1.0412130422949717,0.2015024491474553
2025-03-28 00:00:00+00:00,0.008771246354843054,0.008622304758318124,0.00014894159652487313,0.0,0.0,0.0,1.0393930703046217,0.20829772325990747
2025-03-29 00:00:00+00:00,-0.011789872562514403,-0.011814467721119952,2.4595158605509772e-05,0.0,0.0,0.0,0.9910139536433896,0.19882740530932
2025-03-30 00:00:00+00:00,0.0025505558619649538,0.0029385681935204114,0.0001663658648205382,-0.00029622173341554183,-0.0002581564629603841,0.5924434668310837,0.9931841443820699,0.12381568347166694
2025-03-31 00:00:00+00:00,-0.004001763344468001,-0.0041194904191659745,0.00011772707469793858,0.0,0.0,0.0,0.9825977100739998,0.12017711341982834
2025-04-01 00:00:00+00:00,0.007673122966126877,0.007685323971043829,-1.2201004916920709e-05,0.0,0.0,0.0,0.9796224148547036,0.12688880399479546
2025-04-02 00:00:00+00:00,0.003394304487577049,0.0037352837713253116,4.886010721453268e-05,-0.00019491969548137884,-0.00019491969548137884,0.3898393909627576,1.01876241520102,0.12706974250422454
2025-04-03 00:00:00+00:00,-0.007770814239009383,-0.007725900925175299,-4.491331383406572e-05,0.0,0.0,0.0,0.9689423978662179,0.1202785034865895
2025-04-04 00:00:00+00:00,0.003711352326321915,0.0037707085357347086,-5.9356209412825675e-05,0.0,0.0,0.0,0.9829927744231921,0.12359052404340441
2025-04-05 00:00:00+00:00,-0.015428619830682,-0.014760735392803603,-4.363396430271072e-05,-0.0003121252367878591,-0.0003121252367878591,0.6242504735757183,0.9835805514797936,0.10724461974962739
2025-04-06 00:00:00+00:00,-0.0010280254765888674,-0.001059782550781556,3.175707419271185e-05,0.0,0.0,0.0,0.9759623395344766,0.10629411025219627
2025-04-07 00:00:00+00:00,-0.010311896549491273,-0.010262614543394102,-4.928200609715235e-05,0.0,0.0,0.0,0.8840131673590618,0.09703208048474306
2025-04-08 00:00:00+00:00,0.020945414748290148,0.021205235922684494,-3.6281553657209076e-05,-0.00011176981036861597,-0.00011176981036861597,0.22353962073723188,0.94093266984792,0.11029382185003496
2025-04-09 00:00:00+00:00,-0.002755185774462876,-0.0027643480046486055,9.162230185677727e-06,0.0,0.0,0.0,0.9020706730539592,0.10782655603869377
2025-04-10 00:00:00+00:00,0.0032604131312097273,0.0032742201852588985,-1.3807054049135232e-05,0.0,0.0,0.0,1.0001872061280193,0.11073971899001109
2025-04-11 00:00:00+00:00,0.004278837494716248,0.004994072637402733,-1.731406151618472e-05,-0.0003676424544269037,-0.0003302786267434615,0.7352849088538075,0.9601904317407723,-0.05276230749587464
2025-04-12 00:00:00+00:00,0.001177030118250988,0.0011407632632380086,3.6266855012984405e-05,0.0,0.0,0.0,0.9929136257375809,-0.05156085555272829
2025-04-13 00:00:00+00:00,0.004021193749177865,0.0039251453059985595,9.60484431792101e-05,0.0,0.0,0.0,1.0366057485324776,-0.04744492501084579
2025-04-14 00:00:00+00:00,-0.014867364004674699,-0.014339317804124887,2.4301310565255065e-05,-0.0002795482214485478,-0.0002727992896665136,0.5590964428970955,0.9540271882843288,0.14103626647789957
2025-04-15 00:00:00+00:00,-0.009861681491179941,-0.00994074486323746,7.906337205747905e-05,0.0,0.0,0.0,0.9587176278059562,0.13240122027808843
2025-04-16 00:00:00+00:00,0.006936511929983125,0.0070062940326772755,-6.978210269415384e-05,0.0,0.0,0.0,0.9287490617871664,0.13844717383776775
2025-04-17 00:00:00+00:00,0.012945605493910772,0.013100712217303637,2.098932741807584e-05,-9.190062658895493e-05,-8.419542422187633e-05,0.18380125317790985,0.9527379147446077,0.17666059654038704
2025-04-18 00:00:00+00:00,0.0028205604087745417,0.0026656025607233627,0.00015495784805111574,0.0,0.0,0.0,0.9595171680936404,0.1788218213515812
2025-04-19 00:00:00+00:00,-0.004210088249566146,-0.004270922416176686,6.083416661054684e-05,0.0,0.0,0.0,0.9640418824722279,0.17528888059186395
2025-04-20 00:00:00+00:00,-0.0036840953685245426,-0.0037375886802310312,0.000221552507749637,-8.402959802158394e-05,-8.402959802158394e-05,0.16805919604316788,0.9954374679148699,0.1619212983726208
2025-04-21 00:00:00+00:00,0.0025077347349182766,0.0025526738015280324,-4.4939066609800633e-05,0.0,0.0,0.0,0.9930189419335963,0.16406254682677188
2025-04-22 00:00:00+00:00,0.0014205936851119372,0.00139479356701228,2.580011809976359e-05,0.0,0.0,0.0,0.9923024241916375,0.165222626174403
2025-04-23 00:00:00+00:00,0.010312678199233316,0.010569543016710552,1.344037477081002e-06,-0.00013277730623081194,-0.00012543154872356082,0.2655546124616238,1.0433477397922073,0.11474908455823826
2025-04-24 00:00:00+00:00,-0.0023503529086876807,-0.002408180556702805,5.782764801516027e-05,0.0,0.0,0.0,1.0525294274836579,0.11260556682305224
2025-04-25 00:00:00+00:00,0.0016895436477191161,0.001697313508362639,-7.769860643563806e-06,0.0,0.0,0.0,1.0591941972429364,0.11411008635986464
2025-04-26 00:00:00+00:00,0.006201183208880634,0.006529473373247661,5.13402088680743e-05,-0.00020311410605888268,-0.0001765162671761719,0.40622821211776533,1.051998933560304,0.11223350526487277
2025-04-27 00:00:00+00:00,-0.009123294973314433,-0.009262516435197462,0.00013922146188307844,0.0,0.0,0.0,1.0576185074154894,0.10391907318772049
2025-04-28 00:00:00+00:00,0.000696546725253766,0.0005295442781966755,0.00016700244705698176,0.0,0.0,0.0,1.036166459914619,0.10437591476429292
2025-04-29 00:00:00+00:00,-0.002301174512705173,-0.0018838588755731166,5.965232216734435e-06,-0.0002116404346744009,-0.0002116404346744009,0.4232808693488018,1.0273727184243426,0.12284908512849146
2025-04-30 00:00:00+00:00,0.0028426672228252237,0.0028591893013835638,-1.6522078558425307e-05,0.0,0.0,0.0,1.0137867040963118,0.1253519405770795
2025-05-01 00:00:00+00:00,0.019258002858320022,0.0193115967982867,-5.359393996675414e-05,0.0,0.0,0.0,0.9936347127088297,0.14193024432448342
2025-05-02 00:00:00+00:00,-0.0016169766526257234,-0.0013418599626368766,0.00010448170792135575,-0.00020264824380768963,-0.00017695015410255626,0.40529648761537923,1.0125979825909346,0.1578240153110092
2025-05-03 00:00:00+00:00,0.018690085308086912,0.01866657226457203,2.3513043514838813e-05,0.0,0.0,0.0,1.0072968461821308,0.17325248387217232
2025-05-04 00:00:00+00:00,-0.003175136662637912,-0.003307416195497709,0.00013227953285983654,0.0,0.0,0.0,0.9936033979716138,0.17048638524895882
2025-05-05 00:00:00+00:00,-0.0045070315260948846,-0.004254675164774621,-9.486881459000097e-06,-0.00013438287525285435,-0.00010848660460838453,0.2687657505057088,0.9846857790551409,0.07042517234693962
2025-05-06 00:00:00+00:00,0.010463756434921034,0.010367685878271443,9.607055664967024e-05,0.0,0.0,0.0,0.9730132460779183,0.07995621585702532
2025-05-07 00:00:00+00:00,-0.010049251728857622,-0.010180797172070091,0.00013154544321242052,0.0,0.0,0.0,1.0037284717784136,0.07048372740443076
2025-05-08 00:00:00+00:00,0.024405219353410557,0.024414459637974152,0.0001660993306657486,-0.00010217588665164334,-7.316372857780927e-05,0.20435177330328666,0.9837269133601851,0.10331416824838077
2025-05-09 00:00:00+00:00,-0.0064693495010428315,-0.006471637117792399,2.2876167496222486e-06,0.0,0.0,0.0,1.1107054143467987,0.09747311880308251
2025-05-10 00:00:00+00:00,-0.020766833715078703,-0.020835039230168842,6.82055150901312e-05,0.0,0.0,0.0,1.1566929679033835,0.07826336179325688
2025-05-11 00:00:00+00:00,-0.009226465648716209,-0.008990490365343065,7.838290776250017e-06,-0.0001402881459508638,-0.00010352542819849463,0.28057629190172756,1.1569058170940927,0.03409594965018856
2025-05-12 00:00:00+00:00,0.004311623966088307,0.004181364416124409,0.0001302595499638358,0.0,0.0,0.0,1.112145641577529,0.038112985205879975
2025-05-13 00:00:00+00:00,-0.01933639833079248,-0.019392015152035154,5.561682124271851e-05,0.0,0.0,0.0,1.1328714296531908,0.019090103907169868
2025-05-14 00:00:00+00:00,-0.0007340766340269145,-0.0007294412157464991,6.540627319881301e-05,-3.5020845739588476e-05,-3.5020845739588476e-05,0.07004169147917695,1.0849497242126425,0.041591639869409565
2025-05-15 00:00:00+00:00,-0.0039032528100271247,-0.003965616782728303,6.236397270117485e-05,0.0,0.0,0.0,1.0485471182851203,0.037773462460173324
2025-05-16 00:00:00+00:00,0.014511672580156842,0.014406491415077346,0.00010518116507946814,0.0,0.0,0.0,0.9987919472518098,0.05143356679430225
2025-05-17 00:00:00+00:00,0.013536922624111103,0.01361104742671003,0.00011642055482634828,-9.527267871260346e-05,-9.527267871260346e-05,0.19054535742520692,0.98960029567769,0.06545799758795934
2025-05-18 00:00:00+00:00,-0.0005468357960440873,-0.0006402101848963426,9.33743888522496e-05,0.0,0.0,0.0,0.9658444298308192,0.06485325148246325
2025-05-19 00:00:00+00:00,0.000911927275175195,0.0009157044488787389,-3.777173703575443e-06,0.0,0.0,0.0,0.9964860973602241,0.06570903407094741
2025-05-20 00:00:00+00:00,0.0016245495684978906,0.001726091912338953,5.0759892119912496e-05,-9.020160479225824e-05,-6.210063116872207e-05,0.18040320958451647,0.9884576327397382,0.060400387986654466
2025-05-21 00:00:00+00:00,0.013401980806477587,0.01337065528192326,3.132552455427534e-05,0.0,0.0,0.0,0.9896766001327804,0.07279544017653293
2025-05-22 00:00:00+00:00,-0.007620873036171538,-0.00756556088042124,3.3740236603609906e-05,-4.4526196176973504e-05,-4.4526196176973504e-05,0.089052392353947,0.9177122767003258,-0.024005455587039426
2025-05-23 00:00:00+00:00,0.0065685778400454975,0.006793698086412472,4.387061257966812e-05,-0.0001492613899526037,-0.00011972946899395976,0.29852277990520737,1.0636905988564833,0.10001579795319075
2025-05-24 00:00:00+00:00,0.015476091890296528,0.015497887086699125,-2.1795196402697e-05,0.0,0.0,0.0,0.9921960509593892,0.11375322960569437
2025-05-25 00:00:00+00:00,0.0020321827115397095,0.002143861881350259,-0.0001116791698104587,0.0,0.0,0.0,0.9908820810460353,0.11566204507865437
2025-05-26 00:00:00+00:00,0.0002971434942842244,0.0004957529112453289,-5.02576211614066e-05,-8.773347701510914e-05,-6.0618318784497634e-05,0.17546695403021828,1.0041692508009197,0.11082409982243575
2025-05-27 00:00:00+00:00,-7.643421855307864e-05,-7.508508578475319e-05,-1.349132768357463e-06,0.0,0.0,0.0,1.0005526007230545,0.11075748039811426
2025-05-28 00:00:00+00:00,-0.003624836296279077,-0.0036455311773468074,2.069488106768041e-05,0.0,0.0,0.0,1.014802483891082,0.10750162501302374
2025-05-29 00:00:00+00:00,-0.008022117945225893,-0.007482892225095603,-2.5906842665137777e-05,-0.0002877385387457466,-0.00022558033871937294,0.5754770774914931,1.0301395564396056,0.11296203698643895
2025-05-30 00:00:00+00:00,0.003061994659530276,0.0031587343626874953,-9.673970315719605e-05,0.0,0.0,0.0,0.9911364723546437,0.1157662955703364
2025-05-31 00:00:00+00:00,0.0077470035916387125,0.00787930105908203,-0.00013229746744329807,0.0,0.0,0.0,0.9358546146781384,0.12269507742393865
2025-06-01 00:00:00+00:00,-3.422140356657e-05,0.0007137785971117914,-9.74414785801572e-06,-0.00038475524342428287,-0.0003535006093960131,0.7695104868485657,0.9745149850808565,0.11247954293402895
2025-06-02 00:00:00+00:00,-5.8186078838007305e-05,-0.0001509703743399786,9.278429550195056e-05,0.0,0.0,0.0,0.9782651505488555,0.11233510889919157
2025-06-03 00:00:00+00:00,0.0017732133635626202,0.0017946829166941756,-2.1469553131546948e-05,0.0,0.0,0.0,0.9868153278407457,0.11392777356531894
2025-06-04 00:00:00+00:00,-0.0005627243388749426,-0.00011404564851730927,-4.1340160695839895e-05,-0.0002036692648308928,-0.0002036692648308928,0.4073385296617856,0.98007138505622,0.10964903972948747
2025-06-05 00:00:00+00:00,0.0017909047589992344,0.0018614056842589188,-7.05009252597384e-05,0.0,0.0,0.0,0.9540891339836348,0.1113110978388973
2025-06-06 00:00:00+00:00,-0.004292816080160078,-0.004295502967869466,2.6868877094408347e-06,0.0,0.0,0.0,0.9041564728809185,0.10747697375219833
2025-06-07 00:00:00+00:00,-0.0015030375346829494,-0.001194774340427446,6.974552782304055e-05,-0.00020208141742779953,-0.0001759273046507128,0.40416283485559906,0.9810651870319242,0.14945248896473504
2025-06-08 00:00:00+00:00,0.01054383123927205,0.01048863559984286,5.519563942927335e-05,0.0,0.0,0.0,0.9970839999073128,0.15827232784988177
2025-06-09 00:00:00+00:00,-0.008971482430030209,-0.009049036618322168,7.75541882919338e-05,0.0,0.0,0.0,1.0027673319293238,0.15057416470462348
2025-06-10 00:00:00+00:00,0.014850631733817732,0.015421052566345067,-2.274787872379984e-05,-0.0002873397964677631,-0.00026033315733584337,0.5746795929355262,1.0395415898863392,0.16034104387028505
2025-06-11 00:00:00+00:00,0.007901800038933038,0.007896287085910812,5.512953022320571e-06,0.0,0.0,0.0,1.0705092990417044,0.16691837533150275
2025-06-12 00:00:00+00:00,-0.00497423758082971,-0.005057587500713173,8.334991988344033e-05,0.0,0.0,0.0,1.0434701474892885,0.1626699467934012
2025-06-13 00:00:00+00:00,-0.0008060651112450357,-4.401173471814484e-05,-7.430918758929823e-05,-0.0003615442761276644,-0.0003261999128099012,0.7230885522553289,0.9042549781788378,0.0010723823986830785
2025-06-14 00:00:00+00:00,0.013178160974873787,0.013239129186646423,-6.096821177264195e-05,0.0,0.0,0.0,0.8788397065907451,0.014125365248259443
2025-06-15 00:00:00+00:00,-0.008052001208624926,-0.008033391054983251,-1.8610153641632592e-05,0.0,0.0,0.0,0.8622030232802247,0.006141424954432291
2025-06-16 00:00:00+00:00,0.004519272463295643,0.005012605400563132,-4.007159458992719e-05,-0.0002431249480793619,-0.0002101363945980921,0.48624989615872377,1.0122615008247395,0.15020016389061078
2025-06-17 00:00:00+00:00,-0.0008364449622552117,-0.0008897034305650611,5.3258468309831246e-05,0.0,0.0,0.0,1.0225586867767364,0.1494354549935572
2025-06-18 00:00:00+00:00,0.0030061689355798116,0.003053027731522242,-4.685879594249033e-05,0.0,0.0,0.0,0.9924966223285374,0.15203145050135147
2025-06-19 00:00:00+00:00,0.003581151794185944,0.00401614392285184,-9.73983049905624e-07,-0.00023244241982532988,-0.00020157572579076994,0.46488483965065985,1.020752402220258,0.036485671253930166
2025-06-20 00:00:00+00:00,0.008896241707375463,0.008897204286801427,-9.625794260493005e-07,0.0,0.0,0.0,1.014514223625422,0.044982698581500724
2025-06-21 00:00:00+00:00,-0.004319013996241683,-0.004307394910841498,-1.1619085400214793e-05,0.0,0.0,0.0,0.9791712423637599,0.04085174292010181
2025-06-22 00:00:00+00:00,0.0028491469799973856,0.0029860480606863893,5.793078615321774e-05,-9.741593342110411e-05,-9.741593342110411e-05,0.19483186684220824,0.9579461117426309,0.05617275471204608
2025-06-23 00:00:00+00:00,-0.001165468835545247,-0.0012745888485769603,0.0001091200130317101,0.0,0.0,0.0,0.9289662537553254,0.054962222621066224
2025-06-24 00:00:00+00:00,-0.0009099628207448474,-0.0009563010441172831,4.633822337240096e-05,0.0,0.0,0.0,1.0002714724939366,0.05405510971706275
2025-06-25 00:00:00+00:00,-0.004006672694260138,-0.003710334812539657,7.390756657202786e-05,-0.00019967287202350884,-0.00017057257626905368,0.3993457440470176,1.0165913005326344,0.040808505174500895
2025-06-26 00:00:00+00:00,0.0053724259654315265,0.005345187895799262,2.7238069632213507e-05,0.0,0.0,0.0,0.9935011923765508,0.0459070607849425
2025-06-27 00:00:00+00:00,0.0033882647067216,0.003348830945119194,3.943376160250443e-05,0.0,0.0,0.0,0.9722993801486083,0.049089563295279935
2025-06-28 00:00:00+00:00,0.0018425712137215555,0.0020599368129039157,1.5468007396549835e-05,-0.00011641680328944372,-0.00011641680328944372,0.2328336065788874,1.0244077651658583,0.08929831416766557
2025-06-29 00:00:00+00:00,-0.00914837978274019,-0.00920120767817788,5.282789543771276e-05,0.0,0.0,0.0,1.0426133891184286,0.08083663068737273
2025-06-30 00:00:00+00:00,0.0033457743169411636,0.0033364410755581738,9.333241382980873e-06,0.0,0.0,0.0,1.0686730625685783,0.08389238676988939
2025-07-01 00:00:00+00:00,0.005167724005212371,0.00566859409312088,-6.061375487894077e-05,-0.00022012816651480698,-0.00022012816651480698,0.44025633302961403,1.0008609634084145,0.04833426300795149
2025-07-02 00:00:00+00:00,-0.0008417754007219447,-0.0007536906768679778,-8.808472385392858e-05,0.0,0.0,0.0,0.9619068289364825,0.04762065822974773
2025-07-03 00:00:00+00:00,-0.0038128314611676206,-0.0038950995525632672,8.226809139560356e-05,0.0,0.0,0.0,1.0248278200444707,0.04389291496428276
2025-07-04 00:00:00+00:00,-0.0034346209541326056,-0.0031631937500214277,9.506280375780632e-05,-0.00019904286052901946,-0.00016744714734001824,0.3980857210580389,1.034242249908269,0.05161180525323737
2025-07-05 00:00:00+00:00,0.00027572956338550725,0.00021332176776089597,6.240779562460914e-05,0.0,0.0,0.0,0.9966926036462693,0.05181084124036457
2025-07-06 00:00:00+00:00,0.0020540058545615025,0.002030503682563941,2.350217199766854e-05,0.0,0.0,0.0,0.9995028541438463,0.053730981173027666
2025-07-07 00:00:00+00:00,-0.0012794633226093088,-0.0011814026140047106,7.363015304111526e-05,-0.0001013294404442822,-7.036142120145293e-05,0.2026588808885644,1.0137279685171476,0.04881745797570878
2025-07-08 00:00:00+00:00,0.0036135250576656563,0.0035822038204988025,3.1321237166814074e-05,0.0,0.0,0.0,1.0064889800955548,0.05221099605368207
2025-07-09 00:00:00+00:00,-0.0007275404280084885,-0.0007595723449960579,3.203191698754884e-05,0.0,0.0,0.0,1.0283616171942973,0.051488883953355206
2025-07-10 00:00:00+00:00,0.0019427799270439472,0.002242595201639227,6.361056223328953e-05,-0.00019747000770154564,-0.00016595582912702053,0.39494001540309126,1.0780652450292914,0.0625770025478781
2025-07-11 00:00:00+00:00,-0.015945743419235492,-0.016018723150764747,7.297973152924142e-05,0.0,0.0,0.0,1.149294909942836,0.047312715824112055
2025-07-12 00:00:00+00:00,-0.002432496198320533,-0.0024335662088424497,1.0700105219235948e-06,0.0,0.0,0.0,1.1607654048971436,0.04498858417524364
2025-07-13 00:00:00+00:00,-0.007978441696156024,-0.0074949630784592386,6.086413962126685e-05,-0.00027217137865903575,-0.00027217137865903575,0.5443427573180715,1.010972525615441,0.1701684232770856
2025-07-14 00:00:00+00:00,-0.004575849134030974,-0.004651914278315916,7.606514428488937e-05,0.0,0.0,0.0,1.0307190462786833,0.16627736915442384
2025-07-15 00:00:00+00:00,0.00961137326261019,0.009610315797940354,1.057464669941449e-06,0.0,0.0,0.0,1.031902922165924,0.17421325631859114
2025-07-16 00:00:00+00:00,-0.010937841540195281,-0.010377351112664572,5.0525500691452235e-05,-0.0003270260572173917,-0.0002839898710047509,0.6540521144347833,1.0251729987375429,0.11866358287794097
2025-07-17 00:00:00+00:00,-0.014129876475418746,-0.014147616805787357,1.774033036860307e-05,0.0,0.0,0.0,1.0414536322858974,0.1060139298049716
2025-07-18 00:00:00+00:00,-0.012374064890592007,-0.012388758908753832,1.4694018161865058e-05,0.0,0.0,0.0,1.0909431123100592,0.09479821009950104
2025-07-19 00:00:00+00:00,0.013393419523054284,0.013910460507522563,-4.185871759558111e-05,-0.0002544405051969904,-0.0002207417616757101,0.5088810103939808,1.0278656631066383,0.09244317976136247
2025-07-20 00:00:00+00:00,-0.015317864040742313,-0.015296244131668609,-2.1619909073681672e-05,0.0,0.0,0.0,1.0567691871143425,0.07834704501320014
2025-07-21 00:00:00+00:00,-0.002133336122616347,-0.002109563598850816,-2.3772523765551023e-05,0.0,0.0,0.0,1.0865469637089622,0.07640046929528156
2025-07-22 00:00:00+00:00,-0.01150221676093155,-0.011188921026487384,-3.7278827010244315e-05,-0.00013800845371695413,-0.00013800845371695413,0.2760169074339082,1.0610194732097171,0.12384329113592986
2025-07-23 00:00:00+00:00,-0.006896375744299799,-0.006860277904111195,-3.609784018859727e-05,0.0,0.0,0.0,1.0723680278119956,0.11779537439458426
2025-07-24 00:00:00+00:00,0.015177257710620173,0.015193414519571577,-1.615680895149895e-05,0.0,0.0,0.0,0.9871241768725529,0.13100055965996132
2025-07-25 00:00:00+00:00,0.004087722155665441,0.004476207799165205,-1.5004745758585627e-05,-0.00020423614526777315,-0.0001692447524734999,0.40847229053554635,0.9665920924465107,0.1297454192424161
2025-07-26 00:00:00+00:00,0.016263149009722033,0.0163047879764966,-4.163896677455653e-05,0.0,0.0,0.0,0.9810474583945235,0.14371298158476817
2025-07-27 00:00:00+00:00,0.004630084879422958,0.004673853895686132,-4.3769016263239427e-05,0.0,0.0,0.0,0.9907719325167937,0.14770295824682925
2025-07-28 00:00:00+00:00,-0.007521938840128417,-0.007114580807585811,-4.69167732033156e-05,-0.00019699696248915425,-0.00016344429685016614,0.3939939249783085,1.0229674890414453,0.14726702161415922
2025-07-29 00:00:00+00:00,0.005627087208737391,0.0056915567440027634,-6.446953526532438e-05,0.0,0.0,0.0,0.9810024333750859,0.1521026832945804
2025-07-30 00:00:00+00:00,0.0020461800788664775,0.0021379290418221974,-9.1748962955794e-05,0.0,0.0,0.0,0.9686869886655303,0.15392565273215508
2025-07-31 00:00:00+00:00,0.009784568155828621,0.010230538714371977,-8.434098002489368e-05,-0.0001976721428950396,-0.00016395743562339803,0.39534428579007924,0.9607204564186507,0.14940204120724407
2025-08-01 00:00:00+00:00,-0.011515436010274938,-0.011463882586294466,-5.155342398052514e-05,0.0,0.0,0.0,0.9330466414558254,0.1395450810725897
2025-08-02 00:00:00+00:00,-0.011760840290539143,-0.011740746906608488,-2.0093383930616522e-05,0.0,0.0,0.0,0.9130411598995117,0.12932530846435497
2025-08-03 00:00:00+00:00,0.003447156064487533,0.0038723997578726656,-3.5132128079457943e-05,-0.00019505578265285837,-0.00019505578265285837,0.39011156530571683,0.899925697722753,0.16775460505288195
2025-08-04 00:00:00+00:00,0.0035021067305192055,0.0035681441471953367,-6.60374166761663e-05,0.0,0.0,0.0,0.9297129145434431,0.1707248525449128
2025-08-05 00:00:00+00:00,-0.0030992198207918653,-0.003024488367917074,-7.473145287475599e-05,0.0,0.0,0.0,0.9663124879576575,0.16822172026673396
2025-08-06 00:00:00+00:00,-0.001453979170248143,-0.0012251419290166383,-2.8974727929498282e-05,-0.00011646052595865358,-8.340198734332252e-05,0.23292105191730714,0.922897813603595,0.15469070091290898
2025-08-07 00:00:00+00:00,0.005941400016366005,0.006011371040232689,-6.997102386666427e-05,0.0,0.0,0.0,0.9352580361159616,0.1597529159755496
2025-08-08 00:00:00+00:00,-0.006776665617893474,-0.006762091555510886,-1.4574062382568695e-05,0.0,0.0,0.0,0.9956643606549692,0.1540346658440278
2025-08-09 00:00:00+00:00,-0.004855308906624001,-0.004843186398353112,-1.2122508270915636e-05,0.0,0.0,0.0,1.0167057341761696,0.14991938436787158
2025-08-10 00:00:00+00:00,-0.0009551645025882571,-0.0009148527830503979,-4.0311719537913024e-05,0.0,0.0,0.0,1.0459522600623061,0.14914699149676672
2025-08-11 00:00:00+00:00,0.005182003979850025,0.005228420894962321,-4.641691511226765e-05,0.0,0.0,0.0,1.0378791927598137,0.15357956248769405
2025-08-12 00:00:00+00:00,0.011838789220412815,0.012219406411776117,-0.00010247317489616998,-0.0001390720082335572,-0.0001390720082335572,0.2781440164671144,0.9793574794501679,0.2023299343243189
2025-08-13 00:00:00+00:00,-0.0009489194686809199,-0.0008800252952321733,-6.889417344874489e-05,0.0,0.0,0.0,1.0428393136976604,0.20164125033722088
2025-08-14 00:00:00+00:00,0.004738928062326897,0.004807242993283155,-6.831493095634761e-05,0.0,0.0,0.0,1.0679635055979322,0.20547476320903288
2025-08-15 00:00:00+00:00,-0.01171874761870384,-0.011237804666651136,-3.0149910790168893e-05,-0.00022935729346727703,-0.00022143574779531048,0.4587145869345541,0.961904220452183,0.1234753174925308
2025-08-16 00:00:00+00:00,-0.013341579701613204,-0.013303535965257471,-3.8043736355700076e-05,0.0,0.0,0.0,0.9619496745158058,0.11166152263105901
2025-08-17 00:00:00+00:00,-0.0055777460662053135,-0.005569245470973828,-8.500595231457402e-06,0.0,0.0,0.0,0.9665883375723107,0.1066873521186793
2025-08-18 00:00:00+00:00,-0.017476960942581443,-0.017133081035134327,1.5427800507479026e-05,-0.00019592555696403512,-0.00016338215099058663,0.3918511139280702,1.0156378252853893,0.08796067438340738
2025-08-19 00:00:00+00:00,-0.0005768978545084291,-0.0005451878140254832,-3.171004048292351e-05,0.0,0.0,0.0,0.9922368943653238,0.08746594548567527
2025-08-20 00:00:00+00:00,0.0075676562627715604,0.007657237441028252,-8.958117825658107e-05,0.0,0.0,0.0,0.9303640718600464,0.09440873010903372
2025-08-21 00:00:00+00:00,0.001983215379965264,0.0024298141582242533,-3.0247778578946666e-05,-0.0002081754998400402,-0.0002081754998400402,0.4163509996800804,0.9902668456390642,0.14967854045629395
2025-08-22 00:00:00+00:00,0.0006276835557281757,0.0006625247517078674,-3.4841195979751966e-05,0.0,0.0,0.0,0.9684746748468164,0.15024675778883614
2025-08-23 00:00:00+00:00,0.00019794198275491226,0.0002590916177174664,-6.114963496256855e-05,0.0,0.0,0.0,1.0430203828156173,0.15047606387611284
2025-08-24 00:00:00+00:00,-0.00796594844741827,-0.007535007275671773,-2.329653811089311e-05,-0.00023617832466882893,-0.00017146630896676382,0.47235664933765775,0.9795885080410298,0.07823040567796967
2025-08-25 00:00:00+00:00,0.0024041324242500828,0.002417998582663114,-1.3866158413107277e-05,0.0,0.0,0.0,0.9641889075376613,0.08045497983491921
2025-08-26 00:00:00+00:00,-0.010254970862395463,-0.0102020886826393,-5.288217975611948e-05,0.0,0.0,0.0,0.8923359330651836,0.07098079715893416
2025-08-27 00:00:00+00:00,-0.004842040730613784,-0.004224301808130612,-4.413475508984833e-05,-0.00030077044507008794,-0.00027283372232325193,0.601540890140176,0.9991756676542162,0.11993107464596633
2025-08-28 00:00:00+00:00,-0.0020068709260556705,-0.0020271992391425256,2.0328313086858928e-05,0.0,0.0,0.0,0.9883065939459011,0.11814096908285218
2025-08-29 00:00:00+00:00,-0.0072712920694461,-0.007284344813352895,1.305274390675801e-05,0.0,0.0,0.0,1.0103059776759418,0.11166859926977604
2025-08-30 00:00:00+00:00,4.234275400416543e-05,0.00010062966684159587,-5.828691283735247e-05,0.0,0.0,0.0,0.9627794348546633,0.11176449652003513
2025-08-31 00:00:00+00:00,0.0060034429581459214,0.0060403374416939356,-3.689448354797021e-05,0.0,0.0,0.0,0.9658674239806121,0.1171018198658692
2025-09-01 00:00:00+00:00,-0.001218236571411846,-0.0011826141244313541,-3.562244698047243e-05,0.0,0.0,0.0,0.9530084366827364,0.11606059500276987
2025-09-02 00:00:00+00:00,4.4193651420609825e-05,0.0003140184351138795,-4.681309449073711e-05,-0.00011150584460129325,-0.00011150584460129325,0.2230116892025865,0.9415035209594383,0.11623144091847387
2025-09-03 00:00:00+00:00,0.0004498505493166771,0.0004206124327573143,2.923811655942766e-05,0.0,0.0,0.0,0.9764311605680015,0.11659960095669072
2025-09-04 00:00:00+00:00,0.006630290955070839,0.006578756136956446,5.153481811448296e-05,0.0,0.0,0.0,0.9844117032767218,0.12236702809407567
2025-09-05 00:00:00+00:00,-0.0024598173297714077,-0.0021383410172180887,5.890413735833813e-05,-0.00022628267716344504,-0.00015409777274819205,0.45256535432689005,0.9828300450609705,0.149263189030729
2025-09-06 00:00:00+00:00,-0.0008199004341032934,-0.0008974315367097136,7.753110260639585e-05,0.0,0.0,0.0,0.9929052367243189,0.1484875024617465
2025-09-07 00:00:00+00:00,-0.007314185049860811,-0.007487407093900587,0.00017322204403975774,0.0,0.0,0.0,0.9883201396031115,0.14203899486055233
2025-09-08 00:00:00+00:00,0.000802025773493531,0.0011548659089874117,0.00017827880970601608,-0.00031490924946577507,-0.000216209695734155,0.6298184989315502,0.9934332449464242,0.11492316348453704
2025-09-09 00:00:00+00:00,-0.0027777928623582415,-0.0029012471815201345,0.00012345431916186108,0.0,0.0,0.0,1.0114070127947052,0.11233395676632307
2025-09-10 00:00:00+00:00,-0.0070503759563160795,-0.007131192804140643,8.081684782452735e-05,0.0,0.0,0.0,1.0190363086111132,0.10594974952883819
2025-09-11 00:00:00+00:00,-0.013044035182168234,-0.012762544024113982,9.671153311304922e-05,-0.0002031373129996429,-0.0001750653781676992,0.40627462599928577,1.0511328011596575,0.10112851734039677
2025-09-12 00:00:00+00:00,0.013276040162417457,0.013282023395504034,-5.98323308653773e-06,0.0,0.0,0.0,1.057741046767533,0.11291152282408853
2025-09-13 00:00:00+00:00,0.003079519539038955,0.003119368376169667,-3.9848837130700665e-05,0.0,0.0,0.0,1.0704359148049272,0.11567466879752474
2025-09-14 00:00:00+00:00,-0.013392784585409268,-0.012985471828241084,-1.2211712392781292e-05,-0.00023173144654569207,-0.00016336959822969195,0.46346289309138416,1.0875216675755264,0.09626116435606209
2025-09-15 00:00:00+00:00,0.008984827162313858,0.009001428967101382,-1.660180478749189e-05,0.0,0.0,0.0,1.0523063309349898,0.10432524899230215
2025-09-16 00:00:00+00:00,-0.0010703750148931546,-0.0010313217041758348,-3.90533107172969e-05,0.0,0.0,0.0,1.0327840944940292,0.10340460899802222
2025-09-17 00:00:00+00:00,-0.0020330074947215726,-0.001677778368453374,5.812707166655007e-05,-0.00022316480318352043,-0.00019019139475124792,0.4463296063670408,0.9969829495037711,0.1785629074922378
2025-09-18 00:00:00+00:00,0.00203304208736399,0.001981221995969716,5.182009139421638e-05,0.0,0.0,0.0,1.024318757664025,0.18017782039613256
2025-09-19 00:00:00+00:00,-0.004735641921281397,-0.004745975337154739,1.0333415873363684e-05,0.0,0.0,0.0,1.0519320707303468,0.176266580466757
2025-09-20 00:00:00+00:00,0.0029077872460530063,0.0031134130495297043,-2.061018346334776e-05,-9.250781000665868e-05,-9.250781000665868e-05,0.1850156200133174,0.9834003897068729,0.21420055414556016
2025-09-21 00:00:00+00:00,0.011227674198235782,0.011253677563556509,-2.6003365320757665e-05,0.0,0.0,0.0,0.9819509625875807,0.22295101040215387
2025-09-22 00:00:00+00:00,0.00012700313126545737,0.00011480374638922593,1.2199384876240978e-05,0.0,0.0,0.0,0.971807162809631,0.22303748768921694
2025-09-23 00:00:00+00:00,-0.014311655912157328,-0.014149033523993083,-2.1684977553980846e-05,-7.046870530513183e-05,-7.046870530513183e-05,0.14093741061026366,0.9540852078464278,0.20301492950884495
2025-09-24 00:00:00+00:00,-0.00088051962195701,-0.0009386238325943435,5.810421063737622e-05,0.0,0.0,0.0,0.944430238839665,0.20225439463935754
2025-09-25 00:00:00+00:00,0.005128832793340532,0.005031683586319689,9.714920702092608e-05,0.0,0.0,0.0,0.947088704047479,0.20622836741197767
2025-09-26 00:00:00+00:00,-0.00011364976665706461,0.0001264118158742555,6.799462781454663e-06,-0.0001234305226563666,-0.0001234305226563666,0.24686104531273323,0.8795877813577316,0.19095107254426225
2025-09-27 00:00:00+00:00,0.003904054554086933,0.003929119478312249,-2.5064924225387936e-05,0.0,0.0,0.0,0.8993784225294459,0.1941223278644256
2025-09-28 00:00:00+00:00,-0.00010616503674998334,-0.00012076056060131835,1.4595523851381696e-05,0.0,0.0,0.0,0.8949607800107745,0.19402216567417319
2025-09-29 00:00:00+00:00,-0.000382617386165518,-5.880778389418625e-05,1.6013763146797004e-05,-0.00016991168270904375,-0.00016991168270904375,0.3398233654180875,1.0236394288460464,0.06512825513114091
2025-09-30 00:00:00+00:00,-0.0005323247639280604,-0.0005545759162714942,2.2251152343464006e-05,0.0,0.0,0.0,1.026050387965653,0.06460807169138044
2025-10-01 00:00:00+00:00,0.0038637870071243086,0.0039013732962964024,-3.758628917199897e-05,0.0,0.0,0.0,1.0146023791573715,0.06824575791495367
2025-10-02 00:00:00+00:00,0.0007315622837271718,0.0012232966493899466,1.4520657390351519e-05,-0.0002531275115265219,-0.0002531275115265219,0.5062550230530438,1.0838937183702197,0.13752891457925998
2025-10-03 00:00:00+00:00,0.00072189810189216,0.0007501522713802625,-2.825416948816551e-05,0.0,0.0,0.0,1.1060575450110548,0.13817931546508566
2025-10-04 00:00:00+00:00,0.023841102612920828,0.023863926493151725,-2.2823880230933015e-05,0.0,0.0,0.0,1.1026621415834896,0.15826991272834273
2025-10-05 00:00:00+00:00,0.03017262219007577,0.03063898801740015,8.426363006497884e-06,-0.0002542840297624582,-0.00022050816056850658,0.5085680595249165,1.0171371243857288,0.12685812163112978
2025-10-06 00:00:00+00:00,0.01295131886591272,0.012997669851876373,-4.635098596363105e-05,0.0,0.0,0.0,1.0134138374456028,0.13806763353601917
2025-10-07 00:00:00+00:00,-0.014589382814097274,-0.01456369488408895,-2.56879300083332e-05,0.0,0.0,0.0,1.049873807174059,0.1253324619178833
2025-10-08 00:00:00+00:00,0.003641803174028846,0.0037245625149980887,-6.0581257530044e-05,-1.1089041719548147e-05,-1.1089041719548147e-05,0.022178083439096295,0.9692329492981644,0.10649112129026414
2025-10-09 00:00:00+00:00,0.030895096254219823,0.030920781239550405,-2.5684985330549205e-05,0.0,0.0,0.0,0.9895809386536677,0.13329377841557638
2025-10-10 00:00:00+00:00,0.02484128661032292,0.024866380001020576,-2.5093390697711754e-05,0.0,0.0,0.0,0.9681953918749794,0.15432648985065195
2025-10-11 00:00:00+00:00,0.05840407422796812,0.0589001299137659,-0.00011550291808777141,-0.00020534819318793548,-0.0001752045745220832,0.410696386375871,0.7740970595988421,0.14569928730222326
2025-10-12 00:00:00+00:00,0.03276779413211384,0.03284232973715582,-7.45356050418991e-05,0.0,0.0,0.0,0.7751934425001322,0.17287682483303646
2025-10-13 00:00:00+00:00,-0.010487454292749221,-0.010450225421349392,-3.722887139978121e-05,0.0,0.0,0.0,0.8241260041036672,0.16414809505582684
2025-10-14 00:00:00+00:00,-0.00788816371669776,-0.006907087770032644,-0.0001779314783067952,-0.0004155881221919122,-0.000387556346166356,0.8311762443838243,1.0342146325890926,-0.002486589992518567
2025-10-15 00:00:00+00:00,0.006274296685788272,0.006366598773712298,-9.230208792409693e-05,0.0,0.0,0.0,0.9959073214724364,0.003855816246099358
2025-10-16 00:00:00+00:00,-0.0056100923321539264,-0.005469579041960611,-0.00014051329019334468,0.0,0.0,0.0,0.9620433760430486,-0.0016228672308692905
2025-10-17 00:00:00+00:00,-0.01587540098104212,-0.015058555427425199,-6.393669134341691e-05,-0.0003921108801189955,-0.00036079798215446604,0.784221760237991,0.9452219308672034,-0.030785749342750964
2025-10-18 00:00:00+00:00,0.002885429336267231,0.00294259797198414,-5.7168635716983726e-05,0.0,0.0,0.0,0.9121370836308096,-0.02776304307182311
2025-10-19 00:00:00+00:00,0.0011422878911797607,0.0011949198230240252,-5.263193184418293e-05,0.0,0.0,0.0,0.9297874329550501,-0.026537809430428008
2025-10-20 00:00:00+00:00,0.012979730761083053,0.013355814621423137,2.763190310893034e-05,-0.0002018578817244747,-0.0002018578817244747,0.40371576344894944,0.9863729714420355,-0.06624911704362574
2025-10-21 00:00:00+00:00,0.015573159272139314,0.015489646881076848,8.35123910624214e-05,0.0,0.0,0.0,1.0019459169946132,-0.049981106431493574
2025-10-22 00:00:00+00:00,-0.0008205238628808953,-0.0007738430724730296,-4.6680790407873443e-05,0.0,0.0,0.0,0.9704307540341532,-0.05079662935050286
2025-10-23 00:00:00+00:00,-0.0157273566227506,-0.01557935531152036,-7.496713696737024e-05,-3.6517087131448896e-05,-3.6517087131448896e-05,0.07303417426289778,0.960952835852919,-0.1416377462717794
2025-10-24 00:00:00+00:00,-0.007116304655504058,-0.007194404734488777,7.81000789847214e-05,0.0,0.0,0.0,0.9913685885282519,-0.14989887708310956
2025-10-25 00:00:00+00:00,0.005875772284263281,0.005698854471428298,0.00017691781283490964,0.0,0.0,0.0,1.0129588368013507,-0.14335768549650513
2025-10-26 00:00:00+00:00,-0.00982066991386743,-0.009940472761353777,0.00011980284748637366,0.0,0.0,0.0,1.0244473722526473,-0.15481858043282284
2025-10-27 00:00:00+00:00,0.017292539194088796,0.017176167548503693,0.00011637164558521277,0.0,0.0,0.0,1.0613381950925964,-0.13530268588557737
2025-10-28 00:00:00+00:00,0.004589345820487978,0.0045179013733150164,7.144444717298965e-05,0.0,0.0,0.0,1.0487848488008298,-0.13018730992557523
2025-10-29 00:00:00+00:00,-0.0016306018899522323,-0.0007215834608390101,-0.00010919261412282301,-0.00043047802464487016,-0.00036934779034547766,0.8609560492897403,1.0010948144494256,-0.051560882095681514
2025-10-30 00:00:00+00:00,0.007460440258434176,0.0074059880272402965,5.4452231193874856e-05,0.0,0.0,0.0,1.0077503176938185,-0.04382791850081474
2025-10-31 00:00:00+00:00,0.011203261651180574,0.010978196988110044,0.0002250646630704301,0.0,0.0,0.0,0.9432627262847862,-0.03248577487681797
2025-11-01 00:00:00+00:00,0.006642402754219345,0.007040447755460022,0.00038431095604008186,-0.0004223441231430907,-0.00036001183413769287,0.8446882462861813,1.0050360927839777,-0.14455561780314133
2025-11-02 00:00:00+00:00,0.0014330293318549625,0.0009132828060554669,0.0005197465257994274,0.0,0.0,0.0,1.0122227363724476,-0.14343678587565872
2025-11-03 00:00:00+00:00,0.0020619294378099173,0.001525369799396516,0.0005365596384133342,0.0,0.0,0.0,1.0203256572663908,-0.141619406852308
2025-11-04 00:00:00+00:00,0.05939875060031108,0.05963623376769502,0.00016405530692544982,-0.00020076923715468134,-0.00020076923715468134,0.4015384743093626,0.9150622837058676,-0.0601366525941525
2025-11-05 00:00:00+00:00,0.022254699650606558,0.02112497284433923,0.001129726806267249,0.0,0.0,0.0,0.8624856631954739,-0.03816238728288242
2025-11-06 00:00:00+00:00,-0.018734664330102846,-0.01946739608439689,0.0007327317542940205,0.0,0.0,0.0,0.9027245559260582,-0.058730071543733935
2025-11-07 00:00:00+00:00,0.035608817940223636,0.03291163641221628,0.0030711588643595167,-0.00020378300321137688,-0.00017019433314079943,0.4075660064227538,0.9107405840271604,-0.06382850535649393
2025-11-08 00:00:00+00:00,0.007841825035208805,0.005661568349046647,0.0021802566861621733,0.0,0.0,0.0,0.9573687639701546,-0.05771435116360194
2025-11-09 00:00:00+00:00,-0.025290771969076475,-0.025454772348132093,0.00016400037905563118,0.0,0.0,0.0,0.9459528810618498,-0.08532711204525079
2025-11-10 00:00:00+00:00,0.006849008971996362,0.00656321787541767,0.0005672990771224266,-0.00014075399027190162,-0.00014075399027190162,0.28150798054380316,0.9853176229328784,-0.0668039465696007
2025-11-11 00:00:00+00:00,0.01811332758184947,0.018060044509119164,5.3283072730396275e-05,0.0,0.0,0.0,0.9940161873981597,-0.04787669578617017
2025-11-12 00:00:00+00:00,-0.019016469623418963,-0.01900711553980695,-9.35408361200937e-06,0.0,0.0,0.0,0.9438409433234567,-0.06818036109158906
2025-11-13 00:00:00+00:00,0.013613554452268195,0.014123588127095986,-0.00010075468011599605,-0.00023510220162209383,-0.00017417679308967074,0.47020440324418766,0.9931354869790225,0.017631866558316042
2025-11-14 00:00:00+00:00,0.011115667766590898,0.01121049765969056,-9.482989309956332e-05,0.0,0.0,0.0,0.9671616048247665,0.028525286609112264
2025-11-15 00:00:00+00:00,0.020142347713563602,0.02011463468148447,2.771303207903163e-05,0.0,0.0,0.0,0.9469975687203523,0.04767954334962478
2025-11-16 00:00:00+00:00,0.04102581665950322,0.03883298577929584,0.0026966682258724845,-0.00028593321999454443,-0.0002179041256705347,0.5718664399890889,0.9905608963464727,-0.09962295572651898
2025-11-17 00:00:00+00:00,-0.0007911425784289383,-0.004226021613953419,0.0034348790355245244,0.0,0.0,0.0,0.9719508081338829,-0.10393120173939588
2025-11-18 00:00:00+00:00,0.003678582652652418,0.001182420517594192,0.002496162135058199,0.0,0.0,0.0,0.9417773893430161,-0.10237219663514634
2025-11-19 00:00:00+00:00,-0.007480717079085375,-0.007585461637243478,0.0003240559677334443,-0.00010965570478767614,-0.00010965570478767614,0.2193114095753523,0.9860983289671816,-0.12576331981599215
2025-11-20 00:00:00+00:00,0.01574767318958581,0.015300689384089525,0.00044698380549634484,0.0,0.0,0.0,0.9503614221952317,-0.10875006987221049
2025-11-21 00:00:00+00:00,0.005891425896044522,0.00524909337607568,0.0006423325199688513,0.0,0.0,0.0,0.8942711836765422,-0.10289477952745879
2025-11-22 00:00:00+00:00,0.0031171512421093173,0.003355541031521158,8.71724307242833e-06,-0.00013168856605926395,-0.00011541846642502424,0.2633771321185279,0.9580461891781229,-0.21224017073606055
2025-11-23 00:00:00+00:00,-0.003180913476296454,-0.003204707024168899,2.379354787240457e-05,0.0,0.0,0.0,0.956593339262068,-0.21613237614818312
2025-11-24 00:00:00+00:00,-0.0067806358629592944,-0.006810484042842973,2.9848179883628436e-05,0.0,0.0,0.0,0.9827271483515833,-0.22446487477087199
2025-11-25 00:00:00+00:00,-0.032386643246173574,-0.03196576161043185,0.00016139006387700034,-0.00030989845245556327,-0.00027237324716315926,0.6197969049111265,1.064776160212715,-0.2590853384438375
2025-11-26 00:00:00+00:00,-0.0012957516188724094,-0.0014247631112093207,0.00012901149233693508,0.0,0.0,0.0,1.0601850293903134,-0.26084809589758606
2025-11-27 00:00:00+00:00,0.010215592715499433,0.008412766549841065,0.0018028261656583226,0.0,0.0,0.0,1.0903786108720044,-0.24988263017123802
2025-11-28 00:00:00+00:00,-0.020613147536501453,-0.021472162742965303,0.0010968081374186848,-0.00013940996314746159,-9.838296780735487e-05,0.2788199262949232,1.034406039486298,-0.223170864696749
2025-11-29 00:00:00+00:00,0.002652321889937914,0.001921661394748598,0.00073066049518931,0.0,0.0,0.0,1.0140655440339434,-0.22066393152609373
2025-11-30 00:00:00+00:00,0.0010413172101004786,0.0008097597975149272,0.00023155741258544315,0.0,0.0,0.0,0.9964830813581587,-0.219625471944866
2025-12-01 00:00:00+00:00,-0.0025827672480621677,-0.002743126334331369,0.00018343629509616775,-1.1538604413506663e-05,-1.1538604413506663e-05,0.023077208827013324,1.0061458536456593,-0.1998074455785433
2025-12-02 00:00:00+00:00,0.0026235864730281833,0.002701226668488747,-7.764019546052149e-05,0.0,0.0,0.0,0.9291689960383369,-0.19659044687291258
2025-12-03 00:00:00+00:00,-0.04610169963635047,-0.04619445545842757,9.27558220770438e-05,0.0,0.0,0.0,1.0285058132195697,-0.25451864442864064
2025-12-04 00:00:00+00:00,-0.00674264857089768,-0.006964127784516669,0.00033357517667014603,-5.604798152558152e-05,-5.604798152558152e-05,0.11209596305116303,1.0374513828962677,-0.15040090964044292
2025-12-05 00:00:00+00:00,0.01971718448979498,0.019509076024548943,0.00020810846524597825,0.0,0.0,0.0,1.0027529391704422,-0.12836091771993022
2025-12-06 00:00:00+00:00,0.008941917850866066,0.008401653782739325,0.0005402640681268406,0.0,0.0,0.0,0.9502176174413334,-0.11889610473585527
2025-12-07 00:00:00+00:00,-0.0023307644999396304,-0.0025135452687117745,0.0002323124753334895,-2.476585328064991e-05,-2.476585328064991e-05,0.04953170656129982,1.00821503873526,-0.0720458653886828
2025-12-08 00:00:00+00:00,-0.005922453523934612,-0.006037403858708802,0.00011495033477418774,0.0,0.0,0.0,1.009307895745209,-0.07854846890385066
2025-12-09 00:00:00+00:00,0.02029157019642991,0.020262924904042058,2.8645292387808437e-05,0.0,0.0,0.0,1.0247167805540398,-0.05712636044673715
2025-12-10 00:00:00+00:00,-0.009941589863082578,-0.009983965264176465,6.427792745499656e-05,-1.0951263180553646e-05,-1.0951263180553646e-05,0.021902526361107292,1.0503997108210408,-0.08990666728411606
2025-12-11 00:00:00+00:00,-0.006994768801012019,-0.007286040594790566,0.00029127179377858324,0.0,0.0,0.0,1.0216421006404446,-0.09787733722364468
2025-12-12 00:00:00+00:00,0.02124930698405403,0.020908881363088973,0.0003404256209650791,0.0,0.0,0.0,0.9930012170443585,-0.0753669601870851
2025-12-13 00:00:00+00:00,0.0075691476142349945,0.007310348316628447,0.0002587992976066483,0.0,0.0,0.0,0.9695553800408223,-0.06754535113704535
2025-12-14 00:00:00+00:00,-0.009401514147228562,-0.00963912617476471,0.00023761202753618265,0.0,0.0,0.0,0.9807179348348104,-0.07791701523283151
2025-12-15 00:00:00+00:00,-0.00851291426725409,-0.00857282721424573,5.991294699167364e-05,0.0,0.0,0.0,0.9487111876268229,-0.08723244477073297
2025-12-16 00:00:00+00:00,0.006309258666554296,0.006730078600963666,7.481423577715697e-05,-0.0002665436389115186,-0.00022909053127493593,0.5330872778230371,0.978241876081053,-0.19570025463135626
2025-12-17 00:00:00+00:00,-0.004717879693019733,-0.004772936162656002,5.5056469636296794e-05,0.0,0.0,0.0,0.9940434293749657,-0.20142348255204207
2025-12-18 00:00:00+00:00,0.0023645397034977034,0.0023099900710672337,5.454963243041228e-05,0.0,0.0,0.0,0.9517207263237464,-0.1986437913494755
2025-12-19 00:00:00+00:00,0.0066586264561947495,0.007078276885181449,-4.296890469768558e-05,-0.00020602005624459184,-0.000170661468044493,0.4120401124891836,0.966334809596691,-0.1645741548204469
2025-12-20 00:00:00+00:00,0.011855266789949415,0.011830023490831513,2.524329911788711e-05,0.0,0.0,0.0,1.0149521384672617,-0.1509545251606846
2025-12-21 00:00:00+00:00,0.012023042198333611,0.012015656100135287,7.386098198252064e-06,0.0,0.0,0.0,1.0188090351325727,-0.13728824667741166
2025-12-22 00:00:00+00:00,-0.009923773787297585,-0.00948593862462741,-5.392091549441066e-05,-0.00022806033924417985,-0.00015585390793163944,0.4561206784883597,0.9849509219076183,-0.12273666594840842
2025-12-23 00:00:00+00:00,-0.013435752131847778,-0.013437534005904618,1.7818740568015807e-06,0.0,0.0,0.0,0.9912129344898213,-0.1380287196181791
2025-12-24 00:00:00+00:00,-0.0019388828071381647,-0.0019182281811897944,-2.0654625948321864e-05,0.0,0.0,0.0,0.9744494054846325,-0.14021881565027045
2025-12-25 00:00:00+00:00,0.009210870887450984,0.009624191400756398,-5.875270095189498e-05,-0.0001947905991836644,-0.00015977721316995695,0.38958119836732874,0.9802641610105266,-0.13662102621185168
2025-12-26 00:00:00+00:00,0.008653481745415803,0.008614856166441566,3.862557897413326e-05,0.0,0.0,0.0,0.9704436246760748,-0.1269079742072601
2025-12-27 00:00:00+00:00,-0.0019941310737713325,-0.001985737914247525,-8.393159523793996e-06,0.0,0.0,0.0,0.9818687044226003,-0.1291512566556215
2025-12-28 00:00:00+00:00,0.014853665751547673,0.015244598697151479,4.517968883804662e-05,-0.0002368235158962862,-0.0001992891185456713,0.4736470317925724,0.9757131300889554,-0.19804709486046054
2025-12-29 00:00:00+00:00,0.0038153208268447703,0.0037073234325612913,0.00010799739428346962,0.0,0.0,0.0,0.9783541805254826,-0.19360112103869975
2025-12-30 00:00:00+00:00,-0.0011027579714276703,-0.0012513908014512532,0.00014863283002363267,0.0,0.0,0.0,0.9665625859165025,-0.1950676242177246
2025-12-31 00:00:00+00:00,-0.01447963877883729,-0.014115202006492675,-1.380001676223986e-06,-0.00020003643361475462,-0.0001630203370536585,0.4000728672295093,0.9805793882290575,-0.1961408052174472
2026-01-01 00:00:00+00:00,-0.0034961968157458667,-0.0035630889989550214,6.689218320915716e-05,0.0,0.0,0.0,0.9638598923902815,-0.20040454795883736
2026-01-02 00:00:00+00:00,-0.006954180430909895,-0.007174421205706162,0.00022024077479626726,0.0,0.0,0.0,1.0034045466148676,-0.20903261971800827
2026-01-03 00:00:00+00:00,-0.007526824109414965,-0.007763223510370476,0.00023639940095552959,0.0,0.0,0.0,1.0372512473183353,-0.21844000270721664
2026-01-04 00:00:00+00:00,0.008629926367570873,0.008469823635043377,0.0001601027325274165,0.0,0.0,0.0,1.042564549166011,-0.20817365575137078
2026-01-05 00:00:00+00:00,-0.01427232529561362,-0.014371341185815817,9.901589020217955e-05,0.0,0.0,0.0,1.064990493050853,-0.22576722014417022
2026-01-06 00:00:00+00:00,-0.013357636306845166,-0.013187509660046996,0.00012416198413807625,-0.00016569396382186456,-0.0001285946671144184,0.33138792764372915,0.9920838741274726,-0.12162509301770456
2026-01-07 00:00:00+00:00,-0.003014798597071544,-0.0030555405019031226,4.074190483158676e-05,0.0,0.0,0.0,0.9955470518550863,-0.12505765716899409
2026-01-08 00:00:00+00:00,0.0036102618424991295,0.003603848265634789,6.413576864355082e-06,0.0,0.0,0.0,0.955048718379975,-0.12101690618466358
2026-01-09 00:00:00+00:00,-0.009300795028375664,-0.009149915150480211,6.345838292652725e-05,-0.00010716913041097319,-0.00010716913041097319,0.2143382608219464,0.9386765509722612,-0.1294187906058485
2026-01-10 00:00:00+00:00,0.0028001808387760896,0.0028009626273809156,-7.817886048215309e-07,0.0,0.0,0.0,0.934073081138523,-0.12626426520242587
2026-01-11 00:00:00+00:00,-0.006129166322081381,-0.0061744522043789,4.5285882297517074e-05,0.0,0.0,0.0,0.9324538192394409,-0.1332554622985584
2026-01-12 00:00:00+00:00,0.0010042713870488384,0.0011909551059168335,4.5096282761144573e-05,-0.00013155040597043338,-0.00010022959565874243,0.26310081194086676,0.9823200198589946,-0.07769107440665872
2026-01-13 00:00:00+00:00,0.0019918789957713567,0.0019198035628239802,7.207543294739239e-05,0.0,0.0,0.0,0.9733203365471053,-0.0756206436720575
2026-01-14 00:00:00+00:00,-0.01604175864324664,-0.01610976589617895,6.800725293232049e-05,0.0,0.0,0.0,1.0483453455687068,-0.09322591723176356
2026-01-15 00:00:00+00:00,0.019187737065540222,0.01966794973019314,0.0001796153865530624,-0.00036330935982448854,-0.00029651869138156393,0.7266187196489771,0.9792724687228008,0.09236639690482991
2026-01-16 00:00:00+00:00,-0.0032147454493832717,-0.0033274579774223725,0.00011271252803914645,0.0,0.0,0.0,0.9419475143131056,0.08932609959960612
2026-01-17 00:00:00+00:00,-0.011606505420529656,-0.011752547165681795,0.0001460417451521608,0.0,0.0,0.0,0.9464549831918934,0.078484483011424
2026-01-18 00:00:00+00:00,-0.019770836687428406,-0.019466726673741132,9.755934142664723e-05,-0.0002171380551887955,-0.00018453129992509874,0.434276110377591,0.9979463190944239,-0.022943879243727462
2026-01-19 00:00:00+00:00,0.010438412193888968,0.00902109454431026,0.0014173176495787768,0.0,0.0,0.0,0.9610994430256778,-0.013778954294886648
2026-01-20 00:00:00+00:00,0.008127549247631594,0.007390387934601653,0.0007371613130299729,0.0,0.0,0.0,0.9455980749715769,-0.006337061580206149
2026-01-21 00:00:00+00:00,-0.006653296908096684,-0.0066481979462661095,0.00022161348523772035,-0.00012993246153764537,-9.677998553069539e-05,0.2598649230752907,0.9448230300782182,-0.07239183213671226
2026-01-22 00:00:00+00:00,-0.004261366159557078,-0.004362666286826095,0.00010130012726899573,0.0,0.0,0.0,0.9659815526830463,-0.07708297721411617
2026-01-23 00:00:00+00:00,0.001266501257921826,0.0012469991729939594,1.9502084927805867e-05,0.0,0.0,0.0,0.9580517588136,-0.0757400531685095
2026-01-24 00:00:00+00:00,0.005611764083691018,0.0053429836839915534,0.00047826079416573577,-0.00012276159871451794,-8.671879575168188e-05,0.24552319742903592,0.9532145263951883,-0.1185991092429889
2026-01-25 00:00:00+00:00,-0.00749763526478886,-0.007601992818080699,0.00010435755329188737,0.0,0.0,0.0,0.9503351780164576,-0.12715445982311419
2026-01-26 00:00:00+00:00,-0.012104350073185333,-0.012048454977759606,-5.5895095425756306e-05,0.0,0.0,0.0,0.9167541792967884,-0.14090852086572767
2026-01-27 00:00:00+00:00,-0.003762056739691544,-0.0035454541047277395,-1.811503513628979e-05,-0.00010251206416874254,-9.597553565878716e-05,0.20502412833748507,0.9908899217402773,-0.19685139203578242
2026-01-28 00:00:00+00:00,0.006866129224925022,0.006762969204782087,0.00010316002014296117,0.0,0.0,0.0,1.0086884986121443,-0.188792151521999
2026-01-29 00:00:00+00:00,-0.011515086166400734,-0.011595713970528838,8.062780412810134e-05,0.0,0.0,0.0,1.006056774198552,-0.20272222943228482
2026-01-30 00:00:00+00:00,0.009536685089835961,0.010094732792261705,-0.00013630914732759024,-0.0002488970489552484,-0.00017284150614298624,0.49779409791049684,0.9330643408608804,-0.13687126932066287
2026-01-31 00:00:00+00:00,0.003556184231733761,0.0036517523492282412,-9.556811749446372e-05,0.0,0.0,0.0,0.9076475387901692,-0.1327474426092251
2026-02-01 00:00:00+00:00,0.0064445814546121305,0.006580206183005077,-0.0001356247283929305,0.0,0.0,0.0,0.8288818358282203,-0.1253593478975974
2026-02-02 00:00:00+00:00,0.01720955074115249,0.01776812528222899,6.30204093269538e-06,-0.00031947805453849215,-0.0002453985274706346,0.6389561090769844,0.9140842984368464,-0.22521249284384107
2026-02-03 00:00:00+00:00,-0.00870949768558904,-0.008682485090243679,-2.701259534532457e-05,0.0,0.0,0.0,0.9413039681500952,-0.23594998377165846
2026-02-04 00:00:00+00:00,0.0027039600293345956,0.002762286448599497,-5.832641926486207e-05,0.0,0.0,0.0,0.9075963735335116,-0.23255886744103085
2026-02-05 00:00:00+00:00,0.015516875769459704,0.01575304197163008,-7.38231509662087e-05,-8.117152560209753e-05,-8.117152560209753e-05,0.16234305120419507,0.8964236776643616,-0.22107624458392436
2026-02-06 00:00:00+00:00,0.02458187324283978,0.024702740534982007,-0.00012086729214232775,0.0,0.0,0.0,0.73437511388237,-0.1916620908267803
2026-02-07 00:00:00+00:00,-0.02235835179021395,-0.022183110745579864,-0.0001752410446340401,0.0,0.0,0.0,0.8462599357539906,-0.21873577293269356
2026-02-08 00:00:00+00:00,0.005853113610973404,0.006349255745693598,-7.200957654926991e-05,-0.00022803097656634187,-0.0001961015816045358,0.4560619531326837,0.9490749992791045,-0.1138116215081848
2026-02-09 00:00:00+00:00,-0.0008590329673058283,-0.0007459725514837865,-0.00011306041582199224,0.0,0.0,0.0,0.9439403682880311,-0.11465608741866326
2026-02-10 00:00:00+00:00,0.003349071565231121,0.0034535074027938163,-0.00010443583756275744,0.0,0.0,0.0,0.9452920397515083,-0.11083139773318644
2026-02-11 00:00:00+00:00,0.008161222620743036,0.008519400653951079,-0.00015514379003857883,-0.0001167876713352485,-8.624657183429967e-05,0.233575342670497,0.9469490413577886,-0.08881821975971825
2026-02-12 00:00:00+00:00,0.006393836822071286,0.006471620337830027,-7.778351575876702e-05,0.0,0.0,0.0,0.9276710852045519,-0.08182343373834346
2026-02-13 00:00:00+00:00,-0.009573926561630919,-0.009514796425909192,-5.913013572176504e-05,0.0,0.0,0.0,0.9448574399919218,-0.09222114866903962
2026-02-14 00:00:00+00:00,0.01700129806151285,0.017454885596863267,-5.616085876624772e-05,-0.00023299230749068546,-0.00016443436909345622,0.4659846149813708,1.0171528457343917,-0.10815328607153452
2026-02-15 00:00:00+00:00,0.01964843732297017,0.01962918043455493,1.925688841534292e-05,0.0,0.0,0.0,1.0479245199035683,-0.08681826244876599
2026-02-16 00:00:00+00:00,-0.009033087129131534,-0.009018679759272738,-1.4407369858782206e-05,0.0,0.0,0.0,1.016222782478167,-0.09671053691429021
2026-02-17 00:00:00+00:00,-0.0028287333508040247,-0.002194681504869292,-4.407636837578462e-05,-0.00031240810346457504,-0.0002775673740943616,0.6248162069291501,1.0229988387692317,-0.09720875760462792
2026-02-18 00:00:00+00:00,0.0039322280439557655,0.003983669989846427,-5.1441945890714575e-05,0.0,0.0,0.0,1.010303974998587,-0.09285994115003103
2026-02-19 00:00:00+00:00,-0.005432619932235427,-0.005346773525667135,-8.584640656825215e-05,0.0,0.0,0.0,0.9811859996425947,-0.0987431486733526
2026-02-20 00:00:00+00:00,-0.0004864306208345326,-0.00025673893090539374,-4.7519639117280295e-05,-0.0001077403528490227,-7.443169796285519e-05,0.21548070569804542,0.9870813591563157,-0.10562826196837638
2026-02-21 00:00:00+00:00,-0.011242797177546726,-0.011233713982049599,-9.083195497076712e-06,0.0,0.0,0.0,1.0122190244515419,-0.11819077081495596
2026-02-22 00:00:00+00:00,0.0011742874192635089,0.0011970812603638553,-2.279384110030434e-05,0.0,0.0,0.0,1.0088509008032653,-0.11685646647614924
2026-02-23 00:00:00+00:00,-0.0010650582470336234,-0.00018863997908380925,-9.735474271350814e-05,-0.00042402459356813437,-0.00035503893166812303,0.8480491871362689,0.9891094997872445,-0.11869956354412663
2026-02-24 00:00:00+00:00,-0.00026889683197539593,-0.0005057761809974449,0.00023687934902207085,0.0,0.0,0.0,0.9420667069013864,-0.11923740228485168
2026-02-25 00:00:00+00:00,0.006655902312808326,0.006662756940296551,-6.8546274881370925e-06,0.0,0.0,0.0,0.9303785665820132,-0.11183031370095085
2026-02-26 00:00:00+00:00,-0.0207920295234173,-0.020087694807372776,5.5301221491449284e-05,-0.00041458772008411994,-0.00034504821745180074,0.8291754401682396,1.0633238529176907,-0.17760721974526303
2026-02-27 00:00:00+00:00,-0.0038609451590990718,-0.003966802496897965,0.00010585733779887085,0.0,0.0,0.0,1.0458831580924255,-0.18227778678064285
2026-02-28 00:00:00+00:00,0.0014422900633666025,0.0014810219439767658,-3.873188061014638e-05,0.0,0.0,0.0,1.0101436792410294,-0.18053637901114195
2026-03-01 00:00:00+00:00,-0.005091595342963662,-0.004668700173885696,0.000131346073136872,-0.00029539392493327284,-0.0002588473172815839,0.5907878498665458,1.0210881708096784,-0.15278568807274528
2026-03-02 00:00:00+00:00,0.0009096522739635571,0.0008531058766630693,5.654639730059633e-05,0.0,0.0,0.0,1.005014397852607,-0.15179450198217873
2026-03-03 00:00:00+00:00,-0.000546565221336226,-0.0006274473806633031,8.088215932703864e-05,0.0,0.0,0.0,1.0427562714084886,-0.15250530345778138
2026-03-04 00:00:00+00:00,-0.011024885878935353,-0.010600957500467712,4.815584424812922e-06,-0.00024897275227783527,-0.00017977121061464477,0.4979455045556706,0.9830014161034265,-0.06556312271759157
2026-03-05 00:00:00+00:00,0.0056265349467772285,0.005568437618915715,5.809732786162197e-05,0.0,0.0,0.0,1.0295687541785348,-0.059659011585101736
2026-03-06 00:00:00+00:00,-0.0020336633667076276,-0.002008786640315411,-2.487672639225702e-05,0.0,0.0,0.0,1.0108377870118137,-0.06179346533216487
2026-03-07 00:00:00+00:00,-0.0022605493097097584,-0.0019272260629401166,-5.946018425014216e-05,-0.00013693153125975423,-0.00013693153125975423,0.27386306251950837,1.002228417057133,0.01349280188132742
2026-03-08 00:00:00+00:00,-0.003984515818993839,-0.003986120839971292,1.6050209774319286e-06,0.0,0.0,0.0,0.9934184695184889,0.009544712097697422
2026-03-09 00:00:00+00:00,0.0022656071856093085,0.0023060059055628,-4.039871995355538e-05,0.0,0.0,0.0,0.9784691023484918,0.01182392962334346
2026-03-10 00:00:00+00:00,-0.0021954678278941486,-0.0014638411866674036,9.59456721070244e-07,-0.0004137014913624952,-0.0003188846065853272,0.8274029827249904,1.0210886954556093,-0.05243081905945752
2026-03-11 00:00:00+00:00,-0.006178312759320681,-0.006386099607791177,0.00020778684847054318,0.0,0.0,0.0,1.0371675767748216,-0.059182567076547114
2026-03-12 00:00:00+00:00,-0.006261122395798013,-0.006356861773448183,9.573937765021505e-05,0.0,0.0,0.0,1.046841995347054,-0.06595236467753368
2026-03-13 00:00:00+00:00,-0.002741048930441914,-0.0022645185777362352,5.948126037917899e-05,-0.0003176312816827451,-0.00021838033140215513,0.6352625633654901,1.0238501465724792,-0.04192135323059588
2026-03-14 00:00:00+00:00,-0.002472833115886197,-0.0025239355538306217,5.1102437944388985e-05,0.0,0.0,0.0,1.0317880568131272,-0.04455546701876432
2026-03-15 00:00:00+00:00,0.0033602658988631795,0.0034172992367966183,-5.703333793340932e-05,0.0,0.0,0.0,1.0342070538781467,-0.04100039555095762
2026-03-16 00:00:00+00:00,0.0034526868004551847,0.0037815563105369158,4.468625777444049e-05,-0.00020135150736911268,-0.00017220426048699866,0.4027030147382254,1.058849603404949,-0.041361979921042576
2026-03-17 00:00:00+00:00,0.01460051241429916,0.014582656632124706,1.7855782174430352e-05,0.0,0.0,0.0,1.1109811999556558,-0.026393957977800107
2026-03-18 00:00:00+00:00,-0.004597836164653146,-0.0045543871731666425,-4.344899148650704e-05,0.0,0.0,0.0,1.0945647476133624,-0.031091297844603124
2026-03-19 00:00:00+00:00,-0.0031338640314664268,-0.0024591485620050276,-7.909341793979773e-05,-0.0003268180852377554,-0.0002688039662838909,0.6536361704755109,0.987275045801595,-0.059016403353084924
2026-03-20 00:00:00+00:00,-0.00188206075462094,-0.0018710972315999406,-1.0963523021011232e-05,0.0,0.0,0.0,0.966744069860103,-0.06100231063948044
2026-03-21 00:00:00+00:00,0.004478036965758214,0.004505164692916378,-2.7127727158253688e-05,0.0,0.0,0.0,0.9698853085972267,-0.0562452775147036
2026-03-22 00:00:00+00:00,-0.0016881105093490278,-0.0009550297816638142,-3.797962367907682e-05,-0.00039096469665544757,-0.00030413640735072606,0.7819293933108951,0.9603367863481629,-0.06867556079826968
2026-03-23 00:00:00+00:00,0.003893436512254045,0.003957703005837995,-6.42664935839723e-05,0.0,0.0,0.0,0.9425156276013247,-0.06446686016523444
2026-03-24 00:00:00+00:00,0.0009613517266240379,0.000971187291599088,-9.83556497502763e-06,0.0,0.0,0.0,0.9806660072731752,-0.06343468982504434
2026-03-25 00:00:00+00:00,0.004856748416118828,0.004923393852740849,-6.664543662207419e-05,0.0,0.0,0.0,0.9848158260696404,-0.058228494822302426
2026-03-26 00:00:00+00:00,-0.0055854362238311195,-0.005554448644483462,-3.098757934762239e-05,0.0,0.0,0.0,0.9930166991801745,-0.06414120004897894
2026-03-27 00:00:00+00:00,-1.4410429270972358e-05,2.63619273759513e-05,-4.077235664687514e-05,0.0,0.0,0.0,0.9479958014691747,-0.06411576205725741
2026-03-28 00:00:00+00:00,0.0017504336449836178,0.001715404477330447,3.502916765321347e-05,0.0,0.0,0.0,0.9213273496824327,-0.062291320756284525
2026-03-29 00:00:00+00:00,-0.004772117462898073,-0.004860728271851718,8.861080895365106e-05,0.0,0.0,0.0,0.9216552745374446,-0.06747404308744648
2026-03-30 00:00:00+00:00,-0.0025312051414055903,-0.0024994298078565387,-3.177533354900007e-05,0.0,0.0,0.0,0.9112625544719785,-0.0701510395673308
2026-03-31 00:00:00+00:00,0.006862610349551046,0.007056921976546819,-2.0113319400261162e-05,-0.00010359786454572287,-7.06004430497257e-05,0.20719572909144574,0.9330332890289083,-0.07536400467419192
2026-04-01 00:00:00+00:00,0.0036275813152388814,0.0036755759553770964,-4.799464013827752e-05,0.0,0.0,0.0,0.9532721521071287,-0.07142931307733455
2026-04-02 00:00:00+00:00,-0.0011193223248886497,-0.001128289563482062,8.967238593412054e-06,0.0,0.0,0.0,0.9545830999820265,-0.0726389089933083
2026-04-03 00:00:00+00:00,0.000833736020448228,0.001409155816681814,-5.878058323575035e-05,-0.0003051481981021726,-0.0002114910148957567,0.6102963962043453,0.9257965667755504,-0.05709732390925164
2026-04-04 00:00:00+00:00,-0.006051540974978287,-0.006137162530687871,8.562155570961209e-05,0.0,0.0,0.0,0.9367836082594685,-0.06361948234415195
2026-04-05 00:00:00+00:00,0.0037022685191663296,0.0036991693166816097,3.0992024848214517e-06,0.0,0.0,0.0,0.9416823452104759,-0.05969929022465543
2026-04-06 00:00:00+00:00,-0.012015565417110574,-0.011514163672916189,4.825798824825389e-05,-0.0003025508585617885,-0.00024710887388084204,0.605101717123577,1.0103245834788495,-0.006777018273429636
2026-04-07 00:00:00+00:00,0.003232526052287632,0.0031305854629322936,0.00010194058935525343,0.0,0.0,0.0,1.0036715555233093,-0.0036346836010647953
2026-04-08 00:00:00+00:00,0.009434183885716818,0.009245571348585502,0.000188612537131333,0.0,0.0,0.0,1.0568598027556475,0.005558448323913051
2026-04-09 00:00:00+00:00,0.008151062794305108,0.008296724624991158,0.00020022996767943933,-0.00020337019038965638,-0.0001425216079758667,0.4067403807793128,1.0112552923992566,0.012668744529339129
2026-04-10 00:00:00+00:00,0.009265035896457219,0.00920564769789283,5.9388198564360905e-05,0.0,0.0,0.0,1.021699320334838,0.021673585677920815
2026-04-11 00:00:00+00:00,0.0061201805951978105,0.00598914210321407,0.00013103849198384452,0.0,0.0,0.0,1.0292665892195205,0.027494456740516246
2026-04-12 00:00:00+00:00,-0.00017128580550962447,0.00041477301302149557,3.329001211013784e-05,-0.0003237909277929744,-0.00029555790284828604,0.6475818555859487,0.9936309366438413,-0.023043341329220854
2026-04-13 00:00:00+00:00,-0.002437827518387836,-0.0023933342120881313,-4.449330629973744e-05,0.0,0.0,0.0,0.962902953896122,-0.025498837308586843
2026-04-14 00:00:00+00:00,0.008292963865932146,0.008272173675015202,2.07901909169191e-05,0.0,0.0,0.0,1.0106343990283972,-0.017084978524021677
2026-04-15 00:00:00+00:00,0.000668121315171577,0.0012557127015874856,-3.553290459815637e-06,-0.0003068261747292865,-0.0002772119212268985,0.6136523494585729,0.9793038930398607,-0.013303865870890483
2026-04-16 00:00:00+00:00,-0.0055957254243232946,-0.005635508226547228,3.978280222392406e-05,0.0,0.0,0.0,0.9981940475951407,-0.019045950004105947
2026-04-17 00:00:00+00:00,-0.008656782037275934,-0.008692651113996799,3.586907672082288e-05,0.0,0.0,0.0,1.032864704564869,-0.027980825021537686
2026-04-18 00:00:00+00:00,-0.0030704925883252576,-0.0029112280357267697,4.344493184325487e-05,-0.00010135474222085175,-0.00010135474222085175,0.2027094844417035,1.0300285246255878,-0.02132342054929861
2026-04-19 00:00:00+00:00,0.0061690423134865835,0.006183115786140813,-1.407347265427722e-05,0.0,0.0,0.0,1.0012012558997267,-0.015047476245488203
2026-04-20 00:00:00+00:00,0.00012890482652960777,0.00015892989473966992,-3.0025068209977232e-05,0.0,0.0,0.0,0.9733997782165705,-0.014886627392626806
2026-04-21 00:00:00+00:00,-0.004502576374875167,-0.003918063256934899,3.876702201780956e-05,-0.00031164006997901956,-0.00031164006997901956,0.6232801399580392,1.0198826063465014,-0.011127790091673488
2026-04-22 00:00:00+00:00,0.003226041595855378,0.0031909453505883077,3.509624526699861e-05,0.0,0.0,0.0,1.0250844019937986,-0.00791132248566832
2026-04-23 00:00:00+00:00,0.009382973048183363,0.009363846501748924,1.91265464345145e-05,0.0,0.0,0.0,1.0235256637472183,0.0014390217141212601
2026-04-24 00:00:00+00:00,0.006152654400325197,0.006598292367608456,-7.423811726943618e-05,-0.00020136803469395607,-0.0001700318153199641,0.40273606938791223,1.0223261729397608,0.01028603142864838
2026-04-25 00:00:00+00:00,0.0008880955685861558,0.0008220082193207949,6.608734926531081e-05,0.0,0.0,0.0,1.0256483080744832,0.011098183400472169
2026-04-26 00:00:00+00:00,0.002145690258215538,0.0021490969594591372,-3.40670124362491e-06,0.0,0.0,0.0,1.0203210684361252,0.013218916659231954
2026-04-27 00:00:00+00:00,-0.0045362877369237165,-0.0039002128449088518,9.922448491377776e-05,-0.00039659972175865526,-0.0003386996551699329,0.7931994435173104,1.0355733243359264,0.0345002008344904
2026-04-28 00:00:00+00:00,0.004681725568845607,0.004734030285800488,-5.230471695481835e-05,0.0,0.0,0.0,1.0173767472805173,0.039051403167582044
2026-04-29 00:00:00+00:00,-0.006889551075969225,-0.006896188324720771,6.637248751542931e-06,0.0,0.0,0.0,1.0123421269270332,0.03237828670285328
2026-04-30 00:00:00+00:00,-0.0006187982603140796,-0.0006660773867938545,4.727912647979114e-05,0.0,0.0,0.0,1.00229449956747,0.03173184492649633
2026-05-01 00:00:00+00:00,0.010220721744740757,0.010268703570757933,-4.7981826017268596e-05,0.0,0.0,0.0,1.0027474416494024,0.041575615697840275
2026-05-02 00:00:00+00:00,0.018207709646419268,0.018207954128442994,-2.444820237228893e-07,0.0,0.0,0.0,1.0105095132209212,0.05871451302116324
2026-05-03 00:00:00+00:00,-0.003995833595747733,-0.0034963524637131546,-1.0620580588737172e-05,-0.0002578470766738577,-0.00023101347477193034,0.5156941533477154,1.0085324440169119,-0.11774781200183196
2026-05-04 00:00:00+00:00,0.011403272497101602,0.011385596434963369,1.767606213827361e-05,0.0,0.0,0.0,1.0026386250103132,-0.10516301307219035
2026-05-05 00:00:00+00:00,0.018613339300259435,0.018550375596701415,6.296370355799748e-05,0.0,0.0,0.0,1.0080868991057306,-0.08502994623552462
2026-05-06 00:00:00+00:00,0.011233492882478657,0.011323032232009159,0.000106938172789948,-9.823876116018127e-05,-9.823876116018127e-05,0.19647752232036253,1.0343814496662944,-0.0764655924462123
2026-05-07 00:00:00+00:00,-0.000269103020114958,-0.00033232658776516957,6.322356765018702e-05,0.0,0.0,0.0,1.055785350790991,-0.07681859114885672
2026-05-08 00:00:00+00:00,0.006484871739338871,0.006445811130088514,3.9060609250364557e-05,0.0,0.0,0.0,1.0393208630049497,-0.06991936192459115
2026-05-09 00:00:00+00:00,-0.009353154942613351,-0.008990961475884516,3.379616432479841e-05,-0.00021519642251104364,-0.0001807932085426097,0.43039284502208724,1.0426188284907747,-0.1364380370996106
2026-05-10 00:00:00+00:00,-0.0017156866124925507,-0.0018311430205359108,0.00011545640804340856,0.0,0.0,0.0,1.0373273024508676,-0.13850681440736462
2026-05-11 00:00:00+00:00,-0.00940509485285701,-0.009447124127197953,4.2029274340907285e-05,0.0,0.0,0.0,1.0724748085148905,-0.14935867100243694
2026-05-12 00:00:00+00:00,-0.006832964796614882,-0.006137099466248592,1.195535028404414e-05,-0.000371972151532363,-0.0003358485291180225,0.743944303064726,0.9992190507528955,0.05280390958049628
2026-05-13 00:00:00+00:00,0.010527527471592135,0.01056275210630072,-3.522463470867588e-05,0.0,0.0,0.0,0.9729906295206643,0.06270651710532298
2026-05-14 00:00:00+00:00,-0.009482915735574804,-0.009457088369055053,-2.5827366519760517e-05,0.0,0.0,0.0,0.9570603102812464,0.05375922291720165
2026-05-15 00:00:00+00:00,0.0024576426553157837,0.0029571545330762303,0.00010702665508161797,-0.0003200818782356387,-0.00028645665460647356,0.6401637564712774,1.0611503191924292,-0.06569574725203052
2026-05-16 00:00:00+00:00,-0.008600214906243964,-0.00857502752949988,-2.5187376744073426e-05,0.0,0.0,0.0,1.0292963224671137,-0.0749150604006906
2026-05-17 00:00:00+00:00,0.0010813538628893227,0.001077140106208259,4.213756681147914e-06,0.0,0.0,0.0,1.0032195614933446,-0.07375816162149358
2026-05-18 00:00:00+00:00,0.008171856746620021,0.008393341482468394,1.950904130091786e-05,-0.00012355908734453016,-0.00011743468980482128,0.24711817468906025,0.9790768906319748,-0.09821536747232006
2026-05-19 00:00:00+00:00,0.006936694883049599,0.006845549618281219,9.114526476836612e-05,0.0,0.0,0.0,0.9740364440748505,-0.09074037952768339
2026-05-20 00:00:00+00:00,0.0016859490910223762,0.001621678400336452,6.427069068590454e-05,0.0,0.0,0.0,0.9643439093332545,-0.08896870442099845
2026-05-21 00:00:00+00:00,0.02871562080776968,0.02890663145970356,0.00010034568737298107,-0.0001489611647806557,-0.00014239517452627995,0.2979223295613114,1.005255143168698,-0.20205058631139286
2026-05-22 00:00:00+00:00,-0.004740843780780657,-0.004865700936706568,0.00012485715592592617,0.0,0.0,0.0,1.0125214056853968,-0.2079019177619336
2026-05-23 00:00:00+00:00,-0.012198978592626197,-0.012240329215432286,4.135062280607507e-05,0.0,0.0,0.0,0.9792549283049824,-0.2228609226013124
2026-05-24 00:00:00+00:00,0.00480929436749844,0.005162548770609544,4.417994375236123e-05,-0.00019871717343169633,-0.00019871717343169633,0.39743434686339263,1.0060227842026266,-0.2197862216781696
2026-05-25 00:00:00+00:00,0.010202827735691367,0.010127007975165856,7.581976052544354e-05,0.0,0.0,0.0,0.9888039114999554,-0.20754170147488346
2026-05-26 00:00:00+00:00,-0.0076888390669400675,-0.007789868866249398,0.00010102979930935378,0.0,0.0,0.0,0.9969560100747791,-0.21700004879382664
2026-05-27 00:00:00+00:00,-0.0070865912968254285,-0.0068220293931673505,-1.737262551688817e-05,-0.00012359463907059832,-0.00012359463907059832,0.2471892781411966,0.9804212566131485,-0.22799793720362405
2026-05-28 00:00:00+00:00,-0.0049814580996988544,-0.004960010451819974,-2.1447647878843483e-05,0.0,0.0,0.0,0.9649928682150059,-0.23412422768578564
2026-05-29 00:00:00+00:00,-0.00380629280730993,-0.0037812983614094386,-2.4994445900544154e-05,0.0,0.0,0.0,0.9572091618920928,-0.2388145240523768
2026-05-30 00:00:00+00:00,0.018810746035617276,0.01885657916538414,8.131008002781493e-05,-7.46963255425345e-05,-5.2446884252091985e-05,0.14939265108506902,0.9630246495259054,-0.21485335059198635
2026-05-31 00:00:00+00:00,-0.027761715601471892,-0.027824127912137005,6.24123106651336e-05,0.0,0.0,0.0,0.9982808008595008,-0.24960699696603214
2026-06-01 00:00:00+00:00,0.021298366282489045,0.021192369294534354,0.00010599698795462221,0.0,0.0,0.0,0.9900055721426212,-0.22365122202527687
2026-06-02 00:00:00+00:00,-0.001481693744264212,-0.0013539928588710874,0.00014667670991061452,-0.00013718879765186706,-0.00013718879765186706,0.2743775953037341,0.9458492598639184,-0.2462256281491485
2026-06-03 00:00:00+00:00,0.03327398441180618,0.03327557259191535,-1.5881801091624851e-06,0.0,0.0,0.0,0.8622371947737998,-0.20609253573577188
2026-06-04 00:00:00+00:00,0.010210890112977156,0.010186443023432329,2.4447089544935575e-05,0.0,0.0,0.0,0.844492278705148,-0.1939259362868582
2026-06-05 00:00:00+00:00,-0.010500880940176871,-0.010319514499559883,0.00012148220469463703,-0.0001551483438163528,-0.0001477003014952894,0.31029668763270557,0.8863859542022348,-0.3018892561775976
2026-06-06 00:00:00+00:00,0.022513725300334464,0.022478616363852646,3.510893648185232e-05,0.0,0.0,0.0,0.7958118835529335,-0.2732585714012554
2026-06-07 00:00:00+00:00,0.005140561191846471,0.005036665557216303,0.00010389563463019168,0.0,0.0,0.0,0.7869751224206901,-0.26685014633773674
2026-06-08 00:00:00+00:00,-0.0075872985353693245,-0.007353347979256467,0.00018214302995474274,-0.00022670783903418223,-0.00018938574703338123,0.45341567806836447,1.0090640291362512,-0.23365757673784293
2026-06-09 00:00:00+00:00,-0.0032124876572907635,-0.0034191310291518404,0.00020664337186106934,0.0,0.0,0.0,1.0177425202300394,-0.23784076829955778
2026-06-10 00:00:00+00:00,0.002675709736275733,0.0024748994982999213,0.00020081023797578765,0.0,0.0,0.0,0.9867834158483648,-0.23473777864147513
2026-06-11 00:00:00+00:00,-0.0014063836691268206,-0.0014868804900309025,0.000274359987134735,-9.69315831153121e-05,-9.69315831153121e-05,0.1938631662306242,1.0040989224140227,-0.1971081791481519
2026-06-12 00:00:00+00:00,-0.010881487576614557,-0.011161346095498258,0.0002798585188836507,0.0,0.0,0.0,1.0536761989598262,-0.21056073931260316
2026-06-13 00:00:00+00:00,-0.0036727158333502707,-0.0039332511141631265,0.0002605352808128047,0.0,0.0,0.0,1.047959417833166,-0.21528466984237374
2026-06-14 00:00:00+00:00,0.0023681379793862867,0.0024726896133350513,0.00012655869239614335,-0.00013556238963548394,-9.554793670935093e-05,0.2711247792709679,1.0119564614313163,-0.16234391756434655
2026-06-15 00:00:00+00:00,-0.001913471210737483,-0.0020840852432811806,0.00017061403254366953,0.0,0.0,0.0,1.0486872980985034,-0.16474323424351633
2026-06-16 00:00:00+00:00,0.01648528626712853,0.016464215075390247,2.1071191738208642e-05,0.0,0.0,0.0,1.066106793205482,-0.14587424055360027
2026-06-17 00:00:00+00:00,0.005205059952494873,0.0054170750526108345,0.000168010665257723,-0.00020859506557019403,-0.00017143069980339685,0.417190131140388,1.0310616653297844,-0.13306967386934432
2026-06-18 00:00:00+00:00,0.009782343957318584,0.009643371045947613,0.0001389729113709511,0.0,0.0,0.0,1.0074714330685608,-0.1222306010418952
2026-06-19 00:00:00+00:00,0.009013072922715804,0.008846475314291924,0.0001665976084238792,0.0,0.0,0.0,0.978609695349259,-0.1123713148722384
2026-06-20 00:00:00+00:00,-0.007914220545931938,-0.007448395730934473,6.379621396504502e-05,-0.00028305548986672427,-0.0002465655390957378,0.5661109797334485,0.964674344783041,-0.16031064875960807
2026-06-21 00:00:00+00:00,-0.006753154207687517,-0.0068454749039972935,9.232069630980648e-05,0.0,0.0,0.0,0.9781313620942994,-0.16829262974428585
2026-06-22 00:00:00+00:00,-0.002097036849591838,-0.0021818787013208186,8.484185172895247e-05,0.0,0.0,0.0,0.9577267749963715,-0.170832751019612
2026-06-23 00:00:00+00:00,-0.0017672559631553009,-0.0016820551588805114,5.637996019924502e-05,-8.336150274275441e-05,-5.821926173125571e-05,0.1667230054855088,0.967571392697959,-0.17192671009097754
2026-06-24 00:00:00+00:00,0.010804042716211937,0.010857903107735918,-5.3860391523979215e-05,0.0,0.0,0.0,0.9302642908545331,-0.159347212888485
2026-06-25 00:00:00+00:00,0.008779798505369474,0.008857555778955365,-7.775727358589785e-05,0.0,0.0,0.0,0.9022653479068786,-0.14917988775399563
2026-06-26 00:00:00+00:00,0.003981734191181863,0.00473305716102496,-6.450999779857952e-05,-0.000373703905153189,-0.0003131090668912331,0.7474078103063783,0.9287229846670704,-0.20523590935141137
2026-06-27 00:00:00+00:00,-0.007555120165807616,-0.007506252705947106,-4.886745986053127e-05,0.0,0.0,0.0,0.9502663722626987,-0.21436169038717948
2026-06-28 00:00:00+00:00,-0.0054738285795377095,-0.005478815913367633,4.987333829894192e-06,0.0,0.0,0.0,0.9367034926207546,-0.22105049883861047
2026-06-29 00:00:00+00:00,-0.008117297988555428,-0.007717142414088105,-4.0331511376477144e-05,-0.00019842054860041286,-0.00016140351449044107,0.3968410972008258,0.9401701780837854,-0.22576395691234294
2026-06-30 00:00:00+00:00,-0.002416346337952957,-0.002434079359973916,1.7733022020963342e-05,0.0,0.0,0.0,0.9645798042388998,-0.228750777375532
2026-07-01 00:00:00+00:00,0.01010836362129064,0.010105695529318491,2.6680919721471813e-06,0.0,0.0,0.0,0.9373537226836487,-0.21645705522361933
2026-07-02 00:00:00+00:00,-0.004211805271494895,-0.0038772213130589947,2.1361943978305914e-05,-0.00019661853133780082,-0.0001593273710763765,0.39323706267560166,0.9654870076184198,-0.21901629263623304
2026-07-03 00:00:00+00:00,0.0034903515087505443,0.003439162302790243,5.1189205960199715e-05,0.0,0.0,0.0,1.0009061153154089,-0.21482730751653184
2026-07-04 00:00:00+00:00,-0.004640877665108678,-0.004673120408818,3.224274370931715e-05,0.0,0.0,0.0,1.034878143832668,-0.22052385214539486
2026-07-05 00:00:00+00:00,-0.0012852944882952855,-0.0007045046010544867,-5.396706145899998e-06,-0.0003398503044739348,-0.0002355428766209912,0.6797006089478694,0.9877507549349855,-0.15963649290554163
2026-07-06 00:00:00+00:00,-0.006484636190918103,-0.006456438831341425,-2.8197359576723903e-05,0.0,0.0,0.0,0.9979153172407337,-0.16717701385119207
2026-07-07 00:00:00+00:00,0.007100373056221798,0.007106034024765441,-5.660968543683264e-06,0.0,0.0,0.0,0.9877711285235551,-0.15894242928404712
2026-07-08 00:00:00+00:00,0.013264403229381827,0.013759998638551466,-2.791920178567266e-05,-0.00023383810369201764,-0.00023383810369201764,0.4676762073840353,0.9742565876807255,-0.12124472420061488
2026-07-09 00:00:00+00:00,0.004503951195551137,0.004564425947745029,-6.047475219397278e-05,0.0,0.0,0.0,0.9507944606712674,-0.1161571321984332
2026-07-10 00:00:00+00:00,0.010628643025409001,0.01065449781787826,-2.5854792469303612e-05,0.0,0.0,0.0,0.9543708688757762,-0.10439307762416403
2026-07-11 00:00:00+00:00,0.008687347543087531,0.008915897139711075,-4.693574807263805e-05,-9.080692427544027e-05,-9.080692427544027e-05,0.18161384855088053,0.9702977369396367,-0.0953987966147106
2026-07-12 00:00:00+00:00,0.0014187189622916208,0.0014546573797654732,-3.593841747383835e-05,0.0,0.0,0.0,0.9651905145573899,-0.09381104772266877
2026-07-13 00:00:00+00:00,0.006565903735204381,0.006577561666136063,-1.1657930931784875e-05,0.0,0.0,0.0,0.9578184886468755,-0.08666445558390451
2026-07-14 00:00:00+00:00,-0.005317256251048064,-0.005105595754647562,-3.1582941095360756e-05,-9.00387776525825e-05,-9.00387776525825e-05,0.18007755530516498,0.9385622011698445,-0.09527023517351661
2026-07-15 00:00:00+00:00,0.0034343043588527244,0.0033936319616919173,4.067239716078851e-05,0.0,0.0,0.0,0.9832339753192934,-0.09156215091782163
2026-07-16 00:00:00+00:00,-0.0017063548860453137,-0.0017226658114529979,1.6310925407652036e-05,0.0,0.0,0.0,0.9863700981182225,-0.09344426580881098
2026-07-17 00:00:00+00:00,-0.010025824116232429,-0.009562205710031154,-3.5584052180044164e-05,-0.0002140171770106134,-0.0002140171770106134,0.4280343540212268,0.9472079903373656,-0.1305445957852199
2026-07-18 00:00:00+00:00,0.00035009444538802725,0.0004002565910722889,-5.016214568420704e-05,0.0,0.0,0.0,0.9515610053878812,-0.13009879232960114
2026-07-19 00:00:00+00:00,-0.0016525666153306418,-0.001633161907981909,-1.9404707348769404e-05,0.0,0.0,0.0,0.9591263477529294,-0.13195001041969506
2026-07-20 00:00:00+00:00,-0.006932827064565328,-0.006654437001510254,6.064136877584602e-05,-0.0001997969369885718,-0.00013923449484234192,0.3995938739771435,0.9606212055343408,-0.1437568289869779
2026-07-21 00:00:00+00:00,-0.001967636574576992,-0.0020028724564289876,3.5235881852045465e-05,0.0,0.0,0.0,0.9732108249911154,-0.1460470689979766
2026-07-22 00:00:00+00:00,0.004179434943786475,0.004147022793016884,3.241215076951753e-05,0.0,0.0,0.0,0.986117537162386,-0.14130945254112195
2026-07-23 00:00:00+00:00,-0.0025500353255392127,-0.0020084471008567075,-2.3421175857018206e-05,-0.0002898390792496419,-0.0002283279695758069,0.579678158499284,0.9753077724678194,-0.1428975483544465
2026-07-24 00:00:00+00:00,-0.00113273477769249,-0.001071840542585282,-6.0894235107205016e-05,0.0,0.0,0.0,0.9534240644011995,-0.14413265296564653
2026-07-25 00:00:00+00:00,0.00036342780851650325,0.0004038616005638351,-4.0433792047375255e-05,0.0,0.0,0.0,0.939408482179887,-0.1436765753021856
2026-07-26 00:00:00+00:00,0.0038278083056300094,0.004329319496360493,3.9589009939382603e-07,-0.0002800459425873838,-0.0002218611382424829,0.5600918851747675,0.9619954782170054,-0.12754097254959149
2026-07-27 00:00:00+00:00,0.002669574761918758,0.0026517635553586875,1.7811206560036117e-05,0.0,0.0,0.0,0.9847987727633187,-0.12455669558327558
2026-07-28 00:00:00+00:00,-0.0028584844385582953,-0.002805305135303087,-5.317930325517633e-05,0.0,0.0,0.0,0.9431243702583575,-0.12772710666536366
2026-07-29 00:00:00+00:00,0.0011423825499559115,0.0015073532104160838,1.6506716620896695e-05,-0.0001907386885405117,-0.0001907386885405117,0.38147737708102336,0.974811307458802,-0.15645782360984023
2026-07-30 00:00:00+00:00,-0.0009404239211826537,-0.0010306113805711595,9.018745938852555e-05,0.0,0.0,0.0,0.9655335480084634,-0.15763668029541672
2026-07-31 00:00:00+00:00,0.011530489687469503,0.01147999270893144,5.0496978538074625e-05,0.0,0.0,0.0,0.9769828064392002,-0.14449063975485577
2026-08-01 00:00:00+00:00,0.0037450012025279644,0.004094499185975755,1.7219009534858037e-05,-0.00019725531110376872,-0.0001694616818789518,0.3945106222075374,0.9629936070762741,-0.11926365393849155
2026-08-02 00:00:00+00:00,-0.008021195232303935,-0.00801687781851595,-4.317413787985589e-06,0.0,0.0,0.0,0.9633785667146124,-0.12830972914468097
2026-08-03 00:00:00+00:00,-0.007257915747015398,-0.007263578952270181,5.663205254743333e-06,0.0,0.0,0.0,0.9999650139454062,-0.13656448159842752
2026-08-04 00:00:00+00:00,-0.0007153701675721713,-0.00021632121286431296,1.9167652989279308e-05,-0.00029143016289329,-0.00022678644480381057,0.58286032578658,0.9626700678786773,-0.1731481632864862
2026-08-05 00:00:00+00:00,-0.003815905274817233,-0.0038358951436681652,1.998986885089525e-05,0.0,0.0,0.0,0.9697312206547235,-0.17766199979229627
2026-08-06 00:00:00+00:00,-0.004746079600022601,-0.004801486808911159,5.540720888859522e-05,0.0,0.0,0.0,0.9767368536386463,-0.18333360247189837
2026-08-07 00:00:00+00:00,0.004301034002829773,0.005039052512411614,-3.5602811488731942e-06,-0.000399374685234709,-0.0003350835431983657,0.7987493704694182,0.9586682743660219,-0.14861991441563
2026-08-08 00:00:00+00:00,0.002728538478895093,0.0027450993940811024,-1.6560915185973714e-05,0.0,0.0,0.0,0.9562992587331576,-0.14547787304711227
2026-08-09 00:00:00+00:00,-0.0011812083355161596,-0.0011963454610997978,1.5137125583597797e-05,0.0,0.0,0.0,0.9642133048512996,-0.14684767620739944
2026-08-10 00:00:00+00:00,0.0024327145110694115,0.0026408162858690904,1.4308922521874112e-05,-0.00011120534866082748,-0.00011120534866082748,0.22241069732165494,0.9590393171716808,-0.14711168669885394
2026-08-11 00:00:00+00:00,-0.0014275316343366207,-0.0014555863135142918,2.8054679177681376e-05,0.0,0.0,0.0,0.9501253285874609,-0.14877966068454127
2026-08-12 00:00:00+00:00,-0.010687936251839503,-0.010742752160547547,5.4815908708072056e-05,0.0,0.0,0.0,0.9561336954024824,-0.16124579765126282
2026-08-13 00:00:00+00:00,-0.003783085391994234,-0.0032903957569799746,7.232511773635014e-05,-0.00031376034930359295,-0.00025125440344705497,0.6275206986071858,0.9639565996290479,-0.19938158626261016
2026-08-14 00:00:00+00:00,-0.0016091958468524847,-0.001669656863085761,6.046101623325378e-05,0.0,0.0,0.0,0.9651998561609345,-0.20137529541473603
2026-08-15 00:00:00+00:00,-0.0018725119585732974,-0.0018580877841343196,-1.44241744390274e-05,0.0,0.0,0.0,0.9546203980372782,-0.2036146540735638
2026-08-16 00:00:00+00:00,-0.0020961029408531617,-0.002068299845978506,-7.562310561300773e-06,-1.0120392156680045e-05,-1.0120392156680045e-05,0.02024078431336009,0.9771701561205307,-0.22639829235932066
2026-08-17 00:00:00+00:00,0.0012399034325831781,0.0012593774660424213,-1.9474033459269494e-05,0.0,0.0,0.0,0.9717094567174936,-0.22486011007095008
2026-08-18 00:00:00+00:00,0.0006426527637242163,0.0006224006502418619,2.0252113482275587e-05,0.0,0.0,0.0,0.9884324358707962,-0.22409369498829046
2026-08-19 00:00:00+00:00,-0.007335799981883606,-0.0072170036999116005,7.957738030485856e-05,-0.00011787880845491467,-8.049485382191055e-05,0.2357576169098293,0.972944284212916,-0.21945180593198396
2026-08-20 00:00:00+00:00,-0.017231101251593772,-0.01727100261256257,3.990136096877495e-05,0.0,0.0,0.0,1.0801151617749627,-0.24087332112974083
2026-08-21 00:00:00+00:00,-0.021616205274962552,-0.021693310561282604,7.71052863200511e-05,0.0,0.0,0.0,1.1660611460659722,-0.268367723491183
2026-08-22 00:00:00+00:00,0.004960446217274095,0.00544615134434308,4.277756547496883e-05,-0.0002834138417397074,-0.0002450688508043507,0.5668276834794148,1.1101961390899882,-0.09376971280553986
2026-08-23 00:00:00+00:00,0.014175879018843096,0.01411261146174048,6.326755710270394e-05,0.0,0.0,0.0,1.0902710457942124,-0.07854367569938973
2026-08-24 00:00:00+00:00,0.008404393178542247,0.00838908241767695,1.5310760865194885e-05,0.0,0.0,0.0,1.10817061288881,-0.06956990048464753
2026-08-25 00:00:00+00:00,0.0014126450318083794,0.0016804393184908846,-6.4831009741435096e-06,-0.00013065559285416238,-0.00013065559285416238,0.2613111857083248,1.031479696786639,-0.08552203243139099
2026-08-26 00:00:00+00:00,-0.00535218450537156,-0.005248337416416057,-0.00010384708895548357,0.0,0.0,0.0,1.004184650004402,-0.09125880380350317
2026-08-27 00:00:00+00:00,0.0004221170947968922,0.000396959020415868,2.515807438104858e-05,0.0,0.0,0.0,1.0186785299154042,-0.0908235066283302
2026-08-28 00:00:00+00:00,0.004037204667696637,0.0042647728749195405,-3.97719547285045e-05,-9.389812624723656e-05,-9.389812624723656e-05,0.18779625249447315,1.010028791955177,-0.10069474138218926
2026-08-29 00:00:00+00:00,0.0009122568888251248,0.0009438319766857229,-3.1575087860652945e-05,0.0,0.0,0.0,0.9785256467928609,-0.09965999388953738
2026-08-30 00:00:00+00:00,0.008239695164609762,0.008280178741999445,-4.048357738966723e-05,0.0,0.0,0.0,0.9813946658289797,-0.09063302663620974
2026-08-31 00:00:00+00:00,0.0025870642515499753,0.00278489184058349,-1.1550282471991718e-06,-9.833628039312666e-05,-9.833628039312666e-05,0.19667256078625336,0.9717454728074216,-0.1176689965100916
