time,OI_24h,OI_72h,TOP_24h,TOP_72h,CROWD_24h,CROWD_72h,GAP_24h,GAP_72h,FLOW_cont_24h,FLOW_cont_72h,FLOW_rev_24h,FLOW_rev_72h,COMPOSITE_24h,COMPOSITE_72h
2024-01-02 00:00:00+00:00,-0.009113704418580282,-0.009113704418580282,-0.001531492290990144,-0.001531492290990144,0.0013293897361719154,0.0013293897361719154,0.0029021652665872644,0.0029021652665872644,0.0028370953522209863,0.0028370953522209863,-0.004692698217968583,-0.004692698217968583,-0.004588470518614662,-0.004588470518614662
2024-01-03 00:00:00+00:00,0.006156073718219579,0.011312888194672022,-0.002436606887595838,-0.002436606887595838,-0.0006668497939384954,-0.0005769550143479574,-0.0014397385135500596,0.0036116417701332892,0.00940750925872913,0.004972384396245255,-0.010000315194652831,-0.005010001952137855,0.00037029494858531464,0.008100315287002724
2024-01-04 00:00:00+00:00,0.015941086656913406,0.009857771795161785,-0.003491873558620795,-0.003491873558620795,-0.001872407542234833,0.0030557802215969154,-0.01027810676321883,-0.0032409007426444925,-0.0081502591844822,-0.0016119398589021783,0.0045242745357336744,0.001640429034311719,0.009938509220790204,0.0027158998305083504
2024-01-05 00:00:00+00:00,-0.0017996984740802358,-0.001268643148547799,-0.0015612811996909004,-0.0015612811996909004,0.004928790162988639,0.005781778074585686,0.00460627919957135,0.00463947892271066,0.0044533571306772934,0.004651730449673819,-0.005280902195187287,-0.0060470595253524495,0.0021394591529226847,0.002178664886039572
2024-01-06 00:00:00+00:00,-0.004632534270667676,-0.004610106013173576,0.001818722386982774,0.002337889473327248,0.01062718983797506,0.010790167302421327,0.004373255765470541,0.0033143563190962677,0.0004448121918412262,-0.0025964807908520626,-0.0013995643762547694,0.00267828452275376,0.009620752096443308,0.0064807783053930645
2024-01-07 00:00:00+00:00,-0.0029514833437875865,-0.0032488675650130805,0.0038362528682069907,0.004420943246292275,0.0013189203122867532,-0.001043227018187931,-0.0009054967197833497,-0.003458369022013019,-0.001016750857004367,-0.0001722551578661191,-0.0007842303153225982,0.00023836612344818597,0.00122170005914235,-0.002353868307976348
2024-01-08 00:00:00+00:00,0.0009820632008314956,-6.064894651891528e-05,0.0007976199450094867,0.0010751728818663153,-0.0019323484067923502,-6.532696998140519e-05,0.0022194867161580145,0.0031486836676908325,-0.006067790689722408,-0.005503894075905458,0.0037578486081844,0.0035932937477936022,0.0024956641988129746,0.0022806558616716988
2024-01-09 00:00:00+00:00,-0.003113829892335551,-7.953932664472863e-05,-0.0051692949714899905,-0.005296139504671116,0.011939166586915295,0.010392669042765812,-0.006692830849691744,-0.002846736589852017,-0.005873203274726735,0.004939355039965232,0.005997279643467968,-0.005012144239008864,0.0024441938240786776,0.008948193392503523
2024-01-10 00:00:00+00:00,-0.003453171692593404,0.002085861257649757,-0.0004239098526434004,0.004848892014879036,0.004096088854835589,0.002765960139702317,-0.0038568080301826235,0.004034325373705183,-0.005033502366948661,-0.010116269929777544,0.0037787970588039066,0.010249544105763064,-0.008637617350053639,0.005221442404167442
2024-01-11 00:00:00+00:00,-0.0036770069170811714,-0.003095541467563079,-0.011067331590360774,-0.009312377381560544,0.022147038232061877,0.025018772494973307,-0.0035882843954064825,-0.0013498702205861912,-0.024708514947716975,-0.023553140688243435,0.02212515227238354,0.01984338585941159,-0.00039890446521195777,0.0015964497477283235
2024-01-12 00:00:00+00:00,-0.01631482230286363,-0.006333078557263949,-0.012887743959116515,-0.016426759325440354,0.015452625200589765,0.019504304185108623,0.003342052859208522,0.005731880925770927,-0.021849234920378158,-0.031664842234156,0.019442088337391805,0.029280635841813174,-0.008767875708002304,0.0025945699947420575
2024-01-13 00:00:00+00:00,0.004865006531453053,0.00720137922367603,0.004487484627217375,0.004072206723566119,-0.008216242686403308,-0.0059394431141925885,-0.0013934336533605318,0.0019941901910816018,-0.010276324474219556,-0.0012381603516034012,0.00814715504854746,0.0024169833109009,-0.0015556070323392568,-0.00015262124576798097
2024-01-14 00:00:00+00:00,0.006359266394617702,0.003713338123401133,0.00265070753564145,0.004688281263534488,-0.002144333753321903,-0.0003477601384236362,-0.0024359309203949575,-0.0007075607383462135,-0.0011145242407405442,0.0009190616871561641,-0.00041213489969171846,-0.002380565157656056,0.005445026095588723,0.004287775309248509
2024-01-15 00:00:00+00:00,0.009649058844007463,0.005666340781571133,0.0022908419653810963,0.0038879680217542845,-0.004725412835707488,-0.01613660657346727,-0.003072370172417016,-0.01133944257113595,-0.001881288007352988,0.01344513035859185,-0.00020115005280962883,-0.013371258307457112,-0.002872847966900016,0.0020126866512768515
2024-01-16 00:00:00+00:00,0.007078379263960377,0.009093116687785452,-0.0045479248813450335,-0.003744269910165521,0.005230517590990136,0.008982927413510033,0.0003652086747700789,0.0025361667383945186,-0.006904640117609495,-0.006486757948310884,0.005552256187192572,0.0063638693217449305,0.01588736935388746,0.011459036863261218
2024-01-17 00:00:00+00:00,-0.005844016789690709,-0.0063103178637740065,-0.0013815617992603002,-0.0011411918406882826,0.0025766038934385005,0.0033967238591010585,-0.0016602251332171747,0.002576584343328747,0.0033672647940929945,0.0023228840644766713,-0.004142817444330982,-0.004605758967383244,-0.00023944185356350456,-0.0021146526015221045
2024-01-18 00:00:00+00:00,-0.0021472225205556583,-0.0029692929848418315,0.004039099654208345,0.005313582605481759,0.0022370826446120873,-0.0007852143197436545,0.003977782713071143,0.0041256445512674045,0.004034237591242995,-0.005192066041773913,-0.005897071939281906,0.005543840911861775,-0.0016293782829920334,0.005140880157479044
2024-01-19 00:00:00+00:00,-0.0011175227969393298,0.006808744464133598,-0.0025262961990025756,0.002692318120110837,-0.012853436718780142,-0.00661450811804043,-0.0076464907212926425,-0.002133443205854735,-0.004195120457681223,-0.0004948077060129563,0.002859394028733586,0.0014064712638277577,-0.012015645835032451,-0.00499198182364935
2024-01-20 00:00:00+00:00,-0.006674561625115594,-0.008494647362123686,0.0026928296991692857,0.004366396100911718,0.01259467392996938,0.012214990575961426,0.013126790448571013,0.011788770027693962,0.010621356874005894,0.00812936585884616,-0.011602825547295748,-0.009736817122575459,0.006613248329215171,0.006440309021395363
2024-01-21 00:00:00+00:00,-0.002937713692282018,-0.0007895500200062466,2.397784208296727e-06,-0.00020662392677051056,-0.009680118734765597,-0.007497176167249542,-0.008684632032090245,-0.0049590813455111515,-0.005927254805239368,-0.0035211435814720415,0.005222479298280236,0.0035314304058211565,-0.01067695906596533,-0.005755506585197301
2024-01-22 00:00:00+00:00,0.0010754458642157072,0.0006989342425742784,-0.0005008773667765087,-0.00060163134729041,-0.0008643991602285128,0.001105630468110963,-0.0012813858298665881,-0.0005512701572496503,-0.004436561307871401,-0.001453269865982043,0.00211611922873689,0.0015956193842843192,0.0018993524518629012,0.0001652159503573447
2024-01-23 00:00:00+00:00,0.00545504314644818,0.00458974768822884,-0.010885708591695353,-0.01155897730577704,0.0003145217760656127,-0.0007397404388798101,-0.00857550762106174,-0.008632375916214463,0.002227985102960961,0.00386170916669748,-0.00433942494308015,-0.005063926161654297,-0.004793830470214644,-0.005093306162952227
2024-01-24 00:00:00+00:00,-0.016599203594103495,-0.005064524331775178,-0.00807537836753014,-0.007613406360073127,0.0002514398070476709,-0.009182580993237544,-0.010814465782039373,-0.007978274902346816,-0.003248451075681724,-0.002630212647513064,0.001745607942933658,0.0029806851650031607,-0.009694967737355342,-0.007467533748638844
2024-01-25 00:00:00+00:00,-0.0010244836282757852,0.0019141147723247265,-0.0006370707911752538,-0.002808298244918128,-0.0008810558262839496,-0.002915778112253631,-0.00228442893203884,-0.004149237836981068,-0.0008038718737729544,-0.003372440846821978,-0.0009349310603367078,0.0031365708465116438,-0.002464016437363381,-0.005875521925288951
2024-01-26 00:00:00+00:00,-0.003282832888692022,-0.002834159793849933,-0.006024234081768887,-0.006045642521001038,0.00032389722625159045,-1.2783797198268054e-05,-0.0033100468077346124,-0.004002098600777049,2.6224868752144914e-06,-0.000754738708425573,-0.0020037972361862666,-0.001559987731554413,-0.0012444918611441702,-0.0010720780281681108
2024-01-27 00:00:00+00:00,0.007818884082718025,0.0009676145293799898,-0.0040240951044998585,-0.0007456236361815805,0.0007624013825171527,-0.000665382555293137,-0.004234673750446949,-0.0028561502395831884,0.0020242295214940587,0.0038277642012394253,-0.00320471283530821,-0.004157186562370407,-0.0011144776284822688,-0.002399760183648514
2024-01-28 00:00:00+00:00,0.003970042987743616,0.0064142499508708095,-0.0052529650409424145,0.0007302939837574574,-0.002650448324749477,-0.004174248781693146,-0.0010496726739491757,-0.0010345533370635929,-0.006025768930542075,0.005402951922501398,0.004570380692264342,-0.005567950045964776,-0.004953582204948459,-0.0016434251789999577
2024-01-29 00:00:00+00:00,0.009668352902472144,0.005990829040656065,-0.011394600599487936,-0.013407561525411782,-0.005248258473091183,-0.0056636455618155335,-0.008206200538842578,-0.008351933661875144,-0.0037138019622195984,-0.006396238828526024,0.0036776068978743304,0.004407822473851297,-0.008270197191425632,-0.008944018757067962
2024-01-30 00:00:00+00:00,-0.006287433433321055,-0.0044911864454347805,0.001202804239317068,-0.002032130125968701,0.002323723841067604,-0.0006503995182021161,-0.0010953156439745815,-0.0029039976854103866,0.0004802355350170817,-0.001908083564290508,-0.0018963913606179217,0.002228572163206932,-0.00025740867770296383,-0.0021518825084062554
2024-01-31 00:00:00+00:00,-0.005757910199992722,-0.0006526465986163021,0.00017391546096701127,0.003836807311134116,0.01673620651941432,0.011634432189312927,0.014377698664771232,0.010051086260943531,-0.0035212626410940917,-0.0035477212790470114,0.002719710515934226,0.003292769309054977,0.011718915222070247,0.016448123279071636
2024-02-01 00:00:00+00:00,0.0022590156261734773,-0.0002857448287552078,0.0030080504151168697,0.002391764498175908,0.0006201203768274599,0.0004801804994625236,-0.00017844492708629645,-0.0012701333400321202,-0.0002467800980613388,-0.0006503913444249054,-0.0014226614980090702,-0.0022043300813701094,0.0027625626674816495,0.0002012229583905345
2024-02-02 00:00:00+00:00,-0.013352448231119252,-0.005336395956850537,0.012752128198391333,0.012590593359769198,0.013589655795941624,0.016768205771422684,0.011775168016904924,0.013833320553274353,0.009544893880701233,0.001977380442050647,-0.011763714311013529,-0.00196605824691376,0.014693047713919327,0.014803561054561598
2024-02-03 00:00:00+00:00,0.0032630638389286037,-0.007828726571742384,-0.0046029999406957955,-0.006220312619438784,-0.007332726933109046,-0.0034794548332083286,-0.008329387029385571,-4.588663122373493e-05,0.004437840104432489,-0.005473794514582742,-0.006081067293264963,0.005540610258961465,-0.004256229208115858,-0.006586426730738504
2024-02-04 00:00:00+00:00,0.007628601958758363,0.007113014769247972,-0.0016703364988863711,-0.0031270027296362857,-0.003802971882565731,-0.003956387523696203,-0.0050116739656219655,-0.004300510212886022,-0.006239455224177237,-0.0007542674655457438,0.0047497596418466514,-0.002011892983549868,-0.004573408875035989,-0.0020818484031072115
2024-02-05 00:00:00+00:00,-0.00978817604840998,-0.002335957399074884,0.003730711937866449,0.005816037176116451,0.009560809608440524,0.007195114400406322,0.00980748984348967,0.008900163593769994,-0.007038541612508831,5.1781135288253566e-05,0.006356267902290602,-0.00021645192878616548,0.012187100152385444,0.015241328465218862
2024-02-06 00:00:00+00:00,-0.001954546746359309,-0.004354786691698531,-0.0028276203373841513,0.002543138176098747,0.00088771430421275,0.0010392002513690546,-0.004771812744586157,-0.0008250783069384537,0.003742373739645366,0.013171532986680612,-0.0059258975331628605,-0.013051017884799565,0.0006728232907864395,-0.0030584901396578656
2024-02-07 00:00:00+00:00,0.006488903108620381,0.005872235090753186,-0.0011223929023237433,-0.0005317201345659273,-0.00577370266155508,-0.005260713582935117,-4.706888644812057e-05,-0.0007265860438007143,-0.002486525116265903,-0.0019171298623410493,0.00147766661833737,-0.00034207828813692664,0.0013379686825840675,0.00010804767289651629
2024-02-08 00:00:00+00:00,0.0009476483189310159,-0.0007463165191121668,-0.004267581649601948,-0.0018973286452931282,0.0019810857029685103,0.004577223467059799,0.0004661057937176416,0.0034858166195637086,0.0070672902578725605,0.007440871655243209,-0.009182153001589088,-0.006493902865061574,0.006127598756676678,0.0059297893581709005
2024-02-09 00:00:00+00:00,-0.008681228564218713,0.005572878334288323,-0.005605533119721784,0.0011012582839116103,-0.0052052021242769975,-0.006015228253578031,-0.001676050065232304,-0.006815937621249768,-0.009651751722938973,-0.005939722577633644,0.007886872648704912,0.006257959590239892,-0.004673017733309748,-0.007060481864665791
2024-02-10 00:00:00+00:00,0.013388761906567126,0.009374289683940606,-0.000811821495595888,-0.0011445705067438805,-0.009397037297906308,-0.008061047506412011,-0.010801168676741635,-0.008013867778604467,-0.008787946763383458,-0.007257470542841982,0.00705539875374761,0.0056600089220175676,-0.004529715579101645,-0.002149478805114513
2024-02-11 00:00:00+00:00,0.0075102911995004185,0.005937076424970211,0.004951661317461609,0.0032316246798753667,0.006581527302266688,0.0030784148103881748,0.006335555173646146,0.003508244503058311,-0.00753518723226998,-0.004837691421999746,0.006837250294216668,0.00441041930451358,0.00862470629670753,0.003160655538822832
2024-02-12 00:00:00+00:00,0.016227559134287972,0.003111094722655139,-0.012723426445478414,-0.006578902915396423,0.01180530713323491,0.012982289594290153,-0.004110414792943606,0.00034742517278218976,-0.0008591669280798575,0.010267081804531397,-0.0004743762658512285,-0.010224023924276682,0.005365248679063628,0.011456956220949888
2024-02-13 00:00:00+00:00,0.0026660765474295633,0.0022161018374169394,-0.010075274269917722,-0.008716381642239424,0.006043991769467683,0.006650113910483313,0.004197527733473594,0.0037471363137862035,0.015599976106524194,0.015253172534437587,-0.015379145155779428,-0.015937795217862094,0.0005990441737442342,0.0014713165050252996
2024-02-14 00:00:00+00:00,0.00041387943506254743,0.002130014282381243,-0.002746072116604159,-0.0017748270735684635,-0.0025985022590325757,-0.004093059421847234,-0.002471260066322478,-0.0033656108122442907,-0.0022565312741629207,0.00041356982649931595,0.0013834386627726847,-0.0007758248180260718,-0.010040029954370144,-0.0070255990284547876
2024-02-15 00:00:00+00:00,-0.008855526104321054,-0.001505359704961906,-0.004700672160483976,-0.003115396152877259,0.008802077759007876,0.00830494579383001,0.005711152214713744,0.005739059361045795,0.007188736679899721,0.006421959904928887,-0.009007469898933418,-0.006129187454321228,0.004010837762792763,0.01144148276858159
2024-02-16 00:00:00+00:00,0.005890010003046564,0.009199718224822462,0.011823233330574334,0.011691237181696623,-0.006968637750900508,-0.00797378601422627,-0.005049089134858797,-0.007180189198629616,-0.0077401121671693,-0.004869147161627563,0.006444622268286793,0.004023841805163464,-0.004195884270031813,-0.0022502439972904575
2024-02-17 00:00:00+00:00,-0.0034704771993619987,-0.005455594237957606,-0.002075310060103308,-0.002317759613143844,-0.001136289172244287,-0.001935067375415489,-0.0021852568730515998,-0.002261630750798882,0.0047921002627087095,0.004477272244757247,-0.00517399141256758,-0.004414969914199762,-0.004090796987042733,-0.0019622731535692273
2024-02-18 00:00:00+00:00,0.006362074824397546,0.00781988267264433,0.015765381688188418,0.015821441080115184,-0.004655630487392259,-0.0042447244441642384,0.005989492047802081,0.0020521906203634366,-0.012658832023370592,-0.014458977780832827,0.011592377947147181,0.014245935251901987,0.003223187379902681,0.0012788419322791178
2024-02-19 00:00:00+00:00,-0.0027691803833511663,-0.003356056675148933,-0.001774365422513302,-0.0015287492839608507,-0.0017011939577397106,-0.001466923057613756,-0.0010074379303253167,-0.00334145342687886,-0.0025655888157805062,-0.005707850728330466,0.0017294912691929731,0.0038394800804726348,-0.0009412789041066683,-0.0014551004915639432
2024-02-20 00:00:00+00:00,-0.031167156158751652,-0.027513176323784028,0.02183232094507459,0.020741499180532585,-0.03012667981746231,-0.014408474120468528,-0.0041402444075879785,-0.004011071911281139,-0.03079039895403346,-0.02579002253430318,0.02851953888414349,0.025931059931511014,-0.02620727230844866,-0.016462938548225003
2024-02-21 00:00:00+00:00,0.00420571498299438,0.009521415131420463,-0.008359016624698179,-0.009157228901898296,0.011814014417437901,0.021338725756075094,0.00451064961853298,0.0065635380892841155,0.018760742715010492,0.015423032386452373,-0.01884235615464125,-0.014609275164022328,0.011454650630061902,0.018140451903616572
2024-02-22 00:00:00+00:00,0.017284451751536922,0.014876853485059627,-0.008405800337028424,-0.010251082838792946,0.009946138682234151,0.009592187927225826,-0.003942408180336532,-0.0021387785566289175,0.0073700005362773435,0.008474817001698165,-0.008785931743412356,-0.009460938195337998,0.011768482500813526,0.013494017420585536
2024-02-23 00:00:00+00:00,-0.010487103356965566,-0.007970813607924954,0.0034693110868968535,0.0023365245539266333,-0.0010235016266826324,0.0012268771832071312,0.0071491881641925215,0.006545551202306266,0.007757958287658795,0.008593422688791374,-0.008308005926028428,-0.008549527971492443,0.0002545998909855296,0.00013574630809953803
2024-02-24 00:00:00+00:00,-0.005490106409695716,-0.005949232904558288,-0.015580481004249802,-0.017208001049232924,-0.008847631413529955,-0.012057998149838878,-0.01531265605159915,-0.013841595239641125,0.013013720095679693,0.008403954279708303,-0.015006443387625357,-0.008781742627909983,-0.01322891080137123,-0.013802072915756303
2024-02-25 00:00:00+00:00,0.010589729880424503,0.011417663614751827,0.0024313004061089494,0.002339148063296159,-0.016544320649335753,-0.01576940146663164,-0.010586499678182815,-0.011300698278894461,-0.01098402825466005,-0.011509077125484435,0.009607732587221474,0.009977348055390411,-0.013570032400501697,-0.013820710133922831
2024-02-26 00:00:00+00:00,0.0034929534834677867,0.007676251012087798,-0.006236706149037929,-0.006153786929698257,0.003175440080188441,0.005078207216181241,0.0009122325713846191,0.0012445562358947004,-0.0028301943028968823,0.0017533118092560862,0.0023507421056190303,-0.0016876969442523038,0.013060444881122457,0.003974378419278279
2024-02-27 00:00:00+00:00,0.012556456770613345,0.009731865616407598,-0.012102036441044017,-0.008454271957979431,0.009037423246534892,3.977170863023183e-05,-0.0032141316337397363,-0.003564068932728315,-0.00452989310804508,-0.0011553558724431978,0.0030936812152522197,0.0012685953200377575,0.013871480374700873,0.0011122485756693834
2024-02-28 00:00:00+00:00,0.020227151470986637,0.017403418528898484,-0.016488350364724402,-0.014832096014381957,0.011868674169269733,0.010680224289487672,-0.0075264392874967445,-0.008361490149264683,0.012980796470116962,0.013984401585104722,-0.014197698454643026,-0.015465440651342255,-0.0024444035299426847,-0.0023344151286529558
2024-02-29 00:00:00+00:00,0.008288981219036762,-0.011558122126258175,-0.013556030022528476,-0.010267802025309192,0.019590550460018674,0.021360947275668618,0.026203462501217745,0.0323053375467417,-0.00702442463305053,-0.014822682670252108,0.005334913027561949,0.015295544115701665,0.018511655026128615,0.023793271321961962
2024-03-01 00:00:00+00:00,0.004948920850720739,-0.002219706933868193,0.006996468056042815,0.011674806028312945,-0.017116664301550677,-0.017665664058083563,-0.013305438865994224,-0.020311697384308602,-0.004899875873563442,0.011771330215681441,0.003302977384177508,-0.011659675611799147,-0.007894522074969101,-0.013829905561762668
2024-03-02 00:00:00+00:00,-0.006535135798182878,-0.013726269339748076,-0.0007885365471674843,0.0012990596153263922,-0.002104534615556708,-0.0027016922157337975,-0.00502833713044204,-0.006403998125202093,0.003583816130287243,0.00313283238467843,-0.0041911619318235616,-0.005234273262159528,0.005932746319675886,0.004981866946970559
2024-03-03 00:00:00+00:00,-0.024342583214787106,-0.016893004640293863,0.07082117730505333,0.08558019071811485,0.020713388911040687,-0.02960010205215058,0.036054541097192416,0.035347184513208285,-0.00023686152389446047,-0.05624843812650826,-0.0013896828413672013,0.057442732339545,0.03842905144888986,0.042984851660025525
2024-03-04 00:00:00+00:00,0.01937190667249644,0.028744647739476825,-0.0006445081305026523,-0.012899887087547524,-0.01256325212563214,0.018958952421558983,-0.013879640201934662,0.011705082802479394,-0.017338118888176712,0.010056436213170539,0.016081299338502886,-0.009181181428761231,-0.004595552346601139,-0.004757641836669935
2024-03-05 00:00:00+00:00,0.0013414771085538124,-0.0013139069505608836,-0.012712511445609032,-0.013935047298186953,0.005604650229873442,0.005479266275588257,-0.011549515230758423,-0.014790601022799277,0.005823673905043902,0.004575122217892913,-0.007374884708442719,-0.007634012780199928,-0.0038328833156102693,-0.0045150158891598124
2024-03-06 00:00:00+00:00,-0.009553925701161758,0.0021610487966989833,-0.004670825817469693,-0.009420422779216842,0.027827994392043198,0.026704422912399828,0.007058395946912821,0.011553963325398264,-0.01979716699025058,-0.04072595854230188,0.017675433668257412,0.04168562221039829,0.01628027564168688,0.01579965640447467
2024-03-07 00:00:00+00:00,0.01603680008802999,0.02770128525500426,0.005183049064992229,-0.005706518070578426,0.012474886287585196,-0.0026980338826509964,0.010453977454500274,0.009560122748037081,-0.00030133084443850766,-0.02026874793391431,-0.0011024263935223155,0.018432586798006412,0.022341687209060268,0.02563146197793076
2024-03-08 00:00:00+00:00,0.007364764295200832,0.011735345714621648,-0.03276729359988784,-0.0324127775728319,-0.0028289687399652985,-0.01068022083775988,-0.022473835661440567,-0.025190007716846763,0.012614457125713852,0.010513507041791215,-0.012673353141362975,-0.011607568279647706,0.001717690685598905,0.0005145993203230503
2024-03-09 00:00:00+00:00,-0.023020330396752886,-0.008737075055530563,0.006866937845288579,0.009636586390447732,-0.015161335448875768,-0.008367486540969193,0.004913925040841871,0.002486308639512158,-0.012046774204224064,-0.02142541347612803,0.011549625170735878,0.021493786783203683,-0.0038636955213360302,-0.0021530410881773765
2024-03-10 00:00:00+00:00,-0.008268295089725708,-0.00259504783182285,-0.006971678134967796,-0.0026521391824543272,0.006034465824368285,0.0018406498369691882,-0.01213232138177922,-0.0021743765357301603,-0.0026235148640194605,0.003144364020464252,0.0026050717659773515,-0.002863698389654168,-0.006267282323834222,-0.0017448103774402313
2024-03-11 00:00:00+00:00,-0.013037474864843968,-0.011949756810838652,-0.003436614679485528,-0.004555596270690243,0.019341643383907314,0.019704211898731616,0.033305568162804944,0.029173751242838275,0.009861577202772365,0.0080355956329623,-0.011386874085975496,-0.009041221870593974,0.0217927107133169,0.02427139224243957
2024-03-12 00:00:00+00:00,0.010964564494451157,0.004382108151870678,-0.007851545920854797,0.013964223546690357,-0.03714909136012179,-0.018876789216420997,-0.036951879661946685,-0.02906184788904209,-0.039232216526029595,-0.051600983407473655,0.04079622476467937,0.0514170811755037,-0.03588678965412906,-0.024919275223507675
2024-03-13 00:00:00+00:00,-0.017134842980200404,-0.028236184821793686,-0.028905323797665528,-0.03363922307677791,0.011331724405523769,-0.005867439460332302,-0.018842322891271968,-0.006098457233186583,-0.010105132775336867,-0.013872466918188331,0.00962839773194335,0.010402629832157562,-0.011039952726669244,-0.004271678403008017
2024-03-14 00:00:00+00:00,0.008576208828645626,0.010448463151581544,-0.026984090077472933,-0.026403360939317944,0.014413923603032508,0.01644045264585281,0.01846048861127847,0.014022633379983107,0.021395597193546223,0.018043543240065185,-0.0193436008657909,-0.02075992596215437,0.019541068843773823,0.01813345269906086
2024-03-15 00:00:00+00:00,0.005032066684306891,0.00803161068661895,-0.002997943523858737,4.795894514608712e-05,-0.0017168388902716325,-0.009005238328125942,-0.008758990153451274,-0.004140167572596387,-0.014379418463818294,-0.007967245221023878,0.011515784049556999,0.00708896024161243,-0.005007858421914424,-0.0005849208702679576
2024-03-16 00:00:00+00:00,-0.016419846605956523,-0.011833008403974055,-0.009433792807963637,-0.013528799631361443,-0.007106681136979209,0.021922128748966374,-0.01546494485263128,0.008212447887044227,0.00041414813520956884,0.0035472988155944574,-0.0006660906666141608,-0.004426348850331219,-0.007426901793259888,-0.007530939136061066
2024-03-17 00:00:00+00:00,0.009539082483624561,0.011006768515151144,-0.00031629375543151816,-0.0038023083616204323,-0.009549675523767287,-0.012705521727332303,-0.008380828896188297,-0.013258214781202371,-0.011134191690753248,-0.006967364499860351,0.00877024248888536,0.005048727262249253,-0.00810359253118842,-0.007627598367236144
2024-03-18 00:00:00+00:00,-0.02481237668539049,-0.009493087878528983,0.01675665362540113,0.011685407779672863,0.011090239811360814,0.0115893489512362,0.007083277313646441,0.009328130718984307,-0.00895830253457508,-0.003489065649236789,0.007246661045750891,0.0032877152879606797,-0.005649125252298548,0.002942216932461106
2024-03-19 00:00:00+00:00,-0.011774503377752987,-0.00812178075931258,-0.0026254471953413017,0.002281849825656268,-0.008202993554027316,-0.007605411848340848,-0.013439603679279766,-0.00319003497892667,0.0037944808481413794,-0.001145096544814983,-0.004973643094788982,0.0014858213002582055,-0.01406441073228848,-0.01591078584422967
2024-03-20 00:00:00+00:00,0.008664126941953176,0.014489593143686363,-0.0033236354586312356,-0.00454394732721175,-0.00520680447537647,-0.003513793058364967,-0.0013267475737993584,-0.0042308159045409965,0.010448024554682078,0.012874700150444784,-0.011658210567170535,-0.01575055115453683,0.005538577702802305,0.0012221216636281174
2024-03-21 00:00:00+00:00,-0.002404670093046568,-0.02026252829991948,-0.01459061373928483,0.004839303347196955,0.009590944190354111,0.0021469575905819216,0.008953808373904026,0.002911980053710961,-0.011128501581477379,-0.02379841177954134,0.007882232825551005,0.025910029787513444,0.0113262346720171,0.0021030094447480607
2024-03-22 00:00:00+00:00,-0.0018709221318984337,0.021238272076623543,0.01891961981153334,0.0022497525107585403,-0.01187264612461314,-0.012626895768140356,0.0007459184194418267,-0.0037320628332619954,-0.0007619216446618227,0.008384229391935616,-0.0008462825311337241,-0.008065280453066204,-0.004719683120773754,-0.0002070610843378784
2024-03-23 00:00:00+00:00,-0.0027766998408298438,-0.00908759440947049,-0.0014440533730901706,0.002661659957079676,0.013550976462677333,0.012535501063794197,0.0069197812159609295,0.009653187823075227,0.006299541254163987,0.008213469914974736,-0.007945352929147886,-0.010291330153500589,0.00551940792221961,0.00017047924065871634
2024-03-24 00:00:00+00:00,-0.014342269718066403,-0.012949116147378925,-0.008073079557924245,-0.0068444676142801475,0.004809609644078394,0.008642102042411226,0.006452121505314823,0.0026736452224345175,0.0021077822553592362,0.0004988419160529833,-0.0036454290413918677,0.0003691827072120901,-0.0012296885494154086,-0.008009176978015176
2024-03-25 00:00:00+00:00,0.002543358104733162,0.0025812517711272243,-0.00954097816712629,-0.00442462884798589,0.0051177742537809046,0.004343766907291213,-0.004410523185484183,0.0017533735619745805,-0.007583373170318319,-0.0070382250075167185,0.005743078432181026,0.0073525985691158535,0.0037792486386762913,0.0035906873429816244
2024-03-26 00:00:00+00:00,0.01089992302448084,0.010937841548844807,0.004013193530161052,0.004996257916856539,-0.001061289745715066,-0.0018242962819833286,-0.0028539113232666224,-0.0033206814646992155,0.00026680576243709453,-0.0006305973678085719,-0.0018192686542507497,-0.0008633593256548444,0.0024223921702823947,0.0012174150743051726
2024-03-27 00:00:00+00:00,0.0013579040051243663,-0.00959731441560241,0.00313319976429538,0.007669096690201549,-0.004979898297629015,-0.009318499758932064,-0.006895751559511387,0.001331229072724316,0.0015956554085965191,0.0004961696142111727,-0.002083786476502092,-0.0004834800346126267,-0.007273323998597259,-0.011718093086205639
2024-03-28 00:00:00+00:00,-0.017025821896907822,-0.01809127622297446,-0.008511508199146478,-0.02160972076251011,0.023018274550432594,0.022985317748613676,0.016196782186641334,0.01718969228022771,0.016818538593042387,0.015602286685400868,-0.017649526670530546,-0.015706321255796962,0.02074593066569297,0.021323653886958116
2024-03-29 00:00:00+00:00,-0.004920770923804163,-0.0042193495660326485,-0.0032065187167881204,-0.0003067212762613014,0.0043120244145431474,0.0015638719883483976,-0.0028205188387683267,-0.00429348840764876,-0.006375917093741412,-0.0049471790851600694,0.005131030319195817,0.003655296322241375,-0.002435978136681838,-0.0026506089770330643
2024-03-30 00:00:00+00:00,-0.015193722081208172,-0.018707457308658082,0.0031476456626942095,0.003298610551303538,0.005076750178207412,-0.0013688084630061326,0.0018302612714664601,-0.0037183355221105385,0.018929193396974853,0.016857066295048018,-0.02003568364234587,-0.016691215357193978,0.007704502123179413,-0.0035640850364967447
2024-03-31 00:00:00+00:00,0.011203643427088794,0.0035714461875127057,-0.00430735002569671,-0.003045239376780029,-0.008042058748842562,0.0010143212233222343,-0.00694632556359831,0.0010237903506307156,-0.011758259564943252,-0.008387156436203691,0.011514089178535691,0.008574378776097014,-0.0048980950019253955,0.0010812551660377423
2024-04-01 00:00:00+00:00,-0.00792986310554833,-0.009593112458969433,0.018350832044980114,0.018113870243984254,0.009825808050619056,0.009098707325138733,0.018305795173964023,0.015725128466029803,0.006012499884572087,0.004981764583109172,-0.0070689740043377025,-0.007025641947049466,0.0216126175350293,0.021019864646994346
2024-04-02 00:00:00+00:00,0.0019722874653467226,-0.00017444170514868684,0.00023560658667975964,-0.0004998930456786566,-0.005564779808315157,-0.0018580650248491981,-0.0002728292833990009,-0.0008696328640044326,0.006864446841504002,0.007361780784298277,-0.008818971271389864,-0.007472399087777082,-0.00042981829504540325,-0.004938524881680895
2024-04-03 00:00:00+00:00,-0.02360617078770655,-0.023840436473337,0.021191773599329666,0.009543219751207088,-0.013302227945756862,0.022341148127802413,-0.00016085900274431797,0.023813543672273285,0.02883003479529278,0.021063623576058177,-0.03092601129590966,-0.021971050508630907,-0.013493325067369333,0.0075535360161818055
2024-04-04 00:00:00+00:00,0.005521565283446828,0.003124380739528698,-0.013915114161302422,-0.015431403561886547,-0.006032074235380658,-0.006683512011518178,-0.010914034182891164,-0.013759418527403477,-0.007579322384370091,-0.01023300566313634,0.006671026963361637,0.009717070614812862,-0.00315125841505004,-0.0038523244267052448
2024-04-05 00:00:00+00:00,-0.0018266152803636526,-0.01036562344073444,-0.00492970431917561,0.004192064776900928,0.0162703460996505,0.01451862946322846,0.0015500456089794223,0.004835705049735628,0.0025342972278450393,0.008463247044894429,-0.0027160594643057534,-0.009106618502744301,0.017172633884052324,0.011080106595789951
2024-04-06 00:00:00+00:00,-0.006503489213185554,-0.007898371164302809,0.003362674261769172,-0.00017392591336562457,0.0006010287924158586,3.640686470407495e-05,-0.001327441025983589,-0.0004828037276151109,0.005603956327816517,0.0013599559347101664,-0.006166700044319073,-0.0016401119314394252,-0.0015531007108261496,-0.0014962926359930462
2024-04-07 00:00:00+00:00,0.00279928735732371,0.0022341121297275723,3.6487131252815885e-05,0.007060513881746333,-0.002141714765584446,-0.0009924477960915334,0.00015848900250814424,0.004055160329482055,-0.005174815381808862,-0.003798907939366436,0.0019602718848630296,0.0010570397736393566,0.004384297623196476,0.006613309246216614
2024-04-08 00:00:00+00:00,-0.004568702483990994,-0.004074404447314106,-0.004397729124018035,-0.006808809170850583,-0.010052499009519211,-0.006991927625032646,-0.00648464241185398,-0.008096534502240127,-0.002508961475326643,-0.0004943020261499731,0.0011720903761809343,0.0006171470052871442,-0.008983773807591744,-0.008951472826638551
2024-04-09 00:00:00+00:00,-0.007761668309150482,-0.006800589809945912,-0.005233547234147817,-0.009137180664699707,-0.005116186771582432,-0.004530593238312841,-0.008076434331809046,-0.008560056333875576,-0.011437698124276419,0.004650788442661424,0.01111954720363939,-0.003711013861137147,-0.005988002961391459,-0.010805658477144764
2024-04-10 00:00:00+00:00,-0.005785182731331773,-0.004126163679467387,-0.006357733376120889,-0.00656780922167266,-0.0032867752797138827,-0.004063567995807871,-0.011520747024367672,-0.011435806779104274,0.006120509000032248,0.001875338263807702,-0.008392947462260159,-0.00526436776439132,-0.010888088059604284,-0.011981689279869756
2024-04-11 00:00:00+00:00,0.0025998904682051904,-0.00019965168778213194,-0.004354140171037191,-0.005348412426132043,0.004766392917441742,0.0032895351299202513,0.005899476726673347,-0.002475909918447261,0.008815495432439757,0.004964309093772545,-0.010115319919878907,-0.005044425715178602,0.013951238247541298,-0.0033797695501712743
2024-04-12 00:00:00+00:00,0.0014422580275814667,0.0010638019045052793,0.00888639132358704,0.005433067887998133,-0.001847894376457604,0.004004261028722311,0.0074025971207709595,0.005729614278860984,0.012184531935904408,0.00258586988506182,-0.013008946841163938,-0.002666642124387719,0.004811459527915618,0.003070004069482879
2024-04-13 00:00:00+00:00,-0.012780609438563961,-0.011763592687020763,-0.014094856023499025,-0.014501385583528315,0.017848130560935038,0.01956237099176028,0.013224550740993601,0.01621112742445452,-0.004163814207993499,-0.0029855094419826145,0.0016355193946124835,6.475379262749215e-05,0.020808008756916907,0.02041746527987942
2024-04-14 00:00:00+00:00,-0.0026575064711337193,0.014985266208987102,-0.018977719389796532,-0.013770557499073632,0.01460119310753627,0.002021814583167192,0.004478133081802449,-0.0010295025631456012,0.0026447392213237997,0.008101576107427011,-0.0046959480974434475,-0.007975553743623354,0.001265458583464829,0.008683482685496458
2024-04-15 00:00:00+00:00,-0.0038631450502274456,0.0032405279391614084,0.008556969536123837,-0.005930564655390214,0.0094802948115289,-0.006262269580056823,0.007649476525467103,-0.012601404872516486,-0.009309564403255699,0.0007249608685906406,0.007703275794496367,-0.0008015681459214719,0.004302646411785238,-0.009861027663180866
2024-04-16 00:00:00+00:00,0.0008893285192967948,0.0023563398326309493,0.004274423398145988,0.003981869653505443,-2.33062692923669e-05,-0.0005910107794636632,-0.00035929993047334463,-0.0007012609704251105,3.588528988407447e-05,-0.0012206364126302605,-0.0007427353661534353,-0.0014198782745874494,0.0016583364824707125,0.0012937784350608439
2024-04-17 00:00:00+00:00,-0.00955568700664755,-0.007118985667715072,0.009772644080354054,0.012078735464837065,0.004028417798531692,0.0041791260990555745,0.009710646877522988,0.0037372756291587095,-0.008200989826096627,0.001508908570636791,0.006096220205152214,-0.0015259251873794843,0.005885468960641349,0.006270151997717965
2024-04-18 00:00:00+00:00,0.006987195136105351,0.00815054405158322,-0.0008772606182498865,-0.0014034470370748453,-0.006973042565167176,-0.006325286494345939,-0.009058911654181157,-0.0062152800086732185,-0.004536495403529517,0.0031001612743646323,0.002864157315426885,-0.0031585172222359237,-0.008311685021343607,-0.006659834831374778
2024-04-19 00:00:00+00:00,0.0036882331765915044,0.003751105418876577,-0.014231302443665994,-0.01136012149875254,-0.002134663996405828,-0.0010743599798820336,-0.008251558575921525,-0.00818548232294436,-0.0010125347600755674,0.002890405173100463,0.0002920297464201749,-0.004817773358643307,-0.005779651376685013,-0.004570289882702805
2024-04-20 00:00:00+00:00,0.006725336600585052,0.004399809415487788,-0.002678957858652131,-0.000851489693424301,-0.00501395957152706,-0.00300801983123411,-0.00046165873766035315,0.0002854392222111368,0.006846859974920072,0.0017688496876393511,-0.007581465841786317,-0.0017938417488858605,0.000888762007111632,0.0025413989936404757
2024-04-21 00:00:00+00:00,0.0035297907150855234,0.010096008464382411,-0.0002629688709366862,-0.004135878384939784,-0.012578114292575382,0.00040576737325115353,-0.01026843613541395,-0.0031291334576152297,0.008863611527675452,0.0056082098132099745,-0.01014485462111614,-0.005591202083054636,0.003308069573888739,0.005691076226413294
2024-04-22 00:00:00+00:00,0.004352697360739954,0.004285194163805572,-0.001084162898185137,-0.002107755790065169,0.0026754649631912653,-0.0009276546731885604,0.0023006873467525946,0.00012788729403556687,0.00028240644879740096,0.001672351015502338,-0.0010908424661411065,-0.0038708092766980284,0.003234243728186925,0.0004642612387724121
2024-04-23 00:00:00+00:00,-0.0008088817149786154,0.006094638234386718,-0.014736736061847666,-0.014185923673086798,-0.009536404824313283,-0.009637089232074403,-0.013998943993918322,-0.012365543491325792,0.011507170258961752,0.010446323770400001,-0.012429739536469864,-0.010792151584376075,-0.011257484653336758,-0.011679041219876174
2024-04-24 00:00:00+00:00,-0.00433308135295063,-0.0013955092538615599,0.007160202321916165,0.007473413637170578,0.009383119021880493,0.008884193869980184,0.009894979653477298,0.011775154439687796,-0.0045356110158625285,-0.007278419164249872,0.004080573550716782,0.007375342468361135,0.007930741372345285,0.008987885722136602
2024-04-25 00:00:00+00:00,0.0016292238456139252,0.0027443301383345275,-0.0010699429633206359,-0.001751174448595627,0.0033427984979319536,0.002539561194351725,0.005371746634256658,0.0037202861082024086,0.003102962055970604,0.003112545256162891,-0.004468000252404791,-0.0038926935571369503,0.0030746148057327893,0.0037332261235414332
2024-04-26 00:00:00+00:00,0.005109842741486181,0.002351482510274172,-0.0007784954413664336,0.000595902097066503,0.002749721853960274,0.0010134559554164646,0.0032402368622699296,0.0028741704372226007,0.005198202958512255,0.00020813340156378146,-0.006348215951714198,-0.00027347329908289364,0.005392403329197437,0.002616534794860126
2024-04-27 00:00:00+00:00,0.0021342800160564224,0.002210885202000634,0.01208582969591876,0.014752150257936192,0.0028113281552264446,0.004759459221366669,0.00927933434153183,0.01171312892300258,-0.004985498382464093,-0.011346414168745822,0.003909759838771842,0.011779653884491648,0.009218326438398483,0.004498926514931112
2024-04-28 00:00:00+00:00,0.010711770074036009,0.010597947423445886,0.008101346346611749,0.00783003594814402,-0.002274333908448778,-0.0024297860791367976,-0.0014520359665718408,-0.0010689879741224706,0.003128059751905665,0.0008361061836437145,-0.004935336084985531,-0.001861957363017419,0.0009035326745452377,-0.001744607481598992
2024-04-29 00:00:00+00:00,-0.0013742654192450132,-0.0003627681051281417,0.009317369848767187,0.009332271363013955,0.008865640940963537,0.007264465013107069,0.012336390579210654,0.01092885077837269,-0.0035417622168204543,-0.005012750174404945,0.0024298477783002426,0.005040832724829469,0.005686564301639052,0.005011973260316882
2024-04-30 00:00:00+00:00,-0.012035064645630866,-0.01124917071656073,-0.016221334914920393,-0.016459888799532307,-0.0027154114333934887,-0.0048566012056573404,-0.012348107329433478,-0.012429453478414731,0.008700290457826387,0.006424573392860067,-0.009755197943379312,-0.0063978339147007235,-0.01435289052145905,-0.01348737721763904
2024-05-01 00:00:00+00:00,0.001786517554311251,0.0011586844363682403,-0.00486368106444679,-0.0034914569278837737,-0.008445271804441212,-0.008516263862407891,-0.004555821994749687,-0.004662082168282677,-0.004983063062084292,-0.005125225950150192,0.0024646591231716197,0.0028515838015317208,-0.0009703883525584711,-0.0012990869435319796
2024-05-02 00:00:00+00:00,-0.01301116024332738,-0.01656025755859125,-0.007245682338742343,0.002141091911410875,-0.010533383499106153,-0.015375899436329776,-0.008217234776319082,-0.01229667243191912,0.011888592232135231,0.010206265049820917,-0.013784511017925993,-0.010163403033190521,-0.01079196154311668,-0.01906383800689837
2024-05-03 00:00:00+00:00,-0.010849358184049307,-0.009985697092312784,-0.008398654529558458,-0.004853998452146735,-0.005529807991737523,5.273025229501904e-05,-0.007322136979341809,-0.005743523540153506,0.004951233764192375,0.0021551598907960656,-0.006717582348555684,-0.0022139203331990043,-0.009579872613491913,-0.005946099767523361
2024-05-04 00:00:00+00:00,0.009599295990974754,0.009834027249380428,0.007555638504327389,0.006431284639650148,0.012198853842522395,0.012303581809387953,0.005454045914786931,0.007120280236241783,-0.0038549192631988083,-0.0027981141170871915,0.001858873968200614,9.471470915212166e-05,0.006897568300552548,0.007127978025365245
2024-05-05 00:00:00+00:00,0.0007397820716932291,0.0005332331602350138,0.0008363552099202032,0.0009241026706141575,0.0006252054397202222,0.004694218697742114,-0.0013909043504117813,-0.000892222243960572,-0.01216007859479018,-0.004590778309585319,0.011123746541197077,0.004626567456309738,0.0007598963159947125,0.0034687764166412283
2024-05-06 00:00:00+00:00,-0.004423000343255934,-0.0027106399061951336,0.0018964760207047515,-0.0007881636726289054,0.0031526932084471326,0.0029918318067052585,0.0024147256098077108,0.004224128822275519,2.5492379639668883e-05,0.0004875250507641038,-0.001900468502111341,-0.0004631257255204302,0.0028672884399500997,0.0028140325593961624
2024-05-07 00:00:00+00:00,0.0067566192818824256,0.005659217991895726,-0.0033962070862296745,-0.0036479247793684833,9.919837906435802e-05,-0.0006080986797272203,-0.006666552761329214,-0.007137984032610123,-0.003127242934853225,-0.0031074511280749784,0.0023417485961665374,0.0011889401303146752,-2.2343038590277864e-05,-0.0010960559541958181
2024-05-08 00:00:00+00:00,-0.0019039132218182653,-0.002646618015971436,0.0014829653867165504,-0.0008981779304173543,0.007822130451258458,0.009427118956499392,0.005814678504365567,0.003226029733403246,0.0015322398706720808,0.005251941490887813,-0.003281837252047448,-0.0051993904720296635,0.005309691335691147,0.0077788481851583935
2024-05-09 00:00:00+00:00,0.0050647896020525884,0.0018139835673913751,3.2847232929400505e-05,0.0006387226089963338,-0.00205920947786864,0.00019806308690095698,0.0036722957670154432,0.002318581108572637,-0.00042762182043787345,-0.0015890909924298757,-0.0005982000445842184,0.0015546146777869474,-0.002623149373318867,-0.0009152761107101837
2024-05-10 00:00:00+00:00,-0.0005271950486270827,-0.0024299802955354277,0.0005798479780803056,-2.0046182408139934e-05,-0.0009995024676848763,-0.0010554462123153474,0.004456695834500923,0.004943315730210562,0.0002949853762361787,0.0012827452555574936,-0.0012134548397270128,-0.0031543441052663823,0.0033212570976997036,0.003046500829723353
2024-05-11 00:00:00+00:00,-0.0037463828906095786,0.0002746218690243829,-0.004559141190683347,-0.00450622665059508,-0.0005579154270864972,-3.78247500231188e-05,-0.0004088799116213071,-0.001032345063163742,-0.0015650031866343284,0.00032971601420350716,-0.00023581475698686294,-0.00027946488637287104,0.00039752538570247964,0.0007176193584761403
2024-05-12 00:00:00+00:00,0.0020882453258377343,0.0003808605262822784,0.0047295568391656495,0.0009321363486176626,0.004176450575051449,0.0023736989561802257,0.0029612259767863858,0.004860333856438803,0.0010528028179355164,-0.007415984533152953,-0.0024825002282038433,0.007444473241266625,0.0043029129800862265,0.00313080688294054
2024-05-13 00:00:00+00:00,0.0002718826292116283,-0.00036231243427109483,0.0005757624905227132,0.001100400708217375,0.0012129704405769992,0.00039889285433436505,0.0006226159012483468,0.0005570150939580021,0.0004933668849953499,-0.0011966550944840781,-0.0016273286604833181,-0.0014442845954286687,0.0025736158037024115,0.001779530545165553
2024-05-14 00:00:00+00:00,0.003383644636004046,0.0024750796508894446,-0.002940430749702405,-0.002955596840155561,0.0016876916434724887,-0.0030376980995499014,-0.0024066917415533906,-0.0037845233463242867,0.0017052510634325557,0.0034954682018346617,-0.0033458040842793135,-0.0034769852273179858,-0.0012781877516221396,-0.0013260489239187434
2024-05-15 00:00:00+00:00,0.0036726223226706267,0.005468502983141832,-0.001461964000665339,-0.001628168607496594,-0.0024189091255422124,-0.0052290604011292485,-0.007215463717126114,-0.0035872939948273785,0.0019285662900097034,0.00428629416999593,-0.0018359795753000174,-0.004391888820437839,0.0007459116127244148,-0.0007026129070526466
2024-05-16 00:00:00+00:00,-0.0019648534656604433,-0.003294072556478289,0.0015238122214229488,0.0016915502519498915,0.005857830569254485,0.0018402405404189803,0.005179872086829018,0.00451704993670643,-0.003022788847237834,-0.0024370600930910813,0.0013599137581727927,0.0007780261888847839,0.00801980864489793,0.008036174625627002
2024-05-17 00:00:00+00:00,-0.00513203194297851,0.0006388319345544957,0.00466579301732839,-0.00017523295603294464,-0.004429218516470934,-0.004497725219803295,0.0019740868755364627,-9.956766759022795e-05,-0.002900698079405517,-0.0072086302874827535,0.0016819603546491813,0.007299318273748412,-0.0012075115239400525,-0.003860382814285357
2024-05-18 00:00:00+00:00,-0.010209615067821143,-0.0026981834421271333,-0.002065065722254178,-0.003236949583204196,0.0026744199032433524,0.0003171492941076437,-0.0012987233302007573,-0.0006402288785601895,-0.006122903142821268,-0.005200949579402647,0.004959761805145346,0.0050097930201329355,-0.00613142893694707,0.001077388309646654
2024-05-19 00:00:00+00:00,-0.006189714606621544,-0.005967351717957148,0.0049507178547454345,0.003076957502226696,-0.0029605658701894466,-0.003038198267721448,-0.002164778904971243,-0.0019176456016818388,0.0035322316274797316,0.003933360699678312,-0.00509807204148327,-0.005906287720153003,-0.0030413461807268227,-0.0012524063012624431
2024-05-20 00:00:00+00:00,0.0003121622480397601,0.0024714163978314385,-0.014595918369396332,-0.012848578227421137,0.01244039100046912,0.013124430040183377,0.001225708180219165,-0.0019941981450736224,0.0026787078380903218,-8.629420549854938e-05,-0.003931989811907677,-7.651479555959018e-05,-0.00035142863313253336,0.00025354490144291475
2024-05-21 00:00:00+00:00,-0.029455077538033003,-0.02511962685923408,0.03473834068255677,0.04750552521257845,-0.003222135408816551,-0.016366467022716935,0.02058742493699528,0.011399135900790558,0.013522509980979702,0.016272439838832087,-0.014093454281688844,-0.015783995007484397,0.0025664337125239634,0.010238949896447913
2024-05-22 00:00:00+00:00,-0.0029777891696473047,-0.00490573956996021,0.00909511184258216,0.008588761666499245,-0.002395369226101396,-0.0028303525666413254,-0.009122686451052076,-0.009970850177022483,-0.008261459016063122,-0.00735641060497938,0.006394712939854719,0.004553176041085738,0.006348108732558755,0.0028779793343827187
2024-05-23 00:00:00+00:00,-0.004233872928928517,0.005480327375101179,-0.0011424730370055425,-0.007697192349827908,-0.0011877414186964863,-0.00193771559500433,-0.00376899031711031,-0.0026435416898811237,-0.007167674666473056,-0.0064549720232834895,0.006707251344701071,0.006420045244640349,-0.0016262496625499834,-0.002310835860000915
2024-05-24 00:00:00+00:00,-0.013429017470855786,-0.012866081276413643,0.011453760061936435,0.008429980998177822,0.011191787774285533,0.012711433138001826,0.016527030364868134,0.021205394919843634,-0.003168219138960482,0.000957372736047235,0.0020458262170075514,-0.0008227884306774014,-0.0005357752942368732,0.008531484642794185
2024-05-25 00:00:00+00:00,-0.007011929008338136,-0.011133134679172096,-0.00712005790099024,-0.004779814019516215,0.005361855035394214,0.005580366262063707,-0.005580424554772367,-0.004953284395726287,0.02058707065260057,0.023318676515427628,-0.02099794685381462,-0.024888580401810856,-0.001783573307200248,-0.00024871497794087816
2024-05-26 00:00:00+00:00,-0.012646825317201627,-0.013050887960513124,0.0019948269890304182,-0.0015125497843111457,0.005334401854583781,-0.004351297066518711,0.011034887605638755,-0.0019670463380432324,0.008341870172695387,0.01137235807107806,-0.009710337006428538,-0.012364096633414867,0.005172997594272699,-0.00232219793934596
2024-05-27 00:00:00+00:00,-0.0032380183272874286,-0.0036418824348745105,0.00029954934454368143,0.0014265094166501235,-0.0005679839489515226,0.004349169875755621,0.002790761663567176,0.004013232408605516,0.00037326862937003824,-0.0029445771652314434,-0.0003526016230390727,0.0028100775069106465,-0.0041182315312219275,0.0012096214805510375
2024-05-28 00:00:00+00:00,0.005737000877707565,0.00537841031315911,-0.006881700296604065,-0.00632526493605412,0.002548561264449356,0.0010657854107409825,-0.002382400326359835,-0.003970826317252429,0.00691931317827521,0.005187712546258494,-0.008144762009762219,-0.006814696543109955,0.0023181314393843078,0.0019511468764861206
2024-05-29 00:00:00+00:00,-0.005776460867812139,-0.0038214698619833953,0.005648641921640385,0.002272954650204939,0.00802266050176037,0.00809664997812698,0.007233142724589303,0.006185782492272862,0.0025522149007395356,0.0052260057049089426,-0.003868591089160156,-0.004977098334600472,0.0072523188182940235,0.007909690483234533
2024-05-30 00:00:00+00:00,0.0034896545610587637,0.0054676582291763864,-0.0041919173862905446,0.002999191165218962,-0.00430468075589574,-0.004475206534113263,-0.003760902361413576,-0.0032464628021754427,-0.005091010016508801,-0.0013896540257277712,0.004411767404105094,0.0015142862848973593,-0.005971155853132015,-0.004616824386112883
2024-05-31 00:00:00+00:00,-0.003199477580179244,-0.0037977726412865564,0.00541783825831299,0.00268116565141141,0.0027652976218515146,0.0026237898908756385,0.0026210504326342754,0.002990021131154208,0.005599125693724671,0.006241722977448294,-0.006794553831051875,-0.008384199550575344,0.0025141675960485,0.0017825763163257236
2024-06-01 00:00:00+00:00,-0.005081080389580439,-0.004905373320304385,-0.007282599139075141,-0.007652580747231519,-0.011747875547450937,-0.007856521822910745,-0.009205453803945551,-0.0045303661069610035,-0.002799736294557431,-0.004295055769867329,0.002066090029881229,0.004183095345854371,-0.011762783704816426,-0.005904769531307363
2024-06-02 00:00:00+00:00,0.000560981303978414,-0.0007326998877614788,-0.0027829031922403935,-0.0025448901032366633,-0.0007760669038412438,-0.0005124827277734889,-0.0016276956764353923,-0.0018836262412671445,0.001497021326564596,-0.0006785627261163274,-0.002558751265694381,0.0007604075809564126,-0.002406549971638472,-0.0009610377613988863
2024-06-03 00:00:00+00:00,-0.008596453363543977,-0.006088466890042832,-0.002066460983180196,-0.0018003600067305614,-0.0033623481368521,-0.0031926769395163035,-0.003486862694992432,-0.0032263851138113475,0.0023908880672551813,0.002870768605541807,-0.003952085122657212,-0.005171543268170153,-0.005998203185756612,-0.0054147062280867075
2024-06-04 00:00:00+00:00,-0.004373074519435471,-0.0032153696470857973,-0.007401131165930885,-0.007598471953034203,-7.772639561676176e-05,-0.0003761286028640676,-0.005888000048313247,-0.009232276942363171,-0.010164513308894008,-0.005670523683683704,0.009040716282425088,0.005717638984128026,-0.004678070952563562,-0.006960699885293686
2024-06-05 00:00:00+00:00,0.00534557221471621,0.010080574594300673,0.015257481441514287,0.014332941116532272,0.02716255913279153,0.02519294642290415,0.024650678769885692,0.014980830422020475,-0.014617137324050566,-0.029838665523519547,0.012957739509014132,0.029776611245192264,0.024782036061767876,0.01656373481818152
2024-06-06 00:00:00+00:00,0.0016086665490468999,0.0009495676847717238,-0.0032114917057510795,-0.0034630887592572712,-0.0006046576608869092,-0.0006596762057026195,-0.003009394660267284,-0.004591370114311766,-0.001984937378027629,-0.001377480557479216,-0.00010924713170612499,-0.0017184942470642728,-0.0009331379373811455,-0.0029750930778578155
2024-06-07 00:00:00+00:00,0.0022684698783237423,0.0009118498876898862,-0.0027385739465711767,-0.006836201679619736,0.0030846723865058934,0.0030012531010230603,-0.0006285594564146013,-0.002552395323424439,-0.0035703769564257026,-0.006045407322245455,0.001917074101830618,0.005833364630299265,-0.002566021041814026,0.0019575729011338527
2024-06-08 00:00:00+00:00,0.00042821946666316,0.0016735399866709688,0.003734026754575792,0.003891519600492943,-0.004489167371981462,-0.00609992825712391,0.00473182436924624,0.009287200988173039,0.002179398122000853,0.004388239626643031,-0.0039020868540912135,-0.0042750355895900816,0.006414540439202421,0.004137508839758386
2024-06-09 00:00:00+00:00,0.002286599886553331,0.0022108755337733044,0.00965677175182944,0.009306880268341589,0.006260252422929158,0.006432481778716248,0.014544688461266775,0.015668924346775137,0.0031332979964864283,0.002415954995514502,-0.004627867385555762,-0.005149689319356776,0.005985166977958478,0.006867937220658371
2024-06-10 00:00:00+00:00,-0.0012182455232988554,0.002235789638128871,-0.006582320846644452,-0.0030500645272732996,-0.006989337538196971,-0.006405868133041337,-0.009397949973340758,-0.009712520131627933,-0.0004982506319596292,-0.0042585031499252635,-0.0010339705406194888,0.004327614663435231,-0.0046120009899657255,-0.0024819014287530416
2024-06-11 00:00:00+00:00,0.0023219551777251546,0.00851261978365181,0.004213356901189513,-0.0033483750393032974,-0.007453860778989019,6.445696119516953e-05,-0.0006454916768530161,0.002488642335397584,0.0002175456524151631,0.010067855189010766,-0.001841584860346246,-0.010112306448535557,0.007855520213843281,-0.005176191641521499
2024-06-12 00:00:00+00:00,0.022210282542200366,0.020571077208086708,-0.013279692376939711,-0.015511097773544091,-0.01351142202853517,-0.012960088232194966,-0.019853824621301697,-0.02486579140809686,-0.002064740501127149,-0.0014137023824620787,0.0010416662467744864,-0.0013756719138295903,-0.0021501154610956696,-0.003882939294352683
2024-06-13 00:00:00+00:00,0.009813998080566932,-0.007153197229008423,0.0032919593941935776,-0.002973397687700663,0.006655072914449667,0.004927286227358607,0.0017733835906010853,0.012038614264780145,-0.0031141572438275755,0.011173777215382374,0.00165477600853281,-0.011268971070104272,0.00467451549700626,0.0027596111456038575
2024-06-14 00:00:00+00:00,0.022392998062242597,-0.008852479316348805,0.011272770246508523,0.007777977322241059,0.023084634211567145,0.004812815360221379,0.027169686701719487,0.007467967458253177,-0.025813836950013047,0.003262099517929329,0.024246064640309095,-0.003551276939185777,0.023696415555052974,0.009254995053773696
2024-06-15 00:00:00+00:00,0.007473111208061933,0.004669485245058169,0.0008573205139370543,-0.0017277380514999496,0.01150581745320678,0.01130534730010635,0.011828406222243126,0.010219430176484412,-0.00815041358640678,-0.00584920733213945,0.006284035812008648,0.002986331253362673,0.004114553112104735,0.0026589831359880023
2024-06-16 00:00:00+00:00,-0.004946788252832013,6.449133818620112e-05,0.006358328440762451,0.00752747521151087,0.007265003768905043,0.013479639051063197,0.013906038709394108,0.013629645325575757,0.01668464444311235,-0.006536515763108319,-0.01867348122216428,0.0065878893324058385,0.002552990201410976,-0.0018809128978960477
2024-06-17 00:00:00+00:00,-0.013686606690131442,-0.0012284880196615777,-0.005824280081583533,-0.0013260055752051247,0.004756873368055192,0.0045658975896329945,0.006619240336136478,0.008920802112245996,0.009126731594850224,-0.00935593840638771,-0.010170215492228962,0.00914565801854672,-0.005425485662361118,-0.0029783826855886986
2024-06-18 00:00:00+00:00,-0.0006205636302339945,-0.008284355038285729,0.0005634360138906391,0.0005671351737601693,0.0017113074301660092,-0.002852521677166542,-0.009195440168781155,-0.0085241021210688,-0.006732055871543019,0.0024859753727266565,0.006825293768727869,-0.004966645346666909,-0.0060919073336698215,-0.0081242683547329
2024-06-19 00:00:00+00:00,0.0010690721922697044,-0.017007357631162234,-0.00395607807420284,-0.0016231579571931443,0.01882971558546709,0.022860340412839575,0.017548650678119504,0.021764357203815754,0.004781549266974938,0.014176025513251034,-0.006697579074861348,-0.014510927853686573,0.011011901629031984,0.013341995481907398
2024-06-20 00:00:00+00:00,0.00790254189813977,0.008692825636364754,0.0015083706626835003,0.008197944365480492,-0.001351705511903889,-0.005248528032002375,-0.0016626528621171976,-0.002002732344011382,-0.00814422838705775,-0.0024582664345303984,0.0066697099035490925,0.002666530269143985,-0.0005679742273091426,0.004638283546472222
2024-06-21 00:00:00+00:00,-0.003145440208878525,-0.002876750170272113,0.004558080750539428,0.0031958902525088817,0.010277990246395863,0.01104146859543964,0.00654660804501761,0.006937690612739855,0.004012107641214291,0.003522107734490909,-0.004646717566093583,-0.00542172688860576,-0.0005268239812732389,-0.0010521823685980536
2024-06-22 00:00:00+00:00,-0.005928093392293832,0.0011618187871715868,-0.0008668351622668213,-0.0007022716673065199,-0.005908255557888764,-0.004894896660119552,-0.0019668456228454367,-0.0033148634014379397,-0.0006459985408147073,-0.002797047688044896,-0.00014811523321578424,0.0028790533543172625,-0.003370906881565272,0.0034975661910536804
2024-06-23 00:00:00+00:00,-0.008870248138921677,-0.004492483107889744,0.0017287722675822792,0.006034052936067624,-0.0071307146968745405,-0.008645080560644947,-0.006834570844824861,-0.006398553177154764,-0.0007804268711160134,0.006887179683731093,-0.0005658837230093638,-0.006920079331526496,-0.010156674249315767,-0.020607135277803335
2024-06-24 00:00:00+00:00,0.002677553579746972,0.002936132592348706,0.002112109465905343,0.0017995795050276264,0.0015589961512123551,0.0015378603728881668,0.001556863493440419,0.0008352358367453849,-0.0021229634721963153,-0.0019855889653525027,0.0005296946544646186,-0.00018675405557444513,0.0027124280770147724,0.0031890240287371086
2024-06-25 00:00:00+00:00,0.0006013961852040506,0.0006546056970389014,-0.008400472308794815,-0.00868549322278922,-0.0026554415378932106,-0.00037673553672279425,-0.0007475588715362136,-0.0075776938358756984,0.004609160109298349,0.009093609325686591,-0.005797506334628388,-0.009148398425153803,-0.003176937642441313,-0.006564759262931208
2024-06-26 00:00:00+00:00,-0.010887588979162977,-0.010724669636193118,-0.012148412321939639,-0.011185193785156922,-0.0038042838381774358,5.323017236746885e-05,-0.012682258063642204,-0.0048448870662082255,0.0029788771300383043,-0.00025617900057606224,-0.004161405025115972,0.00028917949344009486,-0.006394191221221757,-0.005326095521998475
2024-06-27 00:00:00+00:00,-0.009442441337239482,-0.009044979681679832,-0.007137176468656969,-0.006946054014973169,-0.004413451022501569,-0.004425429961858018,-0.00878726840842703,-0.00976336893682328,-0.007891496292152467,-0.0055000886644096525,0.0064099388348335395,0.004770921423669305,-0.011165402071800612,-0.011817595030293226
2024-06-28 00:00:00+00:00,-0.012529665078491625,-0.015176415218079664,-0.016681399642321626,-0.0193843821514037,-0.01392886047096975,-0.012984485315520877,-0.02326768565522408,-0.018408945416121036,-0.007035477253293121,-0.008578383876056472,0.00546563816368506,0.008852190322426345,-0.01928491492621187,-0.01856500203395517
2024-06-29 00:00:00+00:00,-0.009928117758359445,-0.007401840876520516,-0.005335440289310989,-0.00531277854556178,0.0021371778651007034,-0.0022446196713910016,-0.004733432996072873,-0.010201427662362206,-0.0011255610794235205,0.0009450783498050619,-9.846412503167201e-05,-0.0008405544122241926,-0.0005260896213508115,-0.008769762017176164
2024-06-30 00:00:00+00:00,0.009071648497410267,0.005000465424440881,0.007389926647442424,0.005793694100315827,-0.0032587913251006517,-0.005288466395571678,0.002566918299232057,0.0031845372502854463,-0.008513408282041723,-0.008760285436382076,0.006517385319293911,0.006250782189307635,0.005197778738277092,0.0015617606149949115
2024-07-01 00:00:00+00:00,0.005308670536191551,-0.002668764411186797,-0.006406249903683214,-0.005623004967192813,0.003667838718407257,0.0023470991054446166,-0.003143941077921486,-0.0008474615759532789,0.0037320515628500583,0.0015219603026959128,-0.004930000097819853,-0.0013402005891151036,0.0029057321418959337,0.0005802081597869879
2024-07-02 00:00:00+00:00,-0.004277391295699595,-0.0018236351439682164,-0.002927976619802153,-0.00342748521526115,-0.006080408781637625,-0.007095084304949539,-0.009669283497754866,-0.006954837384776313,-0.001069380556694366,0.012822185320050083,0.00029630481529796526,-0.012734595527873704,-0.012069834300423632,-0.008050368233881389
2024-07-03 00:00:00+00:00,-0.002243361613257444,-0.002585357574972913,-0.00585757800480724,-0.0059508216270942604,-0.012759808043600662,-0.013293307996337433,-0.014258525231858998,-0.015110431806643732,-0.00302795372188458,-0.0033374977316392718,0.0018172029080201213,0.0019148792634673395,-0.017640739823983287,-0.017251300157477
2024-07-04 00:00:00+00:00,0.0003852141509448348,0.0017097455075985035,0.0005184376955735814,0.0030446299265025623,0.007795386794922532,0.006894037892128502,0.004076439757456862,0.0049035934510774926,0.0009359896308127613,0.01063349112689771,-0.0020929103290632245,-0.01099482967124088,0.006150477901910367,0.005980364643505043
2024-07-05 00:00:00+00:00,-0.0037719479803586253,-0.0010972492259927469,0.009056048107450643,0.01343582427268597,0.00203582862649454,0.021126592969145763,0.013320766180708654,0.019250236140453625,-0.00027675343891586657,-0.001069946400396593,-0.0011901233296615077,0.000560784068884157,0.007527506134124007,0.014804949775561571
2024-07-06 00:00:00+00:00,0.004835564447451146,0.0038341052737245196,-0.0056440419780176,-0.004567867854650687,-0.0017594983944487774,0.004734942888950711,-0.005433034895133471,0.000781951442307971,0.0034130890250092527,0.002111776612458538,-0.004895332929845009,-0.005592400888585036,-0.005178829615707925,0.0006930860134373162
2024-07-07 00:00:00+00:00,0.012950241707335941,0.014684573842514315,-0.007319764489638336,-0.005073011650816639,-0.00651477976337389,-0.003723228281877433,-0.009283949112456225,-0.007165340647592888,0.01285500627692926,0.010828363417846987,-0.015364296738036742,-0.010715934576119968,-0.000707810704523193,-0.0032956631350675725
2024-07-08 00:00:00+00:00,0.0031388870051829443,-0.0081067175392594,0.009264727679122453,0.007339629622926891,0.008520052232674269,0.0035732456581554217,0.01277355280794601,0.0126702369128191,-0.0022417068132019047,-0.002712112664325028,0.0021451688615259368,0.0025433127067491235,0.010216508384672807,0.002694149920168254
2024-07-09 00:00:00+00:00,0.01758160495278549,0.017984127885149137,0.011490848271160203,0.01656170352012487,0.007207877301791621,0.008116384741432947,0.012241865508986205,0.011552237912398233,-0.001502247402522916,-0.005291912784856634,0.0012284814148626477,0.0029169404932807286,0.0023257005000045794,0.004321433531228935
2024-07-10 00:00:00+00:00,-0.0022449939189953527,-0.002532425099632696,-0.00559136791551107,-0.005439889253760377,-0.01012800899120403,-0.009021006036434631,-0.0029519597443883328,-0.00873618435690926,0.0006567450144630005,-0.0023706979864110966,-0.0016274612132478605,0.002446579578167629,-0.005400855869810317,-0.003346314245220694
2024-07-11 00:00:00+00:00,0.010149081370760316,0.0060109354754713795,0.0017779220355007563,0.002336114311941362,-0.007457795903450082,-0.00036102089285949823,-0.007441435167645616,0.0008700286671514679,-0.0062716617642673,-0.0011028033841252727,0.0041941417326933905,0.001106333124851533,0.0001364287048537527,-0.004411132609045687
2024-07-12 00:00:00+00:00,0.004750959252366682,0.005117185214797315,-0.002317859882837503,-0.0022874483305087567,-0.009946553910304079,-0.010664836487818352,-0.006994549818874485,-0.006248623540771159,-0.013969307620111393,-0.01357646886105468,0.012597938727576308,0.012769485545036208,0.0024396807949336186,0.0004623705728679095
2024-07-13 00:00:00+00:00,-0.0017143773788881322,0.0011851538190246202,-0.008711321016499518,-0.006037240867446059,-0.002172448849594666,-0.004555401163369721,-0.004312757165862102,-0.013607262487422389,-0.009461268806733258,-0.007471598391791234,0.00826761511136187,0.007480070243136572,-0.007183119328945109,-0.0031850401100891323
2024-07-14 00:00:00+00:00,-0.008404427664209235,0.014231768196137029,-0.003327469470174149,-0.004666847592061596,0.008065663422809788,-0.014350051125604169,0.00817679284229289,-0.0019090824038805465,-0.0162895189016381,-0.01596191308005046,0.014123811227420457,0.01580648288876496,-0.01079022548688735,-0.009594939978564754
2024-07-15 00:00:00+00:00,-0.0008903923603643671,-0.005091853069479013,0.002024448208858498,-0.0004588964953713415,-0.00723961264123274,-0.003408928138208811,-0.0037101205513406788,-0.001463090191269889,-0.008723855108713985,-0.008296310504290139,0.007012714014920096,0.005785475141306451,-0.00650216252088387,-0.00860806200229347
2024-07-16 00:00:00+00:00,0.0014535323640183506,-0.0012365344959115454,-0.008639507996626827,-0.007378174641168078,0.002300090569093749,-0.0040138104846261236,-0.0011128407533137485,-0.007553291636730242,-0.00929874278624998,-0.009973294634094798,0.009213588411851381,0.010884163106383626,-0.0021310933663052367,-0.0009483740563150933
2024-07-17 00:00:00+00:00,-0.008917948040338408,-0.008258407665428513,-0.008468983421699883,-0.0006013186803950354,-0.010715549926778478,-0.002507976441584847,-0.009358029226435582,0.0025047438676115696,0.002824619571724085,-0.00782739143511424,-0.003517072360939344,0.007020283710998276,-0.020835853359362666,-0.011211896119284859
2024-07-18 00:00:00+00:00,-0.0057607847415509505,-0.005366434686868593,0.003013680342088154,0.0022678212166655776,0.002267661724823844,0.0014383255449135213,0.008645704007802735,0.008898100092469274,-0.0026301104018447985,-0.0014420215600016162,0.0008122267636139213,-8.56457091368279e-05,-0.005096680546620935,-0.005284550507924091
2024-07-19 00:00:00+00:00,0.005411356981996462,0.008606163215935325,-0.0011654293498321033,-0.004879210173462933,0.0009951511202388463,0.0019391134492021678,0.0015020876176787823,-0.003502249272093194,0.005521401796924064,0.0027444172405526324,-0.007874888483872855,-0.0025786264135414516,0.0041433020467793735,0.011698109951510993
2024-07-20 00:00:00+00:00,0.006430098597904221,0.0066825401115968575,-0.0023091615209325234,-0.0005175416811286082,-0.006862854118487638,-0.004912844039992037,-0.007772755458795411,-0.0072645991070176,0.0044812062386923035,-0.0007715277717492697,-0.006553795762941794,0.00023101894798926992,-0.009731968256222134,-0.006038739786160652
2024-07-21 00:00:00+00:00,-0.004324513985969891,-0.0039956143695755175,-0.004582282941438698,-0.0038549401965821684,-0.003159792422146812,-0.0006519200891054178,-0.004012103062891015,-0.0016029569561718526,0.003416808871890442,0.0016621018310318814,-0.004636056197463878,-0.004048390579643346,-0.007519158654956781,-0.004707053675702011
2024-07-22 00:00:00+00:00,-0.00665186409494245,-0.009394874333590875,-0.019478343658736352,-0.01841762757044285,-0.012098360755038784,-0.011704073195412112,-0.01535052528645764,-0.015989343623322272,0.0019251013348402513,0.010578545373034487,-0.003441396993724588,-0.010781578318140972,-0.009105787754288275,-0.01308143272073925
2024-07-23 00:00:00+00:00,-0.005467451506051879,-0.006822281531582042,-0.00026851322497745134,-0.001498482722515404,0.014778543324804216,0.0066720592613593865,0.012750061646576771,0.007157051276551751,-0.0026024513294655716,-0.0016012275273947774,0.0014400430090528715,0.0023142544881813443,0.011168888941016863,-0.0011088001737520337
2024-07-24 00:00:00+00:00,-0.007450101699074785,-0.0071871110876963185,0.002830323836075177,0.0021538162162222374,-0.0023349421471330345,-0.001846185361672914,0.0007442897821057226,0.002767747862943315,-0.006763424159473952,-0.007085064997381485,0.004937658515655086,0.00490594523614174,-0.0025712584476736966,0.0003976616093774865
2024-07-25 00:00:00+00:00,0.006777619013241365,-0.002189843884842002,0.0009407044671232434,4.9383190900753604e-05,0.008275908660474673,0.008598184018697053,0.0012754223508077978,0.008114615003794512,-0.017320948103035305,-0.016197599071863023,0.01629675369505068,0.01613843292831918,0.0005985026061854359,0.005464904187107766
2024-07-26 00:00:00+00:00,0.0053735400229166785,0.010202013316421787,0.0022684499515430723,-0.0028663319731844217,0.0043711168095859065,0.003483322671809397,0.005690765949863952,0.00636092936644328,0.001794058246903818,0.0026319625879027697,-0.003084027213183349,-0.0022411817168012105,0.005645433796732657,0.007040821406671283
2024-07-27 00:00:00+00:00,0.004701989100089232,0.00453496905001205,0.004267732908472377,0.0044007475007568075,-0.0029669944846505425,-0.0032134149968036096,-0.0027445606101597075,-0.004218273749514112,0.008299447572854612,0.0085532308100571,-0.008623790799707542,-0.010339279513396527,0.007272486810167678,0.0066481543579985924
2024-07-28 00:00:00+00:00,0.007018670429850493,0.003305494428668565,0.0039705274028369875,0.004464162005397343,0.00479227495675727,0.005738279055375273,0.005085787675794817,0.005774388182961054,0.00372898027477353,0.00398330320990925,-0.00459686312050922,-0.004079408583940181,0.00533452413626434,0.003375150551289341
2024-07-29 00:00:00+00:00,0.005887056507795307,0.009902067808491788,-0.0002710875479502439,0.00803655477912013,0.01193321248061463,0.014226963550696636,0.008075257427641258,0.015092734127046814,0.005088491745648627,0.005992159054354129,-0.006660542713763373,-0.006141031677334596,0.011454495188839786,0.009865767459922958
2024-07-30 00:00:00+00:00,-0.002168619496902058,-0.0004805094802939891,0.0068324976305897955,0.006320260880636308,0.0026582343178263024,0.0018371842088111823,0.007607832452700469,0.0054933343605370055,0.003175172636116441,0.0007350528271534706,-0.0042903750723557454,-0.0019239761321321325,0.003770359005461854,0.0034919412613094725
2024-07-31 00:00:00+00:00,-0.0025499933267203456,-0.003976183150446566,0.0024016581422596772,0.0023442214095026337,0.0020674706516399244,0.010208132481848375,-0.0032435003665645112,0.003975583718416997,-0.005442542380612925,-0.003730143736582092,0.004235109231137235,0.0034412894646249637,6.582058444304373e-05,0.0075446631430560185
2024-08-01 00:00:00+00:00,-0.00230896418816795,-0.00606968433521915,0.0019800084382455285,0.005346774532826615,-0.0020892552805936715,-0.0022540605929830537,-0.00496521807314898,-0.005674479503891439,-0.008137216192735663,-0.012214827497048941,0.0071192366535768326,0.011420911335765727,-0.0059502714653535405,-0.006095007408997044
2024-08-02 00:00:00+00:00,0.008280920794341728,0.009844367419725275,0.0013294426631575984,0.0011476578451190544,-0.003739917260816017,-0.003714624851468895,-0.0003188045093138747,0.0018157585285409894,-0.01404011518473125,-0.014953808945632363,0.013108408686069106,0.012818235060371608,0.00011371621208877691,-0.0006462657220861479
2024-08-03 00:00:00+00:00,-0.011902003710647868,-0.004881602378056016,-0.010690893711394867,-0.0021875194580964763,0.007027248041116874,-0.004816351889458725,0.0018585248945353072,-0.00436159028994032,0.008656520288571112,-0.006311362939842802,-0.010861406193883316,0.004754020824890404,0.0014407955993045451,-0.005985503861229202
2024-08-04 00:00:00+00:00,0.004750966439999615,-0.00448188169103203,0.009618487930695974,0.0003945235988160878,-0.020774518206207016,-0.004748135788913976,-0.012681935276833034,-0.0034101331709271987,-0.012652274134256847,0.00614843906548046,0.010890998660509243,-0.006342672639955027,-0.00850617255220365,-0.0013197847181847244
2024-08-05 00:00:00+00:00,0.0006989733168212275,-0.003043542865753812,0.00021215706181676453,-0.0026701033685382347,0.007742870224671794,0.0034215762832463525,-0.007358654132370135,-0.009072082905020595,0.0019470221767914353,-0.0006233393902911333,-0.002810687488864372,-0.0017440421857316535,0.0013988830911879635,-0.004523336664321365
2024-08-06 00:00:00+00:00,0.00446287033741366,0.009314101189955126,-0.020169517700702078,-0.015112267478349262,0.011887488486340692,0.015828035073453428,-0.00292724362991581,0.0023011628132592055,0.006895181492798885,0.0071314239888999875,-0.004687116376499545,-0.006827960315397896,0.015462050931202453,0.017104436090547237
2024-08-07 00:00:00+00:00,-0.010500972535892661,-0.009628349129557345,-0.0013931329997237674,-0.0022788086098505245,-0.003308242957643981,0.00011516136064848581,0.009097870602392533,0.003405199329111319,0.0034214047584948393,0.007555090327956648,-0.006375541080149594,-0.007750371774381204,-0.0039153826573351536,0.002688196565502121
2024-08-08 00:00:00+00:00,0.01024897415337378,0.01422774622070544,0.016810624994402446,0.01789973336858619,-0.015201632822168798,-0.01653156972388614,0.01834542421391472,0.01614575302638377,-0.025388150379050733,-0.026240157340611137,0.023142830242926404,0.02399384906357427,0.02040467194787743,0.018836556383333036
2024-08-09 00:00:00+00:00,-0.008373171495187681,0.017778351950305415,0.004042163239013963,0.005467104042473192,-0.006618147298665611,0.004100867134715136,-0.0067043047985765325,-0.0024416957616577584,-0.0036989470728995277,-0.010514695880915248,0.0020577135612340758,0.009741332760937471,-0.009978158864116682,-0.002700265077365649
2024-08-10 00:00:00+00:00,-0.0077272672123471775,-0.003203704937125962,-0.003431788904625366,-0.004235192455243175,-0.00384120439500224,0.003964117645769427,-0.005272770926885717,-0.007463220299075757,-0.0014224255538282105,0.0030532927595856574,-0.00029347579640526256,-0.0027300284310787237,-0.006280769429214184,-0.005614245378535165
2024-08-11 00:00:00+00:00,-0.007770545867326173,-0.004996468887589645,0.002542033578555314,0.0026098857516554386,0.003056338538944603,0.002297009005529649,0.003012687870477704,0.002472903148771133,0.006725553086772695,0.0035668372110904123,-0.007750274753603792,-0.006494908973131985,0.0006099316448267,0.0005385809754951953
2024-08-12 00:00:00+00:00,0.007568048924480042,0.010005125780104152,-0.0031233846855416303,-0.006412714614946302,0.0012236688990423517,0.0030814644475454234,-0.002221173465576043,-0.004409098752739982,-0.007630960486810667,-0.00805068397374098,0.0060346267254014485,0.007411467487580703,-0.0003712750042753621,-0.0010162030004624567
2024-08-13 00:00:00+00:00,-0.0032916318278266576,0.017079561781337738,0.022213729318728337,0.003052991455376075,0.023857950150059537,0.021285889826942128,0.021611626329615996,0.026248314498134695,-0.010500453067993076,-0.011341772619874457,0.01021744766972743,0.012050300552191917,0.025223175867636005,0.021032277330880644
2024-08-14 00:00:00+00:00,0.0013463784149276847,-0.0010265970679564917,0.0026674272546487465,0.0055157001871599665,0.0007936769288934276,0.0009596451152675822,0.0014652817091191928,0.001072798425126198,-0.008057047501692227,-0.008948538564323427,0.007385534333205213,0.006924999027937195,0.001557835724204315,0.0020415905598691886
2024-08-15 00:00:00+00:00,-0.0031799418404686586,0.0051785504802630555,-0.010162637988119783,-0.0018417546749930347,0.014812977539967909,0.01309886593872478,0.011472227295331816,0.01173855922218725,-0.017211842420434165,-0.017346563088843858,0.015368405154359888,0.016692796371226004,0.011304207029090296,0.014127127246059468
2024-08-16 00:00:00+00:00,-0.009274829125005768,0.003403701098433798,0.007023939501693777,0.005317400478824563,0.00860555110678396,0.00410491042257366,0.012226971702931966,0.008809384971023126,-0.003030398223080155,-0.004658686114120014,0.0016347321190401942,0.004607460260983576,0.010268797190921441,0.009265565067651638
2024-08-17 00:00:00+00:00,-0.01193267160245881,-0.016664253352421055,-0.0022321412453707445,-0.0041022409549642536,0.0067500021338062766,0.006114434425474435,0.005633984847015938,0.005551354867997738,0.0024484571893341744,0.005876738247312607,-0.0033494058846164076,-0.007490388837056994,0.0034396291275438085,0.0033812402434882927
2024-08-18 00:00:00+00:00,0.0061134894297807385,0.007677423824759666,0.006843224403668469,0.006070701695163105,-0.01127999731233742,-0.01023852772673961,-0.01009235718099033,-0.00865346318652438,-0.014710715313922762,-0.013459913179336258,0.013256952837936709,0.01362418916753838,-0.011254066357249126,-0.00952448200857059
2024-08-19 00:00:00+00:00,0.0004381326274218722,0.0017710330052660428,-0.001708073106366892,-0.0016758178309475014,-0.006125059495175056,-0.006094318730126558,-0.005064085381596306,-0.0037585641878979947,0.0021058260429798192,0.0008417190020566512,-0.0041490054996480286,-0.001086050854829157,-0.005312361572665014,-0.0025579418764030137
2024-08-20 00:00:00+00:00,0.00379930779188431,0.002456728380925144,0.0031952157951764537,0.005394647926679097,-0.00036321376707793007,-0.0007972709824628499,0.006852849706844966,0.005645611004033713,-0.00015358187158032166,-0.0021998477668292438,-0.0014377407628358707,0.0008979719916599738,0.008374742384227751,0.007467438464818121
2024-08-21 00:00:00+00:00,0.0011893245927057094,-0.022636939132225642,-0.013623804994282063,-0.013541605361784281,0.010491085975787628,0.012279226463376647,0.010825403819560098,0.009708730320236558,-0.006321448133862373,0.01705382421631607,0.005496990895387244,-0.01677326813293345,0.012708128482298298,0.012646720383248766
2024-08-22 00:00:00+00:00,-0.0025174250892333605,-0.002469920229514866,-0.021769051763322222,-0.01421717011676027,-0.017639727554071727,-0.0034759469764197304,-0.014040696283693976,-0.011209359108452444,-0.011453887365141635,0.010643601328447216,0.009463388586960386,-0.010109078304639807,-0.0150918926192396,-0.007997634061707948
2024-08-23 00:00:00+00:00,-0.001960145638643329,-0.0014329178001946108,-0.005357528049033777,-0.0052230468275652475,-0.011222860643323784,-0.011598248032190117,-0.0160881192735417,-0.016468342673570002,-0.006280619455900305,-0.004375743698518342,0.005182350949820558,0.0021493728370598486,-0.008686240254100586,-0.008749935775818729
2024-08-24 00:00:00+00:00,-0.003513042006517475,-0.002430181967383316,-0.0013360923726659646,0.0011814767823408179,-0.0019855426258955644,-0.0027049474733978895,-0.0046100770543687775,-0.004609675275194736,0.005261711102465538,0.006633762230394025,-0.006847768430155332,-0.006156458502075801,-0.004528799628197078,-0.0030100653717602954
2024-08-25 00:00:00+00:00,0.009072150874427587,0.0030880477839203557,-0.003148503551114734,8.861114419600469e-05,-0.006983116853547799,-0.007139348881333607,-0.009833588566187546,-0.011373120463787467,-0.012212882188210483,-0.007185083466036968,0.010208276522857274,0.007426788408435803,-0.007397377372488023,-0.009251869212343666
2024-08-26 00:00:00+00:00,-0.009243469125019721,-0.00854176606304169,-0.00643506006990513,-0.007079791857935613,0.007631295619268341,0.007933050605305025,0.008309529766910462,0.007437223824423578,0.011036131674763805,0.007036856069505326,-0.012847142214365004,-0.010135964572834943,0.008670162933217096,0.006649691296018112
2024-08-27 00:00:00+00:00,0.0015989201171084932,0.001313982828243132,-0.0005827405505325345,-0.001356858207221534,-0.003780975562963085,-0.0030729880580930846,-0.0067931778873107085,-0.006760486207416427,-0.005908312270964222,-0.002711479580688958,0.004694266275711456,0.0028401410266774008,-0.0031079502806753423,-0.005261773740567799
2024-08-28 00:00:00+00:00,0.005568878456277959,0.00539479696890699,-0.003057509330790409,0.005963224684969903,-0.003823469599657847,-0.002267150946638763,-0.005600308581712121,-0.0021594363057455546,-5.8970473843955595e-05,-0.006788288183410929,-0.001402902404393891,0.007005502321264512,1.9545721697822316e-05,6.911315494795289e-05
2024-08-29 00:00:00+00:00,0.010065837455160986,0.0077191115765842255,0.0038561945135111575,0.004662044852280056,0.0081657432082749,0.007692509469033881,0.0020483906593762313,0.0029568662167827053,0.004787274326746527,0.00450865377476628,-0.006738920833509465,-0.007194062098710097,0.009117223841329736,0.008130994317385065
2024-08-30 00:00:00+00:00,-0.005658258404977912,-0.0002450242848796025,0.0012458958684882226,0.005549576435069703,-0.0010542738230354676,0.0014371129210657418,0.002583632768112354,0.004152280798220165,-0.005695852424495107,-0.0017143946424285073,0.004664638027860102,0.0017926138352850618,0.0009497430918417038,0.0004934147482082984
2024-08-31 00:00:00+00:00,0.01130364339543699,0.012994245053916664,0.00112743126809689,0.002182808575281081,0.012897814841719368,0.005760140519437851,0.006355176128571172,0.004365334131319232,0.0005825224723834399,0.012160498830382727,-0.0025750173136753762,-0.012407947722825385,0.012828698929427063,0.010817659971972482
2024-09-01 00:00:00+00:00,-0.001900784008272649,-0.002467426160654429,0.0003998538619867098,0.0008467912433089975,-0.0033777250593407526,-0.003988515486547217,-0.004781258226609464,-0.006084001661359695,-0.0006149278243182676,-0.0002941620332685968,-0.00011743092676663736,-0.0025421644480345673,-0.004890118021180778,-0.005026733670347006
2024-09-02 00:00:00+00:00,-0.010021461994440872,-0.007864661413531926,-0.00011697043160163734,0.0045379627514532395,-0.00019804179869675753,-0.002383247329601379,-0.0007872431240577571,-0.0041844807441536735,-0.0065397704351828345,-0.006982119897271044,0.005842299869495138,0.0071442949154172375,-0.0060324807735349095,-0.005144609153591273
2024-09-03 00:00:00+00:00,0.00467118756335938,0.011260715651884912,0.002672387141078536,-0.0012828899429265794,0.0037966651278800168,0.008152955394463923,0.002480517676130667,0.004821626973662285,-0.0005651240335380336,0.008615983014386153,-0.0014248049221130543,-0.008928218104072738,0.004385749598590172,0.007297795054095557
2024-09-04 00:00:00+00:00,0.0016122061793906184,0.002768871302191833,0.011803901048935916,0.01253859957403236,-0.0093837252133524,-0.01040194897841673,-0.007099769258383626,-0.0068003408216095185,-0.008168501807791717,-0.012642577773925079,0.007435127748013803,0.011122269989309652,-0.010035267370562706,-0.01023452416734938
2024-09-05 00:00:00+00:00,0.003936495979703691,0.0025517073480481045,-0.00917468417334677,-0.008205801552191083,0.021249076106062192,0.020892933603528174,0.021786986525808683,0.018857920253728233,-0.0006541350175534033,0.004689628909381849,-0.000758528978055728,-0.004983975983497757,0.013176810438973341,0.01521968716488975
2024-09-06 00:00:00+00:00,-0.00011328286958367517,-0.0053049093834434125,0.0011509340770412546,0.0013295904276151571,-0.0007618878673928409,-0.003922914621149465,-0.005044945610323204,-0.0012926080643236304,-0.0038744083116939443,-2.0505092505285205e-05,0.0019462625686792467,9.973146561126356e-05,-0.004961125612932937,-0.010140083113973075
2024-09-07 00:00:00+00:00,0.0029989928277724953,0.004324979925286021,-0.007188281686441367,-0.006411559800790223,0.0034325545945292912,0.0043087255073224195,-0.0020910624248773324,0.0010702626552998584,-0.004884985452063728,-0.0036852224786338983,0.0031654886523715398,0.00175015805818024,0.0015140454227779987,0.0017680490255571613
2024-09-08 00:00:00+00:00,0.006974448552848456,0.009263419057982336,-0.002632507242794624,-0.002679576797894767,-0.010406670246552063,-0.005912679272302213,-0.006201230329278551,-0.004823747599764228,-0.010499336335879628,-0.003173991447606661,0.00878059646870022,0.003180123881505459,-0.002958928467389099,-0.0011963563821072443
2024-09-09 00:00:00+00:00,-0.003614062603256918,-0.0039763738026321604,-0.008476988710831246,-0.007595039190102071,-0.003214212584333298,-0.0020915501099029177,-0.0038250568041084954,-0.006171481082697938,-0.01064698848390766,-0.011492108945408641,0.008949336462193314,0.011341440708567019,-0.006386822833647887,-0.0024884361960308965
2024-09-10 00:00:00+00:00,0.012429915452478069,0.009099432642108551,-0.0096939134481967,-0.010672094233482365,0.006036264158708171,0.006230150562558601,0.010228682890636609,0.007282206656709533,0.002643893918794049,0.0068907825399111555,-0.006190439584502938,-0.008547795256151014,0.011353926105476697,0.008591370588443059
2024-09-11 00:00:00+00:00,-0.009074488597118346,-0.0034256067787646893,-0.014808940613201593,-0.014556457497899022,0.003482004596487398,0.003085540826272437,0.0028871034646105187,0.0025943745437622123,-0.001869703485764651,0.009244994184224531,0.00027539492108963337,-0.009397437132995456,0.001923410564639072,0.002051338842698369
2024-09-12 00:00:00+00:00,0.0007701380607918473,0.0010559761055526362,-0.003955602777391376,0.0009571723926018461,0.004565345413341415,0.009639977303190772,-0.0011007984126781833,0.003074035081816362,-0.009796781405563726,-0.0077248846366527735,0.007429534642721336,0.007925576459711037,0.0011594275492521344,0.0025558792779205586
2024-09-13 00:00:00+00:00,0.00342063827703476,0.0037032283099751595,-3.854421531201968e-05,-0.0004894351651258955,-0.01485663136381854,-0.015200238755763151,-0.014139739524434258,-0.015593297333267087,-0.0011304593276982855,-0.001690859427015301,3.483797872849692e-05,-0.0010938231194902448,-0.00974022873999325,-0.008434486043454648
2024-09-14 00:00:00+00:00,8.51301825626205e-05,-0.005853403947075342,-0.005396371617262474,-0.005813985073431227,-0.006634260548050719,-0.006767285646850585,-0.015039479029351321,-0.015075578028400649,-0.0070264960150926425,0.0033723593923375983,0.005145309203396398,-0.0034686941303679886,-0.008830039288655556,-0.012594614736622267
2024-09-15 00:00:00+00:00,0.008258843035624519,0.004676217870520638,-0.0064350069674582455,-0.00618264546604308,-0.010873084672681999,-0.01325255132060732,-0.015553379116100663,-0.016298678498886332,-0.014355291339326337,0.004674758094150633,0.012766244244796665,-0.004694626686294501,-0.006200466846915664,-0.004120091082357669
2024-09-16 00:00:00+00:00,5.142845665351281e-05,0.0014932645383198828,-0.0060534824058967596,-0.005589746527246309,0.016131108212021017,0.015787230037601185,0.00895120993847609,0.00766271660623441,0.005790830225169463,0.0017827790168831736,-0.005929989500423449,-0.004622539361134659,0.014688571977979015,0.014786870997959056
2024-09-17 00:00:00+00:00,0.004857478477209742,-0.0011864441703071105,0.00035536441788797113,0.0008229010269380499,-0.0004839103739047168,-0.001014756022129637,0.002424107967787581,0.002767073376793272,0.003561504680081873,0.006127104186623544,-0.004825063138275465,-0.006192566765913066,-0.0001530594941822061,-0.002020622834302155
2024-09-18 00:00:00+00:00,0.0043511832527607375,0.009591197479440261,0.0008250188271541337,-0.002343498958373935,0.006369098463747447,0.006152927424292409,0.004935629066603386,0.006542595487564196,0.0035091993055373916,-0.00015060039836101158,-0.005466070127653211,0.00020432612073228995,0.005284893335313123,0.008296770252218977
2024-09-19 00:00:00+00:00,0.002587616276914284,-0.00023645288412188492,-0.003362858607653618,-0.0024761952236820317,0.003656353570836046,0.0044436080263126065,-0.005528061935077377,-0.0037676337844215757,-0.006735079552308232,-0.0035137872515332846,0.0042662969490774305,0.0013299700646254298,-0.0036889610349618573,-0.0035495623688629463
2024-09-20 00:00:00+00:00,0.008402113560194602,0.012148125885280026,-0.021344647389287208,-0.021255478614118584,-0.0029556764815326098,-0.0023265623456631968,-0.014869501725396805,-0.011704381800805352,-0.0077712834606934456,0.003797801812418067,0.005117673320389482,-0.003759705060068841,-0.006196347986178963,-0.004380687428490071
2024-09-21 00:00:00+00:00,-0.006112884406053953,-0.00034183926841835355,0.0011644813687583522,0.007069262613919491,-0.007777594890550632,0.006452568173483941,0.003617509417398024,0.006932290653725026,0.0024318389810062957,-0.003938647360173797,-0.0030852249628339212,0.0039559186777897715,-0.0074901870288685,-0.004807231334773454
2024-09-22 00:00:00+00:00,0.002051079881796092,0.0006436996328142985,0.0001629531701350384,0.0007143520922607838,-0.0015622981916449952,-0.0036159981049839196,-0.002185661741398115,-0.002024650089718971,-0.002031101348108577,-0.001738698136659611,0.0008790510055687317,0.0006628075848003068,0.0005331106682073816,0.00015523134004147288
2024-09-23 00:00:00+00:00,0.011773234457110648,0.012963662815568266,-0.013867120627798268,-0.01081531736117114,0.018355096393270598,0.01833857324407351,0.01172125716100414,0.012401898254709387,0.00014989182896707476,-0.00410027215860842,-0.002798680429632827,0.004123516894551704,0.01615750992707099,0.01331168078143019
2024-09-24 00:00:00+00:00,0.008845746106816543,0.005630805280289364,-0.008789075899670706,-0.00935192810161034,0.0005480632123011642,0.001020450922306182,0.0027080469390377004,-0.001201918304565397,-0.0006850693050921564,0.004121509516964439,0.00024102297021744157,-0.004116260094557234,0.007173509788829913,0.003683834733510194
2024-09-25 00:00:00+00:00,-0.0060126907205240165,-0.00476466415101795,-0.0037913881234439284,-0.004466683055591836,-0.021139540171866034,-0.019683534364119293,-0.018012860951275744,-0.019197725986442205,-0.011085361317436204,-0.010422357568211194,0.009518802364917534,0.00802119824010572,-0.016120944373541835,-0.01842005190426732
2024-09-26 00:00:00+00:00,0.0018538522355113773,0.0019549461462129436,0.00199855635905255,0.0013873691741663752,-0.005476554303826764,-0.005504164952163437,0.0036801001695445645,0.0036871390295403206,0.006302700661602545,0.006122920145074762,-0.006940653280028464,-0.005982012623454436,-0.0016903415731092108,0.0006514758633373585
2024-09-27 00:00:00+00:00,-0.00802689154199443,-0.0039168985339834705,-0.002615003695634388,-0.0022585755119003403,-0.012481333706575448,-0.01438572876148192,-0.01659344339115787,-0.017313538064382628,0.0018319173401477595,-0.01287450276504587,-0.0025899316030791875,0.012772489121088304,-0.010457201435910335,-0.006654939528646597
2024-09-28 00:00:00+00:00,0.005929247859431719,0.005205683534758476,0.0025694589838562987,0.0030996138796028916,0.005149186180717802,0.0051607036077094826,0.0016252312321505258,0.0003852574472145154,-0.004968436227996809,-0.006647450139788069,0.002924699504516015,0.0037493961460124403,0.003515554111076291,0.0035853578160232047
2024-09-29 00:00:00+00:00,-0.016962686963458262,-0.013114119467329655,0.0003931151793730159,-0.004182208777088969,-0.005326353439089493,-0.005140915913639854,-0.007437164879737779,-0.0032543175132037083,0.015207607692180103,0.01171195804771541,-0.01666416933909254,-0.01193515940656642,-0.011449468975104682,-0.008099328835979303
2024-09-30 00:00:00+00:00,-0.002626012057546756,-0.0013264918287343441,-0.0009947888715802211,0.0025840135554111576,-0.0007010021951870948,-0.005655554182841804,-0.0013468968665220071,0.0016815636085549812,0.005361872238868193,0.006066850527429946,-0.00576429163727854,-0.006107417392680725,-0.0002862393603020319,-0.001126659195067048
2024-10-01 00:00:00+00:00,0.011122011246445851,0.011290274283769497,-0.001171793138115107,-0.004767257317541684,0.0038228806893543243,0.00031549248233830873,0.00898921766838745,0.005821129979143969,-0.012892299041556421,-0.012688173598626618,0.012495869610804178,0.010374078789121555,0.014287288281942478,0.01520494980098741
2024-10-02 00:00:00+00:00,0.0011555018575397646,0.0007317006350657795,0.004362477272636944,0.0010675608009160786,-0.00030938244337552767,0.00366701692635929,0.004552935229818145,0.0018561570064832278,0.0005877514893406488,7.366270844277878e-05,-0.0012370992062172848,-0.0008523330935231721,-0.0006825458685336683,0.0003710890491070984
2024-10-03 00:00:00+00:00,0.014139109151827478,0.009516155175353092,-0.006564410206913673,-0.005578023561704115,0.008739798906944651,-0.007766257374062224,0.0022243626022797613,-0.007658521091731263,-0.020878881488613832,-0.010591070166395267,0.01722222141503127,0.010720332152460044,0.01189994768968794,0.010723744881885766
2024-10-04 00:00:00+00:00,-0.002531421086245267,-0.0018314988307640556,-0.007426949373795511,-0.007820958433797931,0.005543290149758517,0.002691897916772712,0.006544038000313002,0.005398577816241312,0.0007802742504863236,-0.001101847461419836,-0.0025362294082627024,-0.0014412710572866416,0.00430778561620726,0.004247820384463363
2024-10-05 00:00:00+00:00,0.014385907589812508,0.009640300947548974,-0.0033651854968277384,-0.005193194894927866,0.00021594007662839587,0.001997697849884128,-0.002741625835768091,-0.0048116960809329035,-0.0012551186739552245,0.0015782836292386193,0.0003418628829068293,-0.001742469450851325,0.0028907023784852104,0.0024151598189821044
2024-10-06 00:00:00+00:00,0.007015188148534968,0.005207596098293132,0.007417533147148214,0.005793352030152299,0.0018004205601724887,0.0024397327496992194,2.931385313109658e-05,-0.002499393498633262,-0.002996847556560711,-0.0006717995335039362,0.0017451090642954803,0.0006759731050114404,0.003148835492711166,0.0019844379695228564
2024-10-07 00:00:00+00:00,-0.003111925700596263,-0.003602361607636495,-0.0009324256264591213,-0.002524536840836422,0.001992435561010808,0.0022065217609859022,0.0014630086512028573,-1.0016891676567496e-05,-0.003050070401061644,-0.004406383895765864,0.001731497170653462,0.0016947513667104896,0.0017952836173822373,0.0007736202094916766
2024-10-08 00:00:00+00:00,-0.0036655267367569078,-0.006059014887217051,0.0019449297205498262,0.002936313462999829,0.003072592356092807,0.0030624040931335195,0.006118125029515031,0.006121726454526133,0.008698560918348752,0.008868797624554725,-0.009372443211780879,-0.00881054712536733,0.0011467903364579257,0.0036905387555159486
2024-10-09 00:00:00+00:00,-0.002101556851770048,-0.003474939697563628,0.0015684819203412026,0.0012751355602196313,0.005368336545991781,0.006161743852986401,0.0017714193563991287,0.0024201386238369427,-2.2113504990373123e-05,0.0020210842037875487,-0.0007511525946966024,-0.0019346171905212373,0.007400494637319843,0.00352389705193068
2024-10-10 00:00:00+00:00,-0.010562739787116415,-0.009773415246758121,0.0008027700156865158,0.000719541264528889,0.004810006215243412,0.005060714197066218,0.001969297453839003,0.0014884980110714263,-0.004785125939992141,-0.004905170189436703,0.0029207267412809657,0.0029282447339520346,0.0005716216479700886,0.00039387630901188686
2024-10-11 00:00:00+00:00,-0.0056260451706570125,-0.00983497112033227,0.016440194848853285,0.01611507197424067,0.007365960451997333,0.0076092849795770245,0.011363707970967418,0.007088848377504231,0.006996633497866167,0.012838060490473202,-0.007727224910425212,-0.012984425043802594,0.012342254054807711,0.00845380312507471
2024-10-12 00:00:00+00:00,0.01114377521272436,0.013360824312885766,-0.011892179729711239,-0.012248694477246191,-0.006082846585150459,-0.0056094362591503355,-0.008952179412040295,-0.01151103332599579,-0.0103991197050739,0.003569487983655417,0.008831077864374759,-0.00351628323557307,-0.005591401738854862,-0.003471622841250799
2024-10-13 00:00:00+00:00,-0.004955559140999655,-0.004864938675593566,-0.012486622162936944,-0.01240590436304545,0.011716402435832274,0.012066333996766154,0.009827497284186082,0.008816867176586918,-0.0043355696978444325,-0.00045409096491955125,0.0021130274048843933,-0.0018997866456437196,0.009715081340954335,0.009287410768819448
2024-10-14 00:00:00+00:00,-0.0006348326120292347,0.008705206830671441,-0.006582976651825279,-0.004315251822761601,-0.0015166876363337245,-0.0019989635544491735,-0.0022003955516187723,-0.0025307396212356226,-0.008107596543561746,-0.007167531700797869,0.007028656224935537,0.007675886988353309,0.0020083962688044465,0.004338217967012614
2024-10-15 00:00:00+00:00,0.024278605002133524,0.004024408934430346,0.015669774025627747,0.011491891735610604,-0.0027585865494399453,-0.0029698772508049975,0.010164498681423106,0.006793304848444759,-0.006370667742748193,-0.011098247440409659,0.004481420894212995,0.010510479193073019,0.01306668745260442,0.0019266852782982014
2024-10-16 00:00:00+00:00,0.018546389891650028,0.01004845947694566,0.004002583712347629,-0.003196405408781855,-0.011748792409176811,-0.010640390203948358,-0.012063922015912998,-0.012947415001303475,0.000735326697650196,0.002993660233010065,-0.0016385859343784892,-0.0062069300323635,-0.009750432551649868,-0.012960732288177734
2024-10-17 00:00:00+00:00,0.012762238689743244,0.003278024360645171,-0.0026581542188489626,-0.0033978622434263084,0.0008774554354031849,0.006962988878154164,0.001421791029195818,0.006059942459519796,-0.00013827806725286163,0.0030798518578774026,-0.001356279446400821,-0.0028132450628661765,0.00927030438216181,0.007011939672322498
2024-10-18 00:00:00+00:00,-0.004017594097426858,0.006650292071260777,-0.0009626347776722222,-0.0032758221064647097,0.002412270687256912,0.005485407824704858,0.0044267978500367455,0.003741219505550175,-0.009927820378017649,-0.007047505312904656,0.008746210058348636,0.007464900300482968,0.004167953208727537,0.0019633277276676075
2024-10-19 00:00:00+00:00,0.00410417826196352,0.005805065630878348,-0.0010313564894167682,-0.002083806445810854,-0.007244409646757655,-0.006372669182356683,-0.005082044186761725,-0.004342069529482573,-0.007922178965799054,-0.011525300914891567,0.006679917174120975,0.00850049733032976,-0.0023411651647917697,-0.0013893731276608534
2024-10-20 00:00:00+00:00,-0.004146739696487711,-0.0038631644351287964,0.0008967191656643614,0.0009098660002406778,-0.001602983307787742,-0.0007763869394464828,-0.0015485685092037071,-0.00038107901387063325,-0.002110623815001045,-0.0025790557153173577,0.0012623365530901598,0.00253960833809197,-0.003328620796253512,-0.0050350772367403485
2024-10-21 00:00:00+00:00,-0.002470114512629018,0.003721432709609118,0.011998653555636007,0.010941104289589942,-0.013257052365004407,-0.014132027202685027,-0.00014594692303582235,-0.00222612788953247,-0.0013728470692226935,-1.1817412111092551e-06,-0.0017293414207326663,2.1483585661341564e-05,-0.00862170043551691,-0.003632548270540381
2024-10-22 00:00:00+00:00,0.004548881341050359,0.00036327854272788507,0.0011337467044156835,0.0007905927518185862,-0.002661085016935627,-0.0013277714554669195,-0.0024474213160933234,-0.0021240820618924072,0.0023621886623130806,0.0026090789766777256,-0.003856959131541937,-0.005963158322216944,0.004725061820411547,0.0035408426147391925
2024-10-23 00:00:00+00:00,-0.004094615406670998,0.00046411487140352037,-0.0007727387494979032,-0.0013038724412551828,0.002200671004398913,-0.00026969936682563755,0.002819128546535765,-0.0012678190422914515,0.0010285592501992902,0.00075114170053725,-0.0025921554705015115,-0.0007483358919934124,0.0011080025788527958,0.0014377016708615464
2024-10-24 00:00:00+00:00,0.008670701825969074,0.004073025929325791,-0.0021082349407112178,-0.002561062595718977,0.001433261609224079,0.005281962668527873,0.0021312033155305166,0.002348375571164185,0.0010171142099035801,-0.0030580036412219957,-0.0018385355202796827,0.0031385727393837826,0.007764559894912315,0.0056276694014865125
2024-10-25 00:00:00+00:00,-0.002071582312564213,0.0013585950324002116,0.008604947996316836,0.008795377155825346,0.008454832065039497,0.006218985011356315,0.009192862451442352,0.008547708492250283,0.0005693302607401307,-0.0010343787816068373,-0.002043431621323477,-0.001655084632992132,0.006138835872370185,0.007261802463148337
2024-10-26 00:00:00+00:00,0.002403704701316123,0.000753040670856242,-0.004155979816067856,-0.0036835447244123465,0.008537541662723802,0.002320032122429483,0.0017020777540006637,-0.0018606308762647572,-0.005072132506436899,0.0008410658491533329,0.0030144367041999853,-0.0007251549708915395,0.006801248176896646,0.0011814567815515709
2024-10-27 00:00:00+00:00,-0.002942564214057586,0.0035727278247921213,-0.009051404621301495,-0.005265538387750568,-0.0009588724876159471,-0.0022488431766432004,-0.004905646074635395,-0.00358413957432413,0.002459858258757608,0.003266230222569666,-0.0027941264069135663,-0.0033046043691437044,-0.0016557268102633804,0.0007779747348342081
2024-10-28 00:00:00+00:00,0.004511923907537074,0.004815659653926829,-0.0008537009084025327,0.0015003084732736482,-0.00030098206562112484,-0.001842592239499008,-0.001896667527787499,-0.002492397263337054,-0.0024119810800545816,-0.003553790697187753,0.0010434225790176832,0.00016426646037492887,0.003995202440422174,0.0033666304215365095
2024-10-29 00:00:00+00:00,0.0029209732183352877,0.00285150971508652,0.0011051661544179137,0.0031921174065348,0.0019301240307283418,0.0053310983286090075,0.00792434027597344,0.007749213108272812,0.0007182468486657267,0.0007161539362117164,-0.0022257547238618836,-0.0007240576904506968,0.003263730597585557,0.0034595838787860878
2024-10-30 00:00:00+00:00,-0.000550297534219979,0.004122391050188634,0.003966592618607656,0.005999041560692753,-0.0012539380850592474,-0.0030392474536263814,0.0021318618953154456,0.002916505993087126,-0.006504683077742324,-0.005637243398890046,0.005814222337255037,0.005581237956534979,0.0019246699020212255,0.0013364267159867715
2024-10-31 00:00:00+00:00,0.012492045985490474,0.010094260934908617,-0.002260049902430561,-0.0017700105457245652,0.0011695631255446148,0.001066465790974247,-0.001210286133712546,-0.0010433018592008736,0.0010973040647765941,0.0046230826672468694,-0.002478165657051945,-0.007210722944748116,0.015478748047632607,0.015877124590320646
2024-11-01 00:00:00+00:00,-0.0033285376404285083,-0.0064495141469933515,0.0013617998960127053,-0.004730479410231303,-0.0061992413914598865,0.0012044111178690642,-0.005646236426091855,0.003917372326564195,0.008587453022738112,0.0009792034528517402,-0.008117310927056698,-0.0015904989282161663,-0.00849858042830165,-0.009727380893225002
2024-11-02 00:00:00+00:00,-0.0023670699901373604,0.0009477020925114932,-0.008105902045027591,-0.007268987353675871,-0.006568618628525313,-0.008375873353710594,-0.00788649639109762,-0.006954744891518261,-0.002719780152773521,-0.005626072894388989,0.000500816464965359,0.005179852887130076,-0.00869829542132905,-0.008155242853708056
2024-11-03 00:00:00+00:00,-0.004163400187686683,-0.0044011219938122625,0.005764914406226174,0.00445227248975244,-0.004900253853434511,-0.004437130818421786,0.0014361157850384387,0.0004253261267115338,0.0002105276445836246,-0.0018402147838758598,-0.0013356271841105105,-0.0006791974811314327,-0.0011203156470260822,-0.0016901824708128732
2024-11-04 00:00:00+00:00,-0.010723914421965852,-0.005188245854186424,-0.012469292180191105,-0.01176674528821775,0.006615242933918797,0.0062212941804120625,-0.00663577937707327,-0.0027094903663693604,-0.001894922737333271,-0.010209260879188053,0.00022802408256294981,0.010229924686571579,-0.006322581138989647,-0.0028290890307572925
2024-11-05 00:00:00+00:00,-0.001166963364290563,-0.004669389316938055,0.004599654079247006,0.003610774438786324,-0.008724058243375854,-0.007591114776542507,-0.013024786182345927,-0.00546306353158843,-0.0019307093536848896,0.0013604422769959434,0.000454930723623459,-0.0013393399825080143,-0.007651334914387742,-0.003340916837649477
2024-11-06 00:00:00+00:00,0.002020421563270869,0.0017811143591923706,-0.001524446734500584,0.0002885437639623678,0.006897226405145229,0.006320388350233408,-0.0007614135315588966,-0.0007379303635014489,0.0015149779723888646,0.0016027274448215945,-0.0024472090348683917,-0.004486533197070597,0.002202170953012006,0.002268209888856232
2024-11-07 00:00:00+00:00,-0.006596529333920298,0.02140055544573527,-0.0028971036474746414,0.00511223851917153,0.045454656051086006,0.039392297544444954,0.034564366522114254,0.024390392147684903,0.03447135410798419,-0.002612382600034824,-0.03615261038689277,0.0026230997322767013,0.015337088240432895,0.04449272429459783
2024-11-08 00:00:00+00:00,0.024906269810094805,-0.011744339745223376,-0.010889607290656467,-0.015528781826293359,-0.0011913133328206316,-0.010662309443584372,-0.026190877532818235,-0.02398499272018073,-0.012188642601750121,0.008736919715333302,0.01138397325175533,-0.00872695288913894,0.001129258870760541,-0.0036820904259475817
2024-11-09 00:00:00+00:00,0.0222018288328385,0.013895478735036049,0.003474386143126784,0.002889649463748478,-0.029654634448351702,-0.029884601988537596,-0.016729912141623338,-0.01498246320794927,-0.016889977524065736,-0.011460562135593433,0.015678928832766115,0.007877255017652685,-0.01762520878394791,-0.017717429221157932
2024-11-10 00:00:00+00:00,0.0066695565959749015,0.0046493763943600275,-0.013658165416823187,-0.0016135084811385036,-0.0010469118700102698,-0.02522713608608984,-0.0019020517860669495,-0.009106507799330088,-4.3996838096083124e-05,-0.005469372810064654,-0.00015306020771377327,0.005222575909807681,-0.008740165733814975,-0.007313182854780664
2024-11-11 00:00:00+00:00,0.00788723962889537,0.038513497729143475,-0.015900279647785398,0.002509220617440411,-0.03638761340870267,-0.06576586151724739,-0.025202408810022336,-0.04021410115064794,-0.0041240041714381,-0.04838266841510397,0.0031395261334852265,0.04664126107482658,-0.03730538159667396,-0.04059570670194124
2024-11-12 00:00:00+00:00,0.023463552899798845,0.024898558199213383,-0.00845027074153093,-0.010446651153357078,-0.014951975367088477,-0.01229400868218855,-0.021666909518747612,-0.020605249511127077,-0.022454589879673303,-0.021429187345770817,0.020507562127054957,0.017415768852893088,-0.0002787146394475082,0.0022270394162693385
2024-11-13 00:00:00+00:00,0.009111658736436823,0.01281072290677665,0.014518958678896965,0.015605053695843418,0.004819377844323514,-0.001993770072998835,-0.0025894047581961344,-0.021965099557535672,-0.029668747682380148,-0.02905009577612394,0.02683071518472646,0.026485197003308647,-0.00196927826467852,0.0017843961405716868
2024-11-14 00:00:00+00:00,-0.004123710127577729,-0.009326625917504439,-0.010219951599558241,-0.0069053358420687605,0.00090375161762557,0.006886077606726104,0.004692761832466585,0.01921760746683554,0.0005453047350436613,0.015980703048086742,-0.0035185216666445696,-0.013456026196441595,0.005096989406863317,0.004300725577111697
2024-11-15 00:00:00+00:00,-0.040328279962187796,-0.04401130464447245,0.0224373068597572,0.023716650631014913,-0.01602798636619729,-0.018392733109851567,0.005974113391411295,0.00950846639051628,-0.03649840307686181,-0.03245271109535919,0.033823286437160816,0.028922590170230578,-0.025737628110104938,-0.02864780150561541
2024-11-16 00:00:00+00:00,-0.03552813213248929,-0.036344071670153966,-0.002438654062352663,0.004256278871979768,-0.007780275585401397,-0.013697897378040724,-0.004766523290663294,-0.01830376487714036,-0.0006089568674895185,0.004538643489288896,-0.0010434427199305096,-0.0037407008192866797,-0.028027345495119538,-0.03734690934361573
2024-11-17 00:00:00+00:00,-0.05550223692114875,-0.06036493216020311,0.04824385776805684,0.06871463076782858,0.02379136269807991,-0.035494167490966566,0.04707502428937804,0.009714550747389916,-0.024673201882001172,-0.0712538699941796,0.022267012558078836,0.06542268020062214,-0.013043790811036238,-0.04182700949295193
2024-11-18 00:00:00+00:00,0.00733063252549071,0.019838446534795384,-0.011527284389502124,-0.0023755723110746585,-0.005465424498529048,-0.0023873535163461135,-0.013634372881068502,-0.014952049150396052,-0.00985051595180908,-0.01462415840929987,0.005642635007889973,0.006453812666912695,0.00351144331470854,0.007731710674059977
2024-11-19 00:00:00+00:00,-0.011540557497459414,-0.004297148221723668,-0.006252002451684224,0.006464573908889104,0.008383191740773288,0.0008554814225552043,-0.0025873236724949233,0.0009777508798523016,0.0014562334729333326,-0.010156601742918325,-0.001946639927477567,0.011432513162342062,-0.0022603045102714825,-0.009573625103640793
2024-11-20 00:00:00+00:00,0.012399202306657697,0.003841014173148638,-0.0010752539481450052,0.0018076138919971285,0.012330192332882906,0.010683615015723902,0.014759624715300124,0.009278805469686846,0.0027587481295168192,0.0010175874128930396,-0.004044354322614296,-0.0016956638546826719,0.016332105951606612,0.008183843396803336
2024-11-21 00:00:00+00:00,0.014305010669226403,0.010347846918086878,-0.016272808792291205,-0.012215148191816683,0.008604791921875687,0.006399810650516979,0.0017429119514154046,-0.0032633331475919736,0.0230716981871808,0.01945351711635901,-0.026030896493723144,-0.021500236282783303,0.01531837029350025,0.005921955647103738
2024-11-22 00:00:00+00:00,-0.0013016081922936351,-0.007976754487918236,0.009468136152466222,0.00583634748368822,-0.003739554551456359,-0.0003035962230306666,0.014273773081209029,0.017451841730268924,-0.014554963254295838,-0.005777354294246084,0.015779364896233217,0.006179747210529385,0.0042798563806656365,0.004650693625636748
2024-11-23 00:00:00+00:00,0.03274559350285933,0.0642907918319442,-0.00744838542857551,-0.009208998783741817,0.010001634388053349,-6.532430582772975e-05,-0.009083969324465202,0.012333813938499416,0.02975162429946887,0.033834078407113166,-0.03166517124534085,-0.03452088609223669,0.019579905192540492,0.042128589216803514
2024-11-24 00:00:00+00:00,0.008250280888725925,0.03675523788814217,-0.034839086722618484,-0.03651361853436674,0.009677929414790398,0.006626925887935453,0.011548503374796848,0.017686448316106773,0.05627194484102427,0.06263696606116786,-0.05575001548548053,-0.06491708016566033,0.0032466656766638735,0.00197192786510203
2024-11-25 00:00:00+00:00,-0.00262009819398501,-0.007988241634605764,0.0014186615999598473,0.0013556384346913308,-0.024990805613858247,-0.0146925814953488,-0.008134539586296508,-0.0020359347926135474,0.020765051940921264,0.011192453645578526,-0.018983747914522398,-0.011595391152240397,-0.01620889656116098,-0.01617952846380266
2024-11-26 00:00:00+00:00,0.006440696549134151,0.008585576218882895,-0.0015413977897122955,0.003690162985793277,0.0013556322285357414,-0.004583457378302236,-0.022172155314400643,-0.01808525483591561,-0.0242894815867567,-0.019581601980068863,0.02297614717801455,0.021748141616217742,-0.016563123688284498,-0.006397080315145409
2024-11-27 00:00:00+00:00,0.0011894255779059115,0.002350330748730256,0.010385211341509715,0.010405866118139206,-0.009776289255533865,-0.007510907054195215,-0.004967523567114718,-0.002988094735743685,0.007803069420630582,0.009068659779787325,-0.008013075264114655,-0.009948472582181234,-0.011278304802698647,-0.014104507191045168
2024-11-28 00:00:00+00:00,0.011023466974258156,-0.0225444687714631,0.008050093978500428,0.008902367657075638,0.0229004175639258,0.0215074925670955,-0.00041004238396114,0.002949014553717655,0.002290435654206835,-0.010706864542565087,-0.002611071460959624,0.009995197559057978,0.011622266628825706,-0.001057045980133342
2024-11-29 00:00:00+00:00,0.012569905758914368,0.01449039662413032,0.0006687644699745476,-0.009455568037722073,-0.01338602189853244,-0.006126676215353566,-0.009313100849167477,0.0006885664848406137,-0.006913736129784853,-0.006404821120844395,0.005329713698585259,0.006154586551128993,-0.006844431004464635,0.009095489540824397
2024-11-30 00:00:00+00:00,0.011076336705126977,0.015468039715014648,0.005517673153700331,0.005918021412832708,-0.021005263334697988,-0.021475652125218958,0.021852585391060275,0.01761494055173718,-0.01643606260019681,-0.01575000702322804,0.015022266591816047,0.01395942359968605,0.016984662704888853,0.01604192718304276
2024-12-01 00:00:00+00:00,-0.014949048973388002,-0.0028280243739475797,0.022410669636533154,0.02185323486740076,-0.0072568515377682274,-0.01603497752667904,0.016474870716197243,0.0032361403171490277,-0.013818378495147221,-0.01577012830894975,0.01506545232269696,0.015283661320900643,0.004673424225422496,-0.001149511820635496
2024-12-02 00:00:00+00:00,-0.014924540548878595,0.031523617856373365,0.0021327288310819537,-0.0009037149523177801,0.01785114236563845,-0.008566251849227213,0.023510079617780733,0.03680126257966343,0.012771428956132036,-0.011298965810599082,-0.013279512922138692,0.010823490825121906,0.03284154570611486,0.045609537195374195
2024-12-03 00:00:00+00:00,0.020959021705052816,0.03699255984553096,0.008084264606374347,0.006754590740598587,-0.03347710246762248,-0.06058599538848142,-0.0036840632221724068,-0.011506506092571311,-0.012650166750793446,-0.02244482058385866,0.010249266693896697,0.022902681590098117,0.013262742504239089,0.013740380362795124
2024-12-04 00:00:00+00:00,-0.018087599276582544,-0.010757770765853603,0.007128802047257299,0.0256884985254906,-0.008036642438625674,-0.015264280959980336,-0.0037752262906586287,0.008747270329982237,-0.025369362394648598,0.013461301425755856,0.02453690313979795,-0.013725283054581983,-0.0036298196834361196,-0.006371941543696469
2024-12-05 00:00:00+00:00,0.008142989154079627,0.004452292395367152,0.014374298057976853,0.014256869372754055,-0.014156857896194919,-0.02487940871624883,0.00906184837042412,-0.010449760902108474,-0.03054016206896293,0.010174120425644029,0.027816441656432156,-0.009074181467512932,-0.012610086720145852,-0.02127346838658639
2024-12-06 00:00:00+00:00,0.00463810023057909,0.00538597933617968,0.002976290388083447,0.006986349397747782,-0.010440388630006181,-0.000784811429340726,0.004684090101359173,0.01153650474813217,-0.00024377721686830167,-0.011690723009651016,0.00030009285755161486,0.00813573003327539,0.011539968964475511,0.015350755356870804
2024-12-07 00:00:00+00:00,-0.0018725480058279231,0.000898063157748652,0.009237961797099459,0.005876741478086922,0.0180509137483853,0.019374097971945448,0.01892462774089343,0.020783406409062843,-0.011615400493943162,0.006962887705836085,0.008471772892053364,-0.006490575176870572,0.009947840351130388,0.010561787552197721
2024-12-08 00:00:00+00:00,0.01834720374874088,0.012791183756451607,-0.002330610192735283,0.00035833039483801343,0.005684014561514905,0.006553764543465457,-0.0003577102497318574,0.003443014269853828,0.017164478774488012,0.000799504788649541,-0.01814519566949946,-0.0008055050571762479,0.013873810657772934,0.009031567821077946
2024-12-09 00:00:00+00:00,-0.011638071661369986,-0.011192436696075836,0.014289155247196872,0.013205239758961929,-0.002479972073662573,0.000443101690505987,0.010702408988133127,0.008850211322720014,-0.008290815557499664,-0.004076644588723033,0.007529593254478328,0.002178775558310475,-0.0013769553094271636,0.0005898544180467091
2024-12-10 00:00:00+00:00,0.022243368442929734,0.040912783769836425,-0.0002633937808990128,-0.005756775925714219,0.02302315710953562,0.0332485677823906,0.001907471060887067,0.0034450793844567063,0.006891153947873985,-0.0075288352390003865,-0.0072769851388043705,0.00780654529726621,0.018370858334089135,0.022556656372875628
2024-12-11 00:00:00+00:00,0.015083756979209717,0.006082002186254654,-0.00948070994008754,-0.01813839247609461,-0.0015986871611278763,0.0012138087489101945,0.0004752009470010421,-0.010661967517980764,0.024399047477625224,0.023237476815279656,-0.024477514545069856,-0.02294248367211782,0.00296185126822901,0.0033563382243049222
2024-12-12 00:00:00+00:00,0.0022420705973869026,0.006601201237530718,0.0014278795989335347,0.0011987335737662086,-0.005470523090370771,-0.005506302094908433,0.001064476080861576,-0.001852944986704519,-0.01827192610648498,-0.01825428253211603,0.016682017920098158,0.01601083673586312,-0.006732603162859396,-0.0069519142620608765
2024-12-13 00:00:00+00:00,0.012567563131543169,0.026366965225848693,0.0034105351404316586,0.003091842221143004,-0.03500643828525052,-0.02698390690299346,-0.01220621268253852,-0.01587981830572527,-0.009380970356544949,-0.009286146323246647,0.007870720347237015,0.009354172647434655,-0.033558137708167735,-0.01708915488297158
2024-12-14 00:00:00+00:00,0.010665480257436188,0.0027735462530786847,0.0038931675906190844,-0.0028433557775304763,-0.00246206644029634,-0.0014188173998742615,0.0013413603860970014,0.004349312867457877,-0.004910296137774606,-0.002569084289251844,0.0038457372736115936,0.0023232266698320903,0.00323272275100539,0.007088698164952945
2024-12-15 00:00:00+00:00,-0.01706061399543768,-0.009440681491997283,-0.005573962267842902,-0.006965004264138597,0.016460324879105315,0.0077355375805596704,0.004646581839079067,-0.0039157507613588605,-0.0055085057351236255,-0.006111914537312857,0.003796033877142113,0.0034330132771795974,3.183521074401341e-05,-0.0010134430070298794
2024-12-16 00:00:00+00:00,0.0009906355988902327,0.003013451991842553,0.006089512065438951,0.005313227502641293,-0.008368820193564552,-0.0038077642360730968,0.0036662825373610097,0.008459041187969696,0.00744238902976968,0.006357321727284759,-0.008197578840542952,-0.006176961108542822,0.005735706128373375,0.0055147999724249885
2024-12-17 00:00:00+00:00,0.004238562085155717,-0.00037363693598402303,-0.004448572736838408,-0.006306414597304633,-0.0016320421258475548,0.00233816683880983,-0.0013272301977184098,0.0010753049873204468,0.01007603405739843,0.00842319102507516,-0.010698347460080804,-0.008363416491945608,-0.0024197012086506486,0.0042221999150782175
2024-12-18 00:00:00+00:00,0.006018120075568678,0.005044036867692725,0.003747558883959279,0.004414053130080475,0.0017203947744803827,0.0012664182346686648,0.00533465379753606,0.004234611376706221,0.005576721786426209,0.007152963878326979,-0.007173859318455267,-0.008956448423770635,0.008148448653911622,0.007898791099199443
2024-12-19 00:00:00+00:00,-0.002815016981216112,-0.0029396414156026562,-0.009394047698131458,-0.007226252796728949,-0.0037784944501720874,0.001505702622016658,-0.013127530178576596,-0.009628905016505707,0.002921467943493683,0.0006089234791517573,-0.005433832152937024,0.0008471527941225077,-0.010568413206694438,-0.006652936652482122
2024-12-20 00:00:00+00:00,0.001719561818661175,-0.002634554524757915,0.00021003176603073825,-0.0073237177299092515,-0.007155652233120313,0.000993862034276649,-0.00848861084883168,-0.008024479117935579,0.010567538648771357,0.00925193098079058,-0.013240187816644045,-0.008093197755638548,-0.004759148626745424,-0.0038477411882771317
2024-12-21 00:00:00+00:00,-0.008642960929827637,-0.010883925494689528,0.006244602085961892,0.0036318894400928503,-0.003997877478552847,-0.00409889515416173,0.0013058443755338267,0.0005730681192803733,-0.005960858606202102,-0.0035249237761401098,0.0036374474831868397,0.001183008764102933,-0.0006986435857572193,-0.0027345507409506364
2024-12-22 00:00:00+00:00,-0.0075379222925699985,-0.015225499999455883,0.006232108655976676,0.006813132300181657,0.0005588431482659306,0.003487513098260564,0.0016890837878511533,0.0068065021679009075,-0.0006174083040884071,0.011162613136800337,-0.0006763265610647551,-0.0107874075172264,-0.001663706273015375,-0.0037791679849855653
2024-12-23 00:00:00+00:00,0.010394555843711073,0.010182956913489027,-0.009025369830200858,-0.003035429077321461,0.01771000459433547,0.018184664134351047,0.0037229776369207546,0.008041139321094848,-0.003742648891464806,0.005784023614217704,0.002989287033487553,-0.0054701248250426104,0.019343413356976313,0.020659736054642774
2024-12-24 00:00:00+00:00,0.018265622182237484,0.020122068605834542,-0.026842164875225616,-0.025851062253932966,0.008730634588544062,0.00890873747146892,0.01122260584464918,0.010464222559316116,-0.004437392373258353,-0.0030939552087431155,0.0035025069929297548,0.00010725230316754875,0.01618044783395467,0.015838671121823023
2024-12-25 00:00:00+00:00,-0.00011317239998687167,-0.0022360128556546677,-0.0025709588963181984,-0.002287570281306217,0.0020200959811254027,0.0021228117868623553,-0.00042110827790475813,-0.007744734510279683,0.006873634556792796,0.003319623623727175,-0.008249254150629381,-0.0035107243052543424,0.0029643747878740356,0.0009712393840817235
2024-12-26 00:00:00+00:00,-0.008014375312314304,-0.0015995700111087752,-0.0038844136789829564,-0.005623659867942443,-0.002158044244853441,-0.0005311232390344811,-0.003746020502888081,-0.001491251504031177,-0.002699940304424442,-0.00025851580985891687,0.0008051791475691683,0.0003538828952638351,-0.0029267060708745296,-0.007070450513503301
2024-12-27 00:00:00+00:00,-0.002324334226433189,-0.006611799623047365,-0.0025795139379922727,-0.0009287510259000653,0.00034155833484206255,0.002264191989393094,-0.005236640315431251,-0.005315055299270344,0.009212701087948805,0.010607677991681497,-0.010200512650362814,-0.012776703482689444,-0.0025492878595423374,-0.006987868279293652
2024-12-28 00:00:00+00:00,-0.0034977645499383314,-0.010004872514615126,-0.0038480830882259287,-0.004916002498576599,-0.003935830454446565,-0.0033986510594187225,-0.009426242286957542,-0.00636134527354526,0.008039168990822798,-0.00044957257422928443,-0.009473221807191679,0.00042257992936378663,-0.010176128847551924,-0.012066705373258602
2024-12-29 00:00:00+00:00,0.005068852975679716,0.0031569924967520535,-0.009860545074712235,-0.01079870303808872,0.014224653502474371,0.009240164352880331,0.003955637165100168,0.006105662890932395,0.0017022077732256058,0.0007262565541648058,-0.0028776295729452395,-0.0007614866932404984,0.012761540114296421,0.011976082442171965
2024-12-30 00:00:00+00:00,0.00016119683883020208,-0.0022270176207302983,0.0046200638330251564,0.005072499360073035,-0.00652540463422524,-0.005254101608819339,-0.002010738013449198,-0.004362768147854523,0.008085797774941117,0.005386071732039088,-0.009717186292495628,-0.007375560705128126,-0.007276952568345596,-0.010080584711248397
2024-12-31 00:00:00+00:00,0.0011942408350527067,0.006020622998372582,0.004050176451813492,0.0044044061367769505,-0.003905494017472644,-0.0023022314938057065,0.0006574713343736605,0.00308479889775648,0.007895949872578134,0.0033656383082063535,-0.009523924831915775,-0.0030933816749022514,-0.0012091136019652948,0.000171461168103626
2025-01-01 00:00:00+00:00,0.003169843137907913,0.004324033999689947,0.003368575607336055,0.007465510889141269,-0.0035012887559412453,-0.0022224816401161807,0.0013396763472273143,0.0016741219729841106,0.006556144259469487,0.008668889770960364,-0.007334658541979455,-0.00909172331416197,5.487457144237595e-06,-0.0025640751938111883
2025-01-02 00:00:00+00:00,0.01241453037290663,0.011803630710822466,-0.028266274701690408,-0.02959990594063422,0.0059738021127075935,0.010144915893600226,-0.012175400501118316,-0.011857301267936382,-0.005925491658042015,-0.007601212208374508,0.0073026651989847036,0.003873524320966437,0.008372424394739841,0.005292086385703554
2025-01-03 00:00:00+00:00,0.005434049814798669,0.006699505282123042,-0.003186665351550877,-0.0004495841919729404,0.004294166257673648,0.005576164676887485,0.0014619706851961567,0.004190303285130259,-0.0043507591859950345,-0.0024288202005076087,0.003157311956387021,0.0018257303620705656,0.006122762489349842,-0.0014006435001081563
2025-01-04 00:00:00+00:00,0.001024416778692805,-0.01291035727515144,0.007083885929076494,0.004701555869561336,-0.008269322875675722,-0.003236347252451921,-0.0016983109535493313,0.006586602845136236,0.004794755142734086,0.013543993790763542,-0.005831581169461142,-0.01372282772457234,-0.00888454930216731,-0.01802235703302879
2025-01-05 00:00:00+00:00,-0.002989575255793131,-5.0591820486056704e-05,0.004616474750308575,0.003429228682606089,-0.007029332296749291,-0.0068957126043065475,0.002249582310003717,0.000792274651334024,0.0006695742913578329,-0.0004789479615920911,-0.0022580890662954323,-0.0010961457041167577,-0.0034995548564557,0.0005554752341889735
2025-01-06 00:00:00+00:00,-0.0019278041650983013,0.0006364025389962169,0.013735832404496273,0.013589860626903816,-0.010226735817719601,-0.008166513998936864,0.004937023717648259,0.009954294504146644,0.009428978468222216,0.017715149816533993,-0.010828651662300737,-0.01733733700661466,0.002274983148177867,0.00042923754394275093
2025-01-07 00:00:00+00:00,-0.0001193577136312518,-0.000687718325643849,-0.005946916680507397,-0.006253611226434863,-0.00735153927726695,-0.005821161059569424,-0.007098265473606369,-0.0010505318078052328,-0.005712929166106329,0.002849674525742696,0.00500689731909465,-0.0024281815088319503,-0.003254469106432012,-0.008344259083309824
2025-01-08 00:00:00+00:00,-0.010881656914026205,-0.009444927601485742,-0.011044855877533566,-0.009573121405391016,0.01075385352985081,0.010197466640864405,-0.008256229689011962,-0.00328409013241171,0.007634153760667228,0.004548946200167325,-0.008649592363924485,-0.007444789547212283,-0.013778103766698746,-0.012289473525410544
2025-01-09 00:00:00+00:00,-0.003967643410956456,0.004628883816931495,-0.007696530944683033,-0.008150344834337964,0.007618677106676852,0.0077065798576039235,-0.005865668766692589,3.657970503634367e-05,-0.00011960584553638576,0.00014342720885940352,-0.0005418226434407147,-0.0007029863367780109,-0.0027413245505076844,-0.00323041879287167
2025-01-10 00:00:00+00:00,-0.0029712525802750855,0.004643682524138271,0.013049769091526775,0.016599944382030385,-0.004374669499073169,-0.007071931409647458,0.006763072140108628,0.005401792329316812,0.0015882762633889769,-0.0013589257090173001,-0.0024465012791202723,0.0012614422500010214,-0.0005549368418403811,0.006723349876838425
2025-01-11 00:00:00+00:00,0.003120696086362784,0.004023906442930825,0.0031077583967091815,0.001890362372977572,0.007850935047976515,0.008702304996203392,0.006244995598987835,0.005825627938009781,0.004765475607134251,0.0023430155446801937,-0.006355291953023645,-0.004532943161968839,0.010572760102739442,0.00984889462374472
2025-01-12 00:00:00+00:00,0.016634886396982518,0.011570380992565354,-0.010043487352060843,-0.01186936279159978,-0.0007002601610215375,-0.0008347042647313119,-0.004539691689740111,-0.010358606459467623,-0.005095890100425549,-0.0007561216690471495,0.0035810531855100525,0.0004986558078188263,0.010671634697747567,0.0071052377792706345
2025-01-13 00:00:00+00:00,-0.010415925761223077,-0.00600074141711171,0.005086169876772129,0.008850151677368912,-0.004055501930154803,-0.0006361844191566934,0.005576131137022378,0.0075168866073649365,-0.0017186459972173829,-0.00048562948844921294,-0.00019872062731707274,0.0006707143492403755,-0.0016037403733382138,-0.0008487424789923592
2025-01-14 00:00:00+00:00,0.0048844426460092905,0.005717965757792376,-0.006624245186876987,-0.006630730256085626,0.00829787194216558,0.008024981152924937,0.0015824076867212433,-0.000996076807013413,0.011360635116751006,0.00785413321749151,-0.011506288552061816,-0.010186779430716109,0.0014118886184484314,0.005047199207272257
2025-01-15 00:00:00+00:00,-0.007791211414515775,-0.002714736839988241,0.008833234633943698,0.009836509256371917,-0.004166990044118357,0.0018988835040452123,0.0031917511082986127,0.009955736751232402,-0.002915968604733199,-0.00032728292317762975,0.0021237104790685635,-5.501758864256967e-05,0.00041353922375275687,0.0031536349336094283
2025-01-16 00:00:00+00:00,-0.01297013431502747,-0.004721262454028596,0.016550451003668254,0.01268864403366532,0.011027394089097253,0.018407740256670024,0.012333567078163687,0.015965819206418708,-0.012982658098548039,-0.015998631956450793,0.01234095789702394,0.015724638879804465,0.0027403351430508316,0.007507642085074151
2025-01-17 00:00:00+00:00,-0.0040527832074156445,-0.006562989735614533,0.006743645990189728,0.008464016986026168,-0.00927132752355353,-0.010390782328794312,0.01013519114747985,0.009057507146783772,0.009005161290951857,0.01044648230388745,-0.010653674766562982,-0.012459326056042719,-0.008607523196351718,-0.008352953897655446
2025-01-18 00:00:00+00:00,0.005143938982922869,0.006641742420483432,0.002094891160197898,0.011398988604009563,0.003018886839941004,7.102922975343873e-06,-0.0024585394403826566,0.0039769562817815185,0.005836071273707777,-0.011508660262426251,-0.008079984911181115,0.011691398954255305,0.016158412649420306,0.01763226568850773
2025-01-19 00:00:00+00:00,-0.009356857119035,-0.012006108508916924,-0.0154921736655943,-0.015528957808151334,-0.0008293638522438584,0.006338529410297111,-0.0074838173682534315,0.007007688625843889,-0.019724681498022867,0.02134986731743016,0.018521114412284545,-0.02127521602033633,-0.017617544611993274,-0.014057713083546863
2025-01-20 00:00:00+00:00,0.004801837115316898,0.003954691261509602,0.00656946281994264,0.004404189883888909,-0.004723931641454793,-0.003947505691621056,0.007534952180875409,0.0024485107986242927,0.006110285250520597,-0.008039731201994194,-0.004559327805328417,0.0047421699338046075,0.004890612746401235,0.007564019320442039
2025-01-21 00:00:00+00:00,-0.0025910765656164125,-0.00506392754745455,-0.0024610683951347134,-0.0004907656140281658,0.01141143629744068,0.00957240331487541,0.0013719190768075595,0.0017671291695924296,0.0025401823106641075,0.0031781780859636566,-0.003907613564983814,-0.003307861324686634,0.006752270263315818,0.0070999036928642845
2025-01-22 00:00:00+00:00,-0.006181123507508879,0.013166131691158656,-0.0026677017639832323,-0.002031181798126669,0.004724505378956856,-0.00048565696820945803,0.009969357782398935,-0.0010045576229520403,-0.009984808403903145,0.0066043249382725655,0.007835391481039178,-0.006688849858735857,-0.0022218228754220526,0.013976168321432336
2025-01-23 00:00:00+00:00,0.008892182366479817,0.004061969185319647,-0.004114066458048571,-0.007051364468260157,-0.020712448409454076,-0.020513726355086637,-0.015197896385632514,-0.013791700365819337,-0.015141343494295967,-0.015035843360078016,0.013648816651822271,0.013130534375855873,-0.010076790367717803,-0.011015011791107754
2025-01-24 00:00:00+00:00,-0.006235072402349218,-0.007838175043198392,0.003739042161386985,0.003965955706515922,0.0001564662277953044,0.00024331529689836096,0.004466288643766969,0.004022145553032708,0.004496339505262625,0.00801931305319048,-0.005680018687168054,-0.007806337910304384,0.001143131514658391,-0.005571065238439976
2025-01-25 00:00:00+00:00,0.0013037361182284268,-0.0017305658827142523,-0.004227996629936892,-0.004124508497972301,0.003110182931155059,0.0009648790067495749,-0.001418433243920214,0.000337450190756039,0.0011279606629761574,0.003304176543003967,-0.0026040745499551488,-0.0032967919109814225,0.0023086964894636353,-0.003948600702879945
2025-01-26 00:00:00+00:00,0.003167257579970162,-0.004107884637952419,0.0006513601477216024,-0.00018292087793925216,-0.010396704813101176,-0.010646535373508459,-0.002996162569064653,-0.00356527708774379,-0.01341380528642444,-0.012286304877323184,0.01271663312368676,0.010438096473035285,-0.006075516650972945,-0.011494041278467537
2025-01-27 00:00:00+00:00,0.0006741044217244418,-0.0012497927309306212,0.009044246700503411,0.007233451192677709,-0.004707745816930675,-0.002279842409849575,0.003100650238491154,0.0031785310860692473,0.0024458558193445334,0.0053163176589696715,-0.003008575857895268,-0.00521923087484899,-0.0038871435606304683,-0.0011346335910970007
2025-01-28 00:00:00+00:00,0.0027995977758590307,0.005629729656106974,-0.011080952036854552,-0.009111730943598406,0.0004777538441333995,0.003353210225327974,-0.004656402121222203,-0.0074272332812312936,-0.006250303025698067,-0.0033773212167621525,0.004573539080215738,0.003392090894094313,0.004071713862859649,0.0034741986807800274
2025-01-29 00:00:00+00:00,0.003322679171808396,0.0060967258948774194,0.004883033318660246,0.006080696702382982,-0.0043261336340872925,-0.00436087853048428,0.0010256915772095532,0.0006891050908521823,-0.007563258771733583,-0.008522698511324589,0.006835430327383429,0.006618221767320076,-0.00011382671149828827,0.0010035906264407313
2025-01-30 00:00:00+00:00,-0.00027570027374224093,-0.001514836665341024,0.00808791565125544,0.0069414274453116764,-0.0004877666234927025,-0.0016509227923614533,0.011345254425263018,0.008903807087732307,-0.000968414512819149,0.0058147039974321135,-0.00041826547059642394,-0.005730961228654685,0.0028707846386157865,0.0028475364570472728
2025-01-31 00:00:00+00:00,-0.011803190739485658,-0.003997173635090889,-0.0063834519530416856,-0.009642499208549649,0.01801558563627803,8.635652654964687e-05,0.003065890897406831,0.002787714886823389,0.002420950854781223,0.0067398808170742175,-0.004456157379037484,-0.0066950327023741485,0.007947896963719225,0.00031950008206171887
2025-02-01 00:00:00+00:00,-0.0034547501086978905,-0.0045824051810625654,0.005605923503507304,0.005858348718847717,-0.009007301524702638,-0.004498418446093111,-0.0053006698712037,-0.004328909751382559,0.01708715013856188,0.017627001704481948,-0.018071403877097714,-0.019877538003235662,-0.012313729560174846,-0.01335948099733586
2025-02-02 00:00:00+00:00,0.001598350554952832,0.007211196834686628,-0.0037755174278649717,0.00014059958347290014,-0.002475504020252539,-0.006383436701951961,-0.003982977414422106,-0.0027055142978893443,-0.0037424190824278947,-0.009797659649429469,0.0016202775926044133,0.010122475467316594,-0.0028011140800096035,-0.0007274859376146248
2025-02-03 00:00:00+00:00,0.00501936215446297,0.015185908593960074,-0.00471556337192891,2.1453682087280157e-05,0.0005147829248057789,0.0031015246314811673,-0.00021232977814966691,0.005820230647568314,0.0020822392755897035,-0.00949653130615602,-0.0032034769039502864,0.00959330677165049,0.018912184794954046,0.006101875681416624
2025-02-04 00:00:00+00:00,0.013995994226730035,0.018124152192557696,-0.004048148727516798,-0.003718502645290833,0.01400699589192489,0.012593361051931762,0.0042662437400664555,0.004039915327406884,0.012975780121797786,0.011393864814858379,-0.011512778468336649,-0.014221380078613843,0.01754774177489926,0.013455812608578643
2025-02-05 00:00:00+00:00,0.0012484968627963777,-0.012552260722596964,0.009081425220675898,0.00925409919754916,0.0009509877538271816,0.00501461575358908,0.009504582508018444,0.011866626527599067,0.0012677581840470076,8.786956227102571e-05,-0.003699176091819356,-8.881286075401729e-05,0.0010483890730563772,0.0006941392587558326
2025-02-06 00:00:00+00:00,-0.013513668034099258,-0.010853968106029344,-0.0002967388286069239,0.00010433048431757186,-0.005021570446845369,-0.00018904527813012884,0.009543047734354992,0.0021028932878031092,-0.009408722503290945,-0.004138130886052971,0.0083772691196482,0.004183293652814557,-0.005304105224695377,-0.0020438992138801515
2025-02-07 00:00:00+00:00,-0.009853953506933522,-0.012531269233141185,-0.001185814502045357,-0.0019030405756670365,-0.0036190583709824198,-0.0031168741690658086,-0.008677060653411672,-0.007075532337866508,-0.0067885824836753095,-0.007878627780899983,0.0048365697653980355,0.005964932812135393,-0.008064870658968881,-0.008342352274933074
2025-02-08 00:00:00+00:00,-0.0021057789544370875,-0.00041627429456581044,-0.0013695803651351257,-5.173830850113692e-05,-0.0028163930518516622,0.0005189373998752966,-0.006166047188179702,-0.0073498081210146005,-0.0019779625225122555,-0.006104999234206265,0.0004271438822196494,0.006036007137181221,-0.006679689326939187,-0.003647957744721042
2025-02-09 00:00:00+00:00,-0.013231804533070823,-0.01181493422138491,-0.006314763097831189,-0.00663856866877599,0.006818399364408201,0.003974823482883139,-0.005575127063379148,-0.008683432471994434,-0.009963033513943231,-3.33415337201437e-05,0.009149559286948605,3.379919617918503e-05,-0.009771816791211974,-0.009144313480996646
2025-02-10 00:00:00+00:00,-0.0037880809518632264,-0.0036325608269690557,0.004322134701931546,0.00424220134237796,0.001407516749051041,0.002054575295937555,0.008670470121280749,0.008173556996991849,-0.0009492742252995567,-0.0008105749089435399,-0.000200877520678433,-0.0018579740572123304,0.005444469612536196,0.004997864129703267
2025-02-11 00:00:00+00:00,0.0016525750461009459,0.009249896251977363,0.0077826342144189375,0.006949060592245759,0.005906342738528636,-0.0025818111543782774,0.009041753487054827,0.005794263259035315,-0.0022767289487474196,-0.0016863140716169012,0.0016189531926456002,0.0019018753967428026,0.012134253541434603,0.01263175135577499
2025-02-12 00:00:00+00:00,0.005163762924254911,0.0007660692338529174,-0.01970339351172634,-0.018168687548714146,-0.013981050261687611,-0.004765787852579639,-0.021358790005967188,-0.015095951963407739,0.00016073145075723438,0.0032538605309262447,-0.0009805825814319657,-0.003351459127396761,-0.013882304042047933,-0.0032843885153543972
2025-02-13 00:00:00+00:00,0.016701246746232634,0.01346200264074704,-0.004837628675414818,-0.004606096242529056,0.0024802271197992276,0.0024568218220140103,0.0028158247144962623,0.0008235712023254571,0.010901243328370391,0.012565825404358577,-0.012779612626805936,-0.014824736662953475,-0.0007202375466908162,0.0009370058220279365
2025-02-14 00:00:00+00:00,0.0003308096970167096,-0.016920076608113788,0.015947847889724143,0.015904615622244433,0.0032761126413940467,0.009100185256224025,0.0007990720844399668,0.01066663508106247,-0.016489212983686774,-0.014461432447683165,0.014714767634926629,0.014863687983609264,0.004513170828029933,0.003929501433756366
2025-02-15 00:00:00+00:00,-0.0008449090344482268,-0.00794454795248234,0.013557977344691219,0.012385311226084772,-0.012455430056139583,-0.012580337441108091,-0.0013179411141399644,-0.004892414959145608,0.0011125265827960362,-0.010315353045297737,-0.002478813941342195,0.010308541090463974,-0.007653847650455958,-0.017343787573990688
2025-02-16 00:00:00+00:00,-0.01014863593651838,-0.015260772979888149,0.004336959447903466,0.005716541948529885,0.012007712926979996,0.012120221362853956,0.004337160263917728,0.006337460428515129,-0.0028323930196264557,-0.006901309497727048,0.0016524277022720302,0.004889743784129541,-0.002811168799833008,-0.004298821221286997
2025-02-17 00:00:00+00:00,-0.001248795994180929,-0.00011800295474528877,-0.010283569062129905,-0.011393621122482545,-0.0036280778780565237,-0.0037844020333180906,-0.0035550618991033733,-0.006441461063441678,-0.01024215129826167,-0.0012449939120738884,0.008756551105547183,0.0013120266246653411,-0.006812709390046079,-0.003305018975999996
2025-02-18 00:00:00+00:00,0.005552774294932616,-0.00016503186009220183,0.0020594062650289846,0.0017717083231769681,-0.009458451002033241,-0.005030019218989823,-0.0018759658911955412,0.00543233979712987,-0.0033435087174137346,0.013175152034199389,0.001818744826234342,-0.012854561872085002,-0.0013030980912811518,0.0075122258230948535
2025-02-19 00:00:00+00:00,-0.004448141594305177,-0.0017248109335357142,0.0048087222934973806,0.005486592221913833,0.0031068300823451356,0.002184543493921609,0.006210829457526712,0.006912903802132053,0.007170750348188593,0.0014667849903859942,-0.008379818598219124,-0.0034816095374102796,0.016080476810091504,0.015373484004607363
2025-02-20 00:00:00+00:00,0.0023546616406628917,0.0010355017755390161,-0.0012470752335903557,0.0007841035312476929,-0.0037711716346773283,-0.0026497948164077023,-0.00042174840158704097,-0.0025134261151316117,-0.006477618367774052,-0.0015521978730189678,0.005777449033009585,0.0016693437862571603,-0.0004153110766144108,0.002614053637817637
2025-02-21 00:00:00+00:00,-0.012549219977868953,-0.012339715201234225,-0.010412006992070233,-0.010285428717090594,-0.011220800605044379,7.511513559177452e-05,-0.014861006367565488,-0.01673205721150417,-0.004573635531342823,-0.005901868244524322,0.002600150516807842,0.005991395491971474,-0.018393773743232256,-0.014574688088263787
2025-02-22 00:00:00+00:00,0.002132814399079974,0.0036332845046598283,0.002997822728942001,0.002770246031465584,-0.01025207500516212,-0.01377939721867516,-0.0064807018955267415,-0.005520424906589549,-0.006228410708289722,-0.011633486931553971,0.004633223369961081,0.008680584309475492,-0.006698690602026103,-0.00568900003621442
2025-02-23 00:00:00+00:00,0.004072648215033281,0.006006126733983264,-0.004113986529373226,0.0018246975437614665,-0.005109203611872282,-0.005772297018689199,-0.0019745222204284874,-0.002236405086065929,-0.009842440274634212,-0.007275218640472203,0.009024079387962125,0.007140936301033962,-0.005288923045786431,-0.0023491867983986836
2025-02-24 00:00:00+00:00,0.0028897086533736793,-0.01251712430326879,-0.003037172697761492,0.0025258194295594283,0.002502160945810461,0.007658549305083806,0.0063617242249836,0.010497052468011026,0.003202098494950567,0.00788271816768793,-0.004490734267432961,-0.007626472761937397,0.005268138254847177,0.005710893827133523
2025-02-25 00:00:00+00:00,-0.010386213566699332,-0.006706857535284438,-0.007212466053114652,-0.0097591670143512,-0.0026708726099647917,0.0005867865658997218,-0.013662881968925955,-0.010205680112106763,0.002250023154220626,0.0031797787871079564,-0.0034525491030390487,-0.006227480598797741,-0.01408060923109511,-0.011059807277326916
2025-02-26 00:00:00+00:00,-0.0005153006124294368,-0.0004830905443238276,-0.0005861886699350949,0.006877060265203072,-0.003689437351116598,-0.006862047742699717,-0.0074322219362297215,-0.007889969648999795,-0.002017023310469601,-0.00087879841384364,0.0008281964777183681,0.0008830048729124851,0.00016373312870987533,-0.0031061371363981793
2025-02-27 00:00:00+00:00,-0.005234402750871725,-0.010098327057526668,0.005827375284299441,0.008881369588762622,0.0070389322869799376,0.004186678783758113,-0.002985257708415512,-0.0060762512988086215,-0.010962515087321711,-0.005726491926386634,0.009807636409727927,0.005743774068692087,0.008216705261452129,-0.005004607075437928
2025-02-28 00:00:00+00:00,-0.0021728380438033046,-0.0011158483816685605,0.009489056505126658,0.007623634995929773,-0.006317789675773788,-0.005804805497461096,0.0002586409875371398,0.0013742225105708439,-0.0001856697810321828,0.0014772160820206715,-0.0021825383912262852,-0.004399767539540855,-0.00419223411856573,-0.0035404452207941084
2025-03-01 00:00:00+00:00,0.01456646446673826,0.01230690513434518,-0.010896986477314519,-0.010973720320959113,0.011737857497566173,0.005530819345705096,-0.003594799832693396,-0.009454922707831437,0.0049202182936107786,-0.012063196184141756,-0.007065362294125688,0.012116628805045604,0.007824705369631646,0.006872076493908308
2025-03-02 00:00:00+00:00,0.012377197589756861,0.019174979316448182,-0.013828428086396172,-0.013333477399629867,0.007843913215816123,0.006016383375899048,-0.009939202494447907,-0.014768750933477293,-0.015152084296994106,0.004607361737972937,0.013425853248365982,-0.004536541293390539,0.014932903631486472,0.01378326445852518
2025-03-03 00:00:00+00:00,0.017019502579361134,0.02243600044834615,-0.05886947373302187,-0.05791086303583881,-0.014107055274983016,-0.014730890100226657,-0.08804710817050498,-0.09146404660528418,0.008647410642582454,0.009519351427029754,-0.009737188989771495,-0.011777563851779749,-0.014087704549633706,-0.013169543519066962
2025-03-04 00:00:00+00:00,-0.0017227586374878312,-0.011854953485468167,0.0015614225022151373,0.016944894381250464,-0.005006486116074571,0.008964552627448219,-0.005071034993552992,0.031141185556701867,0.0018044868952380444,0.0031534259949965726,-0.0007734335148561478,-0.0033215270630807536,-0.011414372123517036,-0.0021564502617101855
2025-03-05 00:00:00+00:00,0.002007099532242984,-0.004447637728689946,-0.015850985037643706,-0.03075739172397296,0.019014451118702036,0.023843705920144398,0.008422617811115973,-0.011355980974131263,0.0103608801792765,-0.012369335181306673,-0.011215202721553186,0.012640143461540854,0.007602095520371277,0.016389303802198274
2025-03-06 00:00:00+00:00,0.002868236244054856,0.002288440749261156,0.007735446499255394,0.009214633140748552,-0.0019714031806652432,-0.003037223207326245,0.00412146476358255,0.006257741209601653,-0.010128717309549673,-0.007055465647279102,0.010036523902874128,0.0051081139864275205,0.008483361381051324,0.005224731745292033
2025-03-07 00:00:00+00:00,0.018312851273899033,0.022098423840276382,0.0036884526448288657,0.0012997568734021137,-0.010142577323851154,-0.019313772382097416,-0.005575740730410006,-0.014746027892971192,-0.0009664660019934601,-0.00301320607021649,-0.00018936839021299612,0.0030263105076351327,0.005330546343822684,-0.004537639829983786
2025-03-08 00:00:00+00:00,0.0005339501874392916,-0.009427411678834097,0.005610764085339559,-0.0018916187769829618,0.007926967676357366,0.01473890288788371,0.015266259443878827,0.009029800957059742,-0.0028692318330720834,-0.016720132619432393,0.001835264184584684,0.016424329287718864,0.00525784753749825,0.005865329872683178
2025-03-09 00:00:00+00:00,0.0019965059938653607,0.0025132936124969696,0.012113423183014893,0.008157563824337855,0.005700626399739672,0.00574074713738737,0.014129108039349081,0.014271903228977756,0.0053117682541286015,0.0008757527584084546,-0.005722557801494221,-0.0036516037465865736,0.003956006521867117,0.0030816382167713208
2025-03-10 00:00:00+00:00,-0.016156978723025905,-0.014816460792531405,-0.024939242224197855,-0.018977226711960005,-0.013388609951841435,-0.0099886097968368,-0.0201908599100874,-0.02360848262450088,-0.00825469722026484,-0.007902774482905328,0.006822496252057775,0.008317615543173007,-0.017771504231237745,-0.012996159775084615
2025-03-11 00:00:00+00:00,-0.013660177748373026,0.004133922597161055,-0.016807021010965206,-0.012039007002438096,-0.004621651834359808,-0.002084965673820993,-0.01095659227351542,0.0010393914639630353,-0.00957013943583862,-0.004405152123677314,0.009096158342543292,0.004771436612650337,0.0005341086706909248,0.00043045007602060537
2025-03-12 00:00:00+00:00,0.0006763725846981039,-0.003566655504169458,0.003832444556972625,0.004000162170198163,0.0009367437135792134,0.0007212889932428634,0.0004308362914151598,-0.0004114331400832949,0.0001812552770876774,-0.008257124146525574,-0.0019930165656897314,0.005185115098917059,0.0013217830252361118,0.0016871221860781382
2025-03-13 00:00:00+00:00,-0.012218541805179006,-0.0023609091226142187,0.001505365501407896,-0.0022379248020757414,-0.003987982222325437,0.002185443188158054,-0.003168808360273334,0.0022006124792786075,0.010738003346890013,0.00894863622680675,-0.011920909893386011,-0.009716060884575217,-0.0021394608388602965,0.0028315954910478336
2025-03-14 00:00:00+00:00,-0.029594530035577993,-0.0013926756004507546,-0.024488083936982652,-0.024293234369690775,-0.0018599332333131269,-0.0013555515462531087,-0.02681496434401065,-0.021178726128776026,-0.0032137498584675628,0.004216258778338089,0.0023275934426032485,-0.002457279079239094,-0.026505086362455965,-0.010374531129106579
2025-03-15 00:00:00+00:00,0.0014178381789382577,-0.0015991285914468412,0.008726333284769128,0.008674283013497153,-0.005960527497287704,-0.006097444034348198,0.004019948648726679,0.005448732466702966,-0.007614518382627722,-0.006567659167193152,0.005992806143730878,0.0032041531276973956,0.001181731076230541,-0.00017889464594356141
2025-03-16 00:00:00+00:00,0.005384478438504647,0.001352293499933488,0.005420240386651232,0.004942178447455925,0.0033541754411126057,0.004183076471262925,0.006225784398658618,0.0130385085785798,-0.007672832974014776,-0.005430516020437981,0.006348263025445,0.00597714919684722,0.002981922300987261,0.0029100869903451176
2025-03-17 00:00:00+00:00,-0.0014492869436628641,-0.007545117345847174,0.0033824332986327477,0.0021478458957420177,-0.0039042947903829006,-0.00719212563671856,-0.0005875676352872228,-0.001750147864780116,0.0010928070992450856,0.0029131156983623896,-0.001390670875614286,-0.003355806472508771,-0.0003084280904854797,-0.006340533842573937
2025-03-18 00:00:00+00:00,-0.00800744636689954,-0.007608249759101349,-0.003307157822143747,-0.002407297117213769,0.005314372283511393,0.007600134904027334,0.004947238035903467,0.006368950811695084,-0.006517256024160756,-0.006630880187171506,0.005414743090394136,0.004762252878609985,0.004383492128259281,0.005498039738486504
2025-03-19 00:00:00+00:00,-0.0005765220889057954,-0.005243217555748192,0.002505238027967538,-0.0007579293957965527,0.003797516107421739,0.0042725246520953775,-0.004492159747493951,-0.004749863141437327,-0.023920429361551476,-0.015615886006104085,0.02169236986694223,0.015210950524418676,-0.007357603259946832,-0.008484362406483204
2025-03-20 00:00:00+00:00,0.0010164878470428906,0.0014883411743713548,0.0044440057054431215,0.008798085040810921,-0.015916143441247477,-0.0035605199739137117,-0.008685641632325769,-0.0006698340523686452,-0.020087324040319654,0.006184207266688668,0.017128870868255097,-0.005686031620291687,-0.011306103975741166,0.0032031840452038107
2025-03-21 00:00:00+00:00,-0.006225953660326633,-0.005468175889007831,-0.0055757474765775195,-0.006554473551702911,0.005759577634836255,0.0053832817496390906,0.0003235392391434111,0.0007952456979187783,0.005937436329627399,0.00138374351192172,-0.006757474299462052,-0.0035948368508461614,0.006345804112111164,0.004993269281005519
2025-03-22 00:00:00+00:00,0.0005356569603223171,-0.000554612508702701,-0.002073904804659299,0.0007833962809149497,-0.005088695828390555,-0.008325846885335997,-0.008441564494201526,-0.0026275783491559457,-0.004614055290485086,-0.009092905893827607,0.003857217483922426,0.009057551420635024,-0.006416578125977512,-0.00882060571927934
2025-03-23 00:00:00+00:00,0.001351909455868494,0.0009325966235280703,0.0007345549826776043,0.002178708727645251,-0.0034202288607195763,-0.004814704055623675,-0.0015729339900423245,0.001639241350425591,-0.0038052845806202384,0.00042943041421805717,0.002321495122057371,-0.00012379703358900151,-0.0012403754404469725,-0.0014408471908550213
2025-03-24 00:00:00+00:00,-0.0046412549173683315,-0.0047606126901145185,0.001122208982324402,0.00015268402947010706,0.0021826078502609203,0.0016828186787070099,0.0028501391921063046,0.0034778716573438118,-0.00117073334632245,-0.000882283797330019,0.0008184754923215021,-0.0015859137546214708,-0.0007782766083367365,-0.0012196619355178129
2025-03-25 00:00:00+00:00,0.004435777453791312,0.005421358276374466,0.012015823346990917,0.007990570361703364,-0.0030685537931335327,0.0014363501735099593,0.006817860456551195,0.005343391361470218,-0.0007240997841893027,-0.004354339744767066,-0.002226418284147158,0.004829358700838116,-0.0015160244955046975,-9.08654089220029e-05
2025-03-26 00:00:00+00:00,0.0011070533778168024,0.008543941431537139,0.0009884979926815252,-0.00016999707129816688,-0.005640807384947322,-0.007755712143595717,-0.0072001412774569395,-0.00841496452629309,-0.004884261723798855,-0.00814366945548406,0.0037165681804682826,0.00819175106536596,-0.008035545617636086,-0.005070121664214389
2025-03-27 00:00:00+00:00,0.0039026655423526346,0.0052677842028932,-0.004998022231365917,-0.004665003595238915,0.009167482648261283,0.0096078890781357,0.0024863061904931705,0.0019296205595413785,-0.004953160266329304,-0.006247983314133343,0.004411384227615223,0.004789977493867559,0.00909763396209562,0.008243495635580356
2025-03-28 00:00:00+00:00,0.0006962268897039436,-0.004737568824042304,-0.00809130879465425,-9.137427324035219e-05,0.008150193120238569,0.008771246354843054,-0.0032412219765213246,0.008231181518572939,0.010327016217177798,0.0008627458691266021,-0.011874377238102585,-0.0007896231537212195,0.006418265226237008,0.012057563871678001
2025-03-29 00:00:00+00:00,0.010597897704359038,0.004677991186444741,-0.010854471669664578,-0.010244015208540347,-0.012185820350277599,-0.011789872562514403,-0.01758429390309446,-0.02069297831542105,-0.010199324866299264,-0.007604806870540659,0.009279481713093674,0.007718915791663283,0.002114555801238094,-0.008163184778322119
2025-03-30 00:00:00+00:00,-0.004850974600725366,-0.004380544515358076,-0.004328578242521863,-0.005236860206846106,0.0013015654850438985,0.0025505558619649538,-0.00047041204018216654,-0.00025788998487219494,0.002325256701929179,-0.002503594356053962,-0.002091567868993005,-0.0013046416199823385,-0.002954224508782577,-0.0008909551908763413
2025-03-31 00:00:00+00:00,-0.005746588479581205,-0.0026835316531398368,-0.002621975290208134,-0.0016581357124312301,-0.002194181413807339,-0.004001763344468001,-0.002410433121286637,-0.0003221148804481988,-0.009294455750645914,-0.005794314153457769,0.007699792930644156,0.005418745153408455,-0.0026623550653935846,-0.0017920321966198305
2025-04-01 00:00:00+00:00,-0.0006140239047703888,-0.0016220136827714837,0.0002986582023873918,0.006071865262166298,0.007045483727151858,0.007673122966126877,0.0017937467337725277,0.0014368392801658025,0.00987843487846285,0.014405437105712293,-0.012204439380428589,-0.015214197133455065,0.006187117625349625,0.00629819453069369
2025-04-02 00:00:00+00:00,0.004998087997786449,0.0033061244614571716,0.00857560430596327,0.008944747389257879,0.0037272075630336854,0.003394304487577049,0.006498319979263201,0.005905384368314559,0.003440815404432973,0.002955416470383554,-0.004319197152397702,-0.004682596024271013,0.0036809280092247043,0.0046867555704679376
2025-04-03 00:00:00+00:00,-0.0235826770695603,-0.001862645769498017,-0.028007375974796633,-0.002212693955446321,0.021098976065783148,-0.007770814239009383,0.021954724622275767,-0.004654282160813761,0.020820982445155067,-0.0018400648744177905,-0.02285355983090731,0.0010248226757667567,-0.00838565829994864,-0.0037291686675204883
2025-04-04 00:00:00+00:00,-0.009511282801736742,-0.004336685849968269,-0.002541464697485063,0.0067219409751817505,0.010483889268901647,0.003711352326321915,0.011956226494875155,0.005923140379666236,0.0025524179258098467,0.0036031515946033377,-0.0019022010832201453,-0.0031648510613028202,0.0098317447644658,0.003106736327550319
2025-04-05 00:00:00+00:00,0.0015916720967319442,0.0011931029986911312,-0.0003590739185664882,0.0005426966030344094,-0.01475211978507951,-0.015428619830682,-0.014751589281745803,-0.014599426352319478,-0.011716195023029008,-0.011312954314288803,0.011508020009256992,0.00917804410969092,-0.015352388008963214,-0.014985474672003507
2025-04-06 00:00:00+00:00,0.0038406263330488244,-0.0018128407431082794,-0.003332539268127155,-0.004356464111011982,-0.002018554633886671,-0.0010280254765888674,-0.007201177791382518,-0.00742815652725648,-0.003981704814346121,-0.0020806424426828007,0.0032314163543774033,0.0015922913001737982,-0.007238221187120697,-0.005932612456797326
2025-04-07 00:00:00+00:00,-0.00443108451331542,0.0009376462978059052,-0.02587344347422771,-0.01949325018730519,-0.003539147658292996,-0.010311896549491273,-0.02166886903844112,-0.015910979602145048,-0.014972472880260601,0.0017514933730551352,0.013787746590103067,-0.005013047524637493,-0.010622988992463944,-0.006358888496742265
2025-04-08 00:00:00+00:00,0.007374472815318667,0.008441262587827625,0.007558537103223628,0.008894461087741057,0.0216022754101568,0.020945414748290148,0.020715268921421837,0.02389110820317497,-0.0020193861195171303,-0.0014347401931652515,0.0005660533254068234,-0.0008585066423907328,0.018352753197182325,0.022181095153907426
2025-04-09 00:00:00+00:00,0.003750910308351507,8.862997539016426e-05,-0.006872557588903816,-0.009130306089794371,-0.005386996376938069,-0.002755185774462876,-0.013938536120156941,-0.015497964155322785,-0.019786574604189866,-0.010045617303397036,0.018532946017030705,0.009603289801602521,-0.0031542466815227543,-0.0037769881764120328
2025-04-10 00:00:00+00:00,-0.01833323367787354,-0.011233541554348747,0.010810355639999214,0.02211137583894196,0.005883311639919286,0.0032604131312097273,-0.003725222837877573,0.015589505273864823,-0.0085354044292264,-0.00659350500290945,0.007021391100019203,0.006969088581961769,-0.001647317771562129,0.0015945604905007738
2025-04-11 00:00:00+00:00,0.0047205977172444236,0.0015903848275096166,-0.0005658497350707892,-0.0028733739051615137,0.005603387009069927,0.004278837494716248,-0.007892627123703533,-0.009682555248150426,-0.003183176678708932,-0.005957525977741129,0.0008843397627413818,0.0024972640723510686,0.0025360539832912643,0.0037964237851630944
2025-04-12 00:00:00+00:00,-0.011854037631042202,-0.0122039077965167,0.003693559606726904,0.011206289555679927,0.009856753929414097,0.001177030118250988,0.008333650409156235,0.010970290443062636,0.0042661338707681296,-0.004329727747910406,-0.0062450150006801985,0.004201907689942885,-0.0001799021063941808,0.0012037935616280304
2025-04-13 00:00:00+00:00,0.004080456713317471,0.0035892359386178185,-0.018006245776461816,-0.00354510214259407,0.008584442368435141,0.004021193749177865,0.006441908077609471,0.009203658354860256,0.005653127060813556,0.005178960551276646,-0.008390531419917524,-0.005245071111479649,0.0032762171079272484,0.0010683596555374208
2025-04-14 00:00:00+00:00,-0.008538471789071633,-0.008699821812823694,-0.002933270122918441,-0.008060756724841078,-0.017037331692297486,-0.014867364004674699,-0.020799424452603188,-0.020070604161127048,0.004054241544828141,0.0051962354841279534,-0.005755674669606803,-0.008083256272271022,-0.014323900479288776,-0.0128458786740423
2025-04-15 00:00:00+00:00,0.0007932857130770188,0.007630576423163449,0.004518756503755883,0.009993220255435586,-0.011169776776163043,-0.009861681491179941,-0.011228625529672076,-0.0017938761053896135,0.0014451631262610842,0.00037895804382914733,-0.0016845025949965287,-0.00039402695876467053,-0.013007689567935299,-2.641617361798243e-05
2025-04-16 00:00:00+00:00,-0.0011637158764072897,-0.0002685117900573797,-0.00041847476230560954,-0.007814305376639186,0.004744879592642359,0.006936511929983125,0.0023925200971794958,0.0018566029227922165,0.004728572528070574,0.0070156144738968695,-0.007156216892805323,-0.006935280989029402,0.004898132916956399,0.004635492444678757
2025-04-17 00:00:00+00:00,0.00852480533540323,0.0091497484377141,0.007755951680194606,0.007577770637803738,0.014771285072391338,0.012945605493910772,0.009849709214951652,0.009662229453652138,0.0004352808565240007,-0.0017601984491136813,-0.0010147317894109165,-0.00043620894041718206,0.012798228979571613,0.0112731192890696
2025-04-18 00:00:00+00:00,0.008223824149911074,-0.005402199585017642,-0.010594330261526008,-0.005313816765728618,-0.0011013344870919317,0.0028205604087745417,-0.0011585993685404583,-0.002564804499916584,-0.0038266834465883193,0.006893647263616964,0.002212336228342826,-0.006935935284348216,0.002157931395134538,0.00020361042898398019
2025-04-19 00:00:00+00:00,-0.005682567111430559,-0.0008872765671252836,0.004910590735681675,0.0029585508952643114,-0.00607431087994692,-0.004210088249566146,0.0006071719446576473,0.003067720488279191,-0.00903713544104745,-0.00866083617132929,0.00789592905358516,0.008884261298539364,-0.005769100339573452,-0.002693711394146092
2025-04-20 00:00:00+00:00,0.007110915178859978,0.007997322628568337,0.006777557809560131,0.004255031913782403,-0.004082600421652316,-0.0036840953685245426,-0.005188386115894117,-0.006358850920523573,-0.0019381997534502204,-0.003976076192095279,0.0011951301797301639,0.0019946719637879973,-0.0019838259885175402,-0.0035593780022944443
2025-04-21 00:00:00+00:00,-0.008195468219440505,-0.007519937910652752,-0.0005335334376026513,-0.0019161430278040736,0.007642990979731312,0.0025077347349182766,0.006700018443397404,0.006903052595393255,-0.009304369434709248,-0.01450337739971952,0.007935715081334616,0.014041623788519475,0.002074774269029689,0.005255620847796072
2025-04-22 00:00:00+00:00,-0.0084759153992916,-0.0006476620649461529,-0.0027426217952096765,-0.001954245776699448,-0.0043817014471010385,0.0014205936851119372,-0.007049977439001931,-0.0007641583266648766,0.0019680709864424717,0.011296228833630684,-0.004010595324224653,-0.010922152899658144,0.001394217603852388,0.0012895860187547292
2025-04-23 00:00:00+00:00,0.006362064828052905,0.003942135115965195,0.011303123888704691,0.013362369296185506,0.008836781664628424,0.010312678199233316,0.007072271373125716,0.008935603639527834,0.0068694710457861685,0.007241427259890187,-0.006307746420224358,-0.00916309141029048,0.010104311152382861,0.0025215098297821648
2025-04-24 00:00:00+00:00,-0.0010691088194059173,-0.01537337855990173,0.0008438139170729997,0.0004362460236371213,-0.01186059188900912,-0.0023503529086876807,-0.00905749385322141,-0.0062262917190869516,-0.002475946251377148,-0.009203790207788831,0.001075161282798831,0.008966409435013034,-0.004406801235503965,-0.004954145469167948
2025-04-25 00:00:00+00:00,0.003037066437890479,0.002647310822747384,0.0059142429808383135,0.005546150821293949,-0.003473489412223252,0.0016895436477191161,0.001234743028573293,0.006954885295289204,-0.005528623112534992,-0.0014712035124681,0.004393076343500946,0.0014813214659858964,-0.0028953518192854633,-0.0005778528003079764
2025-04-26 00:00:00+00:00,-0.0017158787663188457,-0.0008157871317031606,0.008784390945854259,0.009516078229818259,0.005099500678090285,0.006201183208880634,0.009812638270350948,0.01028645694688013,-0.005573108565013918,-0.003691298353776129,0.004400439057220984,0.002491202197000719,0.006546993657789546,0.007160663591261551
2025-04-27 00:00:00+00:00,-0.006350493612319097,0.0012711227561326144,-0.003438383470034889,-0.007644406678626758,-0.007230105865482672,-0.009123294973314433,-0.012910668763774225,-0.013651550059206596,-0.006048838428221015,-0.005407792094082042,0.004566558459481174,0.0053847658967889345,-0.007747975341371838,-0.005239871904350268
2025-04-28 00:00:00+00:00,-0.0025107300093223373,-0.006451243905492565,-0.013806707947604968,-0.01611956527541414,0.005515588206528976,0.000696546725253766,-0.010581356254164342,-0.011512033737686833,-0.0035223334972467324,0.011117907990296105,0.002975513891659176,-0.01059612736535498,-0.004135420480349428,-0.00810499377683671
2025-04-29 00:00:00+00:00,0.005611954414244336,0.005552829399396275,0.0004056850735041362,-0.00039334171646643323,-0.0025857282574441864,-0.002301174512705173,0.0024488480435320703,0.002287273230459963,-0.0030483097306418516,-0.002923224977589012,0.0032576956720835604,0.0003680159576884279,0.008018479067447126,0.008378030158044503
2025-04-30 00:00:00+00:00,0.005395822621355739,-0.0017097351083321666,0.0032187095391429388,0.0030577772645101753,0.00031922935132078223,0.0028426672228252237,0.0017064222734159973,0.003953497650918125,0.0011762319604629035,-0.0018335327184694217,-0.0024400406725151313,0.0018259657924453165,0.0021391592798316594,0.00041931737547096226
2025-05-01 00:00:00+00:00,0.013890304453656688,0.010499237762511715,0.007575353383657335,0.009214755369582273,0.01377447892514172,0.019258002858320022,0.014304088998859488,0.017079349368132934,-0.002378792920236239,0.004437277239146775,0.0016941685767672965,-0.004402823028975322,0.019022499595227504,0.01623777002530513
2025-05-02 00:00:00+00:00,-0.009346152773112126,-0.00826386956822489,0.010207608775273602,0.01034215884031231,-0.0009383797026957241,-0.0016169766526257234,0.0011767632262627004,0.001675540468333736,-0.003552182214780708,-0.004955699442662054,0.0019400233670701095,0.0026491895679998656,-0.005114133605194082,-0.004245843155134876
2025-05-03 00:00:00+00:00,0.008767269102690545,0.012653716866926068,-0.006146385452676761,-0.0053448554887743915,0.01232301120570467,0.018690085308086912,0.008278370592775142,0.01133523208441023,0.0027972310512878185,-8.841342993548551e-05,-0.0034559918009865465,8.363698213575965e-05,0.012222520504458823,0.01952809290325952
2025-05-04 00:00:00+00:00,-0.006844209713488758,0.005829546035746258,-0.009257372757830007,-0.007155012572767849,0.004985804713052433,-0.003175136662637912,-0.006689370763279245,-0.010081955349953597,-0.007180515821106792,-0.008299209655790118,0.005239065764580886,0.008257934273295131,-0.003700555347529222,-0.006697597878655315
2025-05-05 00:00:00+00:00,0.0004914173587968751,0.001891287395575647,0.0019489971801425199,0.0019272015819107313,-0.004186692516552015,-0.0045070315260948846,-0.0025616000807320294,-0.002159858036474005,-0.0023435885628195763,-0.0031509516971741647,-0.00035087720569693115,0.0009475822659075206,0.000786257778805588,-0.0008043972705719105
2025-05-06 00:00:00+00:00,-0.0003544565739801442,0.005139644588866288,0.00011363431047284323,-0.003767253204302712,0.009943614059052086,0.010463756434921034,0.0066282091026586,0.006718559267965052,0.008686597065869162,0.006982223447000502,-0.00989072399994495,-0.006922441666137424,-0.0009644588691984923,0.007170608753429786
2025-05-07 00:00:00+00:00,-0.0015926258554714856,-0.004873425409862242,-0.004072103227528268,0.008480635854061003,-0.010141355102458838,-0.010049251728857622,-0.007100770177353555,-0.006947906674439452,-0.012869830344550026,-0.010917817481020498,0.012597577033681695,0.010789866745027465,-0.012082062425744944,-0.001966560382071769
2025-05-08 00:00:00+00:00,0.012114743047739074,0.007388701040726087,-0.008679075304367512,-0.009198407969607691,0.02109275876343064,0.024405219353410557,-0.00259225317709888,-0.0030477714745335005,0.0171095540174917,0.01713355360639257,-0.018338568770407737,-0.01943032637726938,0.021611538247009454,0.025357533312801106
2025-05-09 00:00:00+00:00,0.018960478206037523,0.015538351083480562,0.02596116875431642,0.01705345516015022,-0.006342293438437285,-0.0064693495010428315,0.0065154528456421446,0.01376291360828974,-0.007883261428881183,-0.010168870135565444,0.005975377462159814,0.010757474993852822,0.011349879729330548,0.0009004092877138437
2025-05-10 00:00:00+00:00,-0.0060967726888668805,0.005791458258256332,0.013305898540876937,0.017058020387071604,-0.018106937834140302,-0.020766833715078703,-0.012423776246711982,-0.0024589782602594257,0.00848400485712908,-0.0016763845296616786,-0.01055381564525959,0.001790067493632419,-0.017166797719227356,-0.014072066829494356
2025-05-11 00:00:00+00:00,0.0010125430647520695,-0.0004860519109840533,0.015047020331546257,0.012551397857295532,-0.009803258748915522,-0.009226465648716209,-0.00487219302710673,-3.976945516870334e-05,0.004054699860055466,-0.004522793980048512,-0.005695231635270859,-0.0007070926703593994,-0.005408522455396025,0.0030662459777286433
2025-05-12 00:00:00+00:00,-0.0001205679132121329,0.0018157221500270104,-0.004349474826326638,0.0025273162355703427,0.003639018231921254,0.004311623966088307,0.004455938644748247,0.003403027195514552,-0.0008706478709827881,-0.0034919888726168136,-0.00010886422682154784,0.005335603651419829,0.0019495916673615277,-0.00033812540814270875
2025-05-13 00:00:00+00:00,-0.010477823867515168,-0.01429220159476674,0.004907116977373338,0.004915804952138503,-0.020592578744895618,-0.01933639833079248,-0.014995520836902365,-0.011211757355795271,-0.01609949034070579,-0.0012205849113738898,0.015064822623339191,0.001699413480205969,-0.02357884840295532,-0.022189476957795606
2025-05-14 00:00:00+00:00,0.006451303253331764,0.006666044969102947,0.006178165444687744,0.009043838830353534,-0.0008595304928206149,-0.0007340766340269145,0.010052983459549969,0.009591337249774234,-0.005087684059121966,-0.0017403886047746564,0.004414950382168437,0.0003543934689085315,0.002124989221674145,0.00012175934747959971
2025-05-15 00:00:00+00:00,-0.003163087118661978,-0.0017180430091133791,0.00863634849485928,0.008342415039875206,-0.004333434946658055,-0.0039032528100271247,0.0027656637525055316,-0.0024349820354168106,0.0010592758632932409,-0.015183805042193077,-0.00221919548031968,0.015831254094922587,-0.008278098242826992,-0.008732450721256169
2025-05-16 00:00:00+00:00,0.0069172424173595815,-0.000477292713281563,-0.011540746513096667,-0.006170300468405054,0.014554360130549782,0.014511672580156842,0.009169511645762185,0.006224106172476596,0.004839362513745726,-0.0007805261939728414,-0.0061603066674028595,0.0013948174231308563,0.013104310675563724,0.008652910547678694
2025-05-17 00:00:00+00:00,0.013796526878083304,0.012281849280174617,-0.0050747918090894295,-0.00503075931039676,0.013140628725898607,0.013536922624111103,0.003946031654348481,0.003808273936331208,0.011787772549903375,0.014421358082073343,-0.013769405827684267,-0.01673760862634388,0.012299875203107602,0.012978551994867527
2025-05-18 00:00:00+00:00,-0.003884221600243154,-0.00019823033143118174,-0.004669096213290147,-0.0035001867586377244,-0.0002952129485338517,-0.0005468357960440873,-0.0032197368818519534,-0.003553526202654256,0.001814200075740846,0.002077469956283773,-0.0024758691751585182,-0.002217307616794617,-0.004286943061860171,-0.002609644407757572
2025-05-19 00:00:00+00:00,-0.002074596995693345,0.00011342743148645695,0.004401419114378191,0.0009031858823411731,0.00015035531070495267,0.000911927275175195,0.003944546918708491,0.0062207835587511084,-0.0032627914089896626,-0.007642472850146853,0.00236816636109638,0.0077718342831480935,0.0029848036046684623,0.0011957011918988236
2025-05-20 00:00:00+00:00,-0.008953043256700766,-0.006855834336500277,0.011776241646412444,0.01320662960474972,0.0006100422807502337,0.0016245495684978906,0.008601743179312837,0.008798250094377957,0.009984731706205618,0.009744669463247257,-0.010960332517218396,-0.01112725445296936,0.008082762173649893,0.008245724117411424
2025-05-21 00:00:00+00:00,-0.012531300117038069,-0.007811217335081833,-0.0015300421610234816,-0.0006548343913590493,0.010653329776676435,0.013401980806477587,0.005131243698487609,0.005175458058236826,0.011221912756555374,0.01626725271260443,-0.012957159003225582,-0.016614431758756987,0.006136218016224104,0.0072903133823190025
2025-05-22 00:00:00+00:00,-0.006238910060662239,-0.007825283871588984,-0.0029099442191826697,-0.004681480595781107,-0.008279165923133824,-0.007620873036171538,-0.008804661513545198,-0.005960191009879323,-0.010381010105077193,-0.012426424284170956,0.009269390958011714,0.012909757195947336,-0.012659698688129106,-0.012101581694123564
2025-05-23 00:00:00+00:00,0.003911014821287528,0.004058258349178612,-0.010661160692344573,-0.010855620745583106,0.0058538036163011675,0.0065685778400454975,-0.011559124476690608,-0.00969864264246667,0.0027477219419100862,0.0057131454072645305,-0.0018612545569024475,-0.006563804781325677,-0.0031912391299060427,0.0001130202730592611
2025-05-24 00:00:00+00:00,-0.014962670822767588,-0.012153444594405816,0.0030610978866025818,0.0066177266028193404,0.015700528231348043,0.015476091890296528,0.016903202256088212,0.006867123783975693,0.012709166455146192,0.004583927687852318,-0.013543638135234737,-0.004842791538399949,0.0144045218136708,0.008651642544254656
2025-05-25 00:00:00+00:00,-0.005224769837558485,-0.007129239450999747,0.0022565172253321553,0.0011850795423249405,-0.001477988370172545,0.0020321827115397095,-0.0011553673282436172,0.0017812004844910412,0.0016136387739149605,0.0015376413899588215,-0.002326608197372182,-0.0011013896850220473,-0.002037936814853425,-0.001102358818385829
2025-05-26 00:00:00+00:00,-0.0032958630397351696,-0.0038171313524707484,-0.003539331352471531,-0.0026464070862592948,4.945181229509821e-05,0.0002971434942842244,-0.0012499182798989539,-0.0016849438506222336,0.00351685367197474,0.0020597000780997465,-0.004492044689438535,-0.003906427053833927,-0.003192262491520048,-0.004348491775675756
2025-05-27 00:00:00+00:00,0.00058708766376947,0.000280108543873947,0.004723384726266211,0.0014538367879819436,0.0018172674558305513,-7.643421855307864e-05,0.0025470183649332068,0.002771867141263318,-0.004686843662707552,0.002029544579252418,0.004118784789045149,-0.0017852701637187662,0.005091269051808567,0.007197800773753205
2025-05-28 00:00:00+00:00,0.001873487340850133,0.00731848832085058,0.0019373477430857378,-6.829296544741403e-05,-0.00122898826305895,-0.003624836296279077,-0.005522813291744977,-0.004538004841830423,0.00303882373271791,-0.003510370515310668,-0.0035517552594396262,0.0031311403118048364,-0.0017486936987949342,-0.00427567937244866
2025-05-29 00:00:00+00:00,0.003273786781928578,0.0030958334912192242,0.004603300683936773,0.004909964801645961,-0.0082664657909709,-0.008022117945225893,0.007378642673277147,0.008041901083549519,-0.007294834993641142,-0.006012344701064043,0.006147714791813419,0.0045948466111140895,0.007123037116593123,0.007978879256461013
2025-05-30 00:00:00+00:00,0.003708057880151827,0.00259658525385853,0.0014188090501776607,-0.0010581649247766167,-0.002037141139343168,0.003061994659530276,0.00504819153814462,-0.0005463684853201922,0.00024195484091937836,-0.00033624989391956017,-0.001649050590330825,0.0018606129664116011,0.008314032391137927,-0.0006738345246227739
2025-05-31 00:00:00+00:00,-0.006407352341258887,-0.0010583493818291378,-0.0002633556845413887,0.006246022709533561,0.006555423851439146,0.0077470035916387125,0.004638186203950179,0.0072980563405631305,0.012817071897592847,0.01215673587025834,-0.012390087255415794,-0.01132310306339357,0.007325681746181756,9.310728271438862e-05
2025-06-01 00:00:00+00:00,0.005698248446201815,0.002929595016013309,-0.001474920095258847,-0.002233476951729263,-0.0007395139552454078,-3.422140356657e-05,-0.0032637994319354435,-0.0026581944920190947,-0.008758315874274558,-0.010340089693435472,0.007528507607533763,0.009094202156509024,-0.0012010146711121106,-0.0010359034305138515
2025-06-02 00:00:00+00:00,0.005436831355189575,0.0025142946248999376,0.002116046589442977,-0.0014679771594476865,-0.002178161974355386,-5.8186078838007305e-05,0.0016646275232348184,0.0033496803769053063,0.0007944803300568015,0.0046254826336058485,-0.0014143317029438052,-0.0044357017907964424,0.004569857685713163,0.004775326802412216
2025-06-03 00:00:00+00:00,-0.0048241025807579385,-0.0032619912492490855,0.008899308417155138,0.008485385871387363,0.004159630790810942,0.0017732133635626202,0.0036420735120921144,0.005832268773144689,0.0023081821739734387,0.004207200696881852,-0.003032954491575812,-0.005011747508438025,7.237876900401119e-05,0.004522047380001393
2025-06-04 00:00:00+00:00,0.0017431636029612285,0.003585334424994091,0.007277430085808723,0.007019619985020764,0.0005447291003253252,-0.0005627243388749426,0.004177796156338065,0.0038947092863272914,-0.0022609395006819577,-0.002437463862857814,0.0008948338542051903,0.0010581208922626484,0.00027618593493405896,-0.0001725431887963369
2025-06-05 00:00:00+00:00,0.012547609951308214,0.004322723741629009,0.0035410166841634005,0.0036109029765167833,0.006591068674047573,0.0017909047589992344,-0.001976410043997845,0.0037446712886581857,-0.004394823233132672,-0.007893803121149845,0.0034156025495977183,0.007770757602925338,0.008405746591422014,0.0025383613236054092
2025-06-06 00:00:00+00:00,-0.00277791423136875,0.003744543301858805,-0.008127018722103752,-0.0073515500979179915,0.0065722691013556656,-0.004292816080160078,0.0054924794541477695,0.003708483068247448,0.005050341248514556,0.0049852206304576985,-0.00720231463253429,-0.00518048827270523,0.0011765382205675134,-1.0621413890077314e-05
2025-06-07 00:00:00+00:00,-0.003613325480492424,-0.00437581145319621,-0.007005503725514117,-0.007349500823967237,-0.0040131310035661505,-0.0015030375346829494,-0.009721824125688006,-0.010284157666045068,-0.004748135594286773,-0.005086277309508058,0.0034579266800793818,0.002504590187752287,-0.0062432498598684605,-0.004598269117861653
2025-06-08 00:00:00+00:00,0.00023127553285262614,0.003563334279424124,-0.00011021856853699052,0.0006594577384582134,0.007247408364202901,0.01054383123927205,0.0021664427599186187,0.005829649568904083,0.001529200547491838,0.003586266669378224,-0.00321009598404165,-0.0034760599246100865,0.006434524667631614,0.007011027311016216
2025-06-09 00:00:00+00:00,0.009482980626726922,0.005672341843719231,-0.001155814892061957,-0.006023726483616043,-0.012045496776251552,-0.008971482430030209,-0.0074404138305166345,-0.012619801704069733,-0.007607264730478791,-0.0032586132099876597,0.005839812323313653,0.003242664161250408,-0.0053768131539241315,-0.008796602704964074
2025-06-10 00:00:00+00:00,-0.009054398678446818,-0.0076856024559972536,0.006281817392514766,0.0055710768368659735,0.01056707066885676,0.014850631733817732,0.011197065241665971,0.014146047735839495,-0.003977793296068621,-0.0035346548309285186,0.0025370285090733358,0.0003422872461518178,0.01783503226546368,0.014890310263948603
2025-06-11 00:00:00+00:00,0.0075256125514546746,0.02684968510609065,0.023251210102699593,0.01988401179011845,0.007196400337533548,0.007901800038933038,0.027252070345382018,0.026528824068356327,-0.0006848686184885988,0.0008798731758052902,-0.0016095041454826653,-0.000841402192273133,0.025578260025639787,0.029097358212014424
2025-06-12 00:00:00+00:00,0.0021631338552656754,-0.0016282294222644822,0.01215545320561473,0.005982011672322152,-0.002402193221224813,-0.00497423758082971,0.0005493049338554101,0.0012637373576280808,-0.006653983004072939,0.003993374802169214,0.0055536750210811725,-0.004000882825018426,0.003280218382514022,-0.005147640620656535
2025-06-13 00:00:00+00:00,0.0034671839739970345,0.006406730469712851,-0.006382060760384944,-0.006298870893336028,0.002013330932010282,-0.0008060651112450357,-0.00017928732167982186,0.0002723967502253899,-0.00036799250969232755,-0.00038316399458260264,-0.0006022893456828493,-0.0031214960728054297,0.0005708637687429352,0.0018295759739246353
2025-06-14 00:00:00+00:00,-0.011630135716249379,-0.00217814804044536,-0.004193123108518049,-0.004070865300923487,0.01769489803019053,0.013178160974873787,0.0114488662317489,0.0133212031127794,0.005599769108016961,0.01980571055893421,-0.00772595781401908,-0.01988012112271842,0.004951279154802313,0.006729599896784233
2025-06-15 00:00:00+00:00,0.0023182569114521545,-0.0006562951487781854,-0.002116292267180353,-0.003113216011420561,-0.007641610919066566,-0.008052001208624926,-0.007842784271526182,-0.005758801641301381,-0.006273894324188123,-0.007535354712890019,0.005543854943946158,0.007844813281388197,-0.004456325891893265,-0.006318233248629901
2025-06-16 00:00:00+00:00,-0.007276826085921284,-0.006921477813021548,-0.012739835813610823,-0.012833183885870514,0.004623355755252634,0.004519272463295643,-0.005648854981595175,-0.006066893364613302,-0.001324113370740676,-0.0013084087053421012,5.643391972220968e-05,-0.001094201826507879,-0.006345479195010939,-0.004950915868446426
2025-06-17 00:00:00+00:00,-0.001615401654544768,-0.0031354568484140977,0.0029915053488405174,0.00035589048760842346,-0.0007436590731206838,-0.0008364449622552117,-0.0009381650383590845,-0.00013595198130544883,-0.005463463543491476,0.0015294723956420508,0.003545928080867178,-0.0017691627496556617,0.0006497980258768354,-0.002112513439310626
2025-06-18 00:00:00+00:00,-0.007678766058895392,-0.0017397533555192357,0.0010363138597124788,0.003326559794160966,0.004131489956326506,0.0030061689355798116,0.0038252360741359848,0.005177021106690161,0.0035128244981601497,0.010560613491782389,-0.005114715765615618,-0.009921665990768602,0.0015442623035502034,0.004660683494290829
2025-06-19 00:00:00+00:00,0.005974669561567447,0.0051703053483656,0.0017594250083128316,0.0013034945265057996,0.002732346904416927,0.003581151794185944,0.0013646009346084398,0.0009813064815620276,0.0028995824536155457,0.000788527402566519,-0.005145579985160742,-0.003671730333556611,0.0037312678293912604,0.0023673469368306055
2025-06-20 00:00:00+00:00,-0.004859616876380368,-0.0049026246615848645,-0.0007300707338098178,-0.000995469093574619,0.008890046226396553,0.008896241707375463,0.006253235987595085,0.008497566037166449,0.007827543330573228,0.010521983196743356,-0.009316237621047607,-0.011222888173424095,0.0012631583512403566,0.007908589628448537
2025-06-21 00:00:00+00:00,0.003254696611138197,-0.0005402783358162688,-0.00035561711851928024,-0.00421884898413738,0.00134628874266296,-0.004319013996241683,-0.005862311636968709,-0.0050700891774626555,-0.0036813435554290397,-0.0025832530358035344,0.00385799293205924,0.002587681641698536,0.0014064570836866963,-0.004118004426677868
2025-06-22 00:00:00+00:00,-0.002309928339113698,-0.0024409448463821315,-0.001148484254470783,-0.0028688980816138354,0.0020632549354551166,0.0028491469799973856,-0.0029435986550298,-0.0020449996370210943,-0.002604940963144786,-0.0029203930954011526,0.0011437480491638397,0.0010742551978606407,0.0025130931555759073,0.000683035571320989
2025-06-23 00:00:00+00:00,0.002973431773151791,0.009292692601716945,0.0022475321468191645,0.004271852804966114,0.0009967023456358692,-0.001165468835545247,0.005465544532576638,0.005779840618610699,0.002621215312929026,0.007526754926846957,-0.0031126768712289588,-0.007510815980073082,0.0022207842291694924,0.0025175285603959985
2025-06-24 00:00:00+00:00,-0.010937570449329526,-0.0015542000952660784,0.0003739979028851703,-0.008481773626889288,-0.002183823650470651,-0.0009099628207448474,-0.01000537279173963,-0.008988366435676354,-0.009944567486674605,-0.00812741796160299,0.008594430124321706,0.008233087775533665,-0.008359993683910383,-0.009530915735257883
2025-06-25 00:00:00+00:00,-0.002079165107388481,-0.003481647630922291,0.005334662110705324,0.004859866394630874,-0.004075306905023224,-0.004006672694260138,-0.005001273194082834,-0.004349103068871041,-0.0005543220207615551,-0.0012480586733309984,-0.001191389710307189,-0.0006021527345765332,-0.003160052171168437,-0.004198605027893376
2025-06-26 00:00:00+00:00,0.004170458953345779,0.01340056236617726,-0.0112107188825884,-0.0100896251021948,0.007244773448227937,0.0053724259654315265,0.008551819494259316,0.00873889968491004,0.0023362920778284835,0.0019767038989482177,-0.003338138433028992,-0.001942059193725587,0.004873343601186075,0.015440127827329508
2025-06-27 00:00:00+00:00,0.0008955519652988908,0.003811878698799953,-0.0025677286533006827,0.001270378177780307,0.0047429038919233335,0.0033882647067216,0.007706650491523082,0.008122437389368908,-0.007388200340767148,0.002589254810178243,0.005134715586694982,-0.0025879534583297392,0.005723090367248718,0.006682813723176917
2025-06-28 00:00:00+00:00,0.006088035778163192,0.005413863776728034,-0.002402496801581888,-0.0016130059164406463,0.003106677357391341,0.0018425712137215555,0.001760451671395602,0.002426797826228233,0.0027198724931816187,0.002015127842691866,-0.004261498781640949,-0.00478772360809665,0.002705866624163722,0.003280675231871477
2025-06-29 00:00:00+00:00,-0.005870318492004478,-0.004495364973694627,0.006980658222539793,0.006846480433336355,-0.006181862499089585,-0.00914837978274019,-0.005609703717613823,-0.006963410293339356,-0.009049021797907564,-0.002949652561663907,0.00782893876367785,0.002971696720795336,-0.006899010770989755,-0.007062785860625698
2025-06-30 00:00:00+00:00,0.008496871848629794,0.00891541314384292,0.004293199667762648,0.005987092237363711,0.004643565231350344,0.0033457743169411636,0.0002499033989771249,0.002589185424659357,-0.001044842568384996,0.001059503605666423,0.00019958942400744029,-0.0010543810975675028,0.0046436274285237555,0.004970622005561642
2025-07-01 00:00:00+00:00,-0.003419572897027212,-0.0033255575384789626,-0.005806082034714666,-0.0054250943201835655,0.005787182097631849,0.005167724005212371,0.0029353560765128517,0.0031158816587577576,0.003319159884262568,0.0038183797666122565,-0.004506207608992785,-0.006417827614790039,0.00617015047665781,0.005615983133733016
2025-07-02 00:00:00+00:00,0.00019344694296585807,0.002409246003303167,-0.002571102565370742,-0.006973277287585455,0.0040673246754598935,-0.0008417754007219447,0.003243897209215696,0.002122863093850569,-0.002324352152659803,0.00020782475565561676,0.000846950003499769,-0.00019332455830745054,0.0034807012592881215,0.0039519989638874264
2025-07-03 00:00:00+00:00,0.005579135374828903,0.0007014008238650504,-0.001808631063313526,0.005913606197315513,-0.009042631225825049,-0.0038128314611676206,-0.00861523591858604,-0.007773234052349087,-0.0017533884083731355,-0.0004971633487540483,0.0005470742206148405,0.0004742655167322418,0.00028503372008148453,-0.004155425449160144
2025-07-04 00:00:00+00:00,-0.006010197088140323,-0.004130927392509198,0.004507307867266386,0.00618357063744801,-0.003094051331187786,-0.0034346209541326056,-0.0009379735803468625,-0.001388722856602853,-0.0026430361219141885,-0.0013859134137080842,0.0014302648448667465,-0.0004819412722675276,-0.0029873873282181274,-0.003212925014480783
2025-07-05 00:00:00+00:00,-0.005946352508547692,-0.0003141245888070854,-0.0012749694195178796,-0.00479038670090115,0.0011041855312894366,0.00027572956338550725,0.002269381733980058,-0.0007583154987159668,-0.0025128219348520275,0.00039500595228947333,0.00046140324354704276,-0.0003592017778744072,-0.00012200567983200461,-0.0011715180885847332
2025-07-06 00:00:00+00:00,0.000592009304648089,-0.00410161261693609,0.003934683500940617,0.0041167400888648675,0.006737349378470148,0.0020540058545615025,0.004311524000125022,0.006293009859678955,0.005029818116758067,0.005520472222745765,-0.006532531347073545,-0.00554080068799645,0.007721482431852111,0.0025214670863979993
2025-07-07 00:00:00+00:00,0.003286808669818564,0.0023267816980592215,-3.889343503260534e-06,0.0003264831235449961,-0.0001665128072080302,-0.0012794633226093088,-0.0011162708390870524,-0.001903684655436444,0.0009997079596182346,-0.001214202728661129,-0.002133240960749183,-0.0013776684972931497,0.0017678590765075608,-0.0008137929344202988
2025-07-08 00:00:00+00:00,-0.0065831996277442295,-0.004994430293909891,-0.002876760432822034,-0.0031378073607025714,0.0033177600284011177,0.0036135250576656563,-0.0011251871773531041,-0.0007975945850557942,0.0020529891129466016,-0.002152265775031692,-0.004016635166439797,0.0022071817718063436,0.0038442194985213174,0.00362388704337846
2025-07-09 00:00:00+00:00,-0.008381003465189218,-0.001184902042548397,0.0028802842506809867,0.003233048629843749,-0.004016519868875412,-0.0007275404280084885,0.0015909364057646869,0.0021786405191379643,-0.0015760560952141622,0.0019309830087956836,0.0001605948909129129,-0.001988941237691777,-0.0021917552851855593,-0.0030733476261057824
2025-07-10 00:00:00+00:00,0.00369949212336107,0.0029919741751751605,0.009116460912646618,0.00911746136438496,0.0027377009116287265,0.0019427799270439472,0.002108114723315735,-4.173308277843901e-07,0.0016317525717235437,0.0029077134172308394,-0.0023274163944903004,-0.005444329425886907,-0.0005034809991724121,0.00024133639737633494
2025-07-11 00:00:00+00:00,0.011543945793024646,0.013174511438857062,-0.010865072627306516,-0.0037954675302589447,-0.01051384738868566,-0.015945743419235492,-0.014124408523415677,-0.017608076841831632,0.009173398846937797,0.007876107717480485,-0.010251413895028594,-0.00826137723429965,-0.010563606761427313,-0.010561225167055488
2025-07-12 00:00:00+00:00,0.003914990931007889,0.010800567348891121,-0.007567667265254263,-0.011669777330630793,0.007295329415643703,-0.002432496198320533,-0.005512780947393048,-0.00833067287835998,-0.004882140616578545,0.00046242643930738403,0.0026772517135433826,-0.0009284594007947788,-0.0031676230551710427,-0.0074589119434284035
2025-07-13 00:00:00+00:00,-0.00680347488925892,-0.00778821305131272,0.0002788963509716691,0.000466869511271506,-0.009390845823315841,-0.007978441696156024,-0.004357473869868511,-0.004767974564451993,0.0003468178217118645,-0.002999852374075518,-0.0014003979154769697,0.00044825352525967865,-0.0038576491889490416,-0.006004595502725696
2025-07-14 00:00:00+00:00,-0.01711994057705213,0.0006474885931697649,-0.029869895352982345,-0.00830140210583219,0.016748064347097635,-0.004575849134030974,-0.006289878170964047,-0.006105115327960875,0.01800572162537839,0.0023483484394546394,-0.020260734777143186,-0.0023254202962322834,-0.0024905356407869395,-0.0018681921830155934
2025-07-15 00:00:00+00:00,0.005577131876750796,0.0005986829644051284,-0.0008277413275376011,-0.0014336192928815494,0.009954602717341388,0.00961137326261019,0.01272429720300261,0.011201986281506704,0.002384930973892807,-0.004215211603116886,-0.004038346081640332,0.004403220006785835,0.0124905936293076,0.009896036068042902
2025-07-16 00:00:00+00:00,0.0161376973516818,0.014950131032462677,-0.003782416427811741,-0.004269227179226842,-0.01272923126523573,-0.010937841540195281,-0.00731119219407006,-0.006664785899752168,-0.0029359210284398696,-0.0010859442060389135,0.0006179952474079098,-0.002032970710152071,-0.005397806254255455,-0.005346808530543368
2025-07-17 00:00:00+00:00,-0.003986273862794709,0.0011232554272035955,-0.02879504939137245,-0.035384600564100754,0.02602301819557562,-0.014129876475418746,-0.008894892950668143,-0.01575431053135623,0.030964197016129624,0.027256424428186987,-0.02843895429774279,-0.027224755123627542,-0.0059669395828376715,-0.004308417878147508
2025-07-18 00:00:00+00:00,-0.026127471998861784,-0.020966164095454043,-0.008153721425831928,-0.03327736485755106,-0.004169580037314269,-0.012374064890592007,-0.030355314734711536,-0.021407907135505222,-0.011919212427417225,0.005260202588743601,0.010723628744888414,-0.005541885879424391,-0.012645346805577495,-0.020390250643252616
2025-07-19 00:00:00+00:00,0.024684608229614158,0.02757210353009043,0.025643062752264578,0.021975582035921093,0.004319010659534994,0.013393419523054284,0.012028372382226316,0.01511947964380389,-0.012864383618205633,-0.0066026063890984865,0.013631965817292091,0.005045353640897421,0.021184016900823943,0.019369055487403752
2025-07-20 00:00:00+00:00,0.001324701311549159,0.005367176662515405,0.010918681030849253,0.009261318366236226,-0.020246661482419603,-0.015317864040742313,0.008541046136300467,-0.013642672248938448,0.014033785666484277,-0.00032939480647042885,-0.015398985819593647,-0.0003585076226493289,-0.009577130990618743,-0.012218257510215214
2025-07-21 00:00:00+00:00,0.004862263800554878,0.010584579108143144,0.007931182002878234,0.001222309786951925,-0.003528470224803626,-0.002133336122616347,0.005316202363558675,0.004099386860219045,-0.003552595914501633,-0.011675947395478281,0.0018995016365808137,0.01170386076365837,0.004192412905319687,0.006720798519541882
2025-07-22 00:00:00+00:00,0.004880693043698647,0.0048195074587544795,-0.0026461659106510327,-0.0020919170830535627,-0.00997683379324743,-0.01150221676093155,-0.012811118247303743,-0.01591497259875918,0.006256162439600033,0.006742359755536276,-0.006948698119097596,-0.008260384387338338,-0.012313860543604727,-0.012824691526766796
2025-07-23 00:00:00+00:00,-0.007906293204425041,-0.010471805838164094,-0.010611693923187282,-0.010990050202977497,-0.002537028103360761,-0.006896375744299799,-0.0067755675440870355,-0.0077131968116163074,0.00247121745840273,-0.005023824044433245,-0.003907291376788691,0.005069897060074879,-0.009548143553789856,-0.009955949283642629
2025-07-24 00:00:00+00:00,0.00967561872767253,0.0041566498944136665,-0.013660012357773699,-0.009333961960575454,0.014006255859631445,0.015177257710620173,0.012152698807473827,0.011189179560343598,0.005643496649848201,-0.009671238725426301,-0.0044091635641909654,0.009091498635347861,0.01312954848927328,0.020682470832567024
2025-07-25 00:00:00+00:00,-3.063882234155546e-05,0.0015094204478642848,0.00043683448867604113,-0.0004903104232293343,0.003726104722478807,0.004087722155665441,0.0064176785566667505,0.007896265739918862,0.002421760353082947,0.002336177878514256,-0.003482413104866744,-0.004058805189552928,0.008209897540861988,0.01011580291541292
2025-07-26 00:00:00+00:00,-0.010596560476347494,0.0028511978261331894,-0.0070766401604570595,-0.0071069076776610896,0.00800902683398741,0.016263149009722033,0.00010572908692130234,0.004978706809658506,0.011224847489774703,-0.00074029321546909,-0.012216406293464765,0.0006164944680500106,0.004154834535157859,0.012050077536525317
2025-07-27 00:00:00+00:00,-0.0016581976783341945,0.002531508870923238,-0.010299492753127026,-0.01032622386481774,0.0026440394196498573,0.004630084879422958,-0.008394197213185461,-0.003379690184445061,-0.0028040773304616184,0.0027721486782112947,0.001634873974079909,-0.003571763982214038,-0.003904079926990156,0.0022389338629973388
2025-07-28 00:00:00+00:00,-0.015497035184361851,-0.014237497970503,0.005338072373039848,0.005413031529058809,-0.008111511243922176,-0.007521938840128417,0.009940152662297752,0.008403685467405886,0.0015295620171795754,0.0018050923676891095,-0.001826426471585707,-0.004295881222892595,-0.007434671759298017,-0.0072668807664764135
2025-07-29 00:00:00+00:00,-0.0009407136033651176,-0.0028169754334880226,-0.0064211179213969904,-0.005769683986617591,0.0019500966014358578,0.005627087208737391,0.0018944094883919238,-0.0006519882887284778,0.007730098516492312,0.004730637103328439,-0.009162763311884481,-0.004717714293797526,0.0037555930013526417,0.0030625502861396647
2025-07-30 00:00:00+00:00,0.009225509312189795,0.007188353316796237,0.0019232266093134331,0.005140807304607975,-0.00039024040626678413,0.0020461800788664775,0.0002157688449040407,0.0039754265787323995,0.0011200670043876038,-0.007297634538694142,-0.0030607624528533606,0.007426859879988257,0.007521226514193957,0.007852981952758409
2025-07-31 00:00:00+00:00,-0.0033033920156750884,-0.004802715415651693,0.00580447131305406,0.006124257007904088,0.009578641612372207,0.009784568155828621,0.011669428753751543,0.014095697250927408,0.002421983671680783,0.003112425560832799,-0.0038378610316552875,-0.005366851950554197,-0.000334658676849231,-1.5004153467557124e-05
2025-08-01 00:00:00+00:00,0.004439470025244585,0.0002173103095557405,-0.0037985737956157672,-0.002009496091772811,-0.0023897931627064883,-0.011515436010274938,-0.012325499932350992,-0.010877623143655701,-0.0018244019884061657,-0.0024281146371039064,0.0008005948082898673,0.002435094141908234,-0.006592840208742401,-0.004347908775912068
2025-08-02 00:00:00+00:00,0.0075941758787372304,0.006196711521468723,0.004005746878045668,0.006029262295051296,-0.012479496241176058,-0.011760840290539143,-0.0010973280805711694,-0.0007193066004111959,-0.0005647987138600596,0.0022887094489778548,-0.0013898571073930333,-0.002281835233544416,0.0014799936416578507,0.0021131440733594964
2025-08-03 00:00:00+00:00,-0.0058292578570842135,-0.0041956700195801,0.002576089100232659,0.0023243534571542046,0.0040244937278732795,0.003447156064487533,0.009609328299619024,0.007261481489843957,-0.0014205232078053909,-0.004430974062913817,-0.0003458279805116371,0.001891591821241878,0.0017177032182480456,0.00142409843887914
2025-08-04 00:00:00+00:00,0.013359824036757173,0.010195738091557383,-0.004242346370384231,-0.0028699156737892473,0.010271418341510241,0.0035021067305192055,-4.812277617016747e-05,-0.003790267940393943,-0.002613881770155535,0.0007661012543025425,0.001990453898696787,-0.0007660923782508711,0.009504043846638277,0.006857437033664704
2025-08-05 00:00:00+00:00,0.0025525844597855674,-0.002177347007298769,0.011535929227173058,0.012493032706818008,-0.0068790019235057676,-0.0030992198207918653,0.008843352912529134,0.010178222197981812,-0.009364340619709255,-0.0019886259145743823,0.008083428583659513,0.0019817701616702266,0.008861472573088447,0.007096068611903927
2025-08-06 00:00:00+00:00,-0.0055425923165586255,0.0007345802942222424,0.0017355245288037668,0.0008767839922709797,0.0009453479876513349,-0.001453979170248143,0.004800808144872493,0.0029043035809932505,0.0023399060154600804,0.0036650596455087836,-0.0036379040355584147,-0.005535401972561416,-0.0004539482792678129,-0.001083544017349558
2025-08-07 00:00:00+00:00,-0.0006888257520052399,-0.0003329570329387854,-0.002143378582978528,0.0001343778427507214,0.002313581113036811,0.005941400016366005,0.00044449891837539113,0.0013913223692827437,0.0003734883339236994,0.004107450757041775,-0.0011645668005566545,-0.004128016352239805,0.0021145589250601837,0.0031800557545496044
2025-08-08 00:00:00+00:00,0.013708082629253937,0.009930124353487724,-0.0003380594899493605,0.0011869820944307996,-0.004771968064628873,-0.006776665617893474,-0.006444678938601678,-0.008499367626470189,-0.008525747859325916,-0.007263308947431102,0.0072035429290584485,0.00742639913660903,0.004017982108765805,-0.00433505216986807
2025-08-09 00:00:00+00:00,-0.006429570882073077,-0.007018744907993035,0.005703124103829893,0.006341985022175312,-0.0025042768728716913,-0.004855308906624001,0.0037381401428302485,0.0015271276007375878,0.011787894659158749,0.012782080634733184,-0.013236129176495748,-0.014989143122713044,-0.0020346670385983368,-0.003870709021105756
2025-08-10 00:00:00+00:00,0.010273720170256961,0.005152825934980898,0.004039288026522536,0.004173827393689766,-0.0014515921400184428,-0.0009551645025882571,-0.0018127659165958487,0.0034656022285197707,0.02059801208549028,0.005281272242219748,-0.020456162164366964,-0.00544489209338328,-0.0008527555637982687,0.0010732551761851727
2025-08-11 00:00:00+00:00,-0.0017778433433338625,-0.004683265365318712,-0.0017057335205942215,-0.0020138128733703242,0.0020986591724352355,0.005182003979850025,0.005454149006766107,0.004905120029431442,-0.005962528277869694,0.0033176088556139405,0.00458035169343507,-0.0034577349928681667,0.0055225024159553104,0.005170984923696942
2025-08-12 00:00:00+00:00,0.004378460886889979,0.0013853067277855846,0.0020494281149547877,0.0017335035188204007,0.012713734611717209,0.011838789220412815,0.0037448313482351114,0.003335887895781653,-0.0036123118836638435,-0.004574197102946709,0.0034692798426720906,0.0019627560898931584,0.007067800388324219,0.0070609518987778674
2025-08-13 00:00:00+00:00,0.004938677414954906,0.0014183489450314557,0.0056010440871829825,0.012513440253765884,0.003962298757506977,-0.0009489194686809199,0.0073700315899583035,0.008784896777941364,-0.0016252830508910465,-0.004412420881273027,-0.0012206774315431934,0.0058045170948015645,-0.0005249574604018203,0.0012304854021494283
2025-08-14 00:00:00+00:00,0.004002395226357924,0.006308426231371955,-0.003210537199112129,-0.0017820765991458654,0.003624653215244855,0.004738928062326897,-0.0024137515753375194,0.00207930901078357,-0.007409817788826989,0.00518744733354537,0.005824035937853189,-0.003829971339132321,-0.0019818878674919826,0.001847538332759635
2025-08-15 00:00:00+00:00,-0.020046110823696228,-0.017441196941408554,0.00010939069670889978,-0.0008342910443247531,-0.012032632687018485,-0.01171874761870384,-0.01585061747596872,-0.013556526477535247,-0.010972201715497842,-0.009278946463175619,0.009246213786394009,0.006610117001763838,-0.011115707488118853,-0.014283760399393941
2025-08-16 00:00:00+00:00,-0.009670178026229048,-0.010383242415418437,0.003609888451869825,-0.0008861417761513168,-0.00577190307781672,-0.013341579701613204,-0.006588565714641281,-0.0054832997059115485,-0.0005412721282832544,-0.006636906552213717,-0.001505655872789835,0.006611886692913904,-0.011874394233975405,-0.010819488337104444
2025-08-17 00:00:00+00:00,0.006463195883848805,-0.0016561651481227235,0.002693304136873298,-0.0017331122035426638,-0.008226984462886167,-0.0055777460662053135,-0.007102544070022532,-0.0001871842888535591,-0.007521256298372858,0.0031922721481225658,0.005555059444497967,-0.0032865001514091885,-0.004302477211211353,-0.008997797569222588
2025-08-18 00:00:00+00:00,0.010424553468816544,0.0096270136369776,-0.0030935251425121546,-0.003817753151295067,-0.01672946406926934,-0.017476960942581443,-0.009638416724295218,-0.009386006046404494,0.010643951633636961,0.009792388223662796,-0.012952455917646377,-0.012912299585550735,-0.008680965805410112,-0.007910244244473175
2025-08-19 00:00:00+00:00,0.0008835395327364548,0.0034778486649720275,-0.0026727305146221347,-0.005399646709017936,0.0013730919080363613,-0.0005768978545084291,-0.001015311527436058,-0.004161035511780153,-0.0028593662168108214,-3.021663206537184e-06,0.00090712552106198,3.093129415043805e-06,-0.002221952784832726,-2.1183947713221407e-05
2025-08-20 00:00:00+00:00,0.008448594706028878,0.0007527384517362901,0.00041453263131652207,0.003039081474905281,0.004530756661256463,0.0075676562627715604,0.0059894377400739884,0.004038113567378154,0.0028389210438843904,-0.0035248932789909704,-0.003534700724340256,0.0036082394599554757,0.006345939384325261,0.005008022699815706
2025-08-21 00:00:00+00:00,-0.009427102906973572,-0.009581125510083166,-0.0014061759892858294,0.0008024205075471968,0.002923035811159158,0.001983215379965264,0.001722316268574886,0.0024640460896259153,0.016954179104361478,0.016260725780233187,-0.018278143002067093,-0.018151053162607456,0.005918755951543675,0.004252727999370709
2025-08-22 00:00:00+00:00,0.005473218853574213,0.010327553707281778,0.006946094296165661,0.0032352125920227515,-0.004584831244601295,0.0006276835557281757,0.004665228653285114,0.00445641008307196,-0.0009168395083511971,-0.0018344680714811323,-7.084480923080783e-05,0.001865913886844428,0.004760511502468923,0.006977245208034333
2025-08-23 00:00:00+00:00,0.0020659112087666465,0.01112695882536463,0.0032532045818387534,0.00758458107404647,0.013625455507430662,0.00019794198275491226,0.0026726088442972085,0.0027302453695376983,0.010816853783565339,0.005252279011921823,-0.009668799244151538,-0.005284980773440751,0.013695820385246638,0.0071620200959086056
2025-08-24 00:00:00+00:00,-0.003925245873546479,-0.00340691875315724,-0.00011976833562887812,0.0004954552446119198,-0.0064573596412679235,-0.00796594844741827,-0.008712081619323131,-0.009450293827939271,-0.0019160113420307878,-0.004205564590393229,0.0016367205563290188,0.0017671650160759889,-0.007851535365909212,-0.00700722192093417
2025-08-25 00:00:00+00:00,-0.00036459088233264936,0.00043721990542455735,-0.0021211878280346097,-0.0017960583101237493,0.0009266968016701238,0.0024041324242500828,0.0004040609761517544,0.00031734838713659563,-0.0033855566609169996,-0.002583659410613559,0.0017179221789500598,0.002558856531007958,-0.0005607157789853101,0.0025322725378844613
2025-08-26 00:00:00+00:00,0.00036884146559224007,0.0015000927286823451,0.003909844031601661,-0.005704977644663711,-0.007159559773569413,-0.010254970862395463,-0.010816198365122043,-0.010259974613860412,-0.008959768273586133,-0.007204837640110484,0.008044282484214182,0.0070990702498494596,-0.013700399200276436,-0.00538935413511088
2025-08-27 00:00:00+00:00,0.0038563689390693767,0.004451725815261431,-0.0030817148306305775,-0.0010503161037707098,-0.004031621425287679,-0.004842040730613784,-0.005025035667916122,-0.004292824532571071,-0.0024996194551494266,-0.0037927097417588262,0.00122360103924124,0.0015653245323461462,-0.005488050945527956,-0.006644662587459771
2025-08-28 00:00:00+00:00,-0.001022966764652966,-0.0021040864663841585,0.005890613246451126,0.0026559234161318557,-0.0060167676688531735,-0.0020068709260556705,0.001310746211002689,0.000559310685178005,0.00232417709114352,-0.003926291973689211,-0.00399624802545151,0.0037369335691459504,0.0024593018375309583,0.0033112005142299505
2025-08-29 00:00:00+00:00,0.005767820430189641,-0.001106330642373865,-0.0004632243073285913,-0.0003346831416876084,-0.008158335851773835,-0.0072712920694461,-0.004932089031416731,-0.005404866520563045,-0.0015923252341780714,-0.0021444354425508294,0.0001329356043586749,0.002091191824460825,-0.001189959438421484,0.002690884182469988
2025-08-30 00:00:00+00:00,-0.002646881569819959,-0.004711215035182237,0.002973447115215855,0.0026140218729981957,0.00048094158770495277,4.234275400416543e-05,0.002368247426330905,0.002208297377296997,-0.006766516771161024,-0.007944903329597408,0.005988009768627345,0.00546383327998079,-0.0023693545300303986,-0.003944951746183256
2025-08-31 00:00:00+00:00,-0.0005748339548005132,-0.003294915884543559,0.005000922899677462,0.004676748557248311,0.005928117774028463,0.0060034429581459214,0.004955380108587537,0.005997704058390507,-0.005032030786381814,0.0007446593147584224,0.003949162009251994,-0.0007352691360521524,0.005221688241157096,0.0060158012608546585
2025-09-01 00:00:00+00:00,0.0019099439116543326,0.00383048313255574,-0.0006681324306274661,-0.0002057031123928743,-0.0011519511299158403,-0.001218236571411846,-0.0008840632071465127,0.0004099915129274212,0.0029809486009706454,0.002694085712759975,-0.004436993259542388,-0.002651322926496613,-0.0008375059618054292,0.0006626930940532016
2025-09-02 00:00:00+00:00,-0.006835732889531321,-0.006791390558819055,-0.003641220780367105,-0.003416554547679529,0.00019424490309827291,4.4193651420609825e-05,0.0014368855989619345,0.0011646988563362992,0.0043512073889133696,0.00554145929195804,-0.006453556487068024,-0.007850726212773607,-0.0045796026050699545,-0.005173222735463945
2025-09-03 00:00:00+00:00,-0.012845207560046812,-0.0011748172309291594,-0.0013578505380891226,0.0014734012958161902,-0.0004092470441044993,0.0004498505493166771,0.00031900029649745143,-0.004090160708380197,0.002870935140360409,0.007667394144485584,-0.004393706566622635,-0.007740390430030275,0.00010438669341894524,-0.0018035429449967388
2025-09-04 00:00:00+00:00,-0.004037287596679651,0.01168034958209474,0.003931711958524486,0.004979156243307914,0.0015091975495349352,0.006630290955070839,0.008966849644600483,0.006327281478571756,0.0036769497562314513,0.0018232032306011448,-0.00549190595191551,-0.0018421887104945744,0.0071585723996205886,0.01240015445677134
2025-09-05 00:00:00+00:00,-0.0023391619495488625,-0.003369673174158927,-0.00040089260225384393,0.0007350275501016856,-0.001733734480793947,-0.0024598173297714077,-0.005254265126327429,-0.003147815128001885,-0.005490625571472729,-0.003957990390839328,0.003866689024179637,0.0011628652753505886,-0.005889184689372606,-0.005794793314449875
2025-09-06 00:00:00+00:00,-0.0011242932594981436,-0.005706675969696318,0.004743279235815745,0.003101227234635795,0.002529608413050166,-0.0008199004341032934,0.0003486201576070602,-0.0006254856252186913,-0.008002035058290113,-4.0538337490403364e-05,0.006312588285785736,4.041633657281274e-05,0.0011436599576255535,-0.0012350627900885591
2025-09-07 00:00:00+00:00,0.005018150165761126,-0.0024040623173342546,0.0026157595747977602,0.0025278528261989397,-0.007832598826358228,-0.007314185049860811,0.0006793499654227375,-0.0024229177693132486,-0.006106260369911687,0.004667365668519885,0.005615505695948375,-0.00465294244778669,-0.0020616962459553134,-0.002512172760742226
2025-09-08 00:00:00+00:00,0.00033325774237602523,0.002962572214974646,-0.003983791252344715,-0.0038944095250710298,0.0019156688695467494,0.000802025773493531,-0.006109411135714726,-0.006181314761405932,0.0021355800085054444,-0.000872751071646638,-0.003426331926940307,-0.0019366207639474053,-0.005018852179603517,-0.0065950413810149655
2025-09-09 00:00:00+00:00,0.001152453550830712,0.0009077906430463578,-0.012360272561011465,-0.01104651083733077,-0.005327485764568429,-0.0027777928623582415,-0.006524401368173227,-0.00864125114924108,-0.0038139740754740137,-0.013493047621945697,0.0028156911006576024,0.013551979333061182,-0.003539457420177028,-0.004697671070015286
2025-09-10 00:00:00+00:00,-0.01262295438272687,-0.006042760050613993,-0.004402148026016239,0.0012789728065798478,-0.004749155697879148,-0.0070503759563160795,-0.01084345265541986,-0.008632431438379773,0.0021770130343221616,-0.0030884135158617543,-0.0026971884693647308,0.0030191330066215993,-0.011658805323138455,-0.010369961189847565
2025-09-11 00:00:00+00:00,-0.013884341823305113,-0.013924672572630858,-0.012248393801093993,-0.012512643905682408,-0.011979543539614168,-0.013044035182168234,-0.012507413246473531,-0.015048232790685345,-0.001081301769372156,-0.0008932444699477626,0.0005504521917121252,-0.0009024964666349833,-0.012670752621397496,-0.012680368075395076
2025-09-12 00:00:00+00:00,0.008839892318390774,0.007359553471302238,-0.004617743660210949,-0.00410220033592934,0.012310813768101836,0.013276040162417457,0.00667827499656326,0.007676422161593033,0.0005792992498012683,0.004469063183959454,-0.002227346658451701,-0.004260207943796557,0.008425974255203528,0.00985393629246345
2025-09-13 00:00:00+00:00,0.0028657953095760913,0.005065271486515366,0.004522963542619385,0.005163855601613365,0.0018763963693402275,0.003079519539038955,0.0009566737179225182,0.0011597612701144122,0.0014678029242849444,0.0003708401225743785,-0.0029908363730747345,-0.0003045879824044029,0.0031594720330254678,0.003128890105086546
2025-09-14 00:00:00+00:00,-0.015724068698098614,-0.015692024715845965,-0.005022947283616408,-0.0037364087769746757,-0.012363611227736881,-0.013392784585409268,-0.00913437680645679,-0.009744794182633298,0.00027452143792916495,-0.004438801446283613,-0.0018435908057947703,0.0020807066860415446,-0.012348207583323778,-0.011961313557038222
2025-09-15 00:00:00+00:00,0.00769518672695213,0.007826939820118284,-0.003232721668446348,-0.0015591676825671419,0.007677498459019549,0.008984827162313858,-0.001900009145754722,-0.0008305196980673557,0.0013869926105853914,0.00010219180241799464,-0.0026690421753504667,-0.00014452524794950072,0.0042081880778606084,0.0044488604176387
2025-09-16 00:00:00+00:00,0.0032944578804814384,0.0028697405037600987,-0.0024655681711055477,-0.0008630923537820134,-0.001716762677742345,-0.0010703750148931546,-0.00653459446529292,-0.0005317342537013436,0.003129345882345591,0.0001480918658571806,-0.004544848818388791,-0.00020734226277230317,-0.00407555313222685,0.003137076157466945
2025-09-17 00:00:00+00:00,-0.01494105400166068,-0.015468647633456123,-0.00010063618321942691,0.0005147139706775938,-0.0018745045450747622,-0.0020330074947215726,-0.005490872968554661,-0.006242994753155706,-0.0076181780909536645,-0.006755847354347311,0.006144452843923398,0.004397297334095995,-0.008115952228213597,-0.009537339251771026
2025-09-18 00:00:00+00:00,-0.002609559106992232,-0.0042039414555276045,-0.012859504622477091,-0.009121553528181114,0.0029717502419073227,0.00203304208736399,-0.009572649630788743,-0.002769722290726251,-0.0013568402349780628,-0.00696772021667369,0.00019494109175322016,0.006889121181504088,0.00017261257814249475,-0.003636762116808745
2025-09-19 00:00:00+00:00,0.005672348118203274,-0.005095105857621296,-0.015524732797962959,-0.01716315017014758,-0.0031749880841839273,-0.004735641921281397,-0.010058631759804704,-0.007974987794548749,0.014445171522968314,0.004584582933419679,-0.015438903699283801,-0.004401633725126697,-0.006788724384999334,-0.0026032496060471866
2025-09-20 00:00:00+00:00,0.0013137940521807945,-0.0019095417557306593,0.0017811658037760747,0.001604626083486993,0.002800428362253582,0.0029077872460530063,-0.002551173211350233,-0.005235527519412475,-0.003362749665467346,0.006038207020029107,0.0025992250036865894,-0.007798991594453963,-0.0010105825381300226,-0.001534017716260272
2025-09-21 00:00:00+00:00,-0.0042571754439635345,0.005327305272768701,-0.011815026249772709,-0.009750984041963284,0.011220926006835219,0.011227674198235782,-0.008316517886477914,-0.005404260496808311,0.0032755898629863722,-0.004702328045234405,-0.0048098429453020675,0.004545599477922435,0.0031283358342646395,0.003913322356882576
2025-09-22 00:00:00+00:00,-0.004566927227162121,-0.0020578092914502744,0.0006445263733898532,0.001033208083570658,-0.0017116374260996992,0.00012700313126545737,-0.0022431626795779147,0.0006550098912718738,0.0008503493194953471,0.0006136287709217481,-0.0019695361388067933,-0.00037171030945915007,0.00018023353528051622,-0.0007432487483998163
2025-09-23 00:00:00+00:00,-0.01693874012699348,-0.019800556349443776,-0.002292687150634909,-0.0005428406119639684,-0.013665882781133343,-0.014311655912157328,-0.022990639511703548,-0.021851661872490213,0.016389754079304097,0.016141369728862154,-0.01723933956853585,-0.017106790681416073,-0.02398815260100373,-0.024343599704801377
2025-09-24 00:00:00+00:00,-0.0023818806199848996,-0.0065495844330675235,-0.0012244940500348855,0.002710719751894075,-0.002124158401288101,-0.00088051962195701,-0.0009327812019346293,-0.0031001006711461887,-0.0036256809852259764,-0.0038973777502855356,0.0038289292934174934,0.0042488557433248975,-0.005976328647022244,-0.0033277933329528553
2025-09-25 00:00:00+00:00,-0.002924195319007561,0.002610875661318124,-0.014518711005433227,-0.011209695661327346,0.0061500009341057815,0.005128832793340532,-0.004754613323435963,0.0008304057179249202,-0.0039005728999575995,-0.006386940849431144,0.0026524867122017515,0.006376239850691912,-2.894055465962886e-05,-3.957890338168735e-05
2025-09-26 00:00:00+00:00,0.016723021955212136,0.014154236401609621,0.009244361714644267,0.007120045330303304,0.0007308088935233936,-0.00011364976665706461,0.006852320421788516,0.005021301519188226,-0.01035953630650388,-0.0095591836043879,0.00927208238880195,0.007559662749903717,0.01282557726489908,0.010211941911592026
2025-09-27 00:00:00+00:00,-0.0021574559017232264,0.00033150497845135796,-0.0033804010420437347,-0.0023409260137132737,0.0033119939906063323,0.003904054554086933,-3.201605420777298e-06,-0.00047752479496732114,0.005046932939357873,0.00041907737443591664,-0.00607488580300064,-0.0007125041562636714,-6.495171743259309e-05,3.796751207429949e-05
2025-09-28 00:00:00+00:00,-0.003548965139075211,-0.0008295266715976357,-0.005901799512029848,-0.001873746680285726,0.0006874039200619464,-0.00010616503674998334,-0.001101957726398095,0.00011781790162368466,-0.0003955900472238927,0.0036510606414590363,-0.0011693077913796923,-0.0034952017844684935,-0.001859842754173835,0.0026273828692824353
2025-09-29 00:00:00+00:00,-0.004689284324384757,-0.005753286127011981,-0.006379546553778481,-0.0061508204731126614,0.0012874303344740934,-0.000382617386165518,-0.00015470476089507468,-0.00046851572856776436,-0.005633327620412354,-0.0056033875499367225,0.0030036191981726024,0.0034918138530266596,-0.003492138915576093,-0.0031354267662839774
2025-09-30 00:00:00+00:00,0.002083403526069061,0.001816447306092206,-0.005751016940449216,-0.004025538685267671,-0.001484927163420413,-0.0005323247639280604,-0.007563234789598305,-0.007157095431483462,0.0019371059764545784,0.006067621256932165,-0.002937009014650549,-0.006034589750147701,-0.0007627309105551205,-0.0001730822280386901
2025-10-01 00:00:00+00:00,-0.0009548334316080709,-0.0028719256375362434,-0.0005507114560286963,0.0023870122943243643,0.0017713965455656844,0.0038637870071243086,0.005751189752946528,0.006879247602465499,-0.0036395214752398264,-0.0038838026071564835,0.0032550640573172362,0.004051182906071649,0.004427274370403467,0.0020959423455968462
2025-10-02 00:00:00+00:00,-0.005960732380448475,-0.006074294330169039,0.00680260295238444,0.007557049512181502,0.0036466652721303117,0.0007315622837271718,0.010270345074598453,0.009684338394812197,-0.00360941490043698,-0.00346502751487332,0.002801303291853019,0.0010849361888090048,0.004358433058382349,0.00476048324521039
2025-10-03 00:00:00+00:00,0.0044158942307996885,-0.0013459778465314542,-0.00544423842490771,-0.0037437563685961406,-0.0031427967616982633,0.00072189810189216,-0.004425093244279643,-0.006165462449763792,-0.015296878444589823,-0.005853384622806157,0.014720265459803317,0.0057423380830587956,-0.0005779657224835866,-0.009167475735767594
2025-10-04 00:00:00+00:00,-0.018515190287690997,0.020044143201413123,-0.017211584421647053,-0.014885974124484336,0.013850554278407312,0.023841102612920828,-0.007878607132495219,-0.0042741019592681395,-0.014383392810853879,-0.02441606208598257,0.013405058256867886,0.023989093290829322,-0.0009342285701976483,0.003665871419635147
2025-10-05 00:00:00+00:00,-0.02636158163736002,-0.032008670350619384,-0.030353671542169613,-0.031204651328257782,0.030032816942108465,0.03017262219007577,0.03048738902996484,0.03117872791447729,0.026779288908353793,0.026443515688366892,-0.028800730640037298,-0.028728241629744522,-0.01928422823611342,-0.01953748508583264
2025-10-06 00:00:00+00:00,-0.006481854431563794,-0.006440281672770332,-0.012919132295790225,-0.014487572416891137,0.012419550926666245,0.01295131886591272,0.00498074095660983,0.00601214783936066,0.0032283328008979595,0.005441682224863076,-0.005659222272838105,-0.0054939122329336065,-0.00475487254181417,-0.0015688813644877397
2025-10-07 00:00:00+00:00,0.013218807540426258,0.018973673189416118,0.005187280928152127,0.013161206001775394,-0.012544369792255483,-0.014589382814097274,-0.021272617989645415,-0.019341801597415165,-0.004080564384306706,-0.012414575463178035,0.003794614256740436,0.014049417538840592,0.006961895038492427,0.009622954771060455
2025-10-08 00:00:00+00:00,-0.0038836560454100777,-0.0075022318791679865,0.005704790384248426,0.004298977270190463,0.003622187753134387,0.003641803174028846,-0.00403250506192554,-0.0019227423405184796,-0.02675065565411694,-0.024506746793639733,0.025982175946628105,0.026024268945495255,0.009863036395075353,0.01046941796555756
2025-10-09 00:00:00+00:00,-0.028160740390980266,-0.026785259880643286,-0.03843480042992187,-0.029380152793334724,0.039607173334897716,0.030895096254219823,0.03923239151247748,0.0044090347497194315,0.033368757165612495,0.02935305542543243,-0.03302293001655354,-0.02863302846562865,0.0026512667196598727,-0.023650910638621347
2025-10-10 00:00:00+00:00,-0.0317395145993552,-0.031340299869832444,-0.01231469445842126,-0.014351893403400373,0.023984488886549915,0.02484128661032292,0.03407380846465147,0.01134925205550541,0.024896499379563286,0.01355553945896193,-0.026120663032235147,-0.013681776282095437,0.028144903723336112,-0.023135263026073827
2025-10-11 00:00:00+00:00,-0.040594485500731414,-0.03522774461659395,-0.04966237425566744,-0.055278247136098524,0.057381435899276134,0.05840407422796812,0.041919124757247905,0.02885764947017866,0.04638991583834251,0.04018640544745433,-0.04663033775783798,-0.03720806126444032,0.049367725400306206,0.016479668573862405
2025-10-12 00:00:00+00:00,0.009104760309419202,-0.027633403536758583,-0.04062436253061563,-0.03467124935867183,0.03164798876951558,0.03276779413211384,-0.009676414792133547,0.019228018743705944,0.014175268973565025,0.021800880262109024,-0.017129134351412834,-0.023174025628581396,0.026320832272254124,0.023940757574086646
2025-10-13 00:00:00+00:00,0.016794211445030127,0.01589976968806539,0.032452426648150956,0.021505764492666612,-0.022086638303060346,-0.010487454292749221,-0.018127656065989983,-0.022615035676293194,-0.010610541695166065,-0.020793342332693365,0.007047697706369371,0.021013557046259734,-0.024873470642562068,-0.023365965350182094
2025-10-14 00:00:00+00:00,0.018805204833987954,0.014999725648560336,0.013897612219996747,0.007994008651733164,-0.009333600241645312,-0.00788816371669776,-0.013116829345782621,-0.011945446444193042,-7.274789533107118e-06,-0.004360268581001248,-0.0026183472359980753,0.002925304341006685,0.0016238156444698948,-0.0023477907825294464
2025-10-15 00:00:00+00:00,-0.0042704932571783205,-0.0033734246186992722,0.0017292264726394002,0.00273826099241381,0.007878047036325775,0.006274296685788272,0.009080454761297707,0.00819982506941419,0.001908881464144141,0.010526678062884098,-0.003259167973520549,-0.010840759013174495,0.00930649952282181,0.011982369729316877
2025-10-16 00:00:00+00:00,0.0006656624523313504,0.0022460679703704134,0.004215876347601677,0.005697579962054666,-0.00832698564019263,-0.0056100923321539264,-0.0034225044907316704,3.8149475177995384e-05,-0.004196413776533903,-0.004212849943412422,0.0016212550918197621,0.0043888923670918345,-0.0043540563588309045,-0.004423783590984054
2025-10-17 00:00:00+00:00,0.004862772207582022,0.002746803214515481,0.0018146545678547898,0.0024679003889849227,-0.016304753457704102,-0.01587540098104212,-0.013045175365644424,-0.011281278325808941,-0.008912698097547467,-0.009300838473650708,0.009022714094424789,0.008479356907317381,-0.010516312217407897,-0.012401678994059306
2025-10-18 00:00:00+00:00,-0.0008326319679103911,-0.007871905048425942,-0.0038518728075299657,-0.0003969939827468405,0.0021428495059148123,0.002885429336267231,0.004985100719735236,0.012294865757354723,0.0015414928856485322,0.005036573522415155,-0.0027203785960412397,-0.005341541973963304,0.0031696200671056385,0.0016346563094395972
2025-10-19 00:00:00+00:00,-7.208879910758359e-05,0.007519829721292393,-0.0017580787525462993,-0.0038896026901077407,-0.006138430400212447,0.0011422878911797607,-0.005225636902285169,-0.005315877828381277,-0.0038757791880237313,-0.0064003216910447636,0.002880966250614625,0.006277614663640518,-0.004347378868814866,-0.002691561414510879
2025-10-20 00:00:00+00:00,-0.00739594207253802,-0.005696697682723739,0.003824990262885075,0.002402420507011671,0.014965143912550882,0.012979730761083053,0.013908319998685803,0.012692535523569859,0.006389648475820353,0.0046292075747853545,-0.007015285952422512,-0.007154457288826133,0.003557758278824874,0.00334015448614422
2025-10-21 00:00:00+00:00,-0.004048471811924359,0.005718079876451343,-0.019976913648998118,-0.02006690118181209,0.013641108023913384,0.015573159272139314,0.010112623242428675,0.012588754130606894,0.010474404870960852,0.004880520072305883,-0.012258508736807117,-0.0056669048692057356,0.0016980044826742091,0.0024698044435489397
2025-10-22 00:00:00+00:00,0.01222508925363508,0.010603631824919635,0.006192840749262851,-0.0001283964777704094,0.00021935195358913084,-0.0008205238628808953,0.008702271624420943,4.301067430101391e-05,0.0061804658418429526,0.0036957290975736523,-0.0073783583333969505,-0.0036396928253155103,0.009831493899056465,0.01230917485287919
2025-10-23 00:00:00+00:00,0.010360053653824863,0.0133794076369107,0.007035279610129175,0.005991793600223172,-0.017675346211715626,-0.0157273566227506,-0.015314191151919343,-0.015185882341773649,-0.01490611106026063,-0.01867759032193672,0.014183601420168168,0.014049935895916521,-0.009741443770547864,-0.009272924734328947
2025-10-24 00:00:00+00:00,0.0074752470234233925,0.008068900619055297,-0.00652782059008894,-0.005213709437274061,-0.0062142265113735995,-0.007116304655504058,-0.007772117877843265,-0.008289803121091177,-0.010162107795540276,-0.004088796557042085,0.008467673181003388,0.00433388769549703,-8.953373218922867e-05,0.000633346235977994
2025-10-25 00:00:00+00:00,0.004096869581296403,0.004760328132535019,-0.01492814753514371,-0.012401390710919391,0.00793436070570408,0.005875772284263281,0.002499795489373513,0.00639371183931936,0.006165226843167337,-0.001983051221613241,-0.00824181194663387,0.0036601193853977865,0.004975572890276281,0.010348412543837338
2025-10-26 00:00:00+00:00,0.00462072471171826,0.006049383440429379,-0.008059782346647504,-0.007331364215728775,-0.008924241988933823,-0.00982066991386743,-0.01121835028734508,-0.010610668779477472,-0.009464283483516356,-0.008948104533711532,0.007549699500943863,0.007090942318050075,-0.00973123271355858,-0.00809319059881941
2025-10-27 00:00:00+00:00,-0.0009076205616370681,-0.005458141930272387,-0.0228775899823237,-0.019737722977721694,0.017346789339755198,0.017292539194088796,0.01022340083156248,0.013265802672440818,0.010311700512830368,0.01270738386410053,-0.010935133457607549,-0.012562463998779805,0.014851586941831307,0.014519279722544631
2025-10-28 00:00:00+00:00,-0.0056209012336936315,-0.005951598687851667,-0.012749238005461239,-0.010683945546551055,0.00898277145297155,0.004589345820487978,0.009071223236574388,0.004580463204737928,0.0014687306259388855,0.004101940157210215,-0.0024363889903687985,-0.004512512636567045,0.006297805845875137,0.004518379237856696
2025-10-29 00:00:00+00:00,0.0053189748161861505,0.00656008562188326,0.008317021452113993,0.007014384638429849,-0.00021305812781613476,-0.0016306018899522323,0.0014928385336550054,-0.0002545655512559142,-0.006869600913132823,-0.009711563787191069,0.0062680657656017935,0.007494364585465041,0.0018940396297548734,0.001398985572611311
2025-10-30 00:00:00+00:00,-0.009211938180328505,-0.008503691245776435,-0.00929375085200701,-0.007432328495519114,0.0058813704858335925,0.007460440258434176,0.007773399523937519,0.00928235492625884,0.004498452234460659,0.011900960615848222,-0.00604353800714208,-0.011855274901727775,0.005064134497500206,0.007789188652106871
2025-10-31 00:00:00+00:00,-0.0037255443635960672,-0.00021675837525159114,-0.0042078901168371985,-0.004933457032563093,-0.0009575264944771122,0.011203261651180574,0.0033557691441081783,0.012478426000809284,0.004421604339633234,-0.0038509501709508287,-0.005247251070467862,0.002356715927708919,0.003404195800188914,0.008928924286008888
2025-11-01 00:00:00+00:00,-0.03822946026479357,-0.03756041816215483,-0.025040325336381453,-0.023013905745457364,0.009074683310031029,0.006642402754219345,0.010335294845865262,0.009643531680462836,0.021294595050283416,0.020541495421329437,-0.022586476204956907,-0.024277305183331932,0.006215260067833572,0.005004738324630775
2025-11-02 00:00:00+00:00,-0.0053439958587980785,-0.0013087455968691097,-0.0003061992993842466,0.0007394924830312899,0.0037560018622602165,0.0014330293318549625,-0.0033833744505102903,-0.0030046403911569985,0.010777873267473481,0.008943920088233526,-0.013363106194713592,-0.00950702944440418,0.008383293212000265,0.01467239540236509
2025-11-03 00:00:00+00:00,-0.003966801495121741,-0.008953577967915738,0.0015807152071729558,-0.002402523769853615,0.002484032516012036,0.0020619294378099173,0.005481217563422236,0.004522944138570573,0.010688122949328083,0.0008384859475101258,-0.013153290785980487,-0.001005017686734555,0.001719145760304075,-0.0014964578505696213
2025-11-04 00:00:00+00:00,-0.03607153980857747,-0.03847125734412771,-0.06479101620856231,-0.06493809432419617,0.05696083909412564,0.05939875060031108,0.06558968446459201,0.06314577520993958,0.006683636234970036,0.0074288916217231105,-0.009977692781901304,-0.006032519323960206,0.06922652122934392,0.06894309950725375
2025-11-05 00:00:00+00:00,-0.01498743128967206,-0.020230992551094062,-0.013196602994315354,-0.012126147961634692,0.01727134644810957,0.022254699650606558,0.018610062900601854,0.016651925041606175,0.016955476018976956,0.01163142968364772,-0.018869942532997452,-0.010336250527959279,0.01773141210879392,0.015299624778173593
2025-11-06 00:00:00+00:00,0.016535416679766657,0.013773570608240249,0.0015052047618393516,0.017747661758324762,-0.0181731166503184,-0.018734664330102846,-0.00938823241048825,-0.018914871219566254,-0.019648819525303396,0.004335904265210022,0.018196695771676596,-0.006164190824579419,-0.004022677772242189,-0.021026392371475522
2025-11-07 00:00:00+00:00,-0.057039496506466225,-0.0534819089002917,0.0232888074726747,0.018865638668582374,0.03372265652045936,0.035608817940223636,0.06709131143883318,0.06824165226678969,-0.02126796385058638,-0.023037081835544204,0.01982301226533001,0.021058030762781677,0.016914190258100703,0.014603756686312641
2025-11-08 00:00:00+00:00,-0.026967551779700782,-0.05347701035235686,-0.003475364336328668,0.06964947091968754,0.006505422626596369,0.007841825035208805,0.011504991845788126,0.07901700195583095,0.003523530919409934,-0.10403200877250207,-0.006169972020211412,0.0969096889793859,-0.045010113361486526,0.022341893783352607
2025-11-09 00:00:00+00:00,0.033361348223833076,0.05306975358621924,0.01554370260468918,-0.003718914555695285,-0.024150052323832716,-0.025290771969076475,-0.0157609374035379,-0.047494262444770174,0.0115881581692856,0.011503677403770451,-0.013018408627237799,-0.008319857425015176,0.018019496709009708,-0.0038689730534818834
2025-11-10 00:00:00+00:00,0.0145762967940255,0.01915173456915431,0.016445988824978386,0.013752043392004865,0.007439658297091478,0.006849008971996362,0.011883478870108544,0.008797550807687182,-0.016492991066316076,-0.01749371071079675,0.016371437151154522,0.01471052050342081,0.019407419776922064,0.016785468898138367
2025-11-11 00:00:00+00:00,-0.01959227905203753,-0.03477372798058964,0.002239998844546953,0.06319535565580048,-0.020088631776190025,0.01811332758184947,-0.027561499375563847,0.01695954406132838,0.009175486544767741,-0.062330502437816016,-0.009910294102503658,0.0609677192878213,-0.01878342899245211,-0.026798384969250355
2025-11-12 00:00:00+00:00,-0.00358094163037026,-0.007426610160282565,-0.0020885368411951433,-0.000922131967299844,-0.023664855722977718,-0.019016469623418963,-0.016115475717307093,-0.016268124541147566,0.0043732581508717505,0.010761727837463875,-0.005408409865746755,-0.00961779465815038,-0.016481561690597446,-0.011335089843721669
2025-11-13 00:00:00+00:00,-0.0006292679269757073,-0.0006528028873575842,-0.013126594550513793,-0.011823883181919514,0.01151274143631742,0.013613554452268195,-0.004376471559904838,-0.006239118407097899,0.019524057065127387,0.01843475746460932,-0.021350032557578835,-0.021301106841584483,0.027521077964471008,0.02640129824719617
2025-11-14 00:00:00+00:00,-0.012862703196136027,-0.015522854503274286,-0.009263683613540796,-0.005387291665598926,0.008108360000516512,0.011115667766590898,0.011368647242330443,0.008662411685673721,0.012631481098642316,0.00658866322660856,-0.012612217896373457,-0.005231065776276522,-0.000319134753234418,-0.0018950075528881838
2025-11-15 00:00:00+00:00,0.022674448311232,0.022055671995248494,-0.04670154132658355,-0.035556263918437914,0.02160530701029373,0.020142347713563602,0.0229093088797927,0.007710281955613629,0.031135446434528147,-0.0002769214284169541,-0.033817570199202285,-0.0013612457954279567,0.02989000528784591,0.030491576656243913
2025-11-16 00:00:00+00:00,0.0073079815410226345,0.010087170679561996,-0.03141661787830141,-0.027993414614314927,0.042507846863438115,0.04102581665950322,0.021215102701060973,0.01526519092107037,0.029828996212068803,0.030333432752887024,-0.031321969297257946,-0.03408024192264458,0.031627856175517666,0.03366312413395045
2025-11-17 00:00:00+00:00,-0.00015788622816670372,-0.004275242665131462,-0.008024025469475005,-0.01229196771779617,-0.0012918337839669114,-0.0007911425784289383,-0.001194992212186441,-0.00027900626954247,0.001670535053715172,0.0008285416829838521,-0.001466953679202021,-0.0008224365153183255,0.0010582168666881664,0.0016623022603974302
2025-11-18 00:00:00+00:00,-0.0031287367700473245,0.010722793812417253,0.011163638700331102,0.015157699447170492,0.0032725496798533538,0.003678582652652418,0.0015789116019513383,0.0024959017363919145,0.004200235482196835,-0.0029079814599137777,-0.00424918372803762,0.003265914323720809,0.008356228713841896,0.005283735131573097
2025-11-19 00:00:00+00:00,0.00564695785998004,-0.00016394055174218103,-0.0035816287767340693,0.002740934574387399,-0.007331166447241411,-0.007480717079085375,0.0059432287622902535,0.004230241459319606,-0.006613966611759614,-0.01576544579552608,0.005144981393958359,0.01263668824903541,-0.0004983640157366631,-0.0014733983933574724
2025-11-20 00:00:00+00:00,0.011770895808826953,0.0030197176722273067,0.002404512675756587,-0.00395869225665646,0.014836842682831586,0.01574767318958581,0.024005620642777004,0.00846818278918371,0.008861720259421668,0.01884191953018699,-0.010368876137712535,-0.017786244690526698,0.016253995479482253,0.007836859274342745
2025-11-21 00:00:00+00:00,0.016500699427904886,0.01615209815858032,-0.016156805804891206,-0.014766354357665046,0.00834043122858863,0.005891425896044522,0.007124290441210324,0.006124145535653991,0.013360014452866498,0.014466976808502174,-0.014373586713700703,-0.013607344332477345,0.016065152419853623,0.010760247199841588
2025-11-22 00:00:00+00:00,0.005029218879059494,0.007767512811126087,0.01726400067685918,0.017346327420989516,0.002052581367173678,0.0031171512421093173,-0.004603427888427825,-0.003716039909401503,0.0015531269581634533,0.0001319947034426061,-0.0024145681402077956,-0.0007372749096364872,0.003881708355571112,0.006713770257082974
2025-11-23 00:00:00+00:00,-0.00234644043614074,0.009688102403151655,0.004140291093797321,0.00442493485795592,-0.007966716924047934,-0.003180913476296454,-0.001236526732529608,-0.0038184263913636496,0.0028367987455759636,0.0007376060295043452,-0.004610078853688915,-0.00056927100829951,-0.003825432415336727,-0.001185249202372729
2025-11-24 00:00:00+00:00,0.012412634239944653,-0.008363302301131914,-0.003927489102829362,-0.006097320065451162,-0.008313031290539619,-0.0067806358629592944,-0.0056097791371225725,0.000359965260019246,0.00607387964828221,-0.0017576679175822507,-0.00824432648777551,0.0004519200021277925,0.0073807498531752724,-0.006943024127110453
2025-11-25 00:00:00+00:00,-0.020360906315434302,-0.015620130574778068,0.009186045718021285,0.01048927304739089,-0.033051288218643116,-0.032386643246173574,-0.02413000475238436,-0.021681636968692186,-0.006284714634832489,-0.006059660737863681,0.006070146552965561,0.004050012008633086,-0.029319960619214824,-0.025458537371484735
2025-11-26 00:00:00+00:00,0.010931916289925736,0.0046324609783721105,-0.00034840629358634523,-0.0028900182823660137,-0.0034285446949892107,-0.0012957516188724094,-0.005132841835702395,-0.0025535573938421097,-0.01209846961182759,-0.008693895796578532,0.010988477112962691,0.008580979361471286,3.0832449198214817e-06,-0.0026523206644126773
2025-11-27 00:00:00+00:00,0.01916028885783505,0.017002317198538286,-0.0209041485512087,0.0029528293609157874,0.005768911055804571,0.010215592715499433,0.016024675378102593,0.01870950336150612,0.004101622957384254,-0.011629396007379889,-0.005506524220290965,0.01227313031111743,0.013242829535420775,0.0158345149075636
2025-11-28 00:00:00+00:00,0.017243605375869775,0.017266909712758682,0.014400300835061497,0.014932710641469837,-0.020697464140035926,-0.020613147536501453,-0.014169082820015166,-0.013967116535204882,-0.0028429778205750766,-0.0036582220890412076,0.0011505411491754547,0.0010312827715861506,-0.015775064393908522,-0.014545613431885207
2025-11-29 00:00:00+00:00,0.009561414750024033,0.008190937216131289,0.015652291258465123,0.011199940721400292,0.0016340591315604502,0.002652321889937914,0.00409190806953319,0.003669514552376185,-0.01073745651159641,-0.0007149250263556173,0.00936116488837846,0.001185660266163735,0.006283865207577399,0.004657213247938108
2025-11-30 00:00:00+00:00,0.002424755918579491,0.0035194383593359913,-0.004666978166854241,-0.0020800901006794437,0.0009834291577275334,0.0010413172101004786,-0.003589076446950501,-0.0021857238212230623,0.0025908322214034385,-0.0027471057935162246,-0.004760393818413311,0.002964370359890278,-0.0005711209000281992,0.0024489507596994198
2025-12-01 00:00:00+00:00,0.01645920005169854,0.013237297774935985,0.012799701123062501,0.01249134925501294,-0.002661918115153039,-0.0025827672480621677,0.0042541083954514836,0.00461361228584134,-0.009000052775237632,-0.009602766376627714,0.0076455946020559384,0.006980526183462565,0.00678147758753278,0.007198177021529029
2025-12-02 00:00:00+00:00,0.024280911533627547,0.017845174689629317,0.010418407041796529,0.010617850432016906,-0.0014876890787967056,0.0026235864730281833,-7.669091266682138e-05,0.003385784526830582,-0.01237932610531034,-0.00909577847643328,0.013609687968307638,0.009812966241998566,0.013595915664479152,0.011552681742562632
2025-12-03 00:00:00+00:00,0.03280686723230053,0.011471006815606977,0.012739917532798017,0.008514694759749641,-0.038136189533926945,-0.04610169963635047,-0.011361734835228288,-0.017918462920636813,-0.018606167206612123,0.0025953680203349982,0.014995529065710889,-0.003910154920196196,-0.01744510402014854,-0.013627944020235594
2025-12-04 00:00:00+00:00,-0.015127249480443306,-0.014297245804581249,-0.004472752454827811,-0.0056909901690096465,-0.008474019682440104,-0.00674264857089768,0.0010577001881699744,0.0011035704667154977,0.012723098693452561,0.013016203533834148,-0.014691438822694969,-0.016266228322652898,-0.007940709847093053,-0.004920898888075231
2025-12-05 00:00:00+00:00,-0.018616712924708456,-0.018362709167899394,-0.013284157522780338,-0.00819511526845551,0.018628137507398224,0.01971718448979498,-0.0016910818993961518,0.008840670581995003,-0.0041134524192750765,-0.00394986949326126,0.0020862240053225456,0.004081021027968257,0.006078515972924858,0.004280579285397046
2025-12-06 00:00:00+00:00,-0.009308492756164743,0.0060805781730004504,-0.015758623260775262,-0.007983834867667183,0.007524131357553809,0.008941917850866066,-0.004425735741099057,-0.0004612683957968544,-0.003133504534593601,-0.008282203001150235,0.0010346434022239226,0.00848876274841337,9.144109061942629e-05,0.0062296317374785914
2025-12-07 00:00:00+00:00,0.005589870523951657,0.0054729611973223236,0.013719032126318753,0.013313032144135484,-0.002620917912973031,-0.0023307644999396304,0.008525771185864395,0.00783945603688685,-0.0036790568564019077,-0.002927181385345645,0.0021641802696470425,0.001626848072603826,0.014248826934639247,0.013291374170424364
2025-12-08 00:00:00+00:00,3.336577041501698e-05,0.00827923854556123,-0.00539378437244753,-0.003468803808065024,-0.0060242903184157814,-0.005922453523934612,-0.00515899753842286,-0.006426303053698845,0.006730202349100933,0.005933487850624974,-0.007536546190742621,-0.005956896149346025,-0.006240550289293378,-0.008150661445478047
2025-12-09 00:00:00+00:00,-0.02188073104502508,-0.022585779483548785,-0.024743485178985947,-0.0187492897072713,0.021159448854155327,0.02029157019642991,0.0070499855378045595,0.009465071125482005,0.015682315998241547,0.02238437445370467,-0.016637049532395864,-0.022484430364528518,-0.0030351421400158785,-0.009050077543992452
2025-12-10 00:00:00+00:00,0.0031868606215612605,0.0035595628705371585,-0.005130860471565191,-0.006785638301390118,-0.00990709464818107,-0.009941589863082578,-0.012457316997252277,-0.01070037754789277,0.009460308091891134,0.008251522859140659,-0.010716300343184493,-0.010737745990621939,-0.0130448014720701,-0.015370114386882627
2025-12-11 00:00:00+00:00,0.0033392288963165484,0.008527263190319045,0.010484096969148426,0.012061162755745869,-0.005140760890265272,-0.006994768801012019,-0.007111183469711402,-0.007627792982486503,-0.0030109479014762686,-0.0036305722390085338,0.0018385998033370043,0.003751262481676898,-0.006601555518562452,-0.0032395837394707527
2025-12-12 00:00:00+00:00,0.024022384877576908,-0.014975865028109658,-0.015873029312174602,-0.005641877450716426,0.02153757622376018,0.02124930698405403,0.01921537186961042,0.03017274741410514,0.009194075168162952,0.01439852375030215,-0.010721269736091221,-0.014319783040471434,0.02121972750570822,0.016791540907577618
2025-12-13 00:00:00+00:00,0.0015918738418723155,-0.0013896160918742684,-0.008016291010295995,-0.008439675375729094,0.005201661375527911,0.0075691476142349945,0.0034403625431911333,0.003567397605033884,0.0016946365096857097,0.0031017767630439064,-0.003252649734227342,-0.005521353495350434,0.004755667895490756,0.005379835765730423
2025-12-14 00:00:00+00:00,-0.00039435457049807887,-0.004101354128058343,7.504681976477912e-05,0.00155568601812206,-0.008605476674306667,-0.009401514147228562,-0.010488045726735229,-0.007016590126181499,-0.007775598657068561,-0.004632422581962503,0.00720086131846065,0.004534409760241331,-0.0101078849395978,-0.009976763749536044
2025-12-15 00:00:00+00:00,-0.003778250956204099,-0.011324863565179144,0.00438958729303951,0.0026533426991470765,-0.007833568633906718,-0.00851291426725409,-0.006381490535169565,-0.007941746017113283,-0.01324260311457126,-0.01051637764258706,0.012489643826616659,0.01116410679293467,-0.015860732931766264,-0.013578407826904004
2025-12-16 00:00:00+00:00,-0.005080110693871265,-0.006147750438397326,-0.00423983959590668,-0.00486534810837469,0.0060989953957559795,0.006309258666554296,0.0032662124099316348,0.0031324133010959265,-0.0008170572213099803,-0.002845248964105873,-0.001224493747776223,0.0003691032638670766,0.010081261859281598,0.009445034092225857
2025-12-17 00:00:00+00:00,-0.005270671540254179,-0.0006371676355586553,0.005694797360303205,0.00508435817728814,-0.002660324243783485,-0.004717879693019733,0.0004205205291889502,0.0007625629752685548,-0.004995473638266468,-0.0027707007485551216,0.0037709099557692305,0.002729065963858357,-0.007451576103182145,-0.005611682525463291
2025-12-18 00:00:00+00:00,-0.0059649797080034705,0.0009896669917222045,-0.002065808746155695,0.0002368788487243645,0.0062268928402819945,0.0023645397034977034,-0.00010554685337516023,-0.0010515743069507977,-0.011724409336370423,-0.003643632849216538,0.010214034107434822,0.0036623275235816433,-0.0024386286769114696,-0.0007560592493335294
2025-12-19 00:00:00+00:00,0.007426499896181271,0.004867111843799954,0.004409903931187786,0.005060311979742993,0.00642502509862819,0.0066586264561947495,0.009811353842916537,0.011309533800774485,-0.004137616159953339,-0.0028686847945870175,0.002031185475635855,-0.00024786522015729506,0.006763729359048787,0.0068110834135144405
2025-12-20 00:00:00+00:00,0.011467578870123285,0.026586549868980347,-0.009588284972151584,-0.012447047935722044,0.007326647335786918,0.011855266789949415,0.009416096310606692,0.006546239626159522,0.006281267994313389,-0.00613705134871545,-0.006871603957048333,0.0061018286275162925,0.01898899477137861,0.019200317681064005
2025-12-21 00:00:00+00:00,-0.012334965159179534,-0.006940654073871899,0.01906063270416114,0.01924379121238462,0.01655745667354913,0.012023042198333611,0.015850986167612824,0.025803307159963484,-0.011233033692025773,0.0074602875668015045,0.008890040702735025,-0.007327239366976768,0.016655113878479177,0.012174905583574702
2025-12-22 00:00:00+00:00,5.2853018380982775e-05,-0.001378434549154317,-0.0001734356788151148,0.00021549386269237303,-0.010984002889499966,-0.009923773787297585,-0.006701313769815753,-0.007728089727203402,-0.00862825365035913,-0.0113387256371702,0.007320098138054565,0.010490978298222098,-0.00937218873075596,-0.00902141120920763
2025-12-23 00:00:00+00:00,0.005534108894686751,-0.0021095967149219463,0.007063278385630367,-0.0009003152663872305,-0.013635912753968693,-0.013435752131847778,-0.00890182218643154,-0.012234946065523222,-0.0010826834894355208,-0.00995037716436653,-0.0006065074266354831,0.009716231991911739,-0.008113675730320846,-0.011797258088443452
2025-12-24 00:00:00+00:00,0.006314059298188068,0.0017968842351858694,0.006236346684997507,0.002760262302041294,-0.0011443275994091895,-0.0019388828071381647,0.0004270215610477912,-0.0019454907242402175,-0.002671063505611748,0.007501000117520862,0.0017833705897256635,-0.007183790110305899,-0.007852807800118544,-0.0018063838444819513
2025-12-25 00:00:00+00:00,0.0021128789252686797,0.0027639327392616764,-0.00023737189375727663,-0.0009032620371994815,0.007481145971985681,0.009210870887450984,0.010110123342463417,0.011546925992307111,0.007594211671433593,0.005235148698081948,-0.00811958357183551,-0.009414989751528213,0.009505723302453584,0.010009466361360353
2025-12-26 00:00:00+00:00,0.0014360443119527666,-0.00865451666407202,0.006100918639318387,0.009035292405846551,0.009319029603205964,0.008653481745415803,0.012485654396338752,0.016179068291152232,-0.005496296853323535,0.003431348254583355,0.004317842790626525,-0.0030229126199095013,0.01257960937961089,0.0066104261648844975
2025-12-27 00:00:00+00:00,-0.007937156611336538,-0.004728959841825087,-0.0037345194231649392,-0.000995783099596137,-0.002943025416950684,-0.0019941310737713325,-0.00026082779152070135,-0.0036096991693446157,0.0023727775895194814,0.0024157232313040122,-0.0033948213225116763,-0.002895504229807555,-0.00733463421211189,-0.006416138024753049
2025-12-28 00:00:00+00:00,-0.013478638357206418,-0.009815671359434175,-0.025103854470094222,-0.024197820451765106,0.01586763525334578,0.014853665751547673,0.003623294530943788,0.002370548068558076,0.012484440034673527,0.012367751891654288,-0.012514575831753527,-0.0113577823184009,0.005308869318640497,0.0062841191456624035
2025-12-29 00:00:00+00:00,0.0032905484797500772,-0.006675419245812608,0.0016677339937050117,-0.000437857139524489,-0.0015976450463328629,0.0038153208268447703,0.00911703742117198,0.009464048210981568,0.011044405792431489,0.011665936541553457,-0.011830469898082119,-0.011381996589334253,0.007924138073569509,0.00414513767441016
2025-12-30 00:00:00+00:00,-0.005601093303611804,-0.004215363951020179,0.0021450798571720497,-0.0021677702675063637,-0.0017549347169706353,-0.0011027579714276703,0.0006259908247967516,0.0016338475627197813,0.001055846097652191,0.0007858455429812228,-0.0023780716231192045,-0.0003741013629583456,0.0002647216850653056,0.004966014661485607
2025-12-31 00:00:00+00:00,-0.00035176516298307536,-0.0006803314257111115,0.0003262793567018196,0.00279911696512114,-0.01253904821451124,-0.01447963877883729,-0.009714895432781812,-0.011554493201180738,-0.006048512538512241,-0.006894400935728129,0.005456943968436434,0.005136852046923934,-0.00970070755214758,-0.010319853830640824
2026-01-01 00:00:00+00:00,0.0008846428130315775,-0.004300708641495898,0.002219887121717834,0.001725076752013166,-0.004984891742486508,-0.0034961968157458667,-0.0037724877285177927,-0.0032827732890096106,-0.0018322261360448344,0.0023864343128991994,-0.00041104494753552157,-0.0023557489134501397,-0.0035151975630794974,-0.002826469113486829
2026-01-02 00:00:00+00:00,0.01802117205769438,0.01790686028557409,-0.0020135798828435636,-0.0001471615908295032,-0.004635865150663054,-0.006954180430909895,-0.017867394032071937,-0.019810412448736825,0.0023856435222073813,0.006504426037472477,-0.003981866958097435,-0.0068651476734828965,-0.0003769703589627804,-0.0013936190920792457
2026-01-03 00:00:00+00:00,-0.012568523122068243,-0.01267943796063653,0.00780630688024786,0.009326429926280966,-0.005029490352524202,-0.007526824109414965,-0.020629051576672386,-0.01982715032387483,0.004262474603176969,-0.0002704549222458663,-0.005096313982541512,-0.0033715183847992103,-0.019372505847408017,-0.018364409292490502
2026-01-04 00:00:00+00:00,0.01617004714554615,0.017496939266393507,-0.0012245468489460176,-0.00756166159496463,0.012310316730096194,0.008629926367570873,0.009170907276598417,0.01552683013487477,0.004725440611548004,0.0032850230376224587,-0.006701098704118502,-0.003300001661324492,0.013681259398135692,0.010570897239116306
2026-01-05 00:00:00+00:00,-0.009955648166693032,-0.00545286997479788,-0.009136697870729349,-0.007855719357761304,-0.012472183313424812,-0.01427232529561362,-0.012554442488986184,-0.017715622390512165,-8.022024658105309e-05,0.00552543840899733,-0.003083489763885172,-0.005587304659890324,-0.017044612982301977,-0.016957992202328964
2026-01-06 00:00:00+00:00,-0.02398927540476159,-0.020637091925424844,-0.0033800302305675434,-0.003463682978185112,-0.010481558370573296,-0.013357636306845166,-0.008495765391067223,-0.009187407758344257,0.0066127874464028125,0.0034215398432047017,-0.0077594346264803216,-0.005985096349475971,-0.016008162277009963,-0.020064397450170746
2026-01-07 00:00:00+00:00,-0.0008884250112790593,0.002243135484618408,-0.00041974062256111555,0.005911903553816655,-0.008527294114995532,-0.003014798597071544,-0.00201565680852156,0.0007617688641023967,-0.0013780491176299536,-0.002392152863102348,1.9036260870075594e-05,0.0024733833116001858,-0.0023347614589925847,-0.0007824651037794395
2026-01-08 00:00:00+00:00,-0.0014567036978998527,0.008492527123932003,0.001485754587710053,0.0006805603398016835,0.002694859537447858,0.0036102618424991295,0.002940494483803624,0.002661443440217015,-0.008764621456847754,-0.00040335806245905825,0.007765071616500752,0.00044653005981754035,0.00442015209215274,0.008137422861257404
2026-01-09 00:00:00+00:00,-0.012685318052645722,-0.013068553747047518,0.005900898562914314,0.007066532336328368,-0.010376939412581776,-0.009300795028375664,-0.013083320040767399,-0.013211192596355614,0.0016129072968247282,0.0009154575765324413,-0.0023367892866035245,-0.0028278518192587088,-0.007843580075962309,-0.006861517871178169
2026-01-10 00:00:00+00:00,0.0032532334083048564,-2.7260021930874956e-06,0.0008881565008873604,0.0007355759604401602,0.002986126078537099,0.0028001808387760896,0.0024880931879764923,0.0037504688150318266,-0.0004968792552798584,-0.0007878054848842186,-0.0009660549840490029,0.0008281144208777125,0.0015535191335822596,0.0034474922020570897
2026-01-11 00:00:00+00:00,0.004448892006497118,-0.012004709810574443,0.009741144650605271,0.007947791008961591,-0.008333875096438015,-0.006129166322081381,-0.008110176365957122,-0.007537997975649802,0.000818688270150858,0.001605544183255203,-0.001627593413508821,-0.0015915473020514659,-0.002786285870510885,-0.006913054065580737
2026-01-12 00:00:00+00:00,-0.0002517691638393993,0.000923856699653669,-0.0030675353010537476,-0.0036865958753413697,0.0015968173254452545,0.0010042713870488384,0.0003387795951002026,-0.0003920290885300881,-0.00041218865369507807,-0.0012091708833064096,-0.0020446049594536886,-0.0015787581995104771,-0.0020570596119710016,-0.0023044199979934676
2026-01-13 00:00:00+00:00,-0.004970957172227397,-0.008120577009813279,-0.008008684292860502,-0.011055544914335358,0.001145515063457836,0.0019918789957713567,0.0013624230860806996,0.0022741768844518617,0.0055432446117267276,0.011299066140411318,-0.006712995124568799,-0.01127321293038086,-0.003999081702110274,-0.00555977296271537
2026-01-14 00:00:00+00:00,0.014517492609136928,0.01075719784305762,0.007100369522792693,-0.006911715463690071,-0.016999360579298073,-0.01604175864324664,-0.016439830883425488,-0.015788940682975316,-0.0019388553419494858,-0.007480207193342192,0.000765778577467735,0.007631350350343125,-0.012564071788931375,-0.00538649403775171
2026-01-15 00:00:00+00:00,-0.019499717189187304,-0.019930945694419,-0.016443553527678678,-0.016104704058802155,0.01890375220374474,0.019187737065540222,0.015496750124240677,0.016420574198324545,0.016821591360720145,0.015856870379578725,-0.018281526313435714,-0.01799999840422417,0.01545002294412079,0.013490944847200259
2026-01-16 00:00:00+00:00,0.002806566642540309,0.00808382109887984,-0.0038836167764286778,0.003591496235889169,0.004762960257690851,-0.0032147454493832717,0.0027656961727333673,-0.002041318485179522,-0.004901543860977853,-0.006117254419347962,0.00047843263270364034,0.007669315639152963,0.007373138526608702,-0.0012258454787242856
2026-01-17 00:00:00+00:00,3.0016978614710865e-05,0.009282942981865272,0.008161575083241557,0.014904224027870727,-0.003875864111626437,-0.011606505420529656,-0.0017830925995234725,0.0012760989642570664,-0.008551519534573782,-0.005942591308172207,0.005783773914046719,0.0060819236181335334,-0.003453774262921483,-0.0018107291322005947
2026-01-18 00:00:00+00:00,0.013444494714870192,0.014059817761857829,0.019722536707578175,0.017340496910401626,-0.02097246017840526,-0.019770836687428406,-0.00768869020753471,-0.008352728897840112,-0.02000323059585929,-0.017700049641053872,0.017019627322908848,0.014788194032970159,-0.004699549404446723,-0.004873483553960334
2026-01-19 00:00:00+00:00,-0.014088632782710109,-0.010833757748826667,-0.012849728483781853,-0.01162809449719815,0.01187081349049679,0.010438412193888968,-0.010981637881400719,0.004556344658801503,0.011092211617689918,0.007622525930598645,-0.012316366296178605,-0.009319462028992809,0.0055877988826655844,0.0052729692807147455
2026-01-20 00:00:00+00:00,-0.012230788409087645,-0.012202125763228322,-0.016199231855378637,-0.013846510127538236,0.006412164304249179,0.008127549247631594,-0.0069105876857930015,0.009011996379761245,0.004146584907052553,0.010940040868009149,-0.0033847094210106565,-0.011379408477626862,-0.0022912574684555986,-0.00264485246463797
2026-01-21 00:00:00+00:00,-0.017757750094066882,-0.01813115667419085,0.006273674870151735,0.005071155861573473,-0.0034589671163897107,-0.006653296908096684,-0.00391268286194546,-0.004538900347908381,-0.010170551108240389,-0.010829013412168798,0.010855906143490524,0.008154921621906341,-0.011407275785873416,-0.011895640221218251
2026-01-22 00:00:00+00:00,-0.003902031604714251,0.010738517609280684,0.00684640481626464,0.007547379541625432,-0.004213187579443223,-0.004261366159557078,0.0016938684306226914,-5.4453687885147595e-05,0.0014222224231057456,0.003017626577358712,-0.0017763587199370878,-0.002980065781143515,-0.0010264301015059374,0.0019452511791164806
2026-01-23 00:00:00+00:00,-0.000490769101138544,0.003842629848776813,0.0022695842185569415,0.004075627840821827,-0.0008717466211273228,0.001266501257921826,0.004991773656637832,0.004909284533493707,0.007275153691486791,0.0014840535442195435,-0.00788144030634974,-0.0014654893822171333,0.0009897842373136623,0.003933414118180378
2026-01-24 00:00:00+00:00,0.006628588581520267,0.0032625341039402844,-0.0063097531112212835,-0.007289526207722941,0.006047399114698315,0.005611764083691018,0.00576812838446461,0.00588173465718711,-0.002407103936977295,-0.0037899622342115746,0.0011227883241475833,0.0017458221726895928,0.004680424862506305,0.004867399182821641
2026-01-25 00:00:00+00:00,-0.007994152989117986,-0.008051053221915239,0.007321215218775379,0.0068287041151358086,-0.006870878837070715,-0.00749763526478886,-0.0028198414738381805,-0.006298173289358777,-0.007712660065490873,-0.0051311567036586014,0.006581212451752361,0.005093271846797087,-0.006300987027598515,-0.007493315165416625
2026-01-26 00:00:00+00:00,-0.004269725282727177,-0.004784175996262352,0.0043095322324500085,0.001505803983884224,-0.007445532603203464,-0.012104350073185333,-0.0065474154615855484,-0.00471554596909729,-0.013097321080710711,-0.01423217775697938,0.011695274685526336,0.013984726000610737,-0.0058853233350593115,-0.009066866770981341
2026-01-27 00:00:00+00:00,0.0073112303984048665,0.0072111959748768495,-0.003134978139455291,-0.003359991028199727,-0.005714321466928074,-0.003762056739691544,0.0009033314022304229,-5.4040375484509795e-06,-0.005747536411678689,-0.00389431631521997,0.0043327898856859726,0.0021580241815928325,-0.0006679318581107596,0.0006813108353760366
2026-01-28 00:00:00+00:00,0.012426585940636503,0.012702991036570133,-0.008990455181625667,-0.003943097237780191,0.007164526010102534,0.006866129224925022,0.0056174565381812425,0.004982867592875362,0.010064912611197574,0.0015665052522595424,-0.010891167645713629,-0.0012455320836221029,0.00825821417493855,0.005297407797157261
2026-01-29 00:00:00+00:00,-0.012930714727633186,-0.014926197572024846,0.009894779180962043,0.005186297695753961,-0.011863109072475564,-0.011515086166400734,-0.012644997568405758,-0.012464970217725524,-0.010464403737137196,-0.00935939968854027,0.009842847230043361,0.009222341490599195,-0.012412319395520344,-0.012809414315796519
2026-01-30 00:00:00+00:00,0.005255592340462911,0.002685422271576421,-0.016650365410725843,-0.014904254512157156,0.012635824574610321,0.009536685089835961,0.002152316052246306,0.0024686251396799364,0.003379756278361734,0.007244194030081363,-0.005535173135277738,-0.009471681099426976,0.007303282946182543,0.009935513869493429
2026-01-31 00:00:00+00:00,0.0019419287858282175,0.0033264384576328077,-0.0035575225627135776,0.0006500704779675015,0.001953605088462096,0.003556184231733761,0.0006198906816177185,0.00363811032922734,0.0003040231291857598,-0.0060929873369567344,-0.002566114281290277,0.006134609303293459,0.0006717526824524533,0.004268697725197335
2026-02-01 00:00:00+00:00,-0.0007527998906148303,0.0016311962030772786,-0.015248641550263953,-0.01468976535170885,0.01738910367359514,0.0064445814546121305,-0.0014144521199225268,-0.0019763136508041956,-0.006013839341761251,0.0034531926654393086,0.0038122726616311997,-0.00353592293726146,0.006495651606668318,0.008092610866530459
2026-02-02 00:00:00+00:00,-0.016631921332876942,-0.017070233576947036,0.009225310399815445,0.008686394687826615,0.01520927980584208,0.01720955074115249,0.02856528189828289,0.026747578817492235,-0.0013978188712455708,-0.0025378573554352135,-0.00023006683846227283,0.0005050716887877726,0.0019817926383562945,0.0004204769825839616
2026-02-03 00:00:00+00:00,-0.011372170566538164,-0.010871144887075856,0.006414295432171091,0.0035747195083899452,-0.017123655345644306,-0.00870949768558904,-0.01105655702160857,-0.00036996609643236145,-0.010374491327479807,-0.011251343289091276,0.009509731952177969,0.011196043674051914,-0.015360428500401757,-0.01196655286331183
2026-02-04 00:00:00+00:00,-0.005951022402556072,-0.011968446011570433,-0.0033217731947797757,-0.0028554003872562905,0.001433663008197028,0.0027039600293345956,-0.0011025529789817634,-0.0018855187914011973,-0.0007415172207824172,-0.009517565582810805,-0.001697582001016662,0.009328244186553203,-0.005320710973980569,-0.007872288450250564
2026-02-05 00:00:00+00:00,-0.0007827533899581463,0.0007079076267451079,0.006657580525879281,0.005144468256050416,0.016550399313287167,0.015516875769459704,0.011743211986257496,0.013141278323570926,0.0023718507303833736,0.0012179329839241415,-0.005226965911958481,-0.003050624727948703,0.009912168831600843,0.008806423890704851
2026-02-06 00:00:00+00:00,-0.03357145296527153,-0.03943767301067891,0.0245758281520696,0.020918140764377036,0.026906604597710437,0.02458187324283978,0.013634310245597137,0.024734430332505886,-0.0028856544271026463,-0.00567363840515267,-0.0003652703321508355,0.005086674756038079,0.005941667412387774,-0.004989241477575623
2026-02-07 00:00:00+00:00,0.010039819001645744,0.019074511292527463,0.00921638808967673,-0.008919521290055243,-0.02331363408168763,-0.02235835179021395,-0.02471114275345998,-0.017368228536693175,0.012417310892143263,-0.0009580222703375885,-0.015907572689348393,0.0010343114652127117,-0.007830482439845632,-0.002608801815379591
2026-02-08 00:00:00+00:00,0.0023988776995855776,0.002433691280857353,0.005145103065556045,0.003911079782198179,0.006102228269115217,0.005853113610973404,0.005928005016945237,0.0053552073325522365,0.008518550394419178,0.008301777845733271,-0.009947001908667152,-0.009733102432785912,0.007318176439958357,0.005944046661409574
2026-02-09 00:00:00+00:00,-0.003923354147249203,-0.00012960060739486412,-0.002769204457758745,0.003722459352896168,0.0008170900513155832,-0.0008590329673058283,0.003955007729688598,0.004011833434354628,-0.0018629361817457113,-0.00033380243188219083,-0.00017100623326438136,0.0004200101886866481,-0.0034473565424052444,-0.0014206010262912683
2026-02-10 00:00:00+00:00,-0.008275103074179557,0.00032005511073673887,-0.001354259244223055,-0.0009326837387464426,0.004818057105780982,0.003349071565231121,0.0017379363508478463,0.0014195155191405462,-0.0018434036227932271,0.007816251937014185,-0.000794805839116064,-0.007916504999833096,0.0027290468869152207,0.004517919293937966
2026-02-11 00:00:00+00:00,-0.0011823776514655604,-0.002052589199189936,-0.008636066146531007,-0.00847204727542572,0.00830810419349648,0.008161222620743036,0.002306106114440265,0.0017522447625402116,0.005562743753418253,0.0019292818782019605,-0.006004018440692649,-0.0033456425998054096,0.011166512454536148,0.010680736863200035
2026-02-12 00:00:00+00:00,0.0034458043305762853,0.0036058361843158693,-0.0030070452433358374,-0.004495181997583586,0.009624257633049416,0.006393836822071286,0.002834228418711504,0.004846273286630787,0.0047360697724909695,0.005774483533518948,-0.005153456537456025,-0.005888492496343822,0.00828154239545631,0.0072451660305470345
2026-02-13 00:00:00+00:00,-0.0012773653184264822,-0.004470030795085234,0.001504791670658312,0.008661572246615457,-0.009751165300815323,-0.009573926561630919,-0.005936487419499481,-0.000983754832152517,-0.021039998492425327,-0.019224332278925282,0.019439432906018572,0.019845421203183777,-0.010133412658600904,-0.010706208548408758
2026-02-14 00:00:00+00:00,-0.00913179187637192,-0.00822103298908694,0.004827368898034035,0.0024252864886489256,0.019218824488269615,0.01700129806151285,0.011333353938933977,0.00897534322904181,0.0007937890620097754,0.004842242855539469,-0.0027580059487620767,-0.006207327924852124,0.02016996139214622,0.016195725882373058
2026-02-15 00:00:00+00:00,-0.014251213214021563,0.001889697241185484,-0.016969108201175698,-0.01609989564107628,0.009035116605717208,0.01964843732297017,0.011006706673583055,0.007227109456195757,0.0036825598713734475,0.023378549501142043,-0.005910505835485691,-0.0223467366830159,0.0015849049767944212,0.013690816638556313
2026-02-16 00:00:00+00:00,-0.010005833780913131,0.0017601377441938126,0.003933390456149821,0.006747878018618092,-0.009358089515615675,-0.009033087129131534,-0.0002268889463269419,0.005327524058327482,-0.004737906475096421,-0.012111275207834393,0.002270305110237958,0.012020394412449953,-0.010848242593762047,-0.0037054943844074817
2026-02-17 00:00:00+00:00,-0.008389475946453007,-0.009998428306072338,0.009947004478493504,0.010759319238305975,-0.001485616547740709,-0.0028287333508040247,0.0005074734708720996,-0.00021425528635232727,-0.0073563650080699095,-0.007150557848477068,0.005395044849663133,0.004260662467235887,-0.0035557885370102182,-0.004296154808482333
2026-02-18 00:00:00+00:00,0.003423704806254424,0.002758289162566152,-0.004346208580723876,-0.0073092019293488075,0.004587790731827468,0.0039322280439557655,0.0004968732619516913,0.000584500542063715,0.007451119488839808,0.00719098186142042,-0.008112695581825036,-0.007114892853798627,0.0058075456618016386,0.003810587281851241
2026-02-19 00:00:00+00:00,-0.0011135153444755685,0.0026103826796741725,-0.00013019123729629545,0.00516068156385896,-0.00451626351418799,-0.005432619932235427,-0.007280168400555009,-0.006851550692232644,0.003235646513770174,-0.0013546507466034585,-0.004413908148727441,0.0013969469456478478,-0.006640643580046235,-0.004259122835351348
2026-02-20 00:00:00+00:00,-0.0017169868819864043,-0.0016649125561446487,-0.0028811133857278293,-0.0021354584633248574,-0.00040222404658230015,-0.0004864306208345326,-0.003936063635484155,-0.0036544129358858646,-0.0005868545312268658,-0.00179545737978426,-0.0008847908756063338,-0.00011754438333522188,-0.0015926178090581722,-0.0018648922940197599
2026-02-21 00:00:00+00:00,-0.008813332523715411,-0.0021456318570391986,0.004714371397940065,0.012016286534171083,-0.005430812580053623,-0.011242797177546726,0.0017044946676973982,-0.004129359436695124,-0.02302845528702635,0.007080455770093419,0.021149386310823637,-0.007093045792544994,-0.014441371677947235,-0.005505432177448477
2026-02-22 00:00:00+00:00,-0.012584054230819874,0.0012326878337387548,0.005047110171958247,0.008926601690255831,0.004124529150699718,0.0011742874192635089,-0.00114455351600673,0.001821899362195234,0.007737036300366373,-0.004030089990536001,-0.00913651236408719,0.004075351114420256,0.0012979159135653173,0.002568577167330943
2026-02-23 00:00:00+00:00,0.006452991968740385,0.004722932027582338,-0.0014070044726715025,-6.05645005239408e-05,0.0013400141292092549,-0.0010650582470336234,-0.0010775640603584158,0.0005720301664247085,-0.0043718745938508,-0.0030102848149384798,0.003284095239649343,0.0003042806332309578,-0.0002478449897473922,-0.001158689106509736
2026-02-24 00:00:00+00:00,0.010956752373964651,-0.00627689722449265,-0.016508386557179677,-0.017018698824136758,-0.003229220655648124,-0.00026889683197539593,-0.006474611630535865,-0.005243834169321504,-0.0029436196540717496,-0.004334785561335597,0.0020166686611537976,0.004316334571899061,-0.003876173745018918,-0.005415921617415553
2026-02-25 00:00:00+00:00,0.005624928919309102,-0.002022182736699074,0.0013354875202764571,-6.653430290826101e-05,0.0029932221916117996,0.006655902312808326,0.0026817490815451706,0.007156618391486402,0.002027386725451663,0.0012440068710777297,-0.003177701992880144,-0.001226331104141054,0.005461700163485572,0.006521321411243619
2026-02-26 00:00:00+00:00,-0.06866788014440162,-0.0636013140450451,0.0031534587697170657,0.002535730906656042,-0.01754536489369163,-0.0207920295234173,-0.01818496652598367,-0.019799765662002144,-0.05724284605853924,-0.058948227378747275,0.0556412810177096,0.056133460677563196,-0.04828285213721828,-0.047022049795697685
2026-02-27 00:00:00+00:00,0.009904640674977205,0.005545936507107108,-0.010691513359413207,-0.005285306252418187,-0.00043830999905192236,-0.0038609451590990718,-0.0043065911164051895,-0.005681188553914529,0.0026102253700683864,0.007749178432729487,-0.0038869398312959547,-0.006889555292540983,-0.0001967241584881485,0.0005558479916407677
2026-02-28 00:00:00+00:00,-0.004882525851636843,-0.003749318334923979,0.000221464419779549,-0.006530155858137654,0.00034282401660634676,0.0014422900633666025,-0.0038413386932579785,0.0014609801136220568,-0.006770637560176596,-0.0013455464826881425,0.004625473294437077,0.001150207089698041,-0.0007873669256073246,-0.0008990333522311822
2026-03-01 00:00:00+00:00,-0.0036863853792612478,-0.002616084762303461,-0.0036668282417098297,-0.003943969163796135,-0.004366374712556409,-0.005091595342963662,-0.008667861158513257,-0.008624250633742614,0.003743324149114491,0.0010598553353078355,-0.005155344603742451,-0.004762747766395847,-0.00872907371931253,-0.007800151849785331
2026-03-02 00:00:00+00:00,0.004683907471716431,0.0042727299903355664,0.0026112768411801213,8.29213274364804e-05,0.0004932537421371563,0.0009096522739635571,0.005010355858830584,0.0046343980531524664,-0.013865725239841975,-0.008953623330957505,0.012553731263593715,0.009480981359183849,0.003850088637879834,0.0034585904401438494
2026-03-03 00:00:00+00:00,0.0004232925944391841,0.010449596447422715,0.00927236278505128,0.0017318293966697151,0.0032454617708463918,-0.000546565221336226,0.011338402878901865,0.0049372908392875114,0.0043973298656945214,-0.015533478928466682,-0.005898382383616618,0.015059222653063697,0.010073455839768153,0.006988851996148293
2026-03-04 00:00:00+00:00,0.0067464114379585105,0.006142201914184797,-0.002092444885988143,-0.0008186831564966912,-0.012491218666650816,-0.011024885878935353,-0.008480362008886355,-0.009381091278389042,-0.0065981795188909675,-0.005419115930369922,0.005607928164459652,0.0027191631587819565,-0.008944392780109722,-0.008649395178372155
2026-03-05 00:00:00+00:00,0.0013074880179735349,0.006428730267043381,-0.0010634723925857514,-0.0036720041104717493,0.006625175464826549,0.0056265349467772285,0.004581523260373643,0.00825125900210577,0.014323769860483893,0.011597825045063903,-0.015570394422162681,-0.011965310813119356,0.00553201947404669,0.009092860000135428
2026-03-06 00:00:00+00:00,0.005329902104856066,-0.0036110458345476326,0.0061517728113758,0.0050562765484756245,-0.004178492380938481,-0.0020336633667076276,-0.002454345889807308,-0.0022111745744073374,-0.005798929098360106,-0.0061783984074447185,0.0033647899581907836,0.006504425052638485,-0.001702924456832955,-0.0024342166204215365
2026-03-07 00:00:00+00:00,0.004262672248689592,0.004502469014505905,-0.002019770238943397,-0.0018333424735564874,-0.0005770037591297239,-0.0022605493097097584,-0.005067156038140452,-0.006160365286421832,-0.006853417642038395,-0.006655935624439335,0.005234864449618515,0.004892149022056369,-0.0004509425433054659,-0.0007993336215601499
2026-03-08 00:00:00+00:00,-0.00014031570207473365,-0.0021001655719375956,-0.0010854796118648924,-0.00268586152555772,-0.0057909464376283415,-0.003984515818993839,-0.00839452544797814,-0.008227300834184659,-0.0015785149226671402,-0.0035998750898795784,-0.0004079830893479741,0.003957819452214961,-0.007295707252997774,-0.007998737692426316
2026-03-09 00:00:00+00:00,0.0002877990354286375,-0.002708560822589967,-0.0046835656168119355,-0.004959982965405119,-0.0003836269314628771,0.0022656071856093085,-0.0027683608625805878,-0.004067763915898359,0.0017963544034957923,0.0016443150159775044,-0.0030562911087161915,-0.0012967909347744166,0.0006801595261256566,0.0014742509977838658
2026-03-10 00:00:00+00:00,-0.00428916611768293,-0.0029377919660330543,-0.0005312158145799328,-0.000149053442775271,-0.0012760203114122737,-0.0021954678278941486,0.0034711405429699305,0.004704214359245507,0.0018652383521042815,-0.000628885002735613,-0.0026685816504699034,-0.000541797532995214,-0.006475246299055271,-0.0072486382643012215
2026-03-11 00:00:00+00:00,6.757482341512855e-05,0.006316145339665846,-0.013685980176208923,-0.013902173870487977,-0.008121368288791397,-0.006178312759320681,-0.011888054246080304,-0.007155286153250673,0.007951539618341164,0.0016678568660632997,-0.008864615520855601,-0.0016238657853051564,-0.014656214438971582,-0.014306020821751808
2026-03-12 00:00:00+00:00,0.008945255953358489,0.006197231706695838,0.0014579709041993016,0.0018597441777614687,-0.0035486959979692534,-0.006261122395798013,-0.0006766230668048268,-0.006042383826876718,-0.009402400403064504,-0.003159090753025451,0.009208717580224679,0.003112359743475457,-0.005325102000376614,0.002223349501378591
2026-03-13 00:00:00+00:00,0.002897310283266119,0.0025949517583736537,0.0008480316646253261,0.0007826520746949672,-0.0022396452342531292,-0.002741048930441914,-0.0018483836695267764,-0.0019273437837749041,-0.0010275104612863517,-0.0011240848696755235,0.0002212830170087443,-0.0004933500556431047,-0.0009286362158721362,-0.0038753778607364398
2026-03-14 00:00:00+00:00,0.004075093630380167,0.0009422627744750667,-0.0012275914301040913,-0.0008823328467151281,-0.0023916149273865983,-0.002472833115886197,0.00019683985792462444,-0.002214984118130703,0.0024662633409435752,0.0017805848171497107,-0.004075856762238095,-0.0017510554734951889,0.004064359105613535,0.001420131733598895
2026-03-15 00:00:00+00:00,0.0005853450786563741,-0.003620085750622004,-0.0006152583463181482,-0.0008757051465994037,0.0029443109750586505,0.0033602658988631795,0.0013169729269757458,0.0010037415457373466,0.006500386666762337,0.00015604527158297188,-0.007765723412536341,-0.00011724755054431935,-0.000250083645966126,-0.0030351832618340513
2026-03-16 00:00:00+00:00,-0.002175460989453315,-0.00600233938244632,-0.000862084329046664,-0.0010333303257359372,0.0021285361513847523,0.0034526868004551847,0.0016440954961054466,0.0021003139300712625,-0.0016032993738951395,-0.0018395735556175907,-0.00035034457468463565,3.5483825396198654e-05,0.007131974271159303,0.004963508063253963
2026-03-17 00:00:00+00:00,-0.03159298625708851,-0.031680952750887226,0.003997087432615842,0.0036946263463841778,0.01543367973679266,0.01460051241429916,0.015253174678271142,0.013486496524624192,0.0008947023944108068,0.0005659308338710201,-0.001056533008752858,-0.00044746943516282833,-0.0005908311246931586,0.0036943053042217677
2026-03-18 00:00:00+00:00,-0.003493501916858266,-0.0010694311850711902,-0.010464457005885164,-0.00994352577152069,0.001315986038004091,-0.004597836164653146,-0.007542122468931267,-0.010562601960902973,-0.002219628490821801,0.006877133867126073,-2.7439599174172713e-05,-0.006858043394303515,-0.002079401259671765,-0.00859094340707034
2026-03-19 00:00:00+00:00,-0.005767530584694258,-0.003886825916861847,-0.0012345926934523854,-0.0019416032466096356,-0.005080859234096957,-0.0031338640314664268,-0.0036779958085650932,-0.004040684487412793,-0.0018798276144882387,-0.0029858866808041284,4.936042269432228e-05,6.238560427762607e-05,-0.005970983635550264,-0.0032420353722628636
2026-03-20 00:00:00+00:00,-0.005292821849223306,-0.0008112653881426901,0.0015671336868849917,0.0009246564943441449,-0.0065919093177828625,-0.00188206075462094,0.0009610180605452712,-0.0013519814548142994,-0.0025600214780839847,-0.00211757702607529,0.0009373056119099665,0.0020449175036214573,-0.0017690195204370651,-0.002971781531483586
2026-03-21 00:00:00+00:00,-0.0031236923799907723,0.0011625917841404654,0.0017065967172296137,0.002394847535580391,0.003658775988471641,0.004478036965758214,0.0033732227058218545,0.003043066121858784,0.0009680199415034174,0.0023632178725698783,-0.002170834050801207,-0.0023544056932015556,0.0005535325947829683,0.0038834598719585944
2026-03-22 00:00:00+00:00,-0.002967754592077654,-0.0033002889495811205,-0.002819520913122542,-0.0033086631313949955,-0.0025845278148157735,-0.0016881105093490278,-0.0009530380343603095,-0.000670054568343903,-0.0009350954816971235,-0.00031011586459417373,-0.000527985148727983,-0.0021335331319483064,-0.001628954489538148,-0.002153695385405774
2026-03-23 00:00:00+00:00,-0.003002450865375872,-0.004775586586358016,0.0009022853367000039,0.001143357359421504,0.0037448344858961313,0.003893436512254045,0.0020320099767792144,0.0020515929383744247,0.006567024988297643,0.008820049654198803,-0.007786475610810362,-0.008864560806188582,0.0004942215604375466,0.000333070489885845
2026-03-24 00:00:00+00:00,0.0007327035072843824,0.0017230199042868044,0.005702449167041657,0.004958103189438567,0.001566141720219516,0.0009613517266240379,0.0032272714556416116,0.0032678607980338725,0.002496450250875304,-0.005942913794530491,-0.003333394272972745,0.006131053765763506,-0.0009995867921717139,-0.0008025624058620728
2026-03-25 00:00:00+00:00,0.002102318232576561,0.0004900169116515141,0.004072786667457251,0.0034375092461114143,0.005840167295139809,0.004856748416118828,0.002867452627017819,0.002912639322362187,0.004513483613634239,0.00419179271500747,-0.005365772600162133,-0.005793497688061144,0.007499040501015353,0.007572116868376444
2026-03-26 00:00:00+00:00,0.004230888776311392,-0.0029777236842836174,-0.00518930107516391,-0.0038342459611285795,-0.006166641029182962,-0.0055854362238311195,-0.004891293017379672,-0.0049563801547523045,-0.007044728723570093,0.0003606448645205873,0.005832780652087477,-0.0003547369178605875,-0.005736243318214096,-0.009226040954818493
2026-03-27 00:00:00+00:00,0.0020288492815698778,0.0014395872100698703,-0.0009145770905297779,-0.0021482473036902316,0.00018895410921659916,-1.4410429270972358e-05,3.1832445655632924e-05,-3.131790191601702e-05,0.0011377014437157218,-0.005596719651200566,-0.00350353876915821,0.00550928142124496,-0.0017393682149918765,0.0003620446783978437
2026-03-28 00:00:00+00:00,-0.0001788577593414553,-0.00028885788980281824,0.0025847313384010917,0.00299940995249659,0.0016421968942101905,0.0017504336449836178,0.0022507272474372453,0.002207109722003109,0.004742374566562013,0.0048371091240348996,-0.00699230823450514,-0.0075405110640944795,0.004747396670402582,0.004864842714771722
2026-03-29 00:00:00+00:00,0.005904669147706487,-0.0018538969811282557,-0.00528646561443491,-0.0023851095861544547,-0.005044092651906307,-0.004772117462898073,-0.005123374672951764,-0.005236711901022928,0.005965387184878823,0.008515466659495319,-0.007974543629016173,-0.008645634600953911,-0.0003597077833813467,-0.002428251119540925
2026-03-30 00:00:00+00:00,-0.0005955063741778233,0.0020516960650878158,-0.007635903574009895,-0.008144830413652104,-0.0028847621662040357,-0.0025312051414055903,-0.008246589574071872,-0.008469230753883505,-0.001311123045603213,-0.0031114541716622535,0.00035098383046383574,0.0032018849288326656,-0.006988552714175089,-0.0033647164336083613
2026-03-31 00:00:00+00:00,0.003571662926291186,0.003764042950354929,0.004933722038858779,0.004806815229594585,0.0076862897198615165,0.006862610349551046,0.00460181050467523,0.0046237879892598865,0.006030678446850013,0.0064265136824877,-0.008118707837953432,-0.009249899726546884,0.009742316347607805,0.00952819251297421
2026-04-01 00:00:00+00:00,0.0039776945313092504,-0.005347752665504579,0.002181482099503862,0.005070261439960255,0.00645249963280059,0.0036275813152388814,-0.0008943480339994592,0.004742072746201975,0.006057077179567161,0.006315305708284091,-0.0068512648294786205,-0.006970353361075321,0.004090639616938674,0.0037036663758984734
2026-04-02 00:00:00+00:00,-0.002642555136155633,0.00036004202922090833,-0.005774396490169975,-0.004712411115141868,-0.003838822277087428,-0.0011193223248886497,-0.004164276965078151,-0.004999447782612965,-0.0017363177702399701,0.0034100855730248014,0.0003610184241014114,-0.0036960388896991603,-0.0022851382169027934,0.0011605981695770318
2026-04-03 00:00:00+00:00,-0.008411789587369878,-0.008663694179873893,-0.004567276660120134,-0.005625449149498585,0.0022546622240824377,0.000833736020448228,-0.00582867496696271,-0.0058137446764393585,0.0026542654792709452,0.002900873177224872,-0.004646900632218176,-0.005630726081391368,-0.004874351093734908,-0.004328143306357668
2026-04-04 00:00:00+00:00,0.0011703880067865935,0.005072122510373145,0.002190619492858703,-0.00048386561242996784,-0.007007848850331455,-0.006051540974978287,-0.0008150104306857697,-0.0007673447793573596,-0.00974587657903403,-0.007189212414275836,0.008291725822475726,0.0074090082343842845,-0.0017229804239801139,-0.0030363817050943487
2026-04-05 00:00:00+00:00,-0.0019569246347923563,-0.0038446924121714465,-0.011546310175034602,-0.004676736692433958,0.002496157168325963,0.0037022685191663296,-0.0035770935542144278,-0.00370689121834078,0.010305047834907599,0.006275166551792388,-0.010856522897303988,-0.00619308828746945,0.0005907612551803165,0.0033341988840396297
2026-04-06 00:00:00+00:00,0.0018314201497751093,0.0016349611537456177,-0.0050199180363714735,-0.006424856861244166,-0.011843071366824498,-0.012015565417110574,-0.00920085663346748,-0.009688977096967477,0.00022420116238985877,0.00026210138113280657,-0.0019476296011491367,-0.00219082431583395,-0.009231440467462937,-0.009433162566225617
2026-04-07 00:00:00+00:00,-0.011096115622938774,-0.0011176788802739202,-2.4685237959398698e-05,-0.0022826713308691238,0.0038087096130736686,0.003232526052287632,0.0015850988450196724,0.0016474953791625335,0.0014149648313441787,0.005230376349452781,-0.0019165809861555472,-0.005380153073025307,0.0029419616089414458,0.00553431173696084
2026-04-08 00:00:00+00:00,-0.020980824063279946,-0.01896972428297916,-0.02591172492730398,-0.0264505030219071,0.01562563486934332,0.009434183885716818,-0.005314318879337643,-0.0024693058990328254,0.0009025879000941206,0.02402857738030839,-0.001242100616096753,-0.02427682224261185,0.012330660516800096,0.014051055717279048
2026-04-09 00:00:00+00:00,0.005398445788924233,0.005934311122562486,-0.010351893273443435,-0.010469244885198514,0.009127832208635,0.008151062794305108,0.004084201168575774,0.002752955748592134,0.004601979038596937,0.006485244587132621,-0.0072950563169437155,-0.009538122902881585,0.011571819851269316,0.009728857010764758
2026-04-10 00:00:00+00:00,0.0058655606018991335,0.011392534758989603,-0.013317366935230557,-0.013499989781338262,0.008672080636803248,0.009265035896457219,0.006645762274661182,0.006745313809668696,0.005709220590283781,0.004575430954001369,-0.007372652602587237,-0.004549562469078672,0.007489396374711799,0.00888862342879504
2026-04-11 00:00:00+00:00,-0.005268511633140349,-0.001983013355777219,-0.0005397796983390712,-0.0034344630570783963,0.005693587251382137,0.0061201805951978105,0.003190944573820964,0.005746479914362723,-0.0031303133378087766,0.008247890974801386,0.001097761707276712,-0.008559420477432078,0.00150269721867069,0.006487398930997923
2026-04-12 00:00:00+00:00,-0.005413368836641896,-0.005793989748574591,-0.004772953201132024,-0.004539266520629637,0.00021829565925957084,-0.00017128580550962447,-0.0013376212432075762,-0.0007362805391978311,0.002772767267495979,0.0014266342347966088,-0.004382319022501857,-0.00415727214663697,-0.0017325468852522619,-0.001799981998940381
2026-04-13 00:00:00+00:00,0.0051171543902970296,0.00485387931069603,-0.0054224026999487585,-0.004304249873605226,-0.0021719491150841153,-0.002437827518387836,-4.500202097412753e-05,-0.002190197056447629,0.002899081065706799,0.0035155691537998024,-0.004921376406630706,-0.003753076168863112,0.003483918112844986,0.0014983835401964907
2026-04-14 00:00:00+00:00,-0.008165084755022978,-0.021894964927928418,0.0038310575805906577,0.002665518007928469,0.004681395314345194,0.008292963865932146,0.005051143446194839,0.007590728906724964,-0.004608834350502411,0.0030963323694235267,0.0023205620607829047,-0.003495972258617863,-0.012297829492405654,-0.004578175171649934
2026-04-15 00:00:00+00:00,0.0027079405085905783,0.0025418649958690587,-0.004323271133021334,-0.0049653244604517255,0.0007712782853319666,0.000668121315171577,-0.0008882400455104689,-0.0014868121111557553,0.0007190695282595083,-0.0027015506853692584,-0.0019362990479407927,-0.00017809466655716033,0.004833540448622831,0.00558031885609922
2026-04-16 00:00:00+00:00,0.0018030007323506236,-0.008784873326086462,0.007093429308899335,0.006762375931659292,-0.0066963376103377215,-0.0055957254243232946,-0.0053114104791656125,0.0033607458606939034,-0.009356217571722558,-0.008192060388322653,0.009104668359788404,0.007820484900467273,-0.005852029854178209,-0.005517321114872131
2026-04-17 00:00:00+00:00,-0.024076324262339854,-0.019249949055373028,0.021290005732279793,0.015703073469157003,-0.009970848220933859,-0.008656782037275934,-0.00012406834697020752,0.00247498027543247,0.009610649351609268,-0.029165433882925584,-0.011527202174345108,0.028462382190262092,-0.017908663190652208,-0.01710387203262098
2026-04-18 00:00:00+00:00,-0.003917293030334945,-0.0029938799097531943,-0.004444575682625906,-0.005087777674451899,-0.002850640426650952,-0.0030704925883252576,-0.0028000672378316604,-0.003443360524557737,-0.0002735615116689072,0.0021937963198619403,-0.0017714877045884592,-0.004412972186964903,-0.0037940565310449204,-0.0040014658803375625
2026-04-19 00:00:00+00:00,0.007515563438133421,-0.0012619249781533615,-0.011615532765060332,-0.004263071365497195,0.004104887903511711,0.0061690423134865835,-0.0037376477759750726,0.004323588905435161,-0.013120793325030355,-0.012335496074498575,0.012292092287298884,0.011970976773986619,0.008196374333048428,-0.0016790652332508982
2026-04-20 00:00:00+00:00,-0.005650905379806059,-0.009818242543584987,0.0011879943052508501,0.0013048585627704057,-0.0028832252835512273,0.00012890482652960777,-0.003271540311387655,-0.0034308964029349243,-0.0015330539011622069,-0.004725512904708795,-3.161585742050832e-05,0.004117027133011986,-0.001684853088837479,-0.008586255472573967
2026-04-21 00:00:00+00:00,-0.0033588210583190836,-0.003566686168781308,-0.004424098735417492,-0.004713580814752483,-0.002855969121447033,-0.004502576374875167,-0.0027627437061857885,-0.002759561792085252,0.0013430250108554809,-0.00019680750475525866,-0.0023780545625090577,-0.0024965217318971833,-0.0022195752713422,-0.0018985966406599442
2026-04-22 00:00:00+00:00,-0.00348926529588256,-0.001628671137401283,-0.0006704634463788883,-0.0005946711614100986,0.0033797902137016056,0.003226041595855378,-4.361131210695035e-05,0.00036730558145259273,-0.0017198701002776318,-0.0008913826481208309,0.0012961815976157975,0.000931716561430207,2.0533646572173936e-05,6.950481975231959e-05
2026-04-23 00:00:00+00:00,-0.0024502056645998582,-0.0019847479391910117,-0.0021904460710973073,-0.002050687284899877,0.009426073371499921,0.009382973048183363,0.0024143377907670516,0.0023336834412563956,0.0014269141095946125,0.0010180981020846414,-0.002654412091504077,-0.0007443974083092275,0.0015125726986695565,0.001940799205577104
2026-04-24 00:00:00+00:00,-0.011939935408459834,-0.012699190066723931,-0.0062340193385855835,-0.006245159474074891,0.006796714272609972,0.006152654400325197,-0.0012508374558134472,-0.0012952488809058194,-0.004330827438782103,-0.004139180559635025,0.0023518094134988843,0.0021327608468755255,0.0014098951222896172,0.0015117102310822084
2026-04-25 00:00:00+00:00,-0.0022686808281930926,-0.002631773984682839,-0.00240136506389943,-0.0024560511014017905,0.0015341302589280126,0.0008880955685861558,0.0020069229345254236,0.0006025395301363368,-0.003025217190774865,-0.0004751840612120528,0.001866362218365225,0.00035934386410563235,0.0006972301112659895,0.0021474296967674
2026-04-26 00:00:00+00:00,0.002603143309392264,-0.0008619299091651156,-0.002278050420701616,-0.0011799942566957933,0.0004480683511483008,0.002145690258215538,-0.0011000413580953827,0.0010327704772272739,0.0018108126689460047,0.0014160459029901595,-0.003723410668039384,-0.0013713617371681197,0.0003807202271202126,0.001838563386012293
2026-04-27 00:00:00+00:00,0.00024419051541246795,0.00045787586356782484,-0.0009818871243945093,-0.001392107432460321,-0.004649499053332673,-0.0045362877369237165,-0.0013637596971037835,-0.0014153477226660494,-0.005320814446012068,-0.006406506340871809,0.002718353293531539,0.00262090952158478,-0.005506790358552172,-0.006339816127377218
2026-04-28 00:00:00+00:00,-0.005579502762256827,-0.006378673316963401,0.0006719478528323108,-0.0018220336390724068,0.003029167042352121,0.004681725568845607,0.003557956208861457,0.0034153943064199055,0.0049903083266023,-0.0018291549948946662,-0.0066177641753588645,0.0018114927041936735,0.0009283475868731017,0.00021454960071221052
2026-04-29 00:00:00+00:00,0.0008691163878074004,0.0030321165541880024,0.007223921304032599,0.007590752098957099,-0.005556191856788462,-0.006889551075969225,0.002225468242986306,0.002001043060603225,-0.003173792999733638,-0.003167107671654512,0.001528038768999318,0.003125127793162763,-0.0053227207256548725,-0.003776031529125201
2026-04-30 00:00:00+00:00,-0.0032276107720069502,-0.003708846002301369,0.002101573087556874,0.0022377567373239593,-0.00013154715936969374,-0.0006187982603140796,-0.0008542608631895154,-0.0009572233404635533,-0.00326143861247874,-0.004529482308019639,0.001690320533560552,0.0013922684819627218,-0.002247916394100158,-0.002781908673505251
2026-05-01 00:00:00+00:00,0.009654784504350422,0.0013920571495960044,-0.008127103918456391,-0.008089967439943058,0.008531129263277037,0.010220721744740757,-0.0012040957437619015,-0.0010542944592046855,0.0066224659020692744,0.0031677955318636375,-0.008172566103352485,-0.003034308544442643,0.006858182435853344,0.007321815896638606
2026-05-02 00:00:00+00:00,0.014582650272193742,0.005509410260339465,-0.008355038730555986,-0.008178942753696461,0.015631551440147717,0.018207709646419268,0.0020168530256838846,0.0022275430189977463,0.013094784613130406,0.005436265339156865,-0.014423642872385511,-0.005292330139901269,0.013696034202669072,0.013834731312507564
2026-05-03 00:00:00+00:00,-0.004520684464750624,-0.0039882631813127345,-0.004205549635406647,-0.004258794714158021,-0.004328009491964546,-0.003995833595747733,-0.003843455717312927,-0.0036985526351119846,-0.006702372274869917,-0.0065051311311641324,0.00431626212235936,0.004018585872159086,-0.004421727432232125,-0.005059415162816272
2026-05-04 00:00:00+00:00,0.004408394209991284,0.004868123427658189,-0.00804975357782145,-0.008155650052847241,0.013542052288326278,0.011403272497101602,0.0003097992052476517,0.00035696767249993044,0.0008034386106752223,0.006620787157150643,-0.001289397026219441,-0.006544795121051661,-0.0003690831691365304,0.01333205758137268
2026-05-05 00:00:00+00:00,-0.009384778758965262,0.01370998118888811,0.012542483226991585,0.01587122596178414,0.007989306261899864,0.018613339300259435,0.016478605783410982,0.016735783509948865,-0.011538837019604231,0.029520967252413488,0.01030676776042272,-0.02956886247868007,0.0037697618319862958,0.01865097690554718
2026-05-06 00:00:00+00:00,-0.01808782272109255,-0.019204399038232456,-0.014227676044959003,-0.013541750023322696,0.0084045546631637,0.011233492882478657,0.0023777139627347843,0.0028314173620944683,0.03247484118108468,0.030473416256106445,-0.033847236453818264,-0.03281678236473495,0.0010665308813166963,0.0013296797987836229
2026-05-07 00:00:00+00:00,-0.006606258816211574,-0.008895330083432573,0.004770655539971358,0.0067015606933060745,-0.001225680978876098,-0.000269103020114958,0.012032011402957954,0.012206571611922401,0.011743971043987944,0.02197217236497062,-0.014154028563952314,-0.02324688899957239,0.008692447516798651,0.009477542335214473
2026-05-08 00:00:00+00:00,-0.011012177232872733,-0.007883146733527857,-0.004221714833331447,-0.007060996449650081,0.006873922386302356,0.006484871739338871,0.003789618941242523,0.002865680843673779,0.006221041725353871,0.0029597756283352705,-0.007610119844080776,-0.0030282992206447368,-0.003989467128206914,-0.0023476155528756593
2026-05-09 00:00:00+00:00,0.002092226535155284,-0.001237221344128625,0.008557043450090118,0.008144405561780088,-0.0076466302347133475,-0.009353154942613351,-0.0030138290165618864,-0.0037203771425408094,0.01386989908452052,0.01427130704932078,-0.015454393560182078,-0.0170822257705876,-0.005503239639811919,-0.008108753532044766
2026-05-10 00:00:00+00:00,0.007054255325669834,0.0061302700205356775,-0.007285959665939368,-0.008042182981976231,0.0012186724519847036,-0.0017156866124925507,-0.004854239466258625,-0.005007915903327387,-0.000667380146213481,-0.005663963032173092,-7.27993680238459e-06,0.005829210661320472,0.006070006921016224,0.007193755239804478
2026-05-11 00:00:00+00:00,0.01395117792925249,0.017542250977736318,0.0008768654671471587,-0.000107769797008328,-0.006239293788608324,-0.00940509485285701,-0.00336232082344301,-0.005585481623946564,-0.014363798729944421,-0.019476461746689266,0.01427152153792921,0.01981565070177571,0.004696391606408001,0.013843911209112214
2026-05-12 00:00:00+00:00,-0.006855514600671908,-0.007273952922550619,-0.0014603312663082901,-0.0022074481735412377,-0.007739003858993065,-0.006832964796614882,-0.010230412524187327,-0.00983477193012705,-0.0004545320300789468,0.00012297416766871017,-0.000905460151309323,-0.0021134415541189666,-0.01045959968363852,-0.010438755427907398
2026-05-13 00:00:00+00:00,0.007458164127899236,0.0009146959769668062,-0.004073990601815014,-0.006547710589596356,0.004693479263167433,0.010527527471592135,0.007789179765196552,0.007322785953625788,-0.0004951993517119391,0.007065856666171877,-0.0010065430101690032,-0.006935845656387829,0.006867642624232895,0.007688951437737623
2026-05-14 00:00:00+00:00,-0.006681705158145368,0.001228289480992073,-0.004894345442830517,-0.0011155471936609151,-0.01186991091184153,-0.009482915735574804,-0.014241700397909729,-0.010253429268817782,-0.002178178407719056,-0.0040539967351768125,0.0006374416750609679,0.003940391475796279,-0.012305157314220772,-0.009031794171708185
2026-05-15 00:00:00+00:00,0.0020746161594373813,0.002133036294836188,-0.0017881173644547221,-0.001960942561818557,0.0035617063628643475,0.0024576426553157837,0.0007788248357567529,0.001101816457977689,0.007557016570826969,0.002553418925824724,-0.008253029565899017,-0.004387842578410517,0.0035591487568422675,0.0033652645776967027
2026-05-16 00:00:00+00:00,-0.005410537091557366,-0.005196384684959199,-0.0015563161793241687,0.001644388002202346,-0.007454645066052423,-0.008600214906243964,-0.0021473093642179197,-0.002318916018272499,-0.005457847855179554,-0.0007886734509708893,0.004389669917166161,0.000696862449736102,-0.006946980658043889,-0.00884193060767946
2026-05-17 00:00:00+00:00,-0.000992871789693317,0.0009966230527143072,-0.007390619276810284,-0.006620862644659664,0.0011415102568868019,0.0010813538628893227,-0.0015651398326852473,0.000972454475190121,0.00358412497989824,0.006964299798269735,-0.005055311668342499,-0.006992502739559203,-0.0008765546970415095,-0.001308597758502894
2026-05-18 00:00:00+00:00,0.005302119397294636,0.005409417689007157,-0.006545291130023334,-0.006943242462407628,0.008417628181534242,0.008171856746620021,0.0011420687659351447,0.0012405583458308111,7.653128117923735e-05,0.00037615045685179815,-0.0017973754657653052,-0.00266411611997186,0.00883365438306849,0.009796613096983986
2026-05-19 00:00:00+00:00,0.007631269817022446,0.01073670133684912,0.0054410123284633904,0.004857337717541821,0.011534701610234732,0.006936694883049599,0.013810633324082167,0.005573058719074098,-0.0039303192424624545,-0.006492716405721577,0.0022367061906014563,0.006572065083328971,0.014033583835391772,0.014793347878008012
2026-05-20 00:00:00+00:00,-0.0034887793404240197,0.0038519445728328883,-0.005447358637208133,-0.006447672299917495,0.00012569184578992143,0.0016859490910223762,0.00048148844328443907,-0.002524659887299774,0.0014317281378539715,0.0035063344788455186,-0.0026668385587276244,-0.0035555471714776576,0.0029892987069255472,-4.668368189564287e-05
2026-05-21 00:00:00+00:00,-0.0015627176012021904,-0.0010171967280498961,0.0061616149026215705,0.004060189770314748,0.029399138769323763,0.02871562080776968,0.03054740582979476,0.02920310008296445,0.02768915711402964,0.029565937456108804,-0.029398301891180423,-0.0317041961719684,0.03075152828105776,0.03171559732408036
2026-05-22 00:00:00+00:00,0.004932300587068061,-0.0020333888031969227,-0.0009666279377457121,-0.0017973190287641216,-0.004709254021086018,-0.004740843780780657,-0.004422026551619163,-0.004431536527482183,-0.007466042299583919,-0.0034754485327761486,0.006277196350198189,0.003656441525348164,-0.005963552510775516,-0.00690538977979549
2026-05-23 00:00:00+00:00,0.011095674849831427,0.0024209491442814812,0.0013095539879830476,-0.0008043520676970228,-0.01507692020261353,-0.012198978592626197,-0.008401425921583328,-0.015371339473166601,-0.011611976482305386,-0.013370458431908538,0.010167261493451152,0.013926628122355567,0.0024572086271834603,-0.013359280460010114
2026-05-24 00:00:00+00:00,-0.012209917164845985,-0.010728281840244103,-0.003998986941429639,-0.00473719378874371,0.004678242103260288,0.00480929436749844,-0.00021942565299470917,-0.00030296485451752897,-0.003346336196072941,0.002849988551463012,0.0022011700854216443,-0.005745260910220873,-0.002786191582790365,-0.0016809553863263993
2026-05-25 00:00:00+00:00,-0.0141860603549252,-0.010515863308272366,-0.009917518420413773,-0.010537237065709526,0.0072934913909503685,0.010202827735691367,0.0014436924169722865,0.007062954300914415,0.004167101496680425,0.002060911826990308,-0.005208341296360608,-0.002127961131974998,0.0012017067748384402,0.007476838811018016
2026-05-26 00:00:00+00:00,0.00887843370029695,0.011630825350947616,-0.0022334518050002306,0.0011639584388993818,-0.0075087161875382336,-0.0076888390669400675,-0.0041356842349467016,-0.003509037320356012,-0.0008606561378464717,0.0011229699697634654,7.545628644423097e-05,-0.0011616131996406986,-0.0026836079010836844,-0.001941153560863218
2026-05-27 00:00:00+00:00,0.012068573698220009,0.012965039317331506,0.01784801299046168,0.019844568196675683,-0.007959535636020587,-0.0070865912968254285,0.006532714293167485,0.005472363885386633,-0.007113658686365487,-0.008819952411952103,0.0067900659565320876,0.007717039689159266,0.006367140797022053,0.004837839049772974
2026-05-28 00:00:00+00:00,0.0017033018202838868,0.00481552530206697,0.005101516496502256,0.0064632042969507975,-0.006378286840663883,-0.0049814580996988544,0.0026153421029209145,0.002779229360486024,-0.0014376275387795179,-0.00179892261801895,0.0009821043662134876,0.001809950484635614,-0.007733395186580783,-9.336163317530399e-05
2026-05-29 00:00:00+00:00,-0.0011805640558439912,-0.018708654921299583,-0.0021297213370625734,-0.0005579244407154516,0.00406103004886238,-0.00380629280730993,0.007235220647253904,0.001964968032673431,0.0073792895560853555,-0.0016038005869530858,-0.009002839561333187,0.0014319302626428776,-0.003104898717385174,-0.006306295250019578
2026-05-30 00:00:00+00:00,-0.037649717854459475,-0.038030909098186405,-0.030361306511870634,-0.030274405500980817,0.016279154796697837,0.018810746035617276,-0.0038027006504228744,-0.0024342214708087395,0.018790100946359356,0.01822405515475989,-0.01964818209056529,-0.020023771386336264,-0.046772347795755786,-0.04630240811242303
2026-05-31 00:00:00+00:00,0.0077260769642686355,0.02595288907116866,0.013343828732399698,0.018279363374218427,-0.02409473194003864,-0.027761715601471892,-0.015157547631258095,-0.014270694987790544,-0.02932402785417776,-0.015608511929651847,0.028967591359050582,0.01613813822519794,-0.003911538986681062,0.006435276423806258
2026-06-01 00:00:00+00:00,-0.004293932792040045,-0.004610243562336636,-0.024567796562093402,-0.026957528569429234,0.019301161380686382,0.021298366282489045,0.0003425343402017056,0.0003194027441690839,0.006564846633013044,0.0160049460114704,-0.007477652854804395,-0.016172382199897917,-0.010180668946710103,-0.011318158699525571
2026-06-02 00:00:00+00:00,0.005696755682772947,0.004054723725517517,0.01791586052751515,0.014670306356307172,-0.0036290586372478284,-0.001481693744264212,0.008359501272028114,0.007644851570406619,0.0022903059275285464,0.0038672959574497234,-0.0035281091745394955,-0.0073153699431373065,0.011695838503477107,0.010064075234635705
2026-06-03 00:00:00+00:00,0.033611367744369014,0.03259467606072941,-0.008663564397155321,-0.013679340876808888,0.02976903652849372,0.03327398441180618,0.018876560414261778,0.015913821779890203,-0.012425270118956444,-0.03655029978858071,0.011521410581201819,0.03549521102781372,0.033680866319844016,0.03173056284820497
2026-06-04 00:00:00+00:00,0.022745479420783532,0.019506294668233393,0.03515573262335159,0.02910904582746654,0.021882053876632224,0.010210890112977156,0.033141762732777025,0.03239811811795912,-0.007283221267771367,-0.018403136762637495,0.00627313731936785,0.016396032640809244,0.036468582532030336,0.031501510394512655
2026-06-05 00:00:00+00:00,0.014195955978174801,0.015285379442186109,0.019336240433539542,0.023189163453045003,-0.01242811274669231,-0.010500880940176871,-0.014992967957137782,-0.017651728210001494,-0.016337611261544094,-0.018015142601946033,0.014700399798398989,0.015300272323785613,-0.017536392870529327,-0.01569280154873476
2026-06-06 00:00:00+00:00,0.014304802333608535,0.0033972316130785885,-0.005693388204656924,0.012001894054848972,0.015041600487495366,0.022513725300334464,0.009768162473829722,0.012580996347051787,0.001335079693875807,0.01017443685601771,-0.005512046079500732,-0.011144984344831022,0.015298749268685352,0.00117052939593143
2026-06-07 00:00:00+00:00,0.011583142528066137,-0.0006623085191599376,-0.010932654405742315,-0.005658707083542769,-0.003352554111265449,0.005140561191846471,-0.004083954289836211,-0.0015552842417936308,0.0025050278434959328,0.010485162866207043,-0.0016603912493795558,-0.009129843607796229,-0.0014570226385328677,-0.007776064765460333
2026-06-08 00:00:00+00:00,-0.01264333757639069,-0.004318304862971467,-0.018318722469497173,-0.01731270552743369,-0.009108488162371642,-0.0075872985353693245,-0.009845218446634219,-0.006039391274782369,0.01708034726873553,0.017149613356319593,-0.01453028841123516,-0.018858697948269332,-0.010823004279417847,-0.008680998705223986
2026-06-09 00:00:00+00:00,-0.024241969430165544,-0.021712327346321225,0.0033827924330356307,0.003309923787308433,-0.003121778624880056,-0.0032124876572907635,-0.004788561918619427,0.01442184464461338,-0.000856549576623955,-0.00448915242808634,0.0010737223388876949,0.0038969637405577018,-0.0043414269897709135,-0.003979521925894569
2026-06-10 00:00:00+00:00,-0.0018250205006976605,-0.0024748556007868627,0.01149254135499822,0.013289350461310079,-0.0018285264162362092,0.002675709736275733,0.005264004488039875,0.005013666789132065,-0.0029501289712431378,-0.007025021745447724,0.0011546695463489076,0.006968547126823266,0.00047511829351587487,0.001925534881171087
2026-06-11 00:00:00+00:00,-0.00626754070715585,-0.007928568825959825,-0.00347275784451051,-0.004144601141257698,-0.001132435880171756,-0.0014063836691268206,-0.004845069512550482,-0.005596954262870657,0.006796258990261261,0.0023294625147263215,-0.007714807310836402,-0.004698363164330255,-0.0027720030649204253,-0.0034354107675571566
2026-06-12 00:00:00+00:00,0.006263652636626205,0.006910912918751011,7.380557671554655e-05,0.0010689557767336044,-0.010757200513132226,-0.010881487576614557,-0.0017621780686727373,-0.0009073445420785253,-0.0054239227135238766,-0.0025833187473325303,0.004968990010135954,0.0025546643595015794,-0.009573728396609082,-0.009747211415390478
2026-06-13 00:00:00+00:00,-0.004241730730034643,0.0025530633893178223,0.006334353578056895,0.006887072337341982,-0.005331425441747251,-0.0036727158333502707,-0.0033909082086232,-0.0014328124713498536,-0.005668509104766906,-0.0033744721098041275,0.004428153198332785,0.0034511713097784558,-0.0013912803189108924,-0.0019420150061009167
2026-06-14 00:00:00+00:00,-0.002716229168772233,-0.005935745426555394,0.010443394176128162,0.011163551434116403,0.0021920595378872587,0.0023681379793862867,0.004319312390238084,0.005322180575211721,-0.0010989895280895112,-0.0009034481731914346,5.660463147183492e-05,-0.0013335236486156088,-0.0002591863226073521,0.000495950883899754
2026-06-15 00:00:00+00:00,-0.009382872457235125,0.006782735157720987,-0.013578272895677812,-0.014015007700148185,-0.0031465435230568772,-0.001913471210737483,-0.004429075450162578,-0.01102005181011212,-0.005414855798561158,0.004169038892382293,0.003578901968599446,-0.004149753463523975,0.005969344089401529,0.005204826566552079
2026-06-16 00:00:00+00:00,-0.0002930832672486394,0.006667904927367685,-0.015569868528572783,-0.01662249575749808,0.012639460674975123,0.01648528626712853,0.017414480496376283,0.012035036600851257,-0.006668731905889236,-0.015711240003591254,0.004905359107927332,0.01576243660334864,0.005061646135717579,0.009155780389911827
2026-06-17 00:00:00+00:00,-0.00044635337933729424,-0.0012273436125981307,0.01138793076219935,0.010741819681003184,0.0041999888886856684,0.005205059952494873,0.009011526298469574,0.00997701624864078,-0.0028964568559100012,-0.003527450433791879,0.0011370116161548705,0.001625313788758076,0.00515761153869021,0.0051907757568827595
2026-06-18 00:00:00+00:00,0.006086441535659848,-0.002338970843849597,-0.007222744182320717,-0.007131949169917995,0.0020094571790001403,0.009782343957318584,0.0033432404615760802,0.003615394823226481,-0.0010980737924645156,0.0009659888640789482,-0.0005096794498951063,-0.001157900075431595,0.007376165140820179,0.006393011309597796
2026-06-19 00:00:00+00:00,-0.00018909301937497514,0.010597220928526996,0.002556477423137249,0.0007918214295301595,0.010283886387529195,0.009013072922715804,0.01713943072856261,0.009784235094091986,-0.0046368079854655075,-0.004534840017857977,0.00340153337536675,0.004359917703600225,0.014613914819761487,0.018535981313077876
2026-06-20 00:00:00+00:00,0.002707339678618359,-0.002536713711631,-0.00042037518584625566,-0.000538994408398441,-0.010132270099507013,-0.007914220545931938,0.004371695188776226,0.005639239904441595,0.002310999369541822,0.0010884651172575754,-0.003184123725808896,-0.0028395426212739494,0.0056403295088987004,0.005457863036085309
2026-06-21 00:00:00+00:00,0.003616635793869616,0.005561613072310623,0.004070015580296404,-0.0005940040216274589,-0.006843301270503144,-0.006753154207687517,-0.001254861383758965,-0.0052578164676345684,0.004536809604311021,0.005642862580729879,-0.005061050736855144,-0.005926290799012746,-0.01166294435156856,-0.008507174412390794
2026-06-22 00:00:00+00:00,0.0026540952691060937,0.0022628276557699056,0.011228200603712324,0.010225268216585315,-0.0031365763368592647,-0.002097036849591838,0.006765438724337658,0.004660609521877079,-0.007536831166716107,-0.007357491934892324,0.006934409775855688,0.007659461783940502,0.0029107728772268526,-0.0002841214910793699
2026-06-23 00:00:00+00:00,0.0007675728990046427,-0.001030775211743884,0.001163234975761318,9.876818096299367e-05,-0.002615420197159324,-0.0017672559631553009,-0.003592945745227838,-0.005071812130955089,0.005842828238929121,0.005631793993575718,-0.006812835360038405,-0.007214785826243131,-0.006974628041987008,-0.0058904275472576595
2026-06-24 00:00:00+00:00,-0.010606955076598479,-0.004411990337886529,-0.001096305035261036,0.0025198746814123485,0.012315335424089024,0.010804042716211937,-0.0005519854378237543,0.0025563665090271304,0.008508642759187612,0.009385373715676382,-0.008937273112632038,-0.009826269634646279,-0.009081180609797235,-0.003627709535303447
2026-06-25 00:00:00+00:00,0.007907290753561558,0.005904733259125772,0.013858316774868262,-0.0026662647538601147,0.005674426241548458,0.008779798505369474,0.015104747713670097,0.01582382300570484,0.013973299391560001,0.0067023671328789725,-0.015196693360444602,-0.00715395333740676,0.014238539687884577,0.003213972268495846
2026-06-26 00:00:00+00:00,-0.0116870425096961,-0.011247537013257092,-0.0015104615903202001,-0.000792498435914335,0.003738239204323035,0.003981734191181863,-0.0003104332978386415,-0.0002541043445161151,0.01065098048604396,0.010519179833727632,-0.01121380588415577,-0.012506581695496677,0.004543512795964544,0.006223770260157302
2026-06-27 00:00:00+00:00,-0.010320555884808846,-0.021878624357308807,0.0028581179325781747,0.020394009102392197,-0.007701108041752391,-0.007555120165807616,-0.0005053252944686726,0.00023100637643835853,0.006124375520488723,0.0022180125538426854,-0.004344432648422769,-0.0022355197163080875,-0.0036161440743156525,-0.003265132338307608
2026-06-28 00:00:00+00:00,-0.0003199434084054653,0.00045518808174804803,0.0026738491526754338,0.0010268876751271527,-0.005232619812615358,-0.0054738285795377095,-0.003751815076199705,-0.0019717273744429553,0.0021467939180053186,0.00040195701336709355,-0.0031602687230689597,-0.00025316304213374163,-0.005524241083297854,-0.0033000216589540443
2026-06-29 00:00:00+00:00,0.0004257173600099584,-0.0008303058100469496,0.005823511719902585,0.005719191526641687,-0.007673454499006582,-0.008117297988555428,0.0007925354395081907,0.0017629092778743694,-0.0044900639124223485,-0.004522438197343326,0.0034070493408953073,0.002725911579139373,-0.0015613005037898864,-0.0009082302069687298
2026-06-30 00:00:00+00:00,0.010226413711880156,0.0057493028426003345,-0.007974882483830159,-0.007840440530800241,-0.0002578890205915396,-0.002416346337952957,-0.008673581716166945,-0.0077244960492645065,0.0007819301744984575,-0.006926903792847439,-0.0029662700994022018,0.006753570320658708,0.0015697780474253076,0.00012188059957263242
2026-07-01 00:00:00+00:00,0.0062606343606002035,-0.008189818931847004,-0.019656949668987234,-0.013718916578663976,0.012132204253290979,0.01010836362129064,-0.00520366395760985,-0.0036453448220474804,-0.007647311341949403,-0.0023578346332228106,0.0069539168606793655,0.00228610014942765,0.010571377490543599,0.010334140218503984
2026-07-02 00:00:00+00:00,0.012923085410825541,0.010870067452071197,-0.01607744690982771,-0.017040516278205464,-0.0038522052858305234,-0.004211805271494895,-0.013818819702880125,-0.015184852285309858,-0.00025501788734627606,0.004245877078741689,-0.0013023537418537234,-0.006135718450087868,3.7165333023558844e-05,-0.0010858875421176917
2026-07-03 00:00:00+00:00,-0.0019487334496156583,-0.00012823732418287825,0.010140163341888053,0.014549448770935003,0.00745814364291042,0.0034903515087505443,0.008145186941353577,0.0005929082115163631,-0.013812862461995312,-0.016078745327455124,0.01263594496711562,0.01637632003044409,0.00610129915251667,0.004187961911201299
2026-07-04 00:00:00+00:00,-0.003673159507075696,0.00801522186217829,-0.007953807773788846,-0.00995575889447442,-0.007614023764433653,-0.004640877665108678,-0.013082974886172938,-0.01462239761962325,0.006963482213960592,0.013298276645839158,-0.008164800737736289,-0.012707997847062336,-0.014906207180547248,-0.006138483746120915
2026-07-05 00:00:00+00:00,-0.00048647273853674733,-0.005329856259146504,-0.011160532889046504,-0.011986946594861658,0.001090129733777534,-0.0012852944882952855,-0.012641127191341806,-0.013218370524746947,-0.012879215605593575,-0.014956987154172818,0.010031702876312165,0.011714485842363231,-0.011664508582262867,-0.014498258208381354
2026-07-06 00:00:00+00:00,-0.010555019343405414,-0.012274637048185322,0.0011471342761468772,0.0004963427660249486,-0.008077815156841361,-0.006484636190918103,-0.005925195637628278,-0.005610327068639176,-0.004588175536738515,-0.0011097012740843848,0.0026675393564883354,0.0010951599435220505,-0.010896457164284445,-0.010794220096880913
2026-07-07 00:00:00+00:00,0.005453444642054883,0.00413578179394225,0.011137139458830214,0.011098005462578664,0.007240336417710047,0.007100373056221798,0.01307632185428731,0.011398324568010043,-0.005746571734429384,0.010398560626097675,0.004689704156242369,-0.00999792111210307,0.010761378926080312,0.012735622125881418
2026-07-08 00:00:00+00:00,0.004340357298503683,0.004804408842835839,-0.007673675135731806,-0.007319107035260619,0.014378308471851176,0.013264403229381827,0.01137908508826957,0.012027842574600767,0.010177893997051601,0.007185519654740791,-0.010777645252312729,-0.009781926180167266,0.010958828883115057,0.01146031182149021
2026-07-09 00:00:00+00:00,-0.0007588680714224472,-0.002227933317571651,0.011428418916794802,0.011858564500347724,0.005474911812210381,0.004503951195551137,0.005387390218686949,0.0055798003158502585,-0.0032972929944855567,-0.0026348605097687994,0.0026874903086975266,0.002881153557438676,0.0037070265991741014,0.0043505009303765885
2026-07-10 00:00:00+00:00,0.0062857894394376945,0.00827787116896217,0.0019691563402821632,0.0018671274752188882,0.008637356067022761,0.010628643025409001,0.009154713438009665,0.008705627140838113,-0.006497400055636038,-0.00504546638851866,0.00581054495976252,0.004958701923688302,0.01117158180295763,0.010908554176844998
2026-07-11 00:00:00+00:00,-0.00583540415962347,-0.006921332387080814,0.009355433050000084,0.008768037041326115,0.007212323494408812,0.008687347543087531,0.009280978724357292,0.00964641012535905,-0.002864481576003719,-0.0035022525484997846,0.0016471077638171572,0.002348423768218977,0.0027290139421947135,0.003210057715605341
2026-07-12 00:00:00+00:00,-0.003426004941653793,0.00814465579411805,-0.0033397431353922036,0.003894413112822015,0.0012945938734036933,0.0014187189622916208,0.005400744030321647,0.005316392845224671,-0.004293436420271357,-0.007775617464690576,0.0034683807335613714,0.0076746646087095804,0.0016500560314243184,0.0019211071751858988
2026-07-13 00:00:00+00:00,0.00644705087528652,0.008770207487021286,-0.009485246144030124,-0.007328351743467354,0.010301094540380307,0.006565903735204381,0.005725284915237605,0.007714565875161394,0.0009466479976067976,0.004165524824275568,-0.002340365948499734,-0.004293397032579804,0.01012879338243211,0.008616476660798122
2026-07-14 00:00:00+00:00,-0.0017593639302769803,-0.0023564964270776922,0.005604714956368273,0.005902512034776652,-0.00406351031775376,-0.005317256251048064,-0.006389930132335797,-0.005453604188621175,-0.007509103003835338,-0.006363924105874608,0.00743369503320257,0.004878516159803281,-0.007186328049910817,-0.006332752386855489
2026-07-15 00:00:00+00:00,-0.006451068472456578,-0.004045516557955708,0.00024126929496337546,-0.0039052356567725877,0.0011214960711460886,0.0034343043588527244,0.005207400272131624,0.00513477959643005,-0.01359531127107283,-0.0012384096563375913,0.01228008318039242,0.0008690830219986179,0.003712937022438245,0.005426560322923546
2026-07-16 00:00:00+00:00,-0.010975468160548951,-0.004909334788869235,0.0017988675830502565,0.0009803375070138731,-0.0011516056239782024,-0.0017063548860453137,0.007176222506805274,0.009395048225206759,0.0025730998852151465,0.0011531221512113277,-0.0033237816950194565,-0.001181867364406175,0.006045168859758032,0.005002150735401223
2026-07-17 00:00:00+00:00,0.003409418145692067,0.0026318644818630332,0.0034659026257195524,0.0032044471143466424,-0.011237836969537618,-0.010025824116232429,-0.011136129495593616,-0.010605062137964083,-0.0034627815585248634,-0.004691017084329618,0.001972190964098841,0.0026655879981294373,-0.006299483584252252,-0.008225409548907936
2026-07-18 00:00:00+00:00,-0.002057383711381533,-0.001903746252097105,-0.00454292870453199,-0.004436565748776267,-0.0013755732544217247,0.00035009444538802725,0.0016300464250829094,0.0025408907684771886,-0.004031165315726115,-0.0038385102487940026,0.0027933555857246883,0.003742128392967725,0.00362298842464015,0.004813477416562462
2026-07-19 00:00:00+00:00,-0.0002317471049848585,-0.005385868943360239,-0.006245052941092344,-0.005777935975833981,-0.006669601794816238,-0.0016525666153306418,-0.004025366346892101,-0.005877169961173934,0.00019983302217796428,0.00839267932556953,-0.0010091829414914377,-0.008251635328834439,-0.003007009459550014,-0.0035595030566434316
2026-07-20 00:00:00+00:00,-0.000314420469824217,-0.00022949545651840264,-0.006740241612291364,-0.0069145208249858925,-0.006574506109254474,-0.006932827064565328,-0.007400499291139062,-0.007275565695151864,-0.0014661131687040418,-0.0021476027126242636,-0.00014313042286984157,-0.0007631187081471591,-0.007921897674530998,-0.00786085031795436
2026-07-21 00:00:00+00:00,0.0023713136997176587,0.006551064207181767,0.0039780335834878056,0.005377797877556656,-0.002613987896891823,-0.001967636574576992,-0.003344671152565204,-0.002890543032720627,-0.00535278108834647,-0.0010584027019768794,0.004281757361792593,0.0010499200450353463,-0.0016729154310662908,-0.001953357816890544
2026-07-22 00:00:00+00:00,-0.007942808332540352,0.011785427545513594,0.01169828158542674,0.003977273431710948,0.0035623710309038437,0.004179434943786475,0.0017135249212816284,0.0019240670425682005,-0.004133123985203602,0.0005332485864422143,0.0032301974265123157,-0.0005467723276868508,0.0047847341676388044,0.004879790281763885
2026-07-23 00:00:00+00:00,0.0019403359440615109,0.002262860865426486,0.0048928567978061555,0.0052902166455219835,-0.002222771318636796,-0.0025500353255392127,0.00017260589123391235,0.0007917915933708386,-0.010713335471909113,-0.014075463113627396,0.008119454387512937,0.010803763794533294,-0.001034607478618943,-0.0003037286431021302
2026-07-24 00:00:00+00:00,-0.000707690033802888,-0.003958064433134512,0.0032809469027124116,0.0030366203039442485,0.0003981699089903312,-0.00113273477769249,0.00462058999687498,0.005102927335932872,-0.0008802862492649499,-0.005231970927713325,0.0011582968914098934,0.005136995601712879,0.0012444898145400618,0.0017343285604314307
2026-07-25 00:00:00+00:00,-0.004170584103818653,0.0034566748422717453,0.003837771978196125,0.004818121187026403,-0.000137376253825372,0.00036342780851650325,-0.0025101687240521864,0.00013937659277174497,-0.002395138673652375,0.0005731228186895976,0.0009949590108964124,-0.0005432173484544167,0.0010008021679104306,0.002918482691259383
2026-07-26 00:00:00+00:00,-0.015131984719719438,-0.015455806341981515,-0.005662144838106453,-0.006219933757243723,0.004317741198765379,0.0038278083056300094,-0.0013111002890382473,-0.0015490603437987582,0.004379582390452219,0.003516212828422516,-0.005394451549391999,-0.005818133610332121,-0.005461261273397744,-0.006466885795129218
2026-07-27 00:00:00+00:00,0.001790736461428244,0.01260100075942927,0.0023555666918100293,0.007177137730519867,0.002114901566159455,0.002669574761918758,0.01091549431635963,0.006128249312906897,-0.009349535147859411,-0.009298311115345959,0.00851947355970939,0.009386499924925795,0.012780044288810188,0.009818620077587159
2026-07-28 00:00:00+00:00,0.0030413520813883377,0.01010868195698067,-0.008387807140821213,-0.008667135262656167,0.0023664645557743835,-0.0028584844385582953,-0.004008975380207391,-0.008801639415251139,0.004733671108855031,0.0055684487063967225,-0.005803171459479506,-0.005811935185526584,-0.005302411799082196,-0.002651781466256775
2026-07-29 00:00:00+00:00,-0.00437211124396808,-0.005501173658471137,0.005034501549128878,0.003987847631368835,5.244635844414702e-05,0.0011423825499559115,-0.004419373204576749,-0.003601493590687399,-0.0033536312228125142,-0.006054141237783028,0.0018681236697712933,0.003734921374488165,-0.0013882889100458318,8.877675455920553e-05
2026-07-30 00:00:00+00:00,0.00328709906674729,-0.0021606497229780253,0.00024171079251100736,-9.021754836269213e-05,-0.0014324535986425246,-0.0009404239211826537,-0.00469475565547095,0.0002132264337346701,-0.0012242430386434355,-0.004917984939443287,0.0004077125625365774,0.004787025438863779,-0.010671933158476588,-0.002454358117510047
2026-07-31 00:00:00+00:00,-0.016885003420369915,-0.007214445719346374,0.017008797088903904,0.018617329762466106,-0.004981889955562813,0.011530489687469503,-0.008101777025205426,0.003190473789348669,0.007341107211073616,0.009083796628907459,-0.007944887328507955,-0.008779853280344696,-0.005326978739851329,0.007668480942682576
2026-08-01 00:00:00+00:00,-0.004069516910259585,-0.0025161382113714215,-0.0030920964399641093,-0.002868573282745701,0.0036579835071712807,0.0037450012025279644,0.0034261680181093546,0.0038230193217989594,-0.010662617409824104,-0.009451724070365874,0.0095837733168751,0.007309780279664224,0.0003456196055513505,-0.0005428848052775326
2026-08-02 00:00:00+00:00,-0.003703244363458813,-0.004938898103306166,-0.00966031324081773,-0.009052417080445352,-0.007826263408507117,-0.008021195232303935,-0.009836584324241615,-0.0075044089943764325,0.0009404103785839446,0.001150585088735001,-0.00241140499872039,-0.001116594759409062,-0.005760032215358368,0.001926974329828024
2026-08-03 00:00:00+00:00,-0.00148982824030508,-0.003741843701953851,-0.004820077624288932,-0.004715822631683131,-0.004491092303299138,-0.007257915747015398,-0.007629048351560419,-0.010689550153387684,-0.006099911329896179,0.0011802114463796975,0.004111999387095722,-0.001022733255214403,-0.003182702992731823,-0.006539389402593909
2026-08-04 00:00:00+00:00,-0.005531683697400203,-0.0060904727676670545,-0.005210762158721627,-0.004590808717172434,0.000393592113966168,-0.0007153701675721713,-0.008217019465373676,-0.009912854813761585,0.00044930443609736415,-0.0009368440767388853,-0.0033452467956890386,-0.002049269779747731,-0.0043593360782028245,-0.004562377517084659
2026-08-05 00:00:00+00:00,-0.001933343282658484,-0.0011065180488957216,-0.002190735543844635,0.003151301398028883,-0.009578893129265853,-0.003815905274817233,0.001588586744454723,0.0008649714958026689,0.0013974719726932427,0.001130884338396143,-0.00275518686169951,-0.0011337868378128446,-0.0031504094904614144,0.00031326263633313367
2026-08-06 00:00:00+00:00,-0.0032516513032349037,-0.005327731194019414,0.006215685787298142,0.004701562695970329,0.002615219178713657,-0.004746079600022601,0.003511982419117432,0.005897637647555687,-0.005487548237706696,-0.0108937057203089,0.004373975166032107,0.01094642728788564,-0.0025469175945395106,-0.0029452401965456287
2026-08-07 00:00:00+00:00,-0.007815239727290035,-0.010293308008156643,-0.010246258717607315,-0.011503553614890971,0.005774122632790091,0.004301034002829773,-0.005134118813789557,-0.005276249582786163,0.0026072505652325884,0.0034445083524003994,-0.0038562090244811387,-0.006708230946009475,-0.00559865350057831,-0.006377754883781117
2026-08-08 00:00:00+00:00,0.0021420810653403066,-0.0028098273735600587,-0.008992983786646147,-0.007730215095260506,0.0019178156758310472,0.002728538478895093,-0.0009666008382898106,-0.0014758332220241588,-0.001449625384314146,-0.0020913830473368034,0.0003560314178956414,0.002113439944191553,-0.0005156210702002006,-0.00028091710247868384
2026-08-09 00:00:00+00:00,-0.0074203943823037966,0.0014704281555455445,0.00534453742491281,0.007915231127900046,-0.0015975558409390134,-0.0011812083355161596,0.0007621889594351394,0.0035926286818279696,-0.009911139842767924,-0.002159464375801945,0.008387643526269084,0.002173082718384789,-0.001286107713078577,0.0022015433514483984
2026-08-10 00:00:00+00:00,-0.0009131110894561312,-0.0005425597701337326,-0.003328152180604116,-0.0032127966590909107,0.0024006563940854875,0.0024327145110694115,0.0011742726127459413,0.0013252552498723702,0.0008996773777960598,-0.0010664374382065578,-0.0021586007958468434,-0.0018826094823050088,0.0027241373962847426,0.0027149117751383844
2026-08-11 00:00:00+00:00,-0.0036481684680611526,0.0006476268148112307,0.003959096284920305,0.003869833514434484,0.00023896801072398333,-0.0014275316343366207,0.001895809557049155,0.0020782367916942768,-0.002608962591749364,-0.002293702141516918,0.0010377931633887005,0.0023005374861446715,-0.003408443368467129,0.00013195468265325694
2026-08-12 00:00:00+00:00,-0.0034992759748267988,-0.014433608093628814,-0.005439447112163709,-0.0008102556304901976,-0.012496207703091788,-0.010687936251839503,-0.009812108256735952,-0.010035039845703309,-0.010585421053662336,-0.005768391637699266,0.00942805806225544,0.005759062386962999,-0.013760699039695012,-0.011739868414443744
2026-08-13 00:00:00+00:00,-0.0012219647723477056,-0.0006109023957358017,-0.011798601139700438,-0.010851152111993057,-0.004023577147669655,-0.003783085391994234,-0.002723623703998146,-0.0033547778793575622,0.003572060771480423,0.003338787354381312,-0.005605030515125509,-0.0063663083908143125,-0.0051626640530409995,-0.0033441014284864012
2026-08-14 00:00:00+00:00,-0.0031131305849088076,-0.000849266145273031,0.0012676224996848173,0.002769453813547207,-0.0015582222516118405,-0.0016091958468524847,0.0003248993390649879,0.0007421588850071714,0.005116329087053284,0.0021791400549928674,-0.006466937056963218,-0.002196496908173806,-0.0017825351685097912,-0.0016580979916174243
2026-08-15 00:00:00+00:00,-0.010414779228696047,-0.005022354329456524,-0.009965738075727648,-0.007471320095427725,-0.0020698809513026717,-0.0018725119585732974,-0.005396086644797626,-0.006289511292502548,0.011417324301091769,0.006207723232678042,-0.01291553858632899,-0.006284898089352842,-0.006427910073068532,-0.006435271644956275
2026-08-16 00:00:00+00:00,-0.01129667798656564,-0.011267536246637566,0.004037548320280582,0.003861178450540903,-0.002083012652776106,-0.0020961029408531617,9.699436174681608e-05,0.00042913524130616665,-0.0019021529420015781,-0.0006049668103763617,0.0013032622987445563,-0.001471268411294968,-0.007599951348955969,-0.007600907031074855
2026-08-17 00:00:00+00:00,-0.002050151511837517,-0.0015693022750524754,0.00034496303698028363,0.0005292141167969611,0.0005479482454529006,0.0012399034325831781,0.0004677487153488258,0.0020480494292078877,0.0004386958545850028,-0.0013060203479905441,-0.001513779376327129,0.0015109208005219532,0.0007477084464371231,0.0016136544551346166
2026-08-18 00:00:00+00:00,0.00011013041076446406,0.0059134261726934145,-0.0027822095261670343,-0.005044771323906794,0.0012871213550755822,0.0006426527637242163,0.0019293692423747455,0.005568978024635074,0.005586873108615942,0.0025622162952854133,-0.007068536706874129,-0.003488129832993625,0.0023176000843754263,0.004635439445852985
2026-08-19 00:00:00+00:00,0.0032535604379657634,0.003365742248042203,-0.00167552563887563,-0.0026051981453211193,-0.007918634376980038,-0.007335799981883606,-0.006778462682022757,-0.007268419056372544,0.002607960959196909,0.0023141255637919578,-0.0034230120518511375,-0.004594774050262318,-0.007610778307075794,-0.007662737024287214
2026-08-20 00:00:00+00:00,-0.016564363660063197,-0.008703799482521313,0.004911022201701254,0.018714820807717247,-0.01794442977949562,-0.017231101251593772,-0.010861901433155019,-0.005446583120610193,-0.005407794432040647,-0.004715574683278323,0.004263886349959112,0.0026146501042749737,-0.014120858311151618,-0.014082735823299997
2026-08-21 00:00:00+00:00,0.008320440924375117,-0.013719880219994818,0.020307418801811083,0.024820688011762293,-0.009120071080707004,-0.021616205274962552,-0.007434582171145898,-0.00986988744853523,-0.017124340190972864,-0.022343020551056858,0.016236029972550803,0.019333118957172823,-0.00999568746702495,-0.0038694559671106354
2026-08-22 00:00:00+00:00,-0.008584291867852478,-0.004543860395818333,-0.020498969063417305,-0.014173183175995474,0.009010382044395637,0.004960446217274095,0.0298827416424432,0.03684885890510259,0.020420497632535728,0.01872950233147641,-0.023142823849017446,-0.019532673926477062,-0.014604386443478279,-0.014785133770351067
2026-08-23 00:00:00+00:00,-0.009771772995433525,0.008283254121928652,-0.02063199484604361,-0.022294796932907812,0.023850188237694914,0.014175879018843096,0.0030394761974832374,0.003520149171451603,-0.011464267802246964,-0.002576354076974652,0.009655827363808989,0.0026859673970138775,0.014925824325432213,0.020483619248940155
2026-08-24 00:00:00+00:00,-0.00939252028854165,0.014379234646690886,-0.014570042730494115,-0.00926717230526164,0.004333508947215181,0.008404393178542247,0.008440309767913545,0.011210780714743906,0.009008975555018672,-0.004790052756277641,-0.011057593935610788,0.005373447837429657,0.010540207353260778,0.018300624169258484
2026-08-25 00:00:00+00:00,0.0060050871705894515,0.002196473709861646,-0.0013957607641889025,-0.003113592866805681,0.0012252689046630127,0.0014126450318083794,-0.009456197597182303,-0.009926105536955054,0.0017038430459248577,0.006944665053556731,-0.003050775008776929,-0.010119021350212809,-0.0029700208786013205,-0.005748081838622965
2026-08-26 00:00:00+00:00,-0.007805979244727701,-0.004051355446578975,0.000229016092749168,0.00749299218693511,-0.003976774300013419,-0.00535218450537156,-0.003012134566730773,0.0006686777129694121,-0.0034140553777994853,-0.005500990702395181,0.002629193521308526,0.005479132702314704,-0.010798938245063838,-0.008507709838900812
2026-08-27 00:00:00+00:00,-0.006794526168280912,-0.003730054665088467,-0.005243669072609314,-0.0014060051208010238,0.003933529885192799,0.0004221170947968922,0.0035784067493114247,0.0033725517739098265,-0.0009101885822448974,0.002988006615950889,0.0003877201755755344,-0.00296795373989156,0.003410377365710815,0.0012103263230616168
2026-08-28 00:00:00+00:00,0.0059127222836907745,0.006644927432699177,0.003906458508456945,0.0029641575108818596,0.0032592485916231873,0.004037204667696637,-0.0034572941879913444,-0.0028524815731627573,-0.0018760993753385025,-0.002301901854396271,0.0005581719888076986,-2.428194755210722e-05,-0.0019054393533375347,-0.00237216173992294
2026-08-29 00:00:00+00:00,-0.006791593326241574,-0.00772597622352611,-0.009201880613095681,-0.010081265976647491,0.003063180573025681,0.0009122568888251248,-0.0007090072621275256,-0.001157113248879793,0.011090984150884609,0.01232722955144272,-0.011889475528195748,-0.012386944927354815,-0.0035104901764689833,-0.00452077510283988
2026-08-30 00:00:00+00:00,0.0028951048110523736,-0.004263900683442068,-0.0016467491882196095,0.00043772334211800157,0.005841076697908454,0.008239695164609762,0.01069652623880235,0.010772508045215456,-0.0029558551413345624,0.004397040615311543,0.001671608713460282,-0.00454547551974005,0.005812506318804811,0.008252970825629813
2026-08-31 00:00:00+00:00,-0.0009577414526777961,-0.001901432670778358,0.0008950315348457138,0.0018897321337023598,0.00245321524230091,0.0025870642515499753,0.007801255617075231,0.007621099706459633,-0.015454113508258205,-0.014834082613852773,0.015278954416730661,0.01300618409957055,0.005370916724287023,0.006424891840773661
