,MKT,BTC,SPX,MOM,REV,LOWVOL,ILLIQ,CARRY,FUND
2024-01-01 00:00:00+00:00,-0.0032948425179657828,0.003314822806360418,0.0,0.02127071501307474,-0.03068502609706285,-0.0238416638196107,-0.012522861510603289,,-0.002245496697071982
2024-01-02 00:00:00+00:00,0.04562482635470245,0.045285248381150334,0.0,0.020897348733136756,0.013948078842275537,-0.03774145191244105,-0.0018902106380764422,-0.0005664320918217,-0.005639379942868709
2024-01-03 00:00:00+00:00,-0.02500339843150534,0.016947696370353427,-0.0056605790982068305,-0.029625217427001704,0.032209254966462715,0.02803661125822539,-0.028939453236396483,0.0007982838904405,0.00370291055513899
2024-01-04 00:00:00+00:00,-0.08042695564185415,-0.047361259943352385,-0.008016310936719062,0.0008820237395904956,-0.045128060707466396,0.04260122139751531,-0.023116017951112844,0.0005274433392725,0.013170592065632333
2024-01-05 00:00:00+00:00,0.023613428139443265,0.03020572002007027,-0.003428406248073834,-0.002326123292088103,0.0022400296057479598,-0.01256143497472393,-0.011992669340863668,0.0002901481976811,-0.0020920164813422477
2024-01-06 00:00:00+00:00,-0.024247669629859706,3.6245180523586384e-05,0.001825673750394552,-0.0052686987800210985,0.02267239042979441,0.04056868561552829,0.010462375579260308,6.65689856214069e-05,0.010471605415166377
2024-01-07 00:00:00+00:00,-0.024763006579977112,-0.004274511047583807,0.0,-0.002208767923529909,-0.021893655599554897,0.029643635746588196,0.004863131500950323,0.0002945085864376,-0.0014444233060397762
2024-01-08 00:00:00+00:00,-0.03009469122858702,-0.0009054364863603226,0.0,0.010953032472655107,-0.012427415733791539,0.02114978068768245,-0.013721652114422979,0.0001597777200179,-0.004115565632069164
2024-01-09 00:00:00+00:00,0.05865730619574638,0.06958141398869211,0.014114671594383177,-0.005071107348010799,-0.0047004407630787184,-0.02182902795286191,-0.010165374501113086,-0.0002359880036449,-0.008665954281149262
2024-01-10 00:00:00+00:00,-0.025245503619151958,-0.018280831206211157,-0.001477892491718369,-0.0019478739715670795,0.01101798203145166,0.03773558935285075,-0.0032652430118444327,0.0003719839889457,0.004509917524228799
2024-01-11 00:00:00+00:00,0.08745069752311033,0.011903109684694435,0.005665930831493693,0.00516870782079723,0.013212359965025344,-0.04522642624182267,0.04988075131072725,0.0001022365882201,0.01578728200083526
2024-01-12 00:00:00+00:00,0.03328355981835198,-0.006966990907123161,-0.000671063771963798,0.027032349833617884,-0.019977573327506028,-0.04690503240261761,0.05444542370479184,0.0002841781019478,0.016670053034733828
2024-01-13 00:00:00+00:00,-0.04885675364698689,-0.07658758076559524,0.0007510083175741311,0.011338785316196809,-0.010481014055556237,0.024331890046158412,0.026112750923579058,6.82342608115949e-05,-0.004610685665737782
2024-01-14 00:00:00+00:00,0.005359869477910495,0.0013438064544777362,0.0,-0.004021095818665343,0.003081715907630711,-0.0015051507532469312,-0.013531038727487133,0.0002438602842183,-0.0007595047150634419
2024-01-15 00:00:00+00:00,-0.031176125729581675,-0.025941502670002614,0.0,-0.015533058633283421,-0.01482938358381054,0.02213003795680666,-0.01906666196526634,0.0001012931502208,-0.0018531944888539914
2024-01-16 00:00:00+00:00,0.02141535084045732,0.018691790324165014,0.0,-0.004183838003479278,-0.007965738760066034,6.399711031768174e-05,0.006880548543613266,0.0001338680776532,0.001889139703728307
2024-01-17 00:00:00+00:00,0.007200645616820174,0.014536046101375932,-0.0037313198838587747,0.005706471219470589,0.0048429965582161396,0.006644539350392154,0.0013545097483852239,0.0002554419017444,-0.005488995769908437
2024-01-18 00:00:00+00:00,-0.011359042078237288,-0.008105163100178503,-0.0056168930629166836,-0.014493140465064292,0.010711508374349709,0.004571954855388683,-0.005163685658924911,7.530221018292593e-06,-0.0059464743839424015
2024-01-19 00:00:00+00:00,-0.041287589847146325,-0.03413239714468708,0.00880526501252299,0.021557171389374317,0.022234285552618242,0.028278004668405354,-0.014102871424763318,0.0002841174248455,0.005672388672331905
2024-01-20 00:00:00+00:00,0.008977164146590489,0.008206063920664253,0.012313478102632613,0.0315425189873005,0.015851059636733014,0.018589284118081674,0.015024084190480359,5.871883335983874e-05,-0.02067898256822099
2024-01-21 00:00:00+00:00,0.003478675863311764,0.0007104761630447598,0.0,-0.02019654735097607,0.01846382894904828,0.009692400637109433,0.0034690128093738835,0.0002324561890323,0.004373088164411458
2024-01-22 00:00:00+00:00,-0.011066452455542608,-0.002681582469454491,0.0,0.005956549580073767,0.004807191489564433,0.011461222144603746,-0.002367092123200254,0.0001015657375216,2.396045345569298e-05
2024-01-23 00:00:00+00:00,-0.05173238536850081,-0.04841269841269846,0.002194301015948863,0.007179143060994292,-0.006419511666436152,0.006253033560770428,0.012599195507848715,0.0001482432288451,0.005696238121738782
2024-01-24 00:00:00+00:00,-0.013652072678899,0.008163368463618648,0.0029213904746590025,-0.016204246240124377,0.01303959037650755,-0.011818515822336107,-0.020172407740229194,0.0002187949042598,0.0038346155605532106
2024-01-25 00:00:00+00:00,0.006515870024505754,0.004730508899473573,0.0008119886527155895,-0.01960076313201544,0.00614943314652976,-0.014052555959363278,0.014177378824637854,0.0001220652995332,0.0038959155125834984
2024-01-26 00:00:00+00:00,-0.009445988445333923,-0.003128843999430919,0.005260293105750158,0.008504574936249499,-0.0025471851092020437,0.0042091368711415274,0.0014464610091236667,0.0001604592600275,0.00264074181015356
2024-01-27 00:00:00+00:00,0.030887877591450456,0.04638165057704868,-0.0006517972440622799,-0.024612584550647545,0.0008507329628418825,-0.0038915414555909453,-0.01815412248092241,0.0002485504459275,-0.0031763592433543086
2024-01-28 00:00:00+00:00,0.00651015837530231,0.007075471698113178,0.0,-0.011106186401186102,-0.014741820692694807,-0.008280278677527765,-0.011913527391777335,0.0001543309804785,0.0006670868988152673
2024-01-29 00:00:00+00:00,-0.0017839168398967968,-0.0019238899629948625,0.0,-0.010651544751182152,-0.00709141455979907,-0.011168345802117185,-0.011417362360623164,2.1659816916486108e-05,-0.0002568295314615968
2024-01-30 00:00:00+00:00,0.02705714472838084,0.030139548608797417,0.007556783214781593,-0.00822350863867656,-0.00826263358015793,-0.015426139746114488,-0.00894859470292051,0.0002073235378763,0.0028185055211178904
2024-01-31 00:00:00+00:00,-0.008933313988877579,-0.00853360192387198,-0.000600657882721567,0.035520743021413614,-0.007263914583753595,0.0033893396481019297,0.00646368080632511,0.0001752640498924,0.004422438822020878
2024-02-01 00:00:00+00:00,-0.026112592109401898,-0.008336770095740076,-0.01610568186202166,-0.0031857603524806585,-0.004075501187300708,0.022329537261450882,-0.0018175095594174413,0.0001123620220064,-0.0007378133494548518
2024-02-02 00:00:00+00:00,0.016667679860659187,0.012032283455316595,0.012493679898465615,0.023146456051455398,-0.024998929804789884,-0.006044575302037369,0.0012757358031945769,4.245856987816765e-05,-0.005486206831110567
2024-02-03 00:00:00+00:00,0.017778302373604102,0.0025398977540247447,0.01068446187367389,-0.013101301576325277,-0.016705697287760436,-0.03289777601969961,-0.01326202654306019,0.0002290994925335,-0.005493112856569955
2024-02-04 00:00:00+00:00,0.002061027140377599,-0.004390718354870038,0.0,-0.017974444639992558,0.00845272148530567,0.018586926699519536,0.016765801849358032,0.0001361945663207,-4.1963617254571584e-05
2024-02-05 00:00:00+00:00,-0.015776837252219043,-0.009818014346721693,0.0,0.022223546885726655,0.028269804769596774,0.0036715294911379807,-0.015010883899694228,7.278781310926519e-05,0.007436165641766916
2024-02-06 00:00:00+00:00,0.007979688059067363,0.002879942119270895,-0.00318637682737688,-0.006111785100025991,0.00551570303790847,-0.00827833875057069,0.0018525671764983553,0.0001879686756331,-0.007599694748485556
2024-02-07 00:00:00+00:00,0.0042371163278918395,0.009046000623054384,0.002310426660138587,-0.011490546768933064,0.0076592876314113935,0.01433780735301693,0.009516229387532781,0.0001697904722637,0.010329110269225334
2024-02-08 00:00:00+00:00,0.020822612661202302,0.028949072752216143,0.008241442161546875,-0.003832767133660611,0.007987035554911249,-0.008144797509214777,-0.0035162702775561883,0.0001609431744347,0.006000212197597462
2024-02-09 00:00:00+00:00,0.009460535277921804,0.021271843740271024,0.0005705637169521882,0.014217702085615326,0.029995782270408156,0.023809682414393917,0.002722939305925154,1.9592565442483337e-05,0.009420647898770713
2024-02-10 00:00:00+00:00,0.023910689655151515,0.04080045770735441,0.005742400323335062,0.01572211614258157,-0.00679213758562134,0.001968422404091983,-0.010757413812454252,0.0001198818671035,-0.0017717355910750947
2024-02-11 00:00:00+00:00,0.002306956053927959,0.013084699285382362,0.0,0.029661493648388437,0.001887174552518878,-0.01027110443517638,-0.03251619260252512,7.105188736233892e-05,-0.00015293146653865388
2024-02-12 00:00:00+00:00,0.01025181437364695,0.0119582842753172,0.0,0.004635494640250215,0.015932191812820927,0.015295704183925273,0.010041154993978483,-7.876651249494326e-05,0.023704434539131482
2024-02-13 00:00:00+00:00,0.031738847975983225,0.03395620184086412,-0.0009489496897510108,-0.007516919149613787,0.005226719812513592,-0.009701234498543921,0.0048167086534029145,-8.6132733119193e-05,0.0038708080620626353
2024-02-14 00:00:00+00:00,-0.016679666278727405,-0.004949583129770341,-0.013674270785210219,-0.021721394096557156,-0.021575171918016126,-0.0029679042047586306,0.005558526743560057,0.0004711383039079,0.006501437057853732
2024-02-15 00:00:00+00:00,0.031786347798437094,0.04279585644030548,0.00957972369210025,0.0240370354097025,0.0010413523405681212,0.0005666577650878871,-0.013941501765013034,-0.0001552119548193,0.0038769793095674117
2024-02-16 00:00:00+00:00,0.013955368029098343,0.001453017181494154,0.0058212781615079034,-0.010559211710757976,-0.0026391614224359657,0.017283272770729052,-0.003766337271029241,0.0001280667719878,-0.003937698724039063
2024-02-17 00:00:00+00:00,-0.005431108155047393,0.004819021744366436,-0.004803438753173572,-0.013873708186711319,-0.010767276859437859,0.02429230980203767,0.0037665308204366983,8.9568152174202e-05,0.00462197110666661
2024-02-18 00:00:00+00:00,-0.0035120877343416844,-0.008997365221693365,0.0,-0.0022289648944696203,0.023687295426855236,-0.0110700837203505,-0.00588386452208689,9.578496466566833e-05,-0.01128817144150406
2024-02-19 00:00:00+00:00,0.01370021888336217,0.009607309682387877,0.0,0.001727650173318284,-0.0006079140589311249,-0.004359063785848317,0.00048168937132806594,0.0002621641345765,0.001192625417542861
2024-02-20 00:00:00+00:00,0.016519117192947297,-0.0069399857022111044,0.0,0.04195539233413023,-0.010372538542984408,0.016224745772834524,0.004024719182858405,0.000209181064495,-0.0205698971836792
2024-02-21 00:00:00+00:00,0.0010538812320645796,0.009333420826111993,-0.006005310084565729,-0.005721879438807753,0.011571738616930704,-0.015957094452156026,0.01261305427251369,0.0002085926206085,-0.012216424088005814
2024-02-22 00:00:00+00:00,-0.019780936362648393,-0.008023343416689865,0.0012641920124771833,-0.011048454631313143,0.004941781242072205,0.02603480626333472,0.003773859340468144,0.000248842308633,0.017769495808625732
2024-02-23 00:00:00+00:00,0.0027209146574564374,-0.010811946535897898,0.021122887309807714,0.024681455984546165,0.015909689546026208,-0.018645100278509963,0.01768257541656846,0.0001779520980744,-0.01036538691656499
2024-02-24 00:00:00+00:00,0.0006626419148360707,-0.010620282986696372,0.00034794369209545373,0.012271987397042605,-0.02749394074990434,0.0039713401432443845,0.03844986332758542,0.0001671771200377,-0.0033034415594640027
2024-02-25 00:00:00+00:00,0.017225827034158293,0.01635156454653064,0.0,-0.010821507716616961,0.009891003536838182,0.006076303719051058,-0.01749301689354199,9.525987356018284e-05,0.007974508511827863
2024-02-26 00:00:00+00:00,0.010355064152340731,0.0031549103621753005,0.0,-0.009846148003925935,-0.014630417847157328,-0.0054241798763074115,-0.005557572762254326,0.0002597338915697,0.010920277037015631
2024-02-27 00:00:00+00:00,0.02274823410794101,0.053061051021058514,-0.0037867473667663187,-0.016127790781232675,-0.020257740451092895,0.014502833608667085,-0.006061065126853293,0.0004185102831495,0.016347221452186426
2024-02-28 00:00:00+00:00,0.018544684670003423,0.047015681066048254,0.0017062725735916828,-0.022036653938273674,-0.0038717231451590676,0.03897673558658126,0.022860613453119606,0.0006445327319493,0.0038386131761833212
2024-02-29 00:00:00+00:00,0.018869843115818043,0.09484796187439226,-0.0016580743494716277,0.023467840592707234,0.00999845472805465,0.018520208615749365,-0.03137772271952941,0.0006764055602213,0.016769552540788327
2024-03-01 00:00:00+00:00,0.012347873140462772,-0.020557579947477755,0.005229044372909275,-0.02427571060097593,0.04225208336876622,0.0002983756283656998,0.01973180943072048,0.000597857983299,-0.01503502121270248
2024-03-02 00:00:00+00:00,0.04332606493217543,0.020052840288023566,0.008007817482197588,-0.02171406905835296,-0.021565557382886083,0.010491386949265283,0.03189108462269474,0.0009651248934841,-0.0035661494501185746
2024-03-03 00:00:00+00:00,0.10625189880401803,-0.006258149048703587,0.0,-0.016201817505801804,-0.17432974539288132,0.027791578459683094,0.15219569801269006,0.0007250008870423,0.0576023118246204
2024-03-04 00:00:00+00:00,-0.0036050308809545554,0.018352705275153536,0.0,0.024021174222703445,0.018294443246588223,-0.0005394599063060172,-0.02782067375471091,0.0006268021021988,0.0079312803005614
2024-03-05 00:00:00+00:00,0.016392967872588437,0.08100698813678697,-0.0011932849011501157,-0.014659750791154114,-0.007806849123000625,0.04313447722322383,-0.004321746637192425,0.0009707071745719,0.014508240276111962
2024-03-06 00:00:00+00:00,-0.05183270400382413,-0.06660673183359578,-0.010193044173106403,0.05702229687766029,0.0582099202744917,-0.038460532627097074,0.055441166861746966,0.001085392340544,-0.0096983909637508
2024-03-07 00:00:00+00:00,0.07427792266033705,0.03734583684981674,0.005141130024711504,0.02728530107286411,-0.03745330178385027,-0.010907913854056997,0.0035578241296365665,0.0003305012111682,0.01345999119593409
2024-03-08 00:00:00+00:00,0.02801589263882577,0.011219133772178536,0.010304108322428451,0.017151996713534602,0.041901621109350654,-0.006637358281160875,0.016615985131691224,0.0006908173006863,-0.013058921180944367
2024-03-09 00:00:00+00:00,0.00898386592461926,0.019593240616120777,-0.00652853397862474,0.03999769860292579,0.026650936511535626,-0.023359342094347202,-0.03425191299852162,0.0005552264534451,-0.011766659230291939
2024-03-10 00:00:00+00:00,0.0017325895565048599,0.002638595956010903,0.0,-0.02026702103182374,0.004827459100499442,0.011090896658626549,0.011600621777779895,0.0005107729065407,0.002220843499628497
2024-03-11 00:00:00+00:00,-0.004815571299442249,0.009387054729293798,0.0,-0.011433012190664681,-0.02314281868119561,0.0468766189678488,-0.030385907682808203,0.0007856803048087,0.005150550239720332
2024-03-12 00:00:00+00:00,0.07343828099480901,0.045679967768956775,-0.001122238074512727,-0.08559951663280643,0.06910055616105519,0.031916622977728924,0.030228157784214102,0.0007751170242202,-0.019033958150481037
2024-03-13 00:00:00+00:00,-0.016108852615098364,-0.009016850117388175,0.011201772588189884,-0.024740199912228932,-0.00043437963993098183,0.01544495377439914,-0.019132285767211887,0.0008436010806971,-0.008524756939317703
2024-03-14 00:00:00+00:00,0.01643219724917542,0.022717864375300767,-0.001924537270519222,0.03263066936987807,-0.027844006084071,0.055782180015340584,-0.030205442846776266,0.0006863525306712,0.03264040119139941
2024-03-15 00:00:00+00:00,-0.01877369936300081,-0.022865511790350124,-0.002871076469757039,0.000569303053513593,-0.007011443896060522,0.0008373273310853923,0.008215790999722139,0.0005226974437,-0.0032470352964342943
2024-03-16 00:00:00+00:00,-0.03760012717748879,-0.026636158168370616,-0.006482890915021411,0.008428114724813064,0.03460257620206153,0.021639389092331693,-0.03264142799544863,0.0003036383947789,0.0029742772650673786
2024-03-17 00:00:00+00:00,-0.07943931276435663,-0.06040355301485789,0.0,-0.013393150531696096,-0.016653586963877073,0.0075018733893119915,-0.016821361748524388,0.0002978044714692,0.008837475884016231
2024-03-18 00:00:00+00:00,0.04256567236813276,0.047388716316506097,0.0,0.029445229152915364,0.015655696064635655,-0.01837156773658362,0.027426220607766116,0.0002793520130592,-0.02163053539817313
2024-03-19 00:00:00+00:00,-0.014811782466703642,-0.01151094482080528,0.006318044044564486,0.007362773798630285,0.004955158404646975,0.00869565527984948,-0.006607761583804762,0.0004512771389437,-0.00683876720064992
2024-03-20 00:00:00+00:00,-0.10276735957321113,-0.0840363582618977,0.005649179907640134,-0.007019128481791759,-0.014134117062222645,0.0068958785112639,-0.017696142976066698,0.000417901105544,0.020257170339892244
2024-03-21 00:00:00+00:00,0.10000832679781739,0.09523817207510876,0.008904105621114988,0.01325019482317899,0.018742800289403005,-0.02712961636781852,0.028461117141849845,0.0001880249512524,-0.0006887716647525813
2024-03-22 00:00:00+00:00,-0.0042335289191955654,-0.03442286273284967,0.0032365990253835353,-0.02489386904628741,0.012463722207516416,-0.005897981531060648,-0.005234605781914701,0.0002466829931777,0.0019646053752881937
2024-03-23 00:00:00+00:00,-0.021157278592496734,-0.026150482377910178,-0.0014022623165372838,0.023682725941953153,0.01463032836249505,-0.01436457747735378,-0.0022364709500964468,0.0002172256537311,0.011765556412955102
2024-03-24 00:00:00+00:00,0.009615178128565249,0.0030442139566948523,0.0,0.011351121784424567,0.0029111263408692512,-0.016572333500204418,0.0202971553463273,0.0001398349987544,0.010234566439090832
2024-03-25 00:00:00+00:00,0.03904243494551753,0.05061831950178286,0.0,-0.0026979404135895335,-0.00728746347721803,-0.003617616544318872,0.0031269887253713158,0.0001204635601963,-0.0010485348390925466
2024-03-26 00:00:00+00:00,0.031086124541718944,0.03954154642593255,-0.0030549197773100945,0.00040214533318061463,0.0012842860667638054,-0.00368458446426443,0.002969874991012089,0.0004126699853961,-0.004360231056451927
2024-03-27 00:00:00+00:00,0.0034981671172368794,0.0017677219127438804,-0.0027998213940082506,-0.026321423861720383,0.005771977465778866,0.013105484092771992,0.015273690495827186,0.0002640351120775,0.017907825739902638
2024-03-28 00:00:00+00:00,-0.014624169961812816,-0.007302542255521849,0.008630596627706266,0.03074301537714548,0.037551016643727196,-0.02616033396740061,-0.004266223114641244,0.0004445618398494,-0.01494377892340478
2024-03-29 00:00:00+00:00,0.016927599292819506,0.01878399484558302,0.001116511606195525,0.0013387654480138365,-0.006522653029793071,-0.009883234400320972,0.002617765148548324,0.0004318397519547,0.006440928778761868
2024-03-30 00:00:00+00:00,0.02392542230451976,-0.013200411639400333,0.0,0.03700891847878156,0.003862019535951222,-0.023389994209780142,0.009211235090939952,0.0004180069945687,-0.02243433363725464
2024-03-31 00:00:00+00:00,-0.021629427436821065,-0.003740865992595488,0.0,-0.008835374165628029,0.03125970885221685,0.026744236604398574,-0.016408091349508224,0.0004532721714427,0.010647268413346334
2024-04-01 00:00:00+00:00,0.037367395949066205,0.024710627623233616,0.0,-0.0035961317501190596,0.03629967144092281,-0.04727395966642964,0.02135200472766772,0.000605249765041,-0.006884879167509846
2024-04-02 00:00:00+00:00,-0.04700971610876584,-0.023303392514328114,-0.0020135697089078697,-0.0006838745454673667,0.00807717075076548,0.022019638359283576,-0.015512977619344913,0.0005986810201654,-0.004906414074374515
2024-04-03 00:00:00+00:00,-0.05381217569043904,-0.060182209469153425,-0.00723906654944817,0.05008908011128171,0.008472554353372644,-0.017104428077564515,-0.012584525700221283,0.0002586465792575,-0.017633604976060986
2024-04-04 00:00:00+00:00,-0.019367513465772226,0.007123087750151358,0.0010910886106099138,-0.0036134896203617664,0.01670448688290207,0.044877757688594054,-0.015305795772582533,0.0003602096092363,0.011178018586776407
2024-04-05 00:00:00+00:00,0.030891942512725527,0.0381677653667698,-0.012334284436888443,0.02368236327216646,0.0016438205057958608,-0.00778772466847388,0.005119333106189394,0.0001938920953747,-0.003946771720130724
2024-04-06 00:00:00+00:00,-0.012108542300187467,-0.009697780256650912,0.011099216857287653,0.009817175586634752,-0.004388226160590558,0.005474330828234876,0.005356496141204215,0.0001241005309504,-0.0016104506264644012
2024-04-07 00:00:00+00:00,0.023652093117297806,0.015862718703972156,0.0,0.0026142833326149965,0.0026502500083866558,-0.023066665722639712,-0.0032466039922301806,0.0001461234162194,-0.0027587660175162356
2024-04-08 00:00:00+00:00,0.013067690495097024,0.006692152286739139,0.0,-0.01797255337894785,0.005879101584405478,0.0025393784337550927,0.006400175934629115,0.0001739324433835,0.0035044754790644677
2024-04-09 00:00:00+00:00,0.030334127456932366,0.033385378596853865,-0.00037468728023148934,-0.009793859236609227,-0.02596021292114834,0.01618579193751564,0.004921435194704983,-6.259894178506364e-05,-0.004405904210418354
2024-04-10 00:00:00+00:00,-0.0426300888746238,-0.034725942543360255,0.0014454894769517779,-0.024374864573350162,0.015144908507375376,0.007089630564782401,-0.01819564074508078,0.0003699998541173,0.019371497778123605
2024-04-11 00:00:00+00:00,-0.007797895257879594,0.021569809204602386,-0.009456977183866844,0.003015621406342573,0.009808121931984748,-0.007359552462798824,-0.04641786270180033,0.0001294085779754,0.003358681984652165
2024-04-12 00:00:00+00:00,-0.011842058427839357,-0.008856606448345183,0.007444813046443954,0.04084855491744395,-0.024029632388082867,0.005099646561511829,0.0020403208337979924,0.0002703066068612,0.024498891895875004
2024-04-13 00:00:00+00:00,-0.12187999959006808,-0.04167112740290946,-0.014550707243232486,0.03801024803270686,-0.010460103163956819,0.014594663465246724,-0.06872865941400669,0.0004548241063944,-0.00895152076011602
2024-04-14 00:00:00+00:00,-0.11175697874157464,-0.04761500467704549,0.0,0.03544860528216914,-0.07223208989437316,0.016956910768028938,-0.046596517969937884,0.0001780345853013,-0.001992452956187243
2024-04-15 00:00:00+00:00,0.06140277298810199,0.02621532475128907,0.0,-0.026698822215012144,0.020385855118396676,-0.040344953351644536,0.023315268666711957,0.0005826611978132,-0.004213237642440773
2024-04-16 00:00:00+00:00,-0.023966555896275075,-0.03388203164172099,-0.012021290507689297,0.011457694585014576,0.005616563406764485,0.0005825508249395414,0.006068086592199373,-5.324977399912001e-05,-0.005651877938521692
2024-04-17 00:00:00+00:00,-0.0019203394784625886,0.00587291596666506,-0.002056572537150636,0.0019806671312772917,-0.02028200728570808,-0.00965721675658815,0.020820968325795032,9.825897004223094e-05,-0.014477786354726312
2024-04-18 00:00:00+00:00,-0.026624809148346203,-0.039371128361954,-0.005780564238499708,0.0001150896417389663,-0.0028719002640852573,0.015692252955385212,-0.003798820247642644,3.490369905234658e-05,0.004005196523915914
2024-04-19 00:00:00+00:00,0.028256549007001468,0.035760637993943245,-0.0022081912146246774,-0.02818103286441056,-0.001818018636081064,0.010046597780532074,-0.008355656939262102,-8.73774175162989e-05,0.007654711313533527
2024-04-20 00:00:00+00:00,0.0038574103031140837,0.005396800378280497,-0.00875852104918673,-0.019360844072190034,-0.004959622747393366,-0.0033758649353525117,0.004389631097589053,0.0001623388586049,-0.005937373732028196
2024-04-21 00:00:00+00:00,0.061977642475846945,0.017398420377692014,0.0,-0.03903101000286879,0.020340336651065938,-0.02369508648672651,0.022215488420001248,0.0001387400268033,0.002526338566886349
2024-04-22 00:00:00+00:00,-0.012875690272866391,0.00023729837342756355,0.0,0.01661453624542535,0.019620711537851897,0.024320829911155382,-0.016009783771386045,-6.544314974854526e-05,0.007205188596992337
2024-04-23 00:00:00+00:00,0.031911510618059614,0.028737101887769123,0.008731224445012842,-0.010303149177746107,-0.006821992129951916,0.0007163929012477879,-0.008542816734024395,0.0001168916683564,0.014410525584697974
2024-04-24 00:00:00+00:00,-0.015178913513220753,-0.005865704273862571,0.01196463497385536,0.01603948764131158,0.01352911813875848,0.018549483980463678,-0.0039142482616407286,-8.075726303180542e-05,-0.005721993759278442
2024-04-25 00:00:00+00:00,-0.034566013967042515,-0.03217983228467325,0.0002129946455513565,0.005166325586873577,-0.02718397250971063,0.014336193658697583,-0.006186790470519711,0.0001980637213572,0.001631517724828268
2024-04-26 00:00:00+00:00,0.0010025938219725343,0.0035610894941635607,-0.004576437949929346,0.008981422657760207,-0.014634433531154189,-0.00026594898003768925,0.005279189974418363,-0.0001268560680867,-0.002374635538824202
2024-04-27 00:00:00+00:00,-0.003969640201357127,-0.011321550649205592,0.010209134739185721,0.010786634114251693,-0.006579606848085718,0.002561337195939716,0.0014439618823077092,9.845045281964282e-05,-0.013972409046780083
2024-04-28 00:00:00+00:00,0.001338824328107028,-0.005142057575985737,0.0,-0.01718088510472744,0.010338163029630464,0.004041441095509701,0.01556756072326644,0.0002185909172818,0.002276998772666514
2024-04-29 00:00:00+00:00,-0.0073797906851483875,-0.00524589646962359,0.0,0.013182545694579285,-0.01398198176363703,0.005659852305248347,0.0005845262671324569,-7.199702334081959e-05,-0.0005226043253398833
2024-04-30 00:00:00+00:00,-0.004893957054879561,0.011953087973522791,0.003178456301617949,-0.02249970925187652,0.028902681712778166,-0.0038226924675111907,-0.011192317269190101,5.97759653679919e-05,0.012815024492087464
2024-05-01 00:00:00+00:00,-0.058377644035943074,-0.04998558951417875,-0.015730517164206925,0.017279059487448144,0.01049867616574554,0.027626661785588633,-0.024879364177443422,0.000122906221825,-0.004572268617154686
2024-05-02 00:00:00+00:00,0.008182820473859143,-0.03864062046587702,-0.003435477561168243,-0.010991608877917192,-0.01316346362341416,-0.02109702713147321,0.038177384009797935,0.000415063585462,0.001033282137039804
2024-05-03 00:00:00+00:00,0.017250835042477864,0.012504373357846932,0.009128425650457572,-0.018380733782010595,-0.017805317867039164,-0.024956650634332212,0.028135528935297627,-0.0002500751218437,0.0022338228420631418
2024-05-04 00:00:00+00:00,0.0360642289795318,0.06465469784049582,0.012556771059594851,-0.00468202558712618,0.018194766747373862,-0.004059071961184289,-0.018345257989209295,7.20442313417724e-05,0.0019762346375075887
2024-05-05 00:00:00+00:00,0.003914908602069948,0.01607701694570096,0.0,-0.01754943035164591,-0.02528956383472545,-0.007984309803448619,-0.01227526050824188,0.0001015537121429,0.005631655037798886
2024-05-06 00:00:00+00:00,0.007457656372872049,0.0019384882297124317,0.0,0.004582950822083999,0.003330621465494078,-0.0050767454620106005,0.004312716904572444,-2.6441926215259315e-06,0.0022280872821642834
2024-05-07 00:00:00+00:00,-0.009188375679916682,-0.013208726636244283,0.010326085896653403,0.0025744885860972348,0.010585856920151926,0.007343048044088963,-0.008469113448325039,5.2536773475386767e-05,-0.0009995704629589186
2024-05-08 00:00:00+00:00,-0.020836147938261215,-0.013410871865042417,0.0013434374239973401,-0.004967710716989936,0.010265119332155036,0.014169839797775419,-0.005224747968313716,2.7564214156949873e-05,0.0006202275561832535
2024-05-09 00:00:00+00:00,-0.006475445433663281,-0.018269230769230704,-5.782909574536532e-06,0.013849298807165344,-0.0007791068895798055,0.009404646938991967,0.01049324296551426,0.0002577932897767,0.00024103625922400676
2024-05-10 00:00:00+00:00,0.02198098675002121,0.030939584256490127,0.005090917502462489,-0.009196814688406097,0.00454712151540182,-0.011841377669387532,0.005191878456959745,-3.204420136693198e-05,0.00048640729573014936
2024-05-11 00:00:00+00:00,-0.0411734246431184,-0.036034835789316766,0.0016493801399288799,0.011605530031618731,0.0018775897479771583,0.010598061453753416,-0.005371471412016389,9.56973005490358e-05,0.0004692364797543104
2024-05-12 00:00:00+00:00,-0.0024091124156867317,0.0005116974699768129,0.0,0.0012522616663681596,-0.004829739636919039,0.01322211283165171,-0.013532368677304073,1.446047480935242e-05,0.001830554656825075
2024-05-13 00:00:00+00:00,0.0004744067590768249,0.010633259441005682,0.0,0.002136963259494839,-6.179894488675939e-05,0.006459492824882229,0.0006457604138883077,0.0002070939562979,0.005608749453236195
2024-05-14 00:00:00+00:00,0.0008335060868191283,0.023696705599796752,-0.00024125544739483917,-0.0004942291658283082,0.0017316041285111213,0.00453648382662275,-0.001404566945933361,0.000136618971414,-0.0011188596735081271
2024-05-15 00:00:00+00:00,-0.0258356862398343,-0.02164289540485853,0.004837764439558523,-0.003698532874372343,-0.01319402372917726,-0.004267589828601936,0.000597571628524831,0.0001149461799658,-0.0031939431052455795
2024-05-16 00:00:00+00:00,0.06545305772985822,0.07513992575202466,0.011715980391409309,-0.03401538252441001,-0.00047984778181847654,-0.034720510198991056,0.014326579136116145,5.522492139431456e-05,0.0008662956986283036
2024-05-17 00:00:00+00:00,0.0003094794302904417,-0.01447214523826068,-0.0020817045486656305,-0.022856703229281926,0.0072188333322832365,0.0015196786370271984,0.036724201238679054,-3.9223714480174365e-05,0.013005589954129985
2024-05-18 00:00:00+00:00,0.033722388885928316,0.027021805430121004,0.0011647882803798026,0.0020291451546504483,0.001728864907053887,-0.01679098738312321,-0.0029108889539260427,0.0002210733052026,0.005871811673240659
2024-05-19 00:00:00+00:00,0.005559310410372127,-0.0014198268139744563,0.0,-0.008212673149583271,-0.015785401532730933,-0.01822229986482047,7.700378587025512e-05,-5.3848628811525856e-05,0.0006840996232761388
2024-05-20 00:00:00+00:00,-0.02262061381414276,-0.009650907753468996,0.0,-0.005107499106262136,-0.01533484523876896,9.30682216041985e-05,-0.009767768506400265,0.0001193583230261,0.005222051344228533
2024-05-21 00:00:00+00:00,0.10536008430551609,0.07891224860128565,0.0009164157208665369,-0.03544357274214205,0.04026924842524132,-0.02778373103060061,0.0211262890028069,-0.0003565039695424,0.009636957345835289
2024-05-22 00:00:00+00:00,0.005205003325802485,-0.018158158018092396,0.0025018226757822504,-0.012703094557932837,-0.020304615846662145,-0.01763564433853093,-0.0026860860271570985,-1.8827734475035385e-05,0.006007685542908075
2024-05-23 00:00:00+00:00,-0.020555867868503993,-0.013534505364207416,-0.002706049712388192,0.003082013133791795,-0.0036432619620323722,0.0018516401576378592,-0.0016883061755566219,-5.087022977889877e-05,-0.0014239869786226889
2024-05-24 00:00:00+00:00,-0.015537675134211197,-0.01761363554279105,-0.0073808038801509435,0.0051600587760300964,0.009625924378739659,-0.00852033034208528,-0.01572727928882525,0.0003009655815318,-0.008617477379812754
2024-05-25 00:00:00+00:00,0.009827875477593739,0.008591189104689922,0.007000971935366307,0.015390513124927542,-0.006572513087513076,-0.010632945377418901,0.028324352968355157,0.0001166395781941,0.013451516164476391
2024-05-26 00:00:00+00:00,0.015658465924512994,0.0106482406272006,0.0,0.01095737653699298,-0.02464997980607362,-0.020770881634875102,0.02183804260430846,0.000215666895613,0.006741921873800681
2024-05-27 00:00:00+00:00,-0.013002848894740888,-0.011398785822282154,0.0,0.011151166812523594,0.002500983434078452,0.0005234524666708484,-0.0038712298561030863,0.0001953780908667,0.006790158335564415
2024-05-28 00:00:00+00:00,0.02230183185976128,0.01367835935573214,0.0,0.0023865637369121055,0.03248664648563398,-0.002631445305407997,-0.019046909000399626,8.76663050513038e-05,-0.009036585117124357
2024-05-29 00:00:00+00:00,-0.021285334553128716,-0.014700208460502018,0.00024883499977379486,0.00837925431209925,0.014727067817295268,0.0035613446579659588,-0.014435259395035448,2.4692917369284473e-05,0.00324240042355065
2024-05-30 00:00:00+00:00,-0.017254978285475887,-0.011013946420613596,-0.007367076011488782,-0.016857891861042272,0.0062744189659653445,0.02077728007439674,-0.008737371885248523,0.0002076454607371,0.005229555434710439
2024-05-31 00:00:00+00:00,-0.004507085467139811,0.010575194240523,-0.005974995016091,-0.006374910815977831,0.0016201260140335846,0.0045026431546191905,0.006250022625778673,5.2981366522875106e-05,-7.275585663799308e-05
2024-06-01 00:00:00+00:00,-0.00854519032543352,-0.012055114944629297,0.008027917211029578,-0.010736987819046195,0.021795579356792258,0.01282080475122802,-0.023226024647918342,0.0002408416592722,-0.0056422418733180334
2024-06-02 00:00:00+00:00,0.004494027496647653,0.0032747392268774878,0.0,-0.005622396169474642,0.004518946252700418,0.0053850096731611116,-0.006200152853552665,0.0001821633856997,0.0026040054060661485
2024-06-03 00:00:00+00:00,-0.01265870813327766,9.882122502924418e-05,0.0,-0.014884508316060186,-0.018441370095449792,0.02017908873712313,-0.012111003383871544,8.717293776450141e-05,0.0018884647094137433
2024-06-04 00:00:00+00:00,0.004933739103528745,0.015419012209851868,0.001116056625188655,-0.018791593999846156,-0.01951336267657868,0.01791679530856256,-0.004753134093516231,0.0001669187240396,-0.004527219980637771
2024-06-05 00:00:00+00:00,0.037239135677364386,0.02510624330078981,0.0015028201536890773,0.04263531740041482,-0.01406932660882014,-0.03164501004428297,0.02594004362583471,0.0001417259241347,0.007859061079125615
2024-06-06 00:00:00+00:00,0.00882544083657395,0.007839331255313109,0.011847660516995706,-0.0026610795836270462,0.0018205482059641563,0.005540342357039085,-0.005867733830929377,0.0003157785787712,-0.002883272685709015
2024-06-07 00:00:00+00:00,-0.01637639036884718,-0.004263825803104915,-0.0001998494591923805,-0.001160175335741375,-0.01373213130457498,0.02498277470781316,-0.020639047292327153,0.0001207149212476,-0.006119367366376405
2024-06-08 00:00:00+00:00,-0.04682214176751059,-0.020513906536778204,-0.0011152708034434244,0.007457861074934118,-0.037413670432665344,0.029890535133197678,-0.029467197250007376,0.0002155894927189,-0.0027118934616974935
2024-06-09 00:00:00+00:00,-0.01470832912148882,-0.00043962696570909454,0.0,0.03576585343280574,-0.006082958753093925,-0.0004670613079488465,-0.008447059210589592,4.266800485686062e-05,0.001425797274761892
2024-06-10 00:00:00+00:00,0.008945164492500232,0.004623160505577095,0.0,-0.01956288272505413,0.02482770946766728,0.0016602042899831254,-0.0016647803049327555,0.0002659974684597,-0.0027936238422618547
2024-06-11 00:00:00+00:00,-0.015205436775195516,-0.0015559711829544742,0.0025808913052016713,-0.0009379852322079635,-0.0012132590039738225,-0.012489076583489432,0.021606744572719626,0.0001471257825667,-0.004813749296515269
2024-06-12 00:00:00+00:00,-0.04065941273241226,-0.032174264326389035,0.0027104214117694703,-0.04880499865197516,0.02057224627562162,0.0025792042114441346,0.02226938673424872,0.0002274749643933,0.012228871742206243
2024-06-13 00:00:00+00:00,0.03723372552189867,0.014105616845933033,0.008503679780924589,0.01864982934763755,0.02758247008329042,-0.018755549080199073,-0.0062616594124019105,0.000143914263915,-0.0038676132371314722
2024-06-14 00:00:00+00:00,-0.04567793136295817,-0.02172833574775579,0.0023445728948188194,0.05506685635816779,0.019903630465660103,0.04767937705305347,-0.03590993013082425,8.822342549974493e-05,-0.007009302579692194
2024-06-15 00:00:00+00:00,-0.015796044542602226,-0.011187822761649313,-0.00039383555341243603,0.009877743636891334,-0.021219750905805326,-0.0022515603778487277,-0.018024318545311658,0.0002655537033178,0.00013974391321204074
2024-06-16 00:00:00+00:00,0.02656373144829346,0.002634778777008462,0.0,0.003231654924968793,-0.02667164273218192,-0.035986003125376344,0.019289692222094378,0.0002103662067065,-0.006020204226959933
2024-06-17 00:00:00+00:00,0.010035383064291392,0.006643640213430224,0.0,-0.0004622256490264265,-0.014053685220057545,-0.020540265979926753,0.0042995370392181695,0.0002008850970065,-0.0009351730144375333
2024-06-18 00:00:00+00:00,-0.0388094214370042,-0.0027230337146080252,0.007664408277487045,0.01482510739038248,0.030174782068299,0.04811968041788353,-0.030648917116013252,0.0002001242891094,-0.006229996194992461
2024-06-19 00:00:00+00:00,-0.04481808610781515,-0.019889547644801442,0.002521363070800975,0.0035749857081565292,-0.0415145505273796,-0.00703531039688423,-0.017545732094980827,8.08213102616584e-05,0.0016840181356667825
2024-06-20 00:00:00+00:00,0.012002892215019897,-0.0033215656178050557,0.0,-0.002289449835975477,0.013615744969650501,-0.010827810679265571,-0.010108808361223276,0.0001572051614819,0.007868897380629332
2024-06-21 00:00:00+00:00,0.0019883731226757683,-0.0012258676555743087,-0.0025259566650810417,-0.022036851513060028,0.010051025538744242,-0.014063892755822028,0.020435078413672824,-9.933504974068974e-05,-0.008241270473254106
2024-06-22 00:00:00+00:00,-0.013255899852341605,-0.011256052055385934,-0.001562165984246855,0.01185319963888367,0.016793780022425087,0.013699129043457004,-0.015092409845782861,0.0001462570067165,-8.942297702775929e-05
2024-06-23 00:00:00+00:00,0.0024782494278891825,0.001808995072047903,0.0,0.007404636205647529,0.023973947883928835,0.012777198303594096,0.02505624408096432,3.732902592701315e-05,-3.093849327986021e-05
2024-06-24 00:00:00+00:00,-0.02030765272491201,-0.01626867995018677,0.0,0.007392966666453414,0.0010532697381259622,0.003663463534586398,-0.007550806922937747,2.893078939991689e-05,-0.00021661436358406816
2024-06-25 00:00:00+00:00,-0.011438451654621495,-0.046226831595587714,-0.0030651719607218686,-0.03640326768623574,0.021891974285114826,-0.022162219116037885,0.004089709537835119,0.0001559204880883,0.003579091498322089
2024-06-26 00:00:00+00:00,0.022223938233749404,0.024956199729234685,0.003933647462219136,-0.0012925502551751396,0.004655402468033466,0.002213386562501675,0.015519612023882034,0.0001785980833601,0.01116532360854689
2024-06-27 00:00:00+00:00,-0.014238365164575861,-0.014854850771636507,0.0015724132887204867,0.003234448622746645,-0.008615730489412287,0.010492908805437117,0.0016240146691049347,-3.767212896810257e-05,0.006896425655083334
2024-06-28 00:00:00+00:00,0.027647119792201462,0.013504742844655304,0.0009072819876230209,-0.01501305434283069,-0.018072879388023932,-0.005191156068494716,0.021981725626352547,0.0002956054020508,0.006963656772205954
2024-06-29 00:00:00+00:00,-0.020625771545180874,-0.020300898155053315,-0.004083627735109618,-0.008128954683137544,-0.014251573347475621,0.012659533889896601,0.00209519750804572,-6.272659214900944e-05,0.0033395978127360175
2024-06-30 00:00:00+00:00,-0.006796611396691062,0.00914449493461822,0.0,0.012384019166329209,-0.008001272799667624,0.01931535443906802,-0.011663459550668831,0.0001907684440163,-0.0001466978307234056
2024-07-01 00:00:00+00:00,0.028768402055420104,0.02924778296688868,0.0,-0.008387557419876533,0.02056079502419888,-0.022710918091038132,-0.005585322801138881,0.0001585836503539,0.00014998626433963136
2024-07-02 00:00:00+00:00,-0.006235192266792662,0.0018736258483891266,0.0026755889592124937,0.015322660546922773,0.009667007784409898,0.019683427930613416,-0.0031623018474143724,0.0002286246668112,0.0011048228364595248
2024-07-03 00:00:00+00:00,0.008147992230843282,-0.01208582205853359,0.006195331948881222,0.00611128037607862,-0.016657542355970525,0.008520523406145309,0.012327319091098765,0.0001117147288989,0.0033096596018556044
2024-07-04 00:00:00+00:00,-0.04640920136115783,-0.03083530252593214,0.005084398104196586,-0.005262452499883309,0.007611185531478611,0.026221937518573914,0.0009317220884606861,5.2499505614811426e-05,0.003743099565434385
2024-07-05 00:00:00+00:00,-0.08741168417531882,-0.05251959872442202,0.0,0.01066266451591276,6.800621627700565e-05,0.01145499419533541,-0.02457119480879119,0.0001628422840351,7.67112166553535e-05
2024-07-06 00:00:00+00:00,-0.01980843222248762,-0.007730616924266243,0.0054487793072806046,-0.0018032540253178665,-0.012627124578359683,-0.017206644488130765,-0.01283923679627319,0.0001485569988577,0.006040438920909045
2024-07-07 00:00:00+00:00,0.06917135264768272,0.028462200268881244,0.0,-0.02067794147642949,0.011663079095789008,-0.05478209882443154,0.016266280279834615,9.621261323644603e-06,0.008487401873330202
2024-07-08 00:00:00+00:00,-0.06074878776734659,-0.04096983647107322,0.0,0.008217969168574715,-0.0028076069123561323,0.003550212769754202,-0.0030559678500570384,0.0002484128055098,-0.015465380227078204
2024-07-09 00:00:00+00:00,0.042777104459881886,0.01532305587049465,0.0010166708878267539,-0.049186943577935446,0.0025319172889826103,-0.013519854264653054,0.029158668830061282,0.000150120724103,-0.0013517092884029781
2024-07-10 00:00:00+00:00,0.012977275475863892,0.023582376019644746,0.0007410929775606423,-0.0013567194733796976,0.026959816243296974,0.003352917224148655,-0.012587182322558177,9.344694162427558e-05,0.0036187576328055994
2024-07-11 00:00:00+00:00,0.008698091871528094,-0.005449544320202948,0.010208033738690059,-0.013122170786970734,0.021251102916454778,0.009280936959442342,0.010504454256632845,5.505354944101981e-05,0.010057171588205793
2024-07-12 00:00:00+00:00,-0.009016067702673899,-0.00678427227199474,-0.008763008283767415,-0.0027676240264590257,-0.011964603232932023,0.017552957029706516,-0.003601976248547434,0.0001789733717052,0.0133576727852491
2024-07-13 00:00:00+00:00,0.032264421810332705,0.009674520853870217,0.005517016620885551,0.0020012265140416235,-0.004730220378614772,-0.00572273896865343,0.004576823983727565,3.30030842445872e-05,0.0023905600726509893
2024-07-14 00:00:00+00:00,0.028528641516152604,0.022533264212891035,0.0,0.026801236366207175,-0.02919969096070181,0.018783725758844308,-0.003017509524690664,0.0002269241216521,-0.008459421807932905
2024-07-15 00:00:00+00:00,0.012475057016052204,0.02690370770946693,0.0,-0.0184592814028941,0.014295033541080662,0.008774408708654691,0.0055705436585819605,0.0001029456093335,0.0010510540536457754
2024-07-16 00:00:00+00:00,0.04893376208635458,0.06442089326267975,0.002826181805230199,-0.01930748629839698,-0.010444434967948939,0.011792424048449712,-0.027105293773226437,8.672377095342299e-05,0.009983152834043437
2024-07-17 00:00:00+00:00,-0.006284326131248674,0.0050927171362047385,0.006389379210899104,0.02056911083081474,0.018346736352977414,0.031119400057717028,-0.02503849192915182,-0.0001645964370645,0.008038979900286868
2024-07-18 00:00:00+00:00,-0.010830304536751992,-0.014679280110752257,-0.013927512704686507,0.028640269427561663,-0.028110447236897818,0.0009944687386470585,-0.01995113683251317,9.097531140644932e-06,-0.005022446635748374
2024-07-19 00:00:00+00:00,-0.013882007727069637,-0.0014955733837893614,-0.007816372508844482,-0.0231741461671646,0.033868578175490556,0.016988947773734876,0.005179997982703721,9.99872578022476e-06,0.011095533805537355
2024-07-20 00:00:00+00:00,0.03328511168750651,0.041713636200181536,-0.007140293511332718,-0.01628803447385381,0.017484083002457625,-0.004464720426071753,-0.005208815482424668,6.393510619195908e-05,0.002673816804745687
2024-07-21 00:00:00+00:00,0.006576647273229552,0.007019581886867465,0.0,-0.004681012443873355,0.0032259711205796073,-0.010493669336546363,-0.017944103806342947,8.56784682052858e-05,0.0011948524821477173
2024-07-22 00:00:00+00:00,0.020398423139096324,0.015536041111488652,0.0,-0.0019043284244401257,-0.026290006182183114,-0.019199006635999917,-0.026634689190804896,-6.88538692875662e-05,0.010670356940993856
2024-07-23 00:00:00+00:00,-0.03623560212814327,-0.00937509172561568,0.010792007266121617,0.01927405682695849,0.0017823033267692703,0.009225257606595472,-0.029967282809775057,0.0001120960628706,-0.0017169261801343364
2024-07-24 00:00:00+00:00,-0.01270334323700814,-0.023449166804939914,-0.001558116673645582,-0.02904360093021401,0.006258367125607322,0.03265901091619119,0.028815314028076,-4.2608691962486844e-06,0.004293687375409963
2024-07-25 00:00:00+00:00,-0.02331479802481588,-0.008580565686232777,-0.023149031452155744,0.007112049175756318,0.019171795498810963,-0.0034008379341308632,-0.013408798305455182,0.000196263012087,-0.0014159105423647252
2024-07-26 00:00:00+00:00,-0.02423724400343601,0.006460517698329671,-0.005142681306694263,-0.010243838455637876,-0.011690619987116891,-0.00037904456063801717,-0.009671066792052319,0.0001632741973351,0.00916716107981334
2024-07-27 00:00:00+00:00,0.042498163105023384,0.03207243093670664,0.011090490848678192,-0.012129679080859379,-0.0028366281006254393,-0.023031998330855872,0.016554346854554678,9.232849459284154e-05,-0.001286948706512725
2024-07-28 00:00:00+00:00,-0.0011929906515614653,-0.00012816263396309147,0.0,-0.0013069675119062652,0.0015924743892897107,-0.0005889974406426024,0.009069743278616493,0.0001126603267072,0.0005778407355166025
2024-07-29 00:00:00+00:00,-0.006489149415424933,0.005034343148608178,0.0,0.02293190333949717,-0.012436443739753765,-0.00011941585267811756,-0.01435410591253674,0.0001963086230925,0.0072066977428368135
2024-07-30 00:00:00+00:00,0.0047590310312210764,-0.02148338720671983,0.000813320877067536,0.004961960052214475,-0.010844496013781613,0.00036547981886176934,0.01941584093269435,0.0001019177101673,0.0063435220628244035
2024-07-31 00:00:00+00:00,-0.01196934510935658,-0.00884943820224715,-0.004960154039322595,0.018037931706745836,0.0160382206024011,-0.0040378198601245035,-0.025103163653705487,2.7994642984419116e-05,-0.005701698501970043
2024-08-01 00:00:00+00:00,-0.018440668124969663,-0.023541663832598037,0.01579342363752767,-0.0065732132435609054,-0.018813077386052424,-0.0020872239706117186,0.009920656065321418,7.809975291728222e-05,-0.007588829333877564
2024-08-02 00:00:00+00:00,-0.0017335317524381556,0.011255104346937772,-0.013693569708273734,-0.04017669407496176,0.0013171806775339025,-0.012596099321746391,0.013349183416908118,0.0001396166188152,0.0020655418945901356
2024-08-03 00:00:00+00:00,-0.060384649321217496,-0.05885909605090556,-0.018381839946536194,0.020981140022125006,-0.006570717711975947,-0.005910775746239813,0.015415895467034264,6.586741945757701e-05,0.013844944547875514
2024-08-04 00:00:00+00:00,-0.032761273090293974,-0.012996940652563183,0.0,-0.02400399809254012,0.021945631156057476,0.0360259876518795,-0.027448822070350775,0.0001046104214825,-0.004029878707706398
2024-08-05 00:00:00+00:00,-0.05714001615592392,-0.04185740698628648,0.0,-0.013438009819499122,-0.006103251962206381,0.000368052934420951,0.013231021145676314,0.0001387522251956,-0.012174612644751823
2024-08-06 00:00:00+00:00,-0.08306502972322706,-0.07122599729983059,-0.029968802370122227,0.028804992912357386,0.009974673184843796,0.006884734115989402,-8.394328334784817e-05,-8.755970505014421e-05,0.003865431993679727
2024-08-07 00:00:00+00:00,0.05148763172815702,0.03681455323861038,0.01035414252467537,-0.014307586746972016,0.013270696680948109,-0.011327894605550837,0.014790255499922855,0.0001416150197131,-0.004516012236214704
2024-08-08 00:00:00+00:00,-0.010630951702557116,-0.015864993070339506,-0.007734688541859436,0.050564980730362134,0.04361084985066277,-0.030449136078584925,-0.03076992956695228,-4.2057904957593095e-06,0.007202019439406753
2024-08-09 00:00:00+00:00,0.09932373851561752,0.11899373717172779,0.023042600250024137,-0.04698168868376987,0.03598978755201246,0.010069266458009762,-0.02340468062302356,7.69690289970093e-06,0.008738840151245455
2024-08-10 00:00:00+00:00,-0.024233907626981098,-0.013804780424198637,0.004671658542179324,-0.010383680415741382,-0.004940966447909711,0.014881733536653362,0.008257072663381052,4.467658293605403e-05,5.017928524235474e-05
2024-08-11 00:00:00+00:00,0.0042807945050037,0.0013369819400546046,0.0,0.0024258385110683895,-0.010808947312946349,0.005836367823923648,-0.008533529322325317,4.244121417196211e-05,-0.006799171434844684
2024-08-12 00:00:00+00:00,-0.04599834940955486,-0.036078233007444616,0.0,0.003064692397636355,-0.003554847166285492,0.01562512857693297,0.0016919151131669988,-0.0001244361365516,0.003163428075958095
2024-08-13 00:00:00+00:00,0.05694352678122098,0.010742318943794071,4.303763360380408e-05,0.01904834257866969,0.010413974643285813,-0.05935239454879308,0.007334902466084391,9.69958836567475e-05,-0.02218115294042206
2024-08-14 00:00:00+00:00,0.006376460677222011,0.020681482580288568,0.01684757287548244,0.010410040459306468,0.01484310563377762,0.006328073267032153,0.002129297773132288,0.0001113217327277,-0.007203304667345926
2024-08-15 00:00:00+00:00,-0.0053037242909336575,-0.03141840282078601,0.0038237680860733203,0.03328070138839747,-0.03841520671574026,-0.010826023085546765,0.025292960142480683,-0.0001058857994564,-0.01730053487764981
2024-08-16 00:00:00+00:00,-0.017455490915806737,-0.019388522390324625,0.01613320110499883,0.019506341189656086,-0.017727571202270934,0.014478615379835325,0.015501274700756594,-0.0001051131874859,-0.00787392899816743
2024-08-17 00:00:00+00:00,0.013063239744267723,0.02336770356975193,0.001989818192314141,0.015588035006409396,-0.005948949987703456,0.0017873351640000697,0.0072490378925159395,-0.0001226110307221,0.0009635575476188867
2024-08-18 00:00:00+00:00,0.008475984773748179,0.010425640006184622,0.0,-0.021379173316765445,0.019591390249073658,0.017720590700120862,-0.009981780097572269,7.604872860689227e-05,0.008225765386438337
2024-08-19 00:00:00+00:00,-0.009454522814451168,-0.018135651647510853,0.0,-0.010989923593220773,0.001693929642256009,-0.0023148759606281596,0.0001281663197410859,7.991384095351606e-05,-0.00019982225663989515
2024-08-20 00:00:00+00:00,0.019491655839862433,0.017271793115259504,0.009722284736913167,0.015511911489830044,-0.021094937829308182,0.012180382511530285,-0.012691479989757212,-3.400075318682472e-05,-0.00014314419274177845
2024-08-21 00:00:00+00:00,0.014504739248632648,-0.0069968096837461635,-0.0019845762938528466,0.026127308112293024,-0.011585380357411055,-0.030802173902449725,-0.0054119982754295085,-0.000100850611219,-0.005820847555698146
2024-08-22 00:00:00+00:00,0.03426781030301431,0.036232535192403104,0.004239680407066571,-0.03226366482981267,-0.015854053098063113,-0.04527350915392063,-0.004738350585289531,3.071831878287412e-05,0.006688067775048072
2024-08-23 00:00:00+00:00,0.008110575586685842,-0.012599803664921416,-0.008932812652890587,-0.014518336194898973,-0.023013379693315628,-0.011042952760262837,-0.0005680607917424533,-0.0001395649719914,0.0008106578188592157
2024-08-24 00:00:00+00:00,0.044412305203814145,0.060812031171551206,0.011483420217425433,-0.016787724159782115,0.0018090129096311747,-0.01945967898155527,0.0041582787517833175,-9.241637965817784e-05,0.002826843896110887
2024-08-25 00:00:00+00:00,0.0038630850835797686,0.0015089058245951747,0.0,-0.0055671192090191775,0.008248860740463894,-0.0055106910747137585,0.004480523335561238,5.699458668972923e-05,-0.009821195977060345
2024-08-26 00:00:00+00:00,-0.01611260539772123,0.0011494701051990575,0.0,0.012825878837822824,0.011566410918069203,0.017191506731246607,-0.00481371551350911,-6.21408824137415e-05,0.0069785238871220906
2024-08-27 00:00:00+00:00,-0.0373372592682412,-0.021539113447224034,-0.0031537231503155905,-0.012121509499701255,-0.01141347431438966,0.008594157584419684,-0.010030663051896531,2.160949110030508e-05,-0.0022708072379748444
2024-08-28 00:00:00+00:00,-0.05117978301373687,-0.05450136607671685,0.0015952029967027936,-0.002176899737539699,0.0010205216924713337,0.026039851103998084,0.008392778046705907,4.801899828876799e-05,-0.0039770860054978065
2024-08-29 00:00:00+00:00,0.001842400047597496,-0.0063063594035480675,-0.005976038963347419,0.00034914094313824844,0.006809810160111351,0.0007302530538498386,-0.005407007008325859,-3.264929074153766e-05,-0.007901903314495494
2024-08-30 00:00:00+00:00,-0.003691237321072364,0.005307574987290176,-3.934065069444159e-05,-0.010336692003302362,0.0007208271230974899,0.018852280913112328,0.008987740255691979,8.376765484374715e-05,0.0006904514382168598
2024-08-31 00:00:00+00:00,0.00903330996144293,-0.003824810529438616,0.010093062182132906,0.01817116746984331,0.019039287819856088,-0.013426459188345863,-0.0005443188942747088,-4.1617488765410826e-05,-0.004834987990939182
2024-09-01 00:00:00+00:00,-0.00990120426103458,-0.0026126847196863423,0.0,-0.007364561553013993,0.006994124521034717,0.013306269943042426,-0.0012665093363868115,8.824301080534447e-05,0.001915337626635533
2024-09-02 00:00:00+00:00,-0.043717847968522204,-0.028397455799694327,0.0,-0.007108976443377754,-0.020173757410462366,0.03178058872507552,-0.004437065448158806,-2.0299766810505385e-05,0.00045207893679973166
2024-09-03 00:00:00+00:00,0.03947318124234696,0.032199426906078576,0.0,0.007372406220521731,0.03428188909025934,-0.034147818601532265,-0.001137542904386321,-0.0001755497620919,-4.350657036923523e-05
2024-09-04 00:00:00+00:00,-0.04229658098687889,-0.028085620372140352,-0.021151122441753323,-0.0033598407460530624,0.03637465659351156,0.03563251625248742,-0.00647367856375658,0.0001981187537314,-0.011222118923468105
2024-09-05 00:00:00+00:00,0.02486161742924231,0.008579350726433788,-0.0016024800458679378,-0.00461217507117799,0.06126422265206915,-0.054662759591114954,0.01241378444489185,-4.0664028458037293e-05,0.006972261511579974
2024-09-06 00:00:00+00:00,-0.02022105833874035,-0.031048515138545785,-0.0030180776693048417,0.009950076013055576,0.011823881537835979,0.017413546541041058,0.011558134899930895,0.000104662038783,-0.0023054418279348883
2024-09-07 00:00:00+00:00,-0.0335236200353158,-0.03950436097510579,-0.01726020776209658,0.020373339136623474,-0.015821284024281294,-0.0014858369839571457,0.00823782683675649,1.253114548105394e-05,0.011124152557023313
2024-09-08 00:00:00+00:00,0.016671107961550084,0.003842181290876656,0.0,0.012268626403524508,-0.013569690936490453,-0.0008874861737187874,0.012538902282724893,-0.0001338451199074,0.006243881017717176
2024-09-09 00:00:00+00:00,0.02060881602178899,0.013017480405431492,0.0,-0.006851520373722518,-0.012818698464162413,-0.024498413479586527,-0.006367328470173828,-5.088212144688242e-05,0.007241730673226546
2024-09-10 00:00:00+00:00,0.035179796663212075,0.03957723980481265,0.01158009178281283,0.014540043486449505,0.019998269026456048,-0.02202916964719885,-0.0036691908308101387,-6.89687649035875e-05,0.009737850774327587
2024-09-11 00:00:00+00:00,0.008573289231655715,0.010508682687247806,0.004472633223969957,0.016831681185361602,-0.024567852782244694,-0.01901793358998041,-0.014065411859755983,-0.0001095489839267,0.0103764767151163
2024-09-12 00:00:00+00:00,-0.0030641766228330703,-0.005261321562044841,0.010665050805019227,-0.009613792001682307,0.014757922035110237,0.015947051365627574,0.006318226476447086,2.3019536263824136e-06,0.006336889283573879
2024-09-13 00:00:00+00:00,0.014140413400959624,0.013803092171849274,0.007495323299958834,-0.03250650557148664,0.015994957971502764,0.010586974388588532,-0.005975372073720632,6.589715579208288e-06,-0.010667376994142691
2024-09-14 00:00:00+00:00,0.020482627798530464,0.04060794877532392,0.0054076658041088965,-0.006346824150079188,-0.024263707832111136,0.005273626285029233,0.0007866291003398862,-5.572863972957975e-06,-0.0036919711602022734
2024-09-15 00:00:00+00:00,-0.008585775411068619,-0.008141431317218006,0.0,0.0009112307660960259,-0.02314015139263672,0.028612152980517204,-0.010276746485019018,-9.621302503004524e-05,0.0010611770325090612
2024-09-16 00:00:00+00:00,-0.027667984881140542,-0.01440030685077709,0.0,0.023075339331317623,0.008080175668336787,0.00669517268105051,-0.017357705296115734,3.51830044060808e-05,0.009608475360769649
2024-09-17 00:00:00+00:00,-0.014618009781042884,-0.015456722024348335,0.0012566610143582846,0.0008412304961359137,0.007852506782755064,0.00099201632298309,-0.008818643047684472,5.62508657746541e-05,-0.0011239868014386546
2024-09-18 00:00:00+00:00,0.015666121864339622,0.03598741987041776,0.00026450846693371055,0.0029594386737404436,-0.006578857822840578,-0.009040901216779874,0.002601304282072791,9.734923417026307e-05,0.0014365729221683752
2024-09-19 00:00:00+00:00,0.021522545874706856,0.024125346294852523,-0.0028964004415590328,-0.014573603687139112,-0.014873276954076609,-0.010110956773431613,0.006154728702616331,-2.059935525466905e-05,0.00619843950586336
2024-09-20 00:00:00+00:00,0.023004190425835992,0.019301760905025223,0.01697678640717948,0.01869074237479611,-0.00765457116138879,-0.017480319252483743,-0.008780168853530057,5.130560559196695e-05,0.015673912804292953
2024-09-21 00:00:00+00:00,0.017611504729464652,0.003953794005425282,-0.0019409693295342478,-0.01911856858623411,-0.00021878540871260801,-0.035666554316644054,-0.005634774442081315,8.926876913117887e-05,-0.00803131393856655
2024-09-22 00:00:00+00:00,0.013178185154578515,0.002293603394976307,0.0,-0.005685679131927414,0.01354332082923806,0.013115192464343516,0.005513859608035878,0.0001618714504656,0.007371242663303279
2024-09-23 00:00:00+00:00,-0.00958872334070328,0.0037554918936333337,0.0,-0.0016912566318254335,-0.0001559255997009689,0.012571216105139983,-0.022667848105013034,-5.0797803368696215e-05,0.00023210075603530175
2024-09-24 00:00:00+00:00,0.014684110560829293,-0.0040340851877957995,0.002809269537312087,0.005885896059376106,0.013594914364402653,-0.024281109645526988,-0.006295442679014163,0.0001845777990447,-0.003127644774445826
2024-09-25 00:00:00+00:00,0.01931033150700822,0.014866828852168945,0.002511117289812015,0.013912958649910111,-0.0021343979539232526,-0.021056404318833554,0.019050884609734364,-0.0001255580447879,-0.012228806618389147
2024-09-26 00:00:00+00:00,-0.012753140136924974,-0.01750693848833562,-0.0018611774432969463,-0.006147873789392345,-0.0004493500855233812,0.0022406224642510953,0.015068545145402656,0.0001330660367677,-0.0032359023197468867
2024-09-27 00:00:00+00:00,0.0312158966266906,0.03201602068493492,0.004038614114003858,0.026066882419256542,0.01949600132660754,-0.01356297589229516,0.02586927913160575,0.0001439023231379,-0.0006405754394819291
2024-09-28 00:00:00+00:00,0.022742994604977855,0.009370701513067514,-0.0012531829977877607,-0.005472040841036561,0.0030996064101941126,-0.02149623819564268,0.0054621378001052275,-3.9160867872034544e-05,-0.0015967197488099398
2024-09-29 00:00:00+00:00,-0.00938250166563932,0.0011102729142078438,0.0,-0.014864463414012997,0.03884654039103654,0.022076465198254125,-0.008809755887916059,0.000171675651061,-0.0007593241105929466
2024-09-30 00:00:00+00:00,-0.006892341439974473,-0.003866453163503092,0.0,-0.022070717855851397,-0.00878879538126407,0.026830121458423496,-0.010096432368508369,5.802674390942286e-05,0.006292675760194933
2024-10-01 00:00:00+00:00,-0.04234336437089816,-0.03445272929976628,0.0042365423122701085,-0.002322423708312038,-0.005815491655304372,0.007965466650544692,-0.0027120440031097384,2.053618085096076e-05,0.007560220950754747
2024-10-02 00:00:00+00:00,-0.05509879978048748,-0.039998989086876824,-0.009324110452443968,-0.0013826992735339397,-0.012951834150983714,0.03748737156911666,-0.004539533174113153,0.000207978235627,0.004168425380062189
2024-10-03 00:00:00+00:00,-0.02183252941810471,-0.0025371523344435154,0.00013838405955768351,-0.01670737244819784,-0.0050291909329210245,0.0050291909329210245,0.02712961861736489,8.897215548797632e-05,0.010558248703711698
2024-10-04 00:00:00+00:00,0.0031385973852964193,0.0017254291303903102,-0.001681396399709989,-0.018403303971753493,-0.014947631886613499,0.007755024610141325,0.006641227358272173,6.846841324392727e-05,0.004447813007675906
2024-10-05 00:00:00+00:00,0.023503889096877596,0.02185511599415091,0.008970269862489832,0.009758968735798713,0.020937461895775923,-0.02153922541320852,-0.01568394785549092,5.1680037637780174e-05,0.006499130295226994
2024-10-06 00:00:00+00:00,-0.0033889128604254414,-0.0005043961427393384,0.0,-0.002051117575667071,-0.005307403024793844,0.006126804540681019,0.0017060018766320126,3.7722836667031245e-05,-0.0036487243971823884
2024-10-07 00:00:00+00:00,0.016457977566573204,0.012353461855341141,0.0,0.0004960620377063556,0.005972530443972212,-0.014521060569958076,-0.0035200365604496596,2.6289689031955277e-05,0.0025012391534309205
2024-10-08 00:00:00+00:00,-0.008919218184160794,-0.009533471467272348,-0.009586042249529192,0.004050633198415655,0.0005108037993509342,-0.0018888103257733053,0.0062203393782048755,1.9250951422966622e-05,0.007903489461030993
2024-10-09 00:00:00+00:00,-0.00230400926898308,-0.0009486949013276513,0.00968935768284096,-0.01431560180344462,-0.014227908895981889,0.03201077959764063,0.0026221445936420954,8.662300846995485e-05,0.01080270638176052
2024-10-10 00:00:00+00:00,-0.015355803805520736,-0.024549465087869704,0.0071133846739683815,0.004110988410956607,0.00044556656778946616,-0.008837641134341911,0.012213320305725727,8.230550732735153e-05,-0.003127595345502145
2024-10-11 00:00:00+00:00,0.009907716177232665,-0.0051677710604821625,-0.0020700823889336917,0.012287195756802285,-0.01674346495220469,-0.03173777360636436,0.02289227030892522,9.276528810819862e-05,-0.011722723660673168
2024-10-12 00:00:00+00:00,0.01998760999620536,0.036750412981895186,0.00605185076253667,-0.00208807183315245,0.013710777742186406,6.220993619141663e-05,-0.02406805179704312,-2.548066748597755e-06,0.0034674197058155516
2024-10-13 00:00:00+00:00,0.016241002291966167,0.010670463453262835,0.0,-0.007614425150030125,-0.0018666348390696808,-0.022319205209665013,-0.005807690452632474,2.8004041789264633e-05,0.002334416347538489
2024-10-14 00:00:00+00:00,-0.01260245078251098,-0.005321641129542809,0.0,0.0018209365419483044,-0.006092027702395808,0.004429778538143504,-0.01108573602585241,5.512326963641456e-05,0.002124576159122939
2024-10-15 00:00:00+00:00,0.05057239655174869,0.05132256945439018,0.007707612858403268,-0.029540845638193328,0.020128751719236164,0.03162535321635196,0.022568887127280224,6.65847992431523e-05,0.0004931365702302063
2024-10-16 00:00:00+00:00,-0.009846326956405289,0.014821788877301234,-0.0076094097971791674,-0.0163599086228192,0.024274590725787592,0.04563383807833934,-0.001977084731058975,0.0002351978536081,-0.0012119050703838462
2024-10-17 00:00:00+00:00,-0.007357248010508477,0.008172232903417287,0.004679068519722218,0.008276440057456801,-0.00044825887248611807,0.02205546226320858,-0.013700071803181467,0.0001348613518201,0.012609320982667038
2024-10-18 00:00:00+00:00,-0.009883556383766857,-0.0028183808734761895,-0.00017116048520571248,0.01302609159528727,-0.016030608587062022,0.016553963880270483,0.015338865376606958,9.870579307236228e-05,-0.004296942602217134
2024-10-19 00:00:00+00:00,0.019484795543867537,0.014929934793736166,0.003971603038276372,-0.022662560416267397,0.016742203615695495,-0.008736957667740342,-0.001770172897624888,0.0001611514887709,-0.0034986041337687814
2024-10-20 00:00:00+00:00,0.0006496465225871217,-0.0007411435538052791,0.0,-0.002961091648302494,-0.0009653597689157191,0.011534301000284764,0.010049126612717863,0.0001672178548912,-0.0008628513276263516
2024-10-21 00:00:00+00:00,0.026987767939319295,0.009699065642047477,0.0,-0.023051772805021506,0.005562900469563915,-0.01587137778918031,-0.0014509364942254521,9.079544124634964e-05,-0.0035355192518277817
2024-10-22 00:00:00+00:00,-0.0271799353613359,-0.02392491462631907,-0.0018227794573267841,0.003241607033621509,-0.006998628702411747,-0.007721374213533961,-0.01614703227503691,0.0001366809181104,0.0015397851574611842
2024-10-23 00:00:00+00:00,-0.005019435146897348,0.0005581218605643645,-0.0004748905872585807,0.005718876204045454,-0.009091470753872333,-0.010445466928293113,-0.004059720295463377,0.0002438814915608,-0.001786194018391285
2024-10-24 00:00:00+00:00,-0.0250401193203685,-0.011263025469391619,-0.009191277003007925,0.004425419392563468,0.0035627430218006864,0.013088963600986946,0.0018096910650611496,0.0001719961463204,0.003623772415458811
2024-10-25 00:00:00+00:00,0.011575846165490714,0.022905688461030804,0.002145782089274073,0.02657454734733238,-0.01083592711322059,-0.004689140330490504,0.002976954072523963,0.0001846333987605,0.006901867683332868
2024-10-26 00:00:00+00:00,-0.049885488957822535,-0.022163939812655298,-0.0002994908655286066,0.01423936794560423,-0.019408072638758808,0.04086581596416871,-0.0021500406685845547,0.000219454508479,-0.0031815837430903497
2024-10-27 00:00:00+00:00,0.01141566071484219,0.006135355850639401,0.0,-0.01799663861019449,0.007470291474623615,-0.002099830494950083,-0.007033976881194604,2.9191046496901407e-05,0.0011664505839471394
2024-10-28 00:00:00+00:00,0.015105827916975774,0.013728571471169682,0.0,-0.012350006322363181,-0.002458963994096997,-0.007588141938112856,0.00785714915957778,0.0002194798633587,0.006802194662398678
2024-10-29 00:00:00+00:00,0.016175160960482333,0.02864135214714536,0.002651460369276215,0.008051894742198341,0.0036120965986019757,-0.012472587263693869,-0.015475416131643025,0.0001046307248966,0.0030110755361830006
2024-10-30 00:00:00+00:00,0.03003145414604646,0.040027166142407866,0.0016141440228589765,0.0007081018754802951,0.002713091249701649,0.002624814601746482,0.008852714287114163,-0.0001250988059868,-0.006411740148960998
2024-10-31 00:00:00+00:00,-0.0005503319362371917,-0.005368472425573478,-0.0033002338451409985,0.0061868009594840505,0.01071794907073551,0.0010028017176618499,0.007962503607833349,0.0001465652941587,-0.010534814344627916
2024-11-01 00:00:00+00:00,-0.04270977437122496,-0.02801835547139564,-0.018614747655095742,-0.017509051685785447,0.023244622831540232,0.030087389023882107,0.0029014337202707616,-3.074608215369867e-05,0.002974930999050763
2024-11-02 00:00:00+00:00,-0.005321521274561314,-0.01175167337628813,0.004092578148962911,-0.001432525081802894,0.00013959296871006617,0.018227834207709393,-0.0033025697550755455,0.0003666895544423,-0.00520069944110735
2024-11-03 00:00:00+00:00,-0.008389255326362055,-0.0018547963537206558,0.0,0.0031336839967043726,0.011022563457272351,-0.0027084162139928477,0.006823739815735409,0.0002028776291278,0.0034983229927251502
2024-11-04 00:00:00+00:00,-0.021887922848642122,-0.00870880221893544,0.0,-0.008004250362563758,-0.02999419782116277,0.009225069482222526,0.008002056587389507,0.0001848081324544,0.008463534833138168
2024-11-05 00:00:00+00:00,-0.025021664459344995,-0.013498636611525172,-0.002812107247591178,0.0017828360202278189,-0.012581286968860583,0.029567476251511238,-0.01108562526281709,0.0001615760419118,-0.0020980251585080924
2024-11-06 00:00:00+00:00,0.03082363033088973,0.02238985292101492,0.012265675189796932,-0.03900174707265662,0.04137917559776649,-0.04220818754870159,0.005148462033711866,0.0001719705259644,0.0046205314380770215
2024-11-07 00:00:00+00:00,0.11564670797260494,0.08978401830631921,0.025295879476236127,-0.09244817589151047,-0.12465248806993218,-0.11962471301447301,0.028714271585263157,-3.205068046685522e-05,-0.02980319970238952
2024-11-08 00:00:00+00:00,0.027863537658962354,0.0036980731649551846,0.007431219893945906,0.017362519747942187,-0.03312507411125616,-0.024514358497015484,0.0030619927768280146,0.0002075693369951,0.005064921086512942
2024-11-09 00:00:00+00:00,0.01881523491449225,0.008209925203732205,0.0037568431802581514,-0.01619721850511573,-0.006571434952839339,0.02646715896501035,-0.007786107028475198,0.0003711510104162,0.005075341900401929
2024-11-10 00:00:00+00:00,0.041497421283810544,0.0025221554819292447,0.0,-0.0032121954381272785,-0.028850818569986284,0.0014615663372052473,-0.00605042404358791,-1.6193607673908872e-05,0.007787159761432342
2024-11-11 00:00:00+00:00,0.04459481425249119,0.04871072877635618,0.0,-0.019739205102395192,-0.0551170692315561,0.024555123243711206,0.007354667316772791,0.0001344766240769,0.004753259800782297
2024-11-12 00:00:00+00:00,0.06015853910369669,0.10345603780624302,0.000969053663222974,-0.01689612337751467,-0.010448698034652537,0.018263456866638307,0.0026870370621141504,-2.3424172645114535e-05,0.007916804377324838
2024-11-13 00:00:00+00:00,-0.02996206037068243,-0.008530478795522045,-0.002892682479775477,-0.023726547917540627,-0.02496707546702048,0.024202815397140778,-0.012872809894095316,0.0006970392433471,-0.013286253439928822
2024-11-14 00:00:00+00:00,-0.020331799832068172,0.027750875278497844,0.00023228648443596178,0.012918782321078104,0.0028914606968690314,0.011379720776145665,-0.04027554685925847,0.0001271414519168,-0.00651458453443978
2024-11-15 00:00:00+00:00,-0.021713326349933556,-0.03351940477783699,-0.0060497412027306074,0.015451015526290445,-0.0626753492473686,0.07991885536468293,-0.063755486784599,4.323229976144205e-05,-0.03340423262534425
2024-11-16 00:00:00+00:00,0.06565629701150254,0.042249781707363265,-0.013203522508181798,0.05178013879352088,-0.0298097079214259,-0.06408299728029537,-0.017679885048024688,0.0002362466591052,-0.01441318630702731
2024-11-17 00:00:00+00:00,0.07948145494207738,-0.004735678224225048,0.0,0.009396753865707097,-0.06909544538236982,0.014446254731840219,0.03356622355912535,0.0001273659467193,-0.03577945026739509
2024-11-18 00:00:00+00:00,-0.04147680662668029,-0.008201378369940282,0.0,-0.03802208084106915,0.05012322944667975,0.02579172766011832,-0.016208279430778027,0.0002177621844692,0.011408832889459736
2024-11-19 00:00:00+00:00,0.05595662292341408,0.00675751585930584,0.003917814472747416,0.030266226067286038,0.056127033358410516,-0.053694886238980555,0.056404239691512134,0.0004118688727785,0.010355427840395308
2024-11-20 00:00:00+00:00,-0.01762891015465884,0.02020276795046594,0.003963608105035599,0.0027435876821674254,-0.002025198472472709,-0.007667805000564121,-0.023567361799045596,0.0004025596341528,-0.0020649046072872164
2024-11-21 00:00:00+00:00,-0.009057353525628361,0.02114128957426109,2.1970667468895755e-05,0.04469913928095701,-0.04290767810345135,-0.0269422360272511,-0.026243518372476182,0.0002906823761523,-0.0041083035155014365
2024-11-22 00:00:00+00:00,0.06575914122601659,0.04325895129815027,0.005340444913141784,0.012302250879763,-0.0008741154653340993,-0.006385733877454808,-0.0015232536452578493,-0.0001067145207138,-0.005557140662056851
2024-11-23 00:00:00+00:00,0.09574363355039567,0.005638081141198015,0.0034679787718681077,0.1275419167711126,0.047380155443001955,-0.1451517178656899,-0.01710779508612474,0.000279523822366,-0.002990307902715994
2024-11-24 00:00:00+00:00,0.08280408127025639,-0.01208939622771199,0.0,0.12247446011184684,-0.14888089578960811,-0.10236256020214862,0.08342760326823535,-7.034122273164023e-05,0.05867591768093193
2024-11-25 00:00:00+00:00,0.004521120674497007,0.0024036715084598814,0.0,0.009975089191681885,-0.030573217152402618,-0.004935139719702053,0.026066400493444483,0.0002613670188944,0.0134222220545846
2024-11-26 00:00:00+00:00,-0.026822663291841797,-0.049983462705338044,0.0030204344198856425,-0.04340599491256296,0.035869057171861285,0.02241387054659063,0.03621628267317149,0.0003085966749041,-0.003342677162811851
2024-11-27 00:00:00+00:00,-0.014049482158750999,-0.011203043067136709,0.005722044904524104,-0.0007308598110560508,0.0018273360779175636,-0.002625714917141298,-0.0011994288066948348,0.0003581528917917,0.0008970310007704317
2024-11-28 00:00:00+00:00,0.08537747934495968,0.042205400048249686,-0.0038012963267421984,-0.023678269708510107,0.0639086676470208,-0.002626721708507071,0.07791030272239934,0.0002488393330877,-0.030528344629177116
2024-11-29 00:00:00+00:00,-0.007586670208637829,-0.002198003862147191,0.0,0.03250928921627971,0.02248461741647958,-0.0012933802324045507,-0.046302929507389366,0.000184053580237,0.021344303868425354
2024-11-30 00:00:00+00:00,0.039491643352843844,0.019038731629019034,0.005607844313972654,0.04792655542765652,-0.06138480733154372,-0.006249878714895997,-0.05513906344788891,0.0001858092362592,0.00037707833802599975
2024-12-01 00:00:00+00:00,0.02317946120071372,-0.010677189351933958,0.0,0.012860474411915401,-0.008205247461183233,-0.007423621543621861,0.041196127675646,0.000158954927858,-0.03071960535775307
2024-12-02 00:00:00+00:00,0.03604407727461111,0.008188641421465137,0.0,0.061075230095880166,0.030910540225183223,-0.036258729372095816,-0.06162300460338556,0.0002075554982619,-0.022045559098491877
2024-12-03 00:00:00+00:00,0.07444987653241902,-0.01413251001643967,0.0024484531809998433,0.04811139088185856,0.021132155534897876,-0.008847875377210213,0.02470210729142397,0.0003981149417613,-0.04352137658869586
2024-12-04 00:00:00+00:00,0.005848040356321212,0.00023777120778389893,0.00045145233705135013,-0.09039339430703877,0.059248504365791786,0.07071403585161795,0.07470098986378586,0.0002387342198553,-0.01654284134678328
2024-12-05 00:00:00+00:00,0.020017566427087668,0.028739497024917293,0.006051359696390701,-0.041676991930332585,-0.010525547975875193,0.0588330810495437,0.035388873484760545,0.0002832942747048,-0.0229331344896105
2024-12-06 00:00:00+00:00,-0.027715629057674145,-0.01690790900559247,-0.0018697147288503357,-0.014168709035101566,0.010864891114206389,0.016225294333757103,-0.004351384361332797,0.0007987846271866,0.0036123797167569374
2024-12-07 00:00:00+00:00,0.05619395804675068,0.028875842126152795,0.002495428066323191,0.014418228650818855,0.05030117006971299,-0.0398359451535487,0.015577698379938582,0.0002552210825745,-0.016814003633041936
2024-12-08 00:00:00+00:00,-0.0030497334453897535,0.0009689136043686819,0.0,0.01806731600248739,-0.007471586649364692,-0.006925077301675775,-0.029634656062829334,0.0001908181061036,0.007323353457337917
2024-12-09 00:00:00+00:00,0.007274376829440491,0.013021125294296665,0.0,0.0027546161198954257,0.01413762644258245,0.003336352786050889,0.015545581042734246,0.0002100000828058,-0.0017615150017962653
2024-12-10 00:00:00+00:00,-0.14240497945610336,-0.03805237154150187,-0.006144226774839168,-0.0680036094453966,-0.026784560016126502,0.07528758817881903,-0.03959104214224138,0.0003000839979756,0.005614710717005289
2024-12-11 00:00:00+00:00,-0.00400995118840719,-0.007670332853616624,-0.0029638930421207466,0.044365257073150866,0.0447635340713151,-0.05902010415205486,-0.051593298900959164,0.000465627248354,-0.012151595656206228
2024-12-12 00:00:00+00:00,0.06393486392809553,0.04671623065265473,0.008165821859812183,-0.005936876202353968,0.03878140023471948,0.02151702024164208,0.04897080995547508,0.0002465554353732,0.004463805093262521
2024-12-13 00:00:00+00:00,0.026825208802346276,-0.011204041327079195,-0.0054140321061636465,0.04229268387369267,-0.07412861325759733,-0.04617085521326458,0.02040886798462691,0.0002143887153114,-0.0026288577124676644
2024-12-14 00:00:00+00:00,0.006162996940508947,0.013897445950487253,-2.6440818012729572e-05,-0.008261305586129364,0.038621853955342324,0.012997767875519073,-0.028157541226688766,0.0002883137599218,-0.0019455169518092317
2024-12-15 00:00:00+00:00,-0.027366686300820724,8.976846640940117e-05,0.0,0.000875563941223189,-0.005187736593072079,-0.0042320243810383806,-0.005427362603292529,8.637485429030534e-05,0.00219698382261777
2024-12-16 00:00:00+00:00,0.022883535317570303,0.030374527771475757,0.0,-0.023709891740297542,0.02361876303691894,0.016202590547310748,-0.0035342357103809174,-3.258806277917081e-05,-9.845045907751745e-05
2024-12-17 00:00:00+00:00,-0.012615780572743217,0.014960693238777578,0.00379931549522472,0.007711005989271925,0.006085365873012071,0.005647763509813087,-0.012314864193177066,0.0003051835819947,0.014330300605562807
2024-12-18 00:00:00+00:00,-0.009542620221293248,0.00048479955330549274,-0.0038639596449174807,-0.009542922035597923,0.011685706951797605,0.0047044349912835235,-0.027771033963476865,0.0002802327654538,0.004826949592152581
2024-12-19 00:00:00+00:00,-0.08963797520183565,-0.05555995497508359,-0.029492894104891865,-0.005812720610973335,0.0130346625711861,0.020360981570484354,-0.018135846696070795,-3.1877765144239234e-05,-0.0017537095999494443
2024-12-20 00:00:00+00:00,-0.07072040320036015,-0.027417347184249485,-0.0008650990436227524,0.022045557002296823,-0.044004289246826825,0.006197726352503152,-0.026087565834577414,0.0001748817095303,0.011989403480585113
2024-12-21 00:00:00+00:00,0.026663417922804983,0.003386894156478526,0.010869120584686254,-0.024902602801229447,0.024203870451727647,0.019318184208847858,-0.0007434193539880528,0.0002147244142955,-0.006127866310030736
2024-12-22 00:00:00+00:00,-0.03809327278940333,-0.0051409306455109105,0.0,0.005792172545477391,0.021002257288091596,0.015603805042659503,-0.015077382532501085,5.0496500618057993e-05,-0.00025448264792665026
2024-12-23 00:00:00+00:00,-0.002658344758483337,-0.021676547215864872,0.0,0.03276199773302966,0.008973178727465192,-0.03423638882254596,0.03936098547105667,0.0001555554505525,0.002749552791373394
2024-12-24 00:00:00+00:00,0.07047301617810359,-0.0030729295296546555,0.007287319692792726,0.04516017259053556,-0.05695325308900834,-0.030558754555736048,0.064198742498271,7.543260023035181e-05,0.013390793675108762
2024-12-25 00:00:00+00:00,0.0295718726442903,0.039701205235865844,0.011042722967758989,-0.028123808680535434,0.007321824756404263,-0.0033993676740167386,0.005540984568738347,0.000228117749113,-0.0022010748691488114
2024-12-26 00:00:00+00:00,-0.012926913249422568,0.0076297410856234205,0.0,0.012821141172398808,0.01646813556487612,0.014899619615317848,-0.010951720287648436,0.000215148432346,-0.000873460477993042
2024-12-27 00:00:00+00:00,-0.058131055303486584,-0.0365134931983091,-0.00040562645280495246,0.0019396071015171448,-0.02198432765012326,0.011141354849115777,-0.00912374242249818,7.942567119423316e-05,0.0029117267376962985
2024-12-28 00:00:00+00:00,-0.011132362052463884,-0.01558312706916909,-0.011055735815118317,-0.016426195096339156,-0.02876372219584029,0.022913900005509413,-0.006507475412826946,0.0001399570708009,0.010276407266608048
2024-12-29 00:00:00+00:00,0.03335239441960563,0.010611199579031894,0.0,0.0083665022804746,0.037428205881908386,-0.030256771261808212,0.02374781213377406,0.0001030899721934,-0.009458721973772378
2024-12-30 00:00:00+00:00,-0.03842192408626603,-0.016366940271323238,0.0,-0.002907402480548389,0.030827397550687172,0.013899114785253009,-0.0108584113604695,8.209311122042706e-05,0.0026563414634915264
2024-12-31 00:00:00+00:00,-0.006851215758745818,-0.010039487726787644,-0.010702011777237508,-0.004693256173236104,-0.01170758315542586,0.018767828084290915,-0.006829342522637094,0.0001065273140739,0.004180560032924246
2025-01-01 00:00:00+00:00,-0.005868885315790528,0.008512354017332857,-0.004284790432948271,-0.0007748917058302716,-0.02335240214998562,0.014195575275242957,-0.007445558585758816,0.0001137853565571,0.01018241924235273
2025-01-02 00:00:00+00:00,0.06125922451252796,0.011031663653982005,0.0,-0.0895967069380279,0.0320147711549601,0.03367651801883578,0.0483104633710468,6.006554097326422e-05,-0.007627182588432835
2025-01-03 00:00:00+00:00,0.028975080149208556,0.025233424507485225,-0.002223873314030289,-0.017840001726729504,-0.013566194156444823,-0.013963297623057504,0.010325063239092814,0.0001771472925928,-0.0013354304674438287
2025-01-04 00:00:00+00:00,0.05461466616842299,0.0121504627839224,0.012595956411720177,-0.04042294688319248,-0.024187895337850582,-0.01271256290918394,0.03284298158737054,0.0001687831343319,-0.01236641941053731
2025-01-05 00:00:00+00:00,-0.003532736673887767,0.00028019566827675035,0.0,-0.007963807712216475,0.00914009966334257,0.00285294122494566,-0.005321783184766349,0.0001973405576893,-0.002296262176941396
2025-01-06 00:00:00+00:00,-0.00021504572491962322,0.001701075242530603,0.0,-0.013173843615123658,0.010889629225074327,0.006336787174385794,0.0027776990654409858,1.964472599635947e-05,-0.007625612976984682
2025-01-07 00:00:00+00:00,0.008903917034580955,0.03905015446379001,0.005538101159955344,-0.0025203956586676846,-0.00931705508979792,0.021609086311281445,-0.01255433975258069,0.0003118031787556,0.012281517123308772
2025-01-08 00:00:00+00:00,-0.08571642060859866,-0.05147856144622642,-0.011103896321238205,0.02113590880458635,-0.03072615242196655,0.03562120375828761,-0.01529714335499563,3.088737566425692e-05,0.0025929983305829607
2025-01-09 00:00:00+00:00,-0.021538420277768474,-0.019667706352539116,0.0015603237756451893,0.02447238575480912,-0.04746314210391492,0.030793306105548156,-0.015879953082115476,0.0002050591460684,0.0002297761896296801
2025-01-10 00:00:00+00:00,-0.03373709129326236,-0.02639818721642384,0.0,-0.012517274026440095,0.0005485615156430035,0.01861135640791687,0.004944743819469702,6.127197233118942e-05,-0.0015055072888925855
2025-01-11 00:00:00+00:00,0.028448426473029424,0.023453639173285135,-0.01541165040341319,0.009324675046641584,-0.0018265608138834794,-0.00823923566540663,0.010614229032478082,8.013379492122219e-05,2.3942733303721343e-05
2025-01-12 00:00:00+00:00,0.017675260391247456,-0.0011935506017924924,0.0,0.0279885109189447,-0.023885596792874386,-0.004658484297688045,-0.03673430456594695,-9.5017629941907e-06,-0.008206549244086347
2025-01-13 00:00:00+00:00,-0.018182741944643976,-0.0006619960343688946,0.0,-0.025106634760509495,0.016785963662238258,0.008476420378508842,-0.006965877225597163,0.0001099803024195,-0.0007826318239921354
2025-01-14 00:00:00+00:00,-0.02265207487977065,-0.00015449751798668476,0.0015754139322881056,0.01843971614241928,0.003385736534171978,0.0008811842205014297,-0.023195514216147208,0.0001121701290662,-0.01347868698971827
2025-01-15 00:00:00+00:00,0.03630723763937214,0.021480590102375574,0.001146289893115604,0.0009228861616360703,-0.0007670224233499862,-0.017795137255897982,0.002909067390663725,9.385458004640412e-05,-0.007303879807598331
2025-01-16 00:00:00+00:00,0.09101090423284784,0.04087555393001496,0.018312792769356268,0.00443628917263382,-0.036031386989919645,-0.02084943639737645,0.010213778824234868,3.246666262834985e-05,-0.004945220372088755
2025-01-17 00:00:00+00:00,-0.0007666342419919111,-0.005202070475811338,-0.002112636997870454,0.021917659564616575,-0.016661907647925234,-0.007190555840265622,-0.012588873648469258,0.0001468775010371,0.0009362170968064298
2025-01-18 00:00:00+00:00,0.05332176053878675,0.04107671402297841,0.009991006073426734,-0.03596719462565639,0.008532104143999894,-0.010853387168812699,0.030902182199573323,2.526585081152888e-05,-0.008088750867854905
2025-01-19 00:00:00+00:00,-0.043358110302142386,0.004630799913496908,0.0,0.006825314797465176,0.044882450434169364,0.018085844230813854,-0.047700012759502045,0.0001417559569465,0.014545438950192344
2025-01-20 00:00:00+00:00,-0.06782965030771028,-0.03073735007074918,0.0,-0.034214244792225505,-0.004951142627939248,0.01471522419355336,-0.027020037464653486,9.675778510964685e-05,-0.0014731167309061312
2025-01-21 00:00:00+00:00,0.029171645366504052,0.009239819763797952,0.0,-0.013119218801727416,0.003239828082369358,-0.029397513504319604,0.010894639925054482,0.000118792140606,0.007813923448503568
2025-01-22 00:00:00+00:00,0.024495325358653442,0.03781898059220934,0.00876821430596375,-0.004824338161150776,-0.014323771442232113,-0.005846870269452253,0.0034000323795900338,0.0002374404583584,0.0038245514348670137
2025-01-23 00:00:00+00:00,-0.027637393097100095,-0.02308449834848214,0.006137961132307579,-0.015469379812146355,0.00019996496267696284,0.031216974717318526,-0.02017143394804606,0.0002168615481192,0.007782925059434581
2025-01-24 00:00:00+00:00,-0.0019207059522158509,0.0019215761554780553,0.00531351199483443,-0.0006994748602664911,0.01261043563966715,0.006806711901846119,-0.0027017456491101434,0.0001217232900163,-0.010914015288888934
2025-01-25 00:00:00+00:00,-0.005539367286468814,0.009088799691134852,-0.0028551769899211044,0.0036118340272497606,-0.004561610262154403,-0.008231076056217312,0.00044651792743422014,0.000201313051467,0.00037883902978921597
2025-01-26 00:00:00+00:00,0.0022351525834091684,-0.0010123263373728042,0.0,-0.007113357911793283,-0.0005744235145939581,0.017557535205729956,-0.0035940333768793354,4.076203724601157e-05,0.0005998647583167603
2025-01-27 00:00:00+00:00,-0.028992168561305022,-0.020457106836545558,0.0,-0.004609230423335057,0.01508971068484253,0.009435251702338322,-0.013537247930926609,0.0002196934012665,-0.0008928139173944973
2025-01-28 00:00:00+00:00,-0.015251661500309795,-0.005253505018033344,-0.0145806426234667,0.030236835485689093,0.014840311673299779,0.000788325343147234,-0.008644144811607291,7.767005603809274e-05,0.013941440707660891
2025-01-29 00:00:00+00:00,-0.04328325028268389,-0.007270050469852851,0.009217800900823026,0.026411695437548444,-0.03494413860992676,0.01409276681150369,-0.0320464871804466,9.19742643668009e-05,-0.003172286334294105
2025-01-30 00:00:00+00:00,0.021873910570032327,0.023880426068033422,-0.004678873378710091,0.005044793688832615,0.016900516425504677,-0.008652027692469312,-0.0011144719537034657,3.81593048874862e-05,-0.008221406769831182
2025-01-31 00:00:00+00:00,0.05575689941539301,0.009437965172008678,0.0052754370946348494,-0.03044718321317852,-0.029233913523460137,-0.04532617481101457,0.04438935255495906,0.0001638883757293,0.01449588209363126
2025-02-01 00:00:00+00:00,-0.00014257058286657465,-0.021945625061498775,-0.005046803169735048,-0.018374648643289727,-0.008222118897977703,0.022340187932413078,0.00734696522638485,0.0001651807982196,0.004520128108483573
2025-02-02 00:00:00+00:00,-0.06689573032023659,-0.01734816570081754,0.0,0.01595488821757529,0.020881243882279632,0.04001127603220764,-0.026263200930648052,-1.344585746743121e-06,0.0044881728855794105
2025-02-03 00:00:00+00:00,-0.10946884355934869,-0.02921466031036668,0.0,0.06850792944499201,-0.0633226665667681,0.04350306637052086,-0.06052878291258465,8.169417489534148e-05,-0.006190943038213702
2025-02-04 00:00:00+00:00,0.02605651798664514,0.037159868734289336,-0.007608603880785325,0.0014606325527404505,0.01904442562238393,-0.009160914648674946,-0.008194149784909156,7.904460821128723e-05,-0.002293746999808237
2025-02-05 00:00:00+00:00,-0.06219181375547669,-0.035380285249724364,0.007224871842350655,0.02622076048641136,0.0030276201445659442,0.007603072618753953,-0.0036873083905872017,0.0001431544154884,0.0005233222322156404
2025-02-06 00:00:00+00:00,-0.01627595187959079,-0.011838104429540919,0.003908656680821743,-0.006492672741675488,0.0012861782974415755,0.008439309209984813,0.010922269968338182,7.241267443403032e-05,0.0021765612539294318
2025-02-07 00:00:00+00:00,-0.029632820151690782,-0.00039460111109723695,0.00364432448840879,0.03360608559620684,-0.0301852854322576,0.03895901526322161,-0.00459536535644256,-3.343187854765173e-05,0.0018721028596835256
2025-02-08 00:00:00+00:00,0.005753620321098755,-0.0006278810258706358,-0.009464837258386094,-0.012986402316988842,-0.0013720422987992809,-0.017737809918818903,0.011085253976511833,0.0001043194571206,0.0002226488575935523
2025-02-09 00:00:00+00:00,0.017807271191971837,-0.00044165902057458073,0.0,-0.015326888572620698,-0.017923209844287413,-0.01092824362453677,0.030821713959464207,-7.216774472884602e-05,0.00227828633271184
2025-02-10 00:00:00+00:00,-0.0007194351221659382,0.00012135431414606046,0.0,0.0029672740806799378,-0.018837836125331943,-0.014684614067327507,0.018004513534973968,0.0001011027737143,-0.01018345860037788
2025-02-11 00:00:00+00:00,0.03177148476824872,0.009910436864004168,0.006712589964470439,0.009592420994239292,-0.024255773514698233,-0.019654852927529595,0.010631365701209775,0.0001640411491312,-0.004707017084105478
2025-02-12 00:00:00+00:00,-0.0017777652788180849,-0.01692147809799216,0.00033957312690802155,-0.020676708595940507,0.001660736863351908,0.03001377444026494,-0.02144912381748454,5.133892900577308e-06,0.022081090564045565
2025-02-13 00:00:00+00:00,0.0426266591558713,0.021778643162013722,-0.002723902117491961,-0.0068404560681933485,-0.013138588868423319,-0.002055390142508884,0.01745140662442886,0.0001307950331759,0.0005096421325542997
2025-02-14 00:00:00+00:00,-0.0119189629010061,-0.012837328747867138,0.010426357037460532,0.009442331238199174,0.023536043359854732,-0.01648335474938343,-0.019579368506068985,1.2586428874250544e-05,-0.009581757520887668
2025-02-15 00:00:00+00:00,0.01728800493364949,0.009160050786759744,-7.195338728738232e-05,-0.03544192323201041,-0.009307575269582367,-0.012934136741832835,-0.006047365660084791,0.0001001351151026,-0.0062414095969173765
2025-02-16 00:00:00+00:00,-0.009036749107619358,0.0009533573263302841,0.0,0.05237951008003596,0.025989310673521795,0.015371582065638333,-0.013359927854400211,-6.72688882157324e-05,-0.0020695664497433525
2025-02-17 00:00:00+00:00,-0.012807109506903728,-0.01508130164653776,0.0,-0.0007004287997399265,-0.001870596753331455,0.01785814796491483,-0.0011906825264755387,0.0001466602922259,0.008876475670828185
2025-02-18 00:00:00+00:00,0.007535631352314261,-0.0033705642936701086,0.0,-0.026995240829132648,-0.009694224224942927,-0.004855715307560926,0.0013551803625134976,1.4701291185970078e-05,-0.0004004097132707898
2025-02-19 00:00:00+00:00,-0.031241162470847777,-0.0012658862457072262,0.0024449557863681637,0.05178837403120582,0.04272499925871094,0.007546576406909877,-0.0003071544785135452,0.000193287878673,-0.014311698611879803
2025-02-20 00:00:00+00:00,0.022739057163043,0.010206856162807698,0.002376998097748828,-0.005571057902917342,-0.0038830313293348948,0.0020091525754793345,-0.001506688230174278,7.55550038757935e-05,-0.004296845525338542
2025-02-21 00:00:00+00:00,0.017337895336939767,0.01713182467545904,-0.004334204080303938,-0.03163451328727192,0.009871927979763884,-0.008869233195749969,0.008823172840891045,8.07650907541646e-05,0.014499028756753948
2025-02-22 00:00:00+00:00,-0.038978013790360165,-0.021627860348142347,-0.0170641044083224,0.02281075875240537,0.004708591240342307,0.025623302273589957,-0.027442731020735113,6.774442797063962e-05,-0.0021833162194140974
2025-02-23 00:00:00+00:00,0.018160788924991875,0.003905213782887218,0.0,-0.021716464617144028,0.007221645874115867,7.88020075848557e-05,0.01059767813126462,3.0762403608664e-05,0.0063016260207758865
2025-02-24 00:00:00+00:00,-0.0005419199107472202,-0.0029522306491074346,0.0,0.01748949107903468,0.016097724838141602,-0.0006424914803105034,-0.0017952527925563008,-3.2661582131887634e-05,0.004596606105253539
2025-02-25 00:00:00+00:00,-0.10599452180084104,-0.04888773872772767,-0.0049691258961639395,0.049965571675800374,-0.00010023887174070989,0.05576922327205272,-0.010571491597805266,8.233724242190377e-05,0.004898033838590364
2025-02-26 00:00:00+00:00,0.007427599160918389,-0.03142015746138582,-0.004679730915472358,-0.02655115274602391,0.027752484073946773,-0.029014030388287357,0.017958806656332912,5.962931960112883e-05,0.0021301132130309907
2025-02-27 00:00:00+00:00,-0.014635017253710185,-0.04998471329244103,0.0001360144410393893,0.022798404215309587,-0.02297075192173157,-0.04957116391951677,0.004557870501402883,8.73713065119297e-06,0.02681047873543565
2025-02-28 00:00:00+00:00,0.004583737316246765,0.005457881330269476,-0.01586451446090209,0.015498649990662063,-0.023524579191922523,-0.009399074641783444,0.0011053997027371087,8.171892363573185e-05,0.003281060069507271
2025-03-01 00:00:00+00:00,-0.016700326684814883,-0.004352288524249404,0.015854114170776867,0.022381601542056085,0.00589820544155455,0.007821879906629081,0.010672642075151504,9.750934773600228e-05,0.013668878866760591
2025-03-02 00:00:00+00:00,0.007323848112453361,0.02026225509966828,0.0,-0.00567363855374281,-0.010099830825120427,0.023853133015480598,0.00360395060994454,-1.9965023645429625e-06,0.010943666624766353
2025-03-03 00:00:00+00:00,0.16377745946329708,0.09551586660264144,0.0,-0.08036509515395182,-0.14763686801092255,0.022673807162415432,-0.020683798539961856,-0.000107499712984,-0.027486874641676873
2025-03-04 00:00:00+00:00,-0.14794607505274548,-0.08522459532087778,-0.017596775547904953,-0.011609512955766982,0.09500557003096351,0.09352818815217048,0.012971160082238059,-9.057882938845464e-05,0.008561128344971336
2025-03-05 00:00:00+00:00,0.01623271859576862,0.012219132246698461,-0.012234773630190987,0.0026518596650985937,0.0515225932322543,-0.05569158935639444,-0.02338926826294088,7.185324345315713e-05,-0.01067453695168546
2025-03-06 00:00:00+00:00,0.04214059125935609,0.03805565648357123,0.011159281084776262,-0.04434777409680457,0.0029125650354660873,-0.026893116401604855,0.0040469872748015966,7.85477742015761e-05,-0.003850145739223082
2025-03-07 00:00:00+00:00,-0.01435531004552315,-0.007489557350929377,-0.017819030128555013,0.003756782417500283,0.016316927329766705,0.005573933853292768,-0.0033749376730047194,8.833399820562526e-05,-0.0036594634861946695
2025-03-08 00:00:00+00:00,-0.02832319821310257,-0.034865688113403626,0.005520587189728143,-0.006988211650878505,0.0040001831370354915,0.0485605762680269,0.04612834367874084,5.113263543532476e-05,-0.012332871101944568
2025-03-09 00:00:00+00:00,-0.005214637910747736,-0.006559943195571849,0.0,0.010365855566518367,-0.029301177459482332,0.01050539237361343,0.006708229639930096,-6.357190577466199e-05,-0.00440504383083106
2025-03-10 00:00:00+00:00,-0.0824089022396601,-0.06376885920586828,0.0,-0.004682184472095202,0.010906994477982893,0.025999842288745786,0.0004909327595000734,0.0001150013568453,0.02259047831251671
2025-03-11 00:00:00+00:00,-0.055455141368267485,-0.02628617602442962,-0.026973068524487775,0.014698974900856969,-0.033149217905808055,0.01366276587897914,-0.0026713989289223403,-4.359219955962779e-05,0.022587038255351948
2025-03-12 00:00:00+00:00,0.039723542072792765,0.055088725915705794,-0.007567823658488071,-0.006635173575715837,0.02177839801392434,-0.012670192614087347,-0.031400614296746676,-1.4856072988456148e-06,-0.0015908967245059872
2025-03-13 00:00:00+00:00,0.013647183229172903,0.008983545647558433,0.004886873280486537,-0.003007997237514614,-0.03431606918262784,0.0008016525096351092,0.0003434718403169338,6.99108411885696e-05,0.003138359834470844
2025-03-14 00:00:00+00:00,-0.017176041934700282,-0.030550916001420347,-0.013891022092047178,0.0027486898847773646,0.007328787451499631,0.017464417345876535,0.037517680403160794,-3.0165228048772974e-06,0.014752752923209614
2025-03-15 00:00:00+00:00,0.031203009256060364,0.03520239155261007,0.021265883307494793,-0.012296456311499206,0.02511504117534771,-0.01101168327415061,-0.008070489584085825,8.12688226794478e-05,-0.008668441025868792
2025-03-16 00:00:00+00:00,0.020190601696743374,0.00432571914634039,0.0,0.003097553395201791,0.0048374230006529954,0.0034725933054224473,0.0064748958468402885,-6.281225796067602e-05,-0.003988755712446186
2025-03-17 00:00:00+00:00,-0.03630797595026549,-0.02089251971165862,0.0,0.001389125376556312,-0.004747035882003647,0.018534078832802028,-5.087919696342841e-05,1.9093150986693175e-05,-0.0029146837559146693
2025-03-18 00:00:00+00:00,0.03276440111976743,0.017219196138674064,0.006416099479689574,-0.013826462830534458,0.021551205434786967,-0.005422303983033935,0.01827441083029786,0.0001447405623933,-0.005129521145983347
2025-03-19 00:00:00+00:00,-7.387775497100791e-05,-0.015444916742989867,-0.010653519220738983,-0.02160692339253993,-0.010033864104229817,0.013707674190222386,0.040269984672104985,4.217703366582448e-05,0.01079979715600672
2025-03-20 00:00:00+00:00,0.04428127293562418,0.050125746829716045,0.010798516740105457,-0.013863798276091542,0.04829026652906709,-0.05296908977396782,-0.04246634870124069,-1.1589112725918229e-05,-0.00792641650400764
2025-03-21 00:00:00+00:00,-0.024866316341459402,-0.030252344781349527,-0.002184910374623983,0.0008611697533223994,0.026502983090466392,0.026865035481424514,0.01411873296790862,-4.743795212525104e-05,0.005782547455964112
2025-03-22 00:00:00+00:00,-0.010950964206273431,-0.0015834438061570477,0.0008246672635350283,-0.004644609920900189,0.009095522131812596,0.018364935622403777,-0.004108961971969305,4.454648492724367e-05,0.0005797083637292043
2025-03-23 00:00:00+00:00,0.0034761307489973746,-0.002919680239095057,0.0,-0.013447786011631858,0.006183719760740702,-0.0066454796512804394,0.008148730063090182,1.0167325105170376e-05,-0.007137765455526093
2025-03-24 00:00:00+00:00,0.011582128181286462,0.026720394630862954,0.0,-0.008688447662820998,0.007173590139884858,-0.020366902702414723,-0.011032237245557686,4.49467577612328e-05,0.001553597056001332
2025-03-25 00:00:00+00:00,0.028881193443044812,0.016493848510416687,0.017646041682840563,-0.02731535556781599,-0.012954038009547222,-0.02275508730087228,0.0012140594037682445,-1.2154966401722866e-05,-0.004497268632225598
2025-03-26 00:00:00+00:00,0.007041935141275239,-0.0010701619191569867,0.0015743198608773046,-0.005223388623976399,-0.020207164434576194,-0.017510797030308157,0.0057840730353220906,-9.71348953242579e-05,-0.004391656231809148
2025-03-27 00:00:00+00:00,-0.011576001648749256,-0.005677018832594305,-0.01115698545004451,0.029622812114485475,0.023604115537222525,0.003134840872167155,0.03541440965406826,8.024510060722356e-05,0.01604478066434229
2025-03-28 00:00:00+00:00,0.008709032505149206,0.0036535756465123637,-0.0033069570393192693,0.00899956022517039,0.0017150685927809885,-0.005704292040969538,0.00355632641587751,4.922152812003589e-05,0.008168624608226588
2025-03-29 00:00:00+00:00,-0.0569790541471237,-0.03223261063043048,-0.019737200328104554,-0.012073594601070409,-0.002254870855345016,0.02043831555647093,-0.022000861275841714,7.978651033613282e-05,-0.00031930544751709676
2025-03-30 00:00:00+00:00,-0.03124632269399726,-0.021048627175850543,0.0,-0.0006011655246296807,-0.014340208995027547,0.014362914740096013,0.004892073256735706,5.457771328609695e-05,0.004527788110416118
2025-03-31 00:00:00+00:00,-0.010411351942219198,-0.0030494632871979066,0.0,-0.005279576689213417,-0.008008205790588162,0.020323264316531156,-0.002278151140824857,-2.932345306794204e-06,-0.0030830049839118924
2025-04-01 00:00:00+00:00,0.0029716685167570384,0.001999931999883353,0.0055384935154294546,0.019997275989550478,0.014894027305511613,-0.008009604488880906,0.020161590058846678,3.101577274033929e-05,0.004493594291493772
2025-04-02 00:00:00+00:00,0.030992904163198814,0.03154967128184927,0.003781284246727745,0.014013307821063938,-0.0010091658212888245,-0.02186567665484107,0.005431069011484536,4.944346308644043e-05,0.0005101280985628876
2025-04-03 00:00:00+00:00,-0.041718892804812634,-0.030965368082339184,0.006728125160880394,0.031141283422841257,-0.0023559764507614656,0.05002991060236525,0.038769570707505974,1.0825790487167808e-05,0.018042588689859314
2025-04-04 00:00:00+00:00,0.020750186678323512,0.00844273693066988,-0.04839560075260485,0.015561382776481648,-0.007137065317061708,-0.01872374899017299,0.02366492925506827,7.724439640011127e-05,0.0044125462780659425
2025-04-05 00:00:00+00:00,-0.0017989641950066026,0.008172490277285283,-0.05974961641947041,-0.03357288184698117,0.02944561564064161,0.02880522825430969,-0.035653215458287854,8.653026410465614e-05,-0.0013292144978431604
2025-04-06 00:00:00+00:00,-0.010374851625591737,-0.004235565153413945,0.0,-0.01206917133303087,-0.002275973757413596,0.0019718407085556056,-0.006562273737350899,5.897661357634476e-05,-0.0005630456209883787
2025-04-07 00:00:00+00:00,-0.10114896567564995,-0.06126618294950914,0.0,0.05718404496676949,0.013535335021515896,0.02982101369316313,0.0014435539481616189,9.203040808292152e-05,0.03164336251888884
2025-04-08 00:00:00+00:00,0.014672268641426811,0.009567546880979716,-0.0023314571311449095,0.02150395383523467,0.014150030902065545,-0.04920112540864217,0.012424999038201667,-2.594802982813782e-05,0.006738725119315442
2025-04-09 00:00:00+00:00,-0.04011285800403589,-0.0359123073035128,-0.015700528421156545,0.005679289743158941,0.013538822126080596,0.031116138216839652,0.012653702494464444,8.063141793890338e-05,0.016563990687170183
2025-04-10 00:00:00+00:00,0.10750053384673822,0.08244132538379167,0.09515390034057347,-0.03517458017361785,0.01877070584378883,-0.05558721655121232,-0.013049718350006415,-2.4373577995007167e-05,0.005385101369167406
2025-04-11 00:00:00+00:00,-0.038131868788987874,-0.03666150046011529,-0.034607561069471604,0.029324377060755726,-0.0243575861165807,0.008204135384754216,0.02642448859025628,0.0001747939658054,0.027261265090346105
2025-04-12 00:00:00+00:00,0.03787229994526366,0.047990075439729996,0.018092083408471682,0.007585626920754776,-0.013789275731366946,-0.012384987213686038,0.02445648584302016,5.247105592243173e-06,0.00015235226302726378
2025-04-13 00:00:00+00:00,0.054158077109499186,0.022301965859222284,0.0,0.0034371629972246506,0.007593578697081688,-0.04652525064720821,0.0023308564045508642,4.631205518701442e-05,0.011248811429278267
2025-04-14 00:00:00+00:00,-0.030413165535606853,-0.01788056472597843,0.0,-0.00992509533779113,0.04293819621929611,0.05833989971586071,0.014697888431837548,5.015441837241674e-05,-0.013870897171526222
2025-04-15 00:00:00+00:00,-0.002085979057772732,0.01003658899319948,0.007944646639420183,-0.01406725753531426,0.01272478676770159,-0.0015378715147690957,-0.016901765179846984,-1.290231599182512e-05,-0.005897598954304042
2025-04-16 00:00:00+00:00,-0.025929832485200793,-0.011178668281415671,-0.0017277195396940837,0.01732953289777206,0.018899835910841656,0.012337159020336098,-0.005845786261901621,4.092631211727315e-05,9.506036120470994e-05
2025-04-17 00:00:00+00:00,0.005241408050974698,0.0045605301840598855,-0.022408428964001637,0.019189726723829972,-0.015356165773561957,-0.01911987113539304,-0.002816655048194594,7.899893051299678e-05,-0.004710939656871077
2025-04-18 00:00:00+00:00,0.010976862245963163,0.011013215859030812,0.0013268381447011368,-0.00391507428670883,-0.009383534636059232,-0.0021065684334010907,0.013134734866749454,1.145001511226873e-05,0.007243226394338691
2025-04-19 00:00:00+00:00,0.001437583184991076,-0.005817582288170531,0.0,-0.019099014030464167,-0.0029327163555203707,0.001517344945562793,-0.0012828247265720405,0.0001851254195273,-0.004415349439189532
2025-04-20 00:00:00+00:00,0.022717770008276527,0.007414032053635777,0.0,-0.018577555355989976,-0.008488055376688751,-0.01415979261932461,0.027914469794961237,-0.0001191664498494,-0.008267427086319662
2025-04-21 00:00:00+00:00,0.00036340304785226576,0.001080580244547491,0.0,-0.0005670160271275424,-0.004893474798664354,0.0030395048286447897,0.00559105994279141,6.943964268901759e-05,-0.0036838525896763226
2025-04-22 00:00:00+00:00,0.0003213876213708019,0.027334188407635462,-0.023567493895167213,0.0032595168527651762,0.011399600206150495,0.011825815037024423,-0.0057134041662152855,0.000132975634874,0.004992430509905488
2025-04-23 00:00:00+00:00,0.07441498739737554,0.06789952667322163,0.02511728897677501,0.0029895040480719948,0.012465510787847037,-0.056043563933921396,-0.020301485494745815,-0.000119755593293,0.006984573609781511
2025-04-24 00:00:00+00:00,0.011199162290060941,0.0024324205689423284,0.016661119264111734,-0.04332403968258218,-0.01161361354862269,-0.023320907037669203,0.012187303974567241,0.0001393914917189,-0.0029351326282649644
2025-04-25 00:00:00+00:00,0.008547573581527638,0.0031986893383786352,0.02025908412793509,0.002778899563246574,-0.0037601490358690533,0.0006345330451170694,0.009759340774982061,-5.127105635271967e-05,-0.0009404079579012128
2025-04-26 00:00:00+00:00,0.0006668416374519426,0.007028518624190294,0.007373144179245283,0.0014919577538777154,0.005215638551293189,0.007914229042256093,0.005563604218163975,-6.638133943404068e-05,-0.00046480433449620155
2025-04-27 00:00:00+00:00,0.004244994928501936,-0.00017020502834286244,0.0,-0.026252697495649423,0.014069450409068575,0.007557858561705477,0.0018013017109662632,-9.08000892416716e-05,-0.00013681246404490763
2025-04-28 00:00:00+00:00,-0.020479531064274914,-0.00928991273656965,0.0,-0.021554304389916346,0.004870706516510514,0.00523062644692902,-0.035796756503147883,-3.563623329427834e-06,0.0028633540812288884
2025-04-29 00:00:00+00:00,0.015680711803573652,0.013574593023690129,0.0006406996295162948,-0.0021050493002224384,0.014733208784192774,0.0021814524793306814,0.016063208989660828,-8.468507595638108e-05,0.0025396255816379615
2025-04-30 00:00:00+00:00,-0.011382842383400482,-0.008096326169592105,0.0058023965634184105,0.0005306225250192743,0.008952345224254098,0.0002311262726510492,0.0004608885112756811,5.9492724438392486e-05,8.767891754023122e-05
2025-05-01 00:00:00+00:00,-0.002164876911754206,-0.0007961774987500503,0.0014799948928487794,0.009100385098105245,-0.02884300152822683,-0.012982341123968122,0.009200430786201984,-3.8973037750134054e-05,0.006026901664040765
2025-05-02 00:00:00+00:00,0.023165345629226643,0.02441644152303679,0.006299088176460632,0.0041290975796782516,0.030536845046863555,-0.0102664465138643,-0.0018564857624272305,3.057179963894541e-05,-0.00798104948823507
2025-05-03 00:00:00+00:00,0.0062324149259525745,0.004230305330765516,0.014726612825518126,0.015011059805763028,0.022905803966277814,-0.008350837391499555,0.013895664697319975,-0.000179291947251,-2.1355345722676847e-05
2025-05-04 00:00:00+00:00,-0.0182824127516938,-0.010615380166723032,0.0,-0.011967067580840918,-0.009948263464246442,0.0021062132615803364,-0.020759802945221104,-4.243891904787134e-06,-0.006790047725952788
2025-05-05 00:00:00+00:00,-0.021253167169881217,-0.016420102439060114,0.0,-0.0003776273273004907,0.010061733575168375,0.015959915089755205,0.003085279831589214,-6.8893309522755075e-06,-0.002604625333996278
2025-05-06 00:00:00+00:00,-0.0007483271925053048,0.004950642150817863,-0.0063815906321273985,0.013172458794961673,0.000826048798556922,-0.0029264897687147685,0.004831538550395443,-3.805542091728231e-05,0.0012805366566330614
2025-05-07 00:00:00+00:00,0.014595014703099977,0.022199295223592763,-0.007693287885062627,-0.006553964854587124,0.030566653489804318,0.02805504484715822,-0.0009011043302712407,2.226355898593546e-05,0.013858634249184095
2025-05-08 00:00:00+00:00,0.006721606072907356,0.001957666874313757,0.004346422539330819,0.03300777518778555,0.04177016874031856,-0.0295930189050847,0.04914304762285622,5.525627577318559e-05,-0.017435320181815997
2025-05-09 00:00:00+00:00,0.11283236812189788,0.06433449773374966,0.005799747126763233,0.0037465699546272574,0.06883709164556606,-0.059307097288920516,-0.026455534833570882,6.416861562885678e-05,-0.011407213120174212
2025-05-10 00:00:00+00:00,0.025565866655121314,-0.002772500898495789,-0.0007115188367108338,0.005159738511419043,0.0031921816870171572,-0.001350094815768442,-0.007198114425729728,0.0001121751603356,-0.005391750633033887
2025-05-11 00:00:00+00:00,0.06568952299862216,0.017941188184791734,0.0,0.04658090522186267,-0.015178335266971807,-0.06448531284990547,0.01815219804410037,8.368622075871635e-05,-0.009369306900708408
2025-05-12 00:00:00+00:00,-0.030702172322802073,-0.006833745591131923,0.0,-0.011506681916309477,0.0003283704919096117,0.007621405616248668,-0.0009241724112260853,0.0001275159609694,-0.0018003069550754692
2025-05-13 00:00:00+00:00,0.002819271051649837,-0.012812197627235511,0.03255882160670387,-0.04282864830275275,0.02812742992011448,0.04521909726038442,-0.02134855403205009,0.0001271471708961,0.007065772387419926
2025-05-14 00:00:00+00:00,0.021702319900718397,0.013069000859456947,0.007248224304822415,0.024253883795275752,0.022972966965583416,-0.03320055745331145,-0.012158276584005078,-1.04940642871032e-05,0.007988331097068653
2025-05-15 00:00:00+00:00,-0.029913059732438466,-0.005994312176937355,0.001024369112638146,-0.02979318015577985,0.0018347035721928626,0.036445395086167134,-0.02446762186804399,0.0002020023554241,0.009089226783607877
2025-05-16 00:00:00+00:00,-0.02989655945816822,0.0024782979776354352,0.004132315556174104,-0.004332138770318659,-0.019779748159310096,0.01632498226010981,-0.002264110164142675,5.439857124733827e-05,0.010341070124089404
2025-05-17 00:00:00+00:00,0.0009374453847778981,-0.0029147322698369615,0.0070053220166539365,0.03166480814051207,-0.019628238893000846,-0.019869695746087546,0.012960140939662579,8.55902715048984e-05,-0.0043120371941657845
2025-05-18 00:00:00+00:00,-0.023809901004670155,-0.0032162549486423053,0.0,-0.0006126708866582842,0.007011228513470514,0.020704006288815722,-0.013747894954738294,3.095218124093968e-05,0.0011598054796282378
2025-05-19 00:00:00+00:00,0.02956691350384161,0.03228572869898594,0.0,-0.005248402867337944,0.01518650402494386,-0.0013989322489223154,0.0010861097058804114,0.000108515273042,0.003150295832132031
2025-05-20 00:00:00+00:00,-0.015007696318094938,-0.008232494671433277,0.000876077054501545,0.01653056807914355,-0.0028137587905425095,-0.0036564377691272517,-0.022278348248679112,6.0975989416123255e-05,-0.0010656323422910505
2025-05-21 00:00:00+00:00,0.008277310490919813,0.012020096350287446,-0.0038802065866255786,-0.004518740873859816,0.011095216417258592,-0.031312078362801345,0.018158270806852773,0.0001240576677381,-0.001505759265852917
2025-05-22 00:00:00+00:00,0.01971188812932534,0.026305218815338094,-0.016135114115741978,-0.02433675309066381,0.01434998946206234,0.013115195506727463,-0.006217687352677557,4.0840350703730266e-05,0.012458859086492902
2025-05-23 00:00:00+00:00,0.047109194150442915,0.018731952978528366,-0.0004448543187653975,-0.021659821053095427,-0.027297103834938503,-0.028667251773040102,0.02328831818672938,0.0001524384841449,0.016543438308106465
2025-05-24 00:00:00+00:00,-0.05480096486487447,-0.039325576042850474,-0.006708307585916562,0.007561290994912387,0.02349569968948801,0.009548026536771136,-0.007238040909642529,0.0001639591780135,0.011873871410804038
2025-05-25 00:00:00+00:00,0.0019556463733380863,0.003984282871032807,0.0,0.013063588801533244,-0.013226684209836415,0.004826974686441664,-0.007849779500025056,0.0001923461763773,-0.0005623402375069809
2025-05-26 00:00:00+00:00,0.007174297284590692,0.011671428398990047,0.0,0.0036577151550121643,-0.004730736627409527,-0.006341637791630839,-0.009191793276102624,1.2886472332329646e-05,0.0009777376171443601
2025-05-27 00:00:00+00:00,-0.0003555663721198939,0.003954811074939668,0.0,0.007806352902327739,-0.0009750803056451261,-0.007423624258950268,0.006919338588553892,0.0001430154553287,-0.00823062981715254
2025-05-28 00:00:00+00:00,0.01016723507041791,-0.0045480807556305125,0.020459018201495205,-0.006967211425813379,0.004549871653413829,0.0002871551508177427,0.0019105481263327999,7.277020682150415e-05,0.005765682530311524
2025-05-29 00:00:00+00:00,0.0020602987102324778,-0.01070995956443832,-0.005571185873944895,0.01666340789776457,0.025035112852936005,-0.026160072382674947,0.010684381959896027,0.000101553167132,-0.0019382153158981506
2025-05-30 00:00:00+00:00,-0.031613745806124166,-0.020266776578097057,0.004011174227950942,-0.025449602832766007,0.013611844309812906,0.02628578151333074,-0.009019002638504591,2.8359797906052364e-05,-0.007168796589457661
2025-05-31 00:00:00+00:00,-0.05199588082468278,-0.015064444821342393,-8.118846379590039e-05,0.028380840085672408,-0.022607024389699373,0.014447566305616479,-0.02873325264207565,3.060197760307304e-05,0.009604669689749443
2025-06-01 00:00:00+00:00,0.006390810694312976,0.005721019721019793,0.0,-0.0154503863196088,0.008056074694848458,0.01772729669701676,0.011615445583576078,0.0001139059068502,0.006375179299371093
2025-06-02 00:00:00+00:00,0.005822940440842536,0.00993450648382943,0.0,-0.0014105209943417792,0.015770931205616612,-0.0036748259244946194,-0.003732234059488904,8.800940508102428e-05,-0.003836930637365004
2025-06-03 00:00:00+00:00,0.013415282256082113,0.0021878459945843254,0.00410204188649943,0.001564163376412719,0.012590077488325744,-0.021833317465348424,0.0005062558263487782,-8.532839655961411e-07,-0.004153669628298606
2025-06-04 00:00:00+00:00,0.00307085767688237,-0.004575941059006161,0.005800260784307065,0.007516381461640598,-0.012400049712137396,-0.00868894703493317,-0.002038304900898913,6.840402687635638e-05,-0.005528325550622501
2025-06-05 00:00:00+00:00,-0.020136574888492343,-0.0065346942611845815,7.369727504324963e-05,0.030662655768622992,0.00739868865458446,0.032438714277172265,-0.013613638733782275,5.781174212615703e-05,-0.003919381223289984
2025-06-06 00:00:00+00:00,-0.05147662488144026,-0.030419966017404154,-0.005277340930292529,0.022820439952460123,-0.02445088925645189,0.03958799489307196,0.016496659995152617,-1.0749565528822558e-06,0.004077807216025569
2025-06-07 00:00:00+00:00,0.02830541525628601,0.02741413739200027,0.010280672806559643,-0.018748300934236427,0.020879793237179037,-0.009726278373340082,-0.0143015370615448,-5.2284136718872e-05,0.003407656023639588
2025-06-08 00:00:00+00:00,0.02902811301484706,0.012159439754412915,0.0,-0.008811136642004544,0.012087104583272668,-0.02310682432114235,0.02724492426553984,-7.679109715885701e-06,0.0017745454601875345
2025-06-09 00:00:00+00:00,-0.0012634490765789672,0.001601781863848517,0.0,-0.0018842716585230736,0.011927953033330652,0.009856288339356256,-0.01922102550660205,6.0558087169759744e-05,0.0013865645453811626
2025-06-10 00:00:00+00:00,0.049584639822425974,0.04306917810487665,0.0009199448033119229,0.02059490357808373,0.02463825802274959,-0.04452721724417871,-0.00021696194121992307,-3.7890470195089954e-05,-0.008769045774396255
2025-06-11 00:00:00+00:00,0.050589790279638835,6.804084991185455e-05,0.005482960032501483,0.05029745547575004,-0.07822190240579148,-0.08707043387886482,0.024348622211826012,0.0001599004921821,-0.013422021303389733
2025-06-12 00:00:00+00:00,-0.029985363760839445,-0.0148355247044053,-0.002743918089822439,-0.007531154714278964,0.02013550611270678,0.02252004435878676,-0.02226039095463854,0.0001087463267961,-0.007993867729069718
2025-06-13 00:00:00+00:00,-0.048204372300594454,-0.027536832412523027,0.0038224979409655635,0.024074224654557594,-0.021882739597986055,0.03914859426464961,-0.012663674886137136,0.00011696988528,0.0016489965837492427
2025-06-14 00:00:00+00:00,-0.0076988064956189746,0.003956083496276408,-0.01129645375054178,0.034728019570664695,-0.01942548785659881,0.01604206134455819,0.013871123452511114,-8.211883866260372e-05,0.00873759035171445
2025-06-15 00:00:00+00:00,-0.023305722553327392,-0.006294605257325281,0.0,-0.009342864132962547,0.005724617987292669,0.03067928211388107,0.0016189484478802661,8.094541363723451e-05,-0.0004567405627863782
2025-06-16 00:00:00+00:00,0.009824251965389608,0.0016581260992085678,0.0,0.006223468556299649,0.005570101913789904,0.008114853474096306,0.011692685396931978,7.055145204093449e-05,0.010957136031578881
2025-06-17 00:00:00+00:00,0.010076789727489361,0.011517549694602502,0.009392719053299414,0.0018784648040844221,0.0043009891628966734,-0.0038916583628391347,0.0015592162366845127,-2.146070034070302e-05,-0.0018439418010722309
2025-06-18 00:00:00+00:00,-0.023376956992488193,-0.021003259013340547,-0.008352242873078675,0.023507359470052426,0.006944610431233001,0.008473580214650812,0.004084322868680636,2.5679881698215112e-05,-0.003685732668730743
2025-06-19 00:00:00+00:00,-0.0005825931532436934,0.0031078960462356253,-0.00030922389816012696,0.002233286719097549,-0.001728789835873323,0.004393563047091109,0.004788864334134524,0.0001079055372616,-0.0029652969130245233
2025-06-20 00:00:00+00:00,0.0009846860912595605,-0.0021529521294861853,0.0,0.029696249997888204,0.007560624629566948,0.00861260160785835,0.011327200466883337,2.085378280392014e-05,-0.00930355678139848
2025-06-21 00:00:00+00:00,-0.03369232434061545,-0.013010589147390617,-0.002178612810510794,0.00047097157963010144,-0.0017626177216743394,0.03019726849601527,0.002599089798435348,7.312036648743359e-05,0.005714650285756927
2025-06-22 00:00:00+00:00,-0.03221791669459703,-0.011296310465964354,0.0,0.002430291783616312,-0.025144230582788515,0.02660078635101293,0.010057066098770304,4.695807544807806e-06,0.0015304134854749653
2025-06-23 00:00:00+00:00,-0.02768595953912385,-0.011511582115168784,0.0,0.012852490934569884,-0.00541182318121225,0.01165157850006824,-0.010135666540136624,0.0001538414329278,0.001954302389436905
2025-06-24 00:00:00+00:00,0.07217344517180459,0.04346873832437925,0.009606490790637912,-0.040096608130071446,0.027150784428098484,-0.04452241305935929,-0.010062754311556121,-6.123188580020589e-05,-0.014836922790772318
2025-06-25 00:00:00+00:00,0.01127156249361907,0.00706613771940412,0.011121677894565751,0.005763078123969611,-0.028803744521774522,-0.017175500066147653,-0.011904327087706544,1.6913249808903075e-05,-0.003918503539848797
2025-06-26 00:00:00+00:00,-0.013430094353763381,0.011742360298354626,-3.282897091061443e-06,0.046123018026248096,0.015061790798094022,0.03541428477733697,-0.013075462492966716,7.876956735408669e-05,0.0025308181220505834
2025-06-27 00:00:00+00:00,-0.015213675108857568,-0.003414429530201324,0.008020143922681022,0.01195685007627336,-0.01561846791414394,0.012563046409628086,-0.0008153823944071735,-0.0001012534766035,0.003266191080389532
2025-06-28 00:00:00+00:00,0.013470500596109814,0.0009072738105593281,0.005219002706390752,0.0041751131259631265,0.0026598872218003052,-0.008505230716644973,-0.0018430849647530952,3.850787318726567e-05,0.0036119215666800112
2025-06-29 00:00:00+00:00,0.011532343462252292,0.002152121236474569,0.0,-0.01415903017556377,0.004552694890800524,-0.0092408903652184,0.006057664758403237,0.0001504763715742,-0.00893132099244169
2025-06-30 00:00:00+00:00,0.028695141438531142,0.009966337501515321,0.0,-0.006210909829453246,-0.003929850781642586,-0.031896956009966004,0.0024676221401738647,4.266747491610268e-05,0.007213147948039522
2025-07-01 00:00:00+00:00,-0.015430608395228607,-0.011286144005436372,0.0051643671625301035,0.012926520965135024,0.032599652086043006,0.024765367360047443,-0.016317888890372178,0.0001035123414647,-0.002445710187444714
2025-07-02 00:00:00+00:00,-0.03480782612954289,-0.013535672730872195,-0.0011184618731818752,0.019635913489345878,-0.028929469671344025,0.031617532141335086,0.00556198856418557,-3.9395042840006944e-05,0.0007212115809013507
2025-07-03 00:00:00+00:00,0.056302171880001965,0.029933385650415367,0.004745071401949907,-0.058195184107576875,0.05918215295181746,-0.04344862815393076,0.0027910563917131065,9.446953119196522e-05,0.0037270998934530804
2025-07-04 00:00:00+00:00,0.0074949360055962385,0.00684926470588243,0.00833892687501403,-0.008313550994398877,-0.009659029049758504,0.0011029281478729391,-0.0031478201645412044,2.4748627126758297e-05,-0.00452902751964699
2025-07-05 00:00:00+00:00,-0.03652387783369279,-0.014695303856307795,0.0,0.028353280104405562,0.01993879951502888,0.03259024926209589,-0.009018401087636983,8.498400626377745e-05,-0.0006998250095119397
2025-07-06 00:00:00+00:00,0.007387724371838308,0.002019726614252537,0.0,-0.01081898767610594,0.009656014598688279,-0.011758282067117022,-0.009897226520563773,2.622245187344774e-05,-0.0008916783002047801
2025-07-07 00:00:00+00:00,0.015802707721274612,0.009175855775223063,0.0,-0.004593573914560523,-0.0028199064579870654,-0.010218176461133054,-0.015469374331890016,8.982856791273086e-05,-0.00349109572761524
2025-07-08 00:00:00+00:00,-0.004535154676976516,-0.008629741135252167,-0.00786227873904155,0.0005259688396464846,0.010194448424881352,-0.0018625502843913734,0.006104224982254269,5.021105341018739e-05,0.005259977279825095
2025-07-09 00:00:00+00:00,0.018638882191035357,0.006184619962866567,-0.0007158931489344988,-0.004481409797114864,0.01549774388010743,-0.01857836659350722,-0.010073285131217656,1.4135890400446272e-05,-0.006836643763055476
2025-07-10 00:00:00+00:00,0.04258320130093122,0.02137167032076781,0.0060621442064277,-0.03579093098050703,-0.01862703166899977,-0.030286814002055972,-0.0017989889487538338,1.8404790204096244e-05,0.0024640354165767937
2025-07-11 00:00:00+00:00,0.04928456806793199,0.042979355197261926,0.00274617371784025,-0.029745554599154428,-0.030367078578425265,-0.010871431555329547,0.012115513285213098,9.45174103943458e-05,0.005524689647827645
2025-07-12 00:00:00+00:00,0.014975541642877888,0.013112696069640162,-0.0032975291618766445,-0.014540556770278568,-0.012364888897351966,0.016580879511431945,-0.006798149021109489,4.7522765583618565e-05,0.011157962865628087
2025-07-13 00:00:00+00:00,-0.00918707768579982,-0.0009421276595744654,0.0,0.006327158920610133,0.01738219217239403,0.006440128092956266,-0.011950395991028429,0.0001650495427916,-0.005444904800611067
2025-07-14 00:00:00+00:00,0.03363638891276615,0.014047276881283155,0.0,0.032888446224750775,-0.0352486290178089,-0.043217154417692825,0.039744462130753444,0.0002205309517666,0.018677169734982815
2025-07-15 00:00:00+00:00,0.015827510072504915,0.006537391747025945,0.0014074044490595128,0.0040370240300611,-0.014731292181219024,-0.024993456324225668,-0.0039887655271138925,5.4314587172754614e-05,-0.00717722921125198
2025-07-16 00:00:00+00:00,0.01867369128303804,-0.017343187290565165,-0.003956251515499609,0.007240077673273548,-0.03162673522765456,-0.035240537336594976,0.010573600467379029,0.0001292857249519,-0.006576573021973592
2025-07-17 00:00:00+00:00,0.027209008694920357,0.007238074206822764,0.003193588478737075,0.0472350032114929,-0.044032149158273644,-0.015198508674161615,0.024480060890529586,0.0002414223599933,0.027248934687575426
2025-07-18 00:00:00+00:00,0.04588214233930772,0.004940522317517404,0.005373820585277134,0.07087755829222817,-0.04896524354507366,-0.006287073532850913,-0.0036559299888414346,-1.316315364408016e-05,-0.002883144337628888
2025-07-19 00:00:00+00:00,0.0034399790223018276,-0.010742041642403,-9.051412020266714e-05,-0.03175518116215934,0.06252839334227159,0.005517927230704366,-0.0036433031761807125,0.0002713876843221,0.026343455373432495
2025-07-20 00:00:00+00:00,0.017886518764961265,-0.0006955259024024052,0.0,-0.022056349699737177,0.0019912656382834685,0.019153872106644654,0.034859649448113574,0.0001415912899449,-0.008092899260076804
2025-07-21 00:00:00+00:00,0.02586976096604831,-0.00507917538093805,0.0,-0.01278120307311845,-0.01455331410182039,0.019046016425286475,0.0006312719525324757,0.0002535559281853,0.010766885471898305
2025-07-22 00:00:00+00:00,0.005702510411827862,0.0009742697242696163,0.0013991255862113583,0.021358477861331937,0.0030277895361929597,-0.015841409864892242,-0.022482239670194824,0.0001582997109508,-0.0016195953630681822
2025-07-23 00:00:00+00:00,0.009990235186311465,0.02270089030786626,0.0006375285460542557,0.005433457482303772,0.00800385602337983,0.014339514707174938,0.010128348674906595,-0.0002321073018661,-0.003758759669541172
2025-07-24 00:00:00+00:00,-0.0626733164473969,-0.01066889345023947,0.007811880905664648,-0.039093871978189504,-0.026436944174080976,0.03932010290201271,-0.005319829890820138,0.0005072503838137,-0.004355129473532244
2025-07-25 00:00:00+00:00,-0.006230415284128924,-0.00353119063964924,0.000698232873244109,0.010166385835136914,-0.016478128771321467,0.008405750759690833,-0.0048949070672784645,0.0001707734729641,-0.006670175690619558
2025-07-26 00:00:00+00:00,0.024663101365567493,-0.00600874260213724,0.003974321701619488,-0.0019641831888572263,-0.0211971989989884,-0.005808696053227137,0.04045438263781605,8.282154655403495e-05,0.019910902625341866
2025-07-27 00:00:00+00:00,0.011976050427331571,0.002599854571432081,0.0,0.013043651803302848,-0.01388008619330572,-0.014994317652564648,0.017766543358384367,0.0001515444682014,0.004231328980685403
2025-07-28 00:00:00+00:00,0.025268580112773546,0.013013914760639622,0.0,-0.02850981768959748,0.008198686793404877,0.02749027247636659,-0.013672580460424168,-1.3038832641809606e-05,0.011706791356679333
2025-07-29 00:00:00+00:00,-0.040230451836143696,-0.011572271430892123,0.00017687645570885202,-0.0023678798572164678,0.0027865193040118794,0.01548982745788725,-0.012524198750916725,0.0002773638124757,0.002201088008692896
2025-07-30 00:00:00+00:00,-0.012245435267188886,-0.001223299621996965,-0.0029594179446209568,0.0017679312500268555,0.001138008933959012,-0.0010962735905114323,-0.011322130024606025,0.0002944295540139,0.0013276739716683204
2025-07-31 00:00:00+00:00,-0.0081408089360323,-0.001068729484210773,-0.001249438851269713,-0.0005046188801380632,-0.006363862552732136,0.010690435976754786,0.009280475416424584,0.0001977638451662,-0.012910142513407458
2025-08-01 00:00:00+00:00,-0.03648787074229488,-0.017607900077268535,-0.0036948561190650597,-0.009435198709472625,0.009648779758862136,0.02245045169529123,-0.01967742995195416,8.469461163529424e-05,0.011903624472039973
2025-08-02 00:00:00+00:00,-0.033478420603812634,-0.021197556036312015,-0.01599207494727417,-0.010640617675110174,-0.017205786941880217,0.006909494976648632,-0.005088915074994205,5.569248249237546e-07,0.0018933916577005068
2025-08-03 00:00:00+00:00,-0.024434489440689457,-0.006499194665008923,0.0,-0.009331272739147203,-0.007172437209405726,0.017433720341637173,0.012749464858198278,-1.3837899986102188e-05,-0.006233385323974078
2025-08-04 00:00:00+00:00,0.03965123437739222,0.014594413948064489,0.0,-0.010926686438235661,0.02323508838526367,-0.03344695023151898,0.0027300118658206696,0.0001674840827485,-0.0014136558583533346
2025-08-05 00:00:00+00:00,0.04630727187862541,0.007457678789811295,0.01473707159815385,0.017464878015083056,-0.018248944735161164,-0.018736443824205473,-0.0021594893801531317,6.135368752913095e-05,-0.0013219567035712128
2025-08-06 00:00:00+00:00,-0.030437262853822703,-0.008108547583044134,-0.004857865951336082,0.006998542275750693,0.01313524189441164,0.020786666863705564,-0.0028645992986065863,0.0001220263686474,-0.003395450065301775
2025-08-07 00:00:00+00:00,0.015468387729896471,0.007639195719104874,0.007281888623775545,-0.0029713617650916502,0.013529796918209347,0.005148658343760059,0.006104092784463866,7.258438897328467e-05,0.0029733889240150728
2025-08-08 00:00:00+00:00,0.05561206308026246,0.02156671683733391,-0.0007974707882983934,-0.02508327456765578,0.0028797246168627694,-0.035045654119921596,-0.0179696403326592,8.483527895264409e-05,0.011317984269817368
2025-08-09 00:00:00+00:00,0.016414581320102064,-0.00674246869568107,0.007799684542586727,0.004395746861697438,-0.028499968920774176,-0.01837808128731939,0.007361949457703587,6.898027297408404e-05,0.0012487607557685992
2025-08-10 00:00:00+00:00,0.01689912989335299,-0.0017671540845181077,0.0,-0.004440544943220215,-0.03692601981397612,-0.0018138465923690714,0.005909492632457368,9.3518186478736e-05,0.004803465480907163
2025-08-11 00:00:00+00:00,0.0004330050538874364,0.024335585769368562,0.0,0.012778195481325015,0.013038448863923913,0.00978438219231097,-0.008168569650879687,0.0001482362549585,0.007111841347932381
2025-08-12 00:00:00+00:00,-0.02168978700491467,-0.005143586909764242,-0.002504127898332431,0.025049563997591305,-0.03937109105405958,0.020434698673727845,-0.009017970490245575,0.0001778391911801,0.00880667492121996
2025-08-13 00:00:00+00:00,0.06599280412372825,0.012129778771243549,0.011345503612643082,-0.001377071729055282,0.051894806628716816,-0.018436476632201965,0.013821151493198153,0.0001606228688988,-0.0018952305861512871
2025-08-14 00:00:00+00:00,0.027178374185871088,0.027005937658747037,0.0032300302834731287,-0.01383744592952767,-0.015690720037859273,0.0007976617159172854,-0.002386498307914091,-0.0001476245253162,-0.0027243190513670432
2025-08-15 00:00:00+00:00,-0.058903424357912695,-0.041206124684671774,0.00030309684562790373,-0.0029472296881566523,0.0039002639674514256,0.04314592749748161,-0.04903744908535815,0.0004162905964171,0.025316712076773645
2025-08-16 00:00:00+00:00,-0.013105602151104715,-0.008144300427427753,-0.0028970988816641174,0.00020696706949305775,-0.016328430766717462,0.0030987922581317447,-0.020393506496860517,0.0001476664433774,0.010366148972371307
2025-08-17 00:00:00+00:00,0.004726825196798612,0.0004305963887885067,0.0,-0.011686112243152169,0.010000972346463667,-0.015608739816374761,-0.0027198947855604947,7.698338180306408e-05,-0.0028090668889169533
2025-08-18 00:00:00+00:00,0.019736785618325533,0.00020540408779701202,0.0,0.02889904124621714,-0.022668793204870006,-0.020313455687870838,-0.006315366097040843,4.8693354826045976e-05,-0.00567517803306054
2025-08-19 00:00:00+00:00,-0.024647757982846033,-0.009971556097885137,-0.00010077831870769494,0.004866272409189621,0.016510223257982258,0.007221241053575311,0.0013995716043054378,2.5809013919131377e-05,0.00276274658278883
2025-08-20 00:00:00+00:00,-0.04963936268872394,-0.028914580026785264,-0.005858136343549147,-0.0035681555152652644,-0.008052143075466048,0.025307487430530774,0.010361722841555877,9.17958756661008e-05,0.003387064683327004
2025-08-21 00:00:00+00:00,0.049994009249553585,0.012375890987926352,-0.002431617579394141,0.00843092548459521,0.02333188128412704,-0.043690275952397654,-0.001128857294593999,4.444323418839602e-05,-0.004386168260983508
2025-08-22 00:00:00+00:00,-0.025030169617982226,-0.015393909149408413,-0.00400420277120217,-0.006208661946141669,0.01509188860899324,0.012808530579398635,0.009013125452581372,5.365050099404023e-05,6.079891219183141e-05
2025-08-23 00:00:00+00:00,0.09068988061849484,0.03943814010396385,0.01518640789806236,0.04261515762610277,0.012228862753665568,-0.04985061339391667,-0.0076295995612747775,0.0001313486615763,0.007489681223785335
2025-08-24 00:00:00+00:00,-0.007438620777104954,-0.013006266173356984,0.0,0.01393593364423884,-0.026875577451425613,-0.016589893813943556,-0.00021694839721404444,0.0002440904206251,-0.002409148020101446
2025-08-25 00:00:00+00:00,-0.014126688328955021,-0.016734689986141138,0.0,-0.009989115588226814,0.015492946348817394,0.003935957567763281,-0.0011845239328831525,8.904692869937669e-05,-0.0036235068350862877
2025-08-26 00:00:00+00:00,-0.07840918952048129,-0.02981410588093225,-0.0042663343080389105,-0.01531673104837561,-0.004545547966206542,0.05228039560630289,-0.014808255076911123,0.000111726745325,0.014379252585182
2025-08-27 00:00:00+00:00,0.0353005182210271,0.01495402674807389,0.004133976879546308,0.008752561890100985,0.004523698113414909,-0.009936319800529156,-0.010291925378503295,9.727761959865688e-05,-0.0013168669865311167
2025-08-28 00:00:00+00:00,-0.014624716130909899,-0.004610155411472028,0.002390990327779008,-0.012411570288409581,0.010402894195244606,0.0043226492356458045,0.0020600610170993672,0.0001281086087723,-0.0006851189494476923
2025-08-29 00:00:00+00:00,0.013074267301341062,0.011802699584243515,0.003156725398833604,0.0072420599852060195,-0.00014856192480294794,-0.004653147879619235,-0.004614695811838598,7.184283615502274e-05,0.00444286761650222
2025-08-30 00:00:00+00:00,-0.03921080277473513,-0.03710781433738086,-0.0063981691392923645,0.016212786129819315,0.0158606552623906,0.012547870537126582,-0.0004046119550212418,2.9555381608759035e-06,-0.001243904907237521
2025-08-31 00:00:00+00:00,0.006921073988012412,0.003927726146563781,0.0,-0.006979197035680639,0.005732145029020352,0.0017180800685153482,0.013353991099508411,0.0001264041948936,-0.0077434765439450045
2025-09-01 00:00:00+00:00,-0.012020960352260539,-0.005052506530560108,0.0,0.010733090199926786,0.00469964519670105,0.008373358348207316,-0.006825150177263661,3.0460629374395864e-06,0.0050491833001841515
2025-09-02 00:00:00+00:00,-0.01121579745348628,0.009051977480491358,0.0,-0.013541976417845712,0.006834243773055438,0.020576311084066344,0.005870803375520794,0.0001525928746954,-0.0022657510200223504
2025-09-03 00:00:00+00:00,0.030927130778440358,0.01831796380368167,-0.006922322011807647,-0.0037936166862320604,-0.00938582155217036,-0.01240575137092561,0.005017141075780884,8.673952164062193e-05,-0.009116707056097347
2025-09-04 00:00:00+00:00,0.013092474748542604,0.004243263661546148,0.005100116280157385,0.010727290654213848,-0.0025719785912395876,-0.015068601756923327,0.005860737346294865,1.827385664787684e-05,0.006115266202277808
2025-09-05 00:00:00+00:00,-0.031732550162818805,-0.008780241411860068,0.00834643764364329,-0.01096167232176655,0.022748737665366666,0.033153710931976055,0.0008491509608347311,0.0001170030509476,-0.003185987147882971
2025-09-06 00:00:00+00:00,0.009026737249101783,-0.0005827642723036375,-0.003165141001033489,-0.007828453354700237,0.0010419750978870159,0.004430326732814716,0.007980151195679986,6.561741172705915e-05,-0.0022611551057681568
2025-09-07 00:00:00+00:00,-0.008409342912368892,-0.004335763084358346,0.0,0.0013284538225110777,-0.005778272514724802,-0.006784011111869526,-0.009988278241838079,9.3077431488231e-05,-0.005789194770778526
2025-09-08 00:00:00+00:00,0.019330561853748072,0.008541312367605913,0.0,-0.007647697149422237,-0.0020727722042448438,0.014690769825037274,0.013441690930358161,0.0001343693843689,0.0065408089636305915
2025-09-09 00:00:00+00:00,0.012185749157485316,0.008432064532392314,0.0021059939828742547,-0.026375772073118208,0.00595036445544066,-0.0025624930629145615,-0.009475339611040256,4.553882823832289e-05,-0.006844379586528532
2025-09-10 00:00:00+00:00,0.00038553705743312366,-0.004577163640519077,0.0026881596267984698,0.004460733873439438,-0.0024413732090394326,-0.0016954296531206613,0.005239816530726183,9.796396090755444e-05,-0.001219604700681421
2025-09-11 00:00:00+00:00,0.024882852935204182,0.02149688026626051,0.0029834428900241683,0.01997732777580392,-0.024220670994806556,-0.02658285557989184,-0.007562065997220469,0.000173603954144,-0.005181614478873606
2025-09-12 00:00:00+00:00,0.01872779583438425,0.013434969200188274,0.008485863528086224,-0.022648947001729078,0.02725117454733879,-0.010451524706399696,0.006463257439004489,3.545326765230783e-05,0.0014815940981172042
2025-09-13 00:00:00+00:00,0.01979937811436771,0.004777045232051469,-0.0004827346462299431,-0.007399641534108591,-0.004192845250055501,-0.0010305692981416696,-0.014522659263758354,2.483440944023307e-05,0.007661713630996801
2025-09-14 00:00:00+00:00,0.00470414318445224,-0.0009975995530201454,0.0,0.026469619001691445,0.01264699981527564,0.005366793321341512,0.00884360247047835,8.716882979453722e-05,-0.00748934609906885
2025-09-15 00:00:00+00:00,-0.02767372303156827,-0.0056333919371808205,0.0,0.008330332064008683,0.01153096151589159,0.01197977929643217,-0.00038324305617378623,8.027343082384064e-05,0.010852992874914986
2025-09-16 00:00:00+00:00,-0.019267328082039303,0.000786390070306453,0.004706657817319604,0.011200573541217018,-0.02814767700327463,0.014878154217341979,-0.015966607071301313,4.857384818035548e-05,0.009293486091732734
2025-09-17 00:00:00+00:00,0.011706622865930324,0.012547202703194982,-0.00128792734396721,0.03222817366070922,0.006279962221351566,0.014508437452872492,0.004997580078457631,6.950064427568847e-05,-0.004271374426876376
2025-09-18 00:00:00+00:00,0.026508732787849664,-0.0029533873588512005,-0.0009702183823840915,0.0041096796680591755,7.589575662735049e-06,-0.026567215270825083,0.010280489428774107,0.0001128353295465,0.0019133682932362807
2025-09-19 00:00:00+00:00,0.018269449586058664,0.005279955327420094,0.004789139969850087,0.006468602690183633,-0.029174096756762944,-0.033733194128426326,0.013166114448993717,0.0001140079259973,-0.0010090617834316753
2025-09-20 00:00:00+00:00,-0.033072233155433374,-0.0123708415265803,0.004885433567150432,0.004661289438109305,0.015331741839723568,0.024194770882732634,-0.009885207796750662,8.26965516864675e-05,-8.611942664295586e-05
2025-09-21 00:00:00+00:00,0.0037354301147908423,0.00047936523044578294,0.0,0.0062052758896718576,-0.012856630555125847,0.01314943311091612,0.007773700266015959,-4.0827068253701526e-05,-0.00594129420516793
2025-09-22 00:00:00+00:00,-0.0097672453632251,-0.0038140573526982413,0.0,0.005516140850568752,0.0042326533622130125,0.011825977540348132,-0.014106871027884839,1.1698544779781272e-05,0.0013751436940677613
2025-09-23 00:00:00+00:00,-0.051804271492768936,-0.022392018328950436,0.004410025868950784,0.01992957828799844,-0.025839146988576457,0.010323978114629394,-0.017094537542848218,5.695539358319124e-05,0.005420079960929214
2025-09-24 00:00:00+00:00,-0.009350181595979853,-0.005840786397015352,-0.005502147525676904,0.004030620136822671,-0.002766296628801278,0.015086348661555891,-0.01896841666127076,0.0001220804667902,0.009734562297098166
2025-09-25 00:00:00+00:00,0.0037842138576657043,0.011675167713292911,-0.002846661819580154,-0.008951908078054216,0.0017765159389697026,0.014468510667950407,0.004037740473623885,5.858420039994705e-05,-0.0008570694694249416
2025-09-26 00:00:00+00:00,-0.05768997416213713,-0.038139933247390845,-0.005009061505249379,-0.004666668970705112,-0.0009715679211878686,0.024279970874900858,0.019513646124084967,9.784783732791348e-05,0.008683043770206013
2025-09-27 00:00:00+00:00,0.02737491715782072,0.006003607672500522,0.00590183989631643,-0.02052427172484328,0.011789808371238795,-0.012729465208967602,0.01167719589404359,3.532241630366251e-05,0.001191897112505931
2025-09-28 00:00:00+00:00,-0.0034748313633727584,-0.00010220050461495767,0.0,-0.0008965332781642136,0.005418839188778924,0.006707796935156729,-0.0013361219798194712,8.4184352423744e-05,0.0012975023868551554
2025-09-29 00:00:00+00:00,0.026627455251422228,0.023200973194265728,0.0,-0.006100653214000551,0.00449657174700251,-0.01776079530088388,-0.007985937356222172,-2.420284517579141e-06,-0.0036250959455510425
2025-09-30 00:00:00+00:00,0.004896584174229609,0.01906446330525613,0.0026355795716241914,0.01729284173530956,0.0029711411218386495,0.014216890445342955,-0.025064810426255878,6.347285248375911e-05,0.011750666690611537
2025-10-01 00:00:00+00:00,-0.008776039488350092,-0.002348212933813376,0.0040908483593822265,-0.008486588424306473,0.007611432010135211,0.004162184127875502,0.00463880227693696,8.072023713001641e-05,-0.0037639329293686994
2025-10-02 00:00:00+00:00,0.04733319197034129,0.040035512260853556,0.0033998857734067744,-0.026831493370099845,-0.011192521086449102,-0.0030303756429240075,0.016825031893937664,3.291537607630346e-05,-0.0005183126268060972
2025-10-03 00:00:00+00:00,0.024134220120222934,0.016270442437268384,0.0006183692931220897,-0.0019529357304814976,0.004733568912135319,0.014509856129266962,-0.003061020806308344,0.0001728999300769,0.005935079167759302
2025-10-04 00:00:00+00:00,0.008044477275689117,0.014121693574023375,6.552152903416264e-05,0.029901903939497744,-0.011409055360044997,0.029832756652512615,-0.029533729608402726,0.0001628377155844,0.016385055421830004
2025-10-05 00:00:00+00:00,-0.004246098326785168,0.0013136065907857208,0.0,0.05758771684099377,0.051396051584004954,-0.03624742965733985,0.04897626212761044,0.0001334032452049,0.02361846887411631
2025-10-06 00:00:00+00:00,0.00544525468582883,0.008856233938625113,0.0,0.009033026259650544,-0.010793717812643799,-0.00853967889092906,0.009641652721903891,0.0001779988279018,0.002836783105234105
2025-10-07 00:00:00+00:00,0.024037961915924267,0.009736953187600372,0.0036466298082578064,-0.039774906099704646,0.021708449237551906,-0.00689457862061682,-0.01726800242363826,2.5901589569166102e-05,0.001752862714544637
2025-10-08 00:00:00+00:00,-0.0546252160335775,-0.02681569624925273,-0.003811414362608012,0.008610763076920165,-0.02273734632049984,0.0322894838538601,-0.05197113006306243,0.0001615746328016,0.01668427221027632
2025-10-09 00:00:00+00:00,0.04645703610133474,0.01608587930231309,0.005827608238179849,0.05145500591953388,0.09701226159125124,-0.08715097963709373,0.0840516582549054,0.0001828243839876,-0.034518957618162434
2025-10-10 00:00:00+00:00,-0.005479433734760312,-0.013455320012171645,-0.002755518440207827,0.062337331883365946,-0.03900965649742429,-0.021546231793124315,0.00043954925716249704,0.0001012907533994,-0.032378490485619055
2025-10-11 00:00:00+00:00,-0.17521422531445535,-0.07291043787881657,-0.027111658161485086,0.1378111023020545,-0.06963397674916846,0.023180250452151885,-0.04901972595073412,-2.7229053051636143e-05,-0.023201641162523896
2025-10-12 00:00:00+00:00,0.01870103800912081,-0.01894869267505883,0.0,0.05000014209463979,-0.05604721617169937,-0.06584825045208675,-0.011027161987532041,5.9940950123849035e-05,-0.01670350330368841
2025-10-13 00:00:00+00:00,0.07049045213817823,0.03902455346444289,0.0,-0.03142338472712716,0.020668289514042162,0.026164537523046108,-0.0007069664912845719,-6.287311273556195e-05,-0.008448168477341549
2025-10-14 00:00:00+00:00,0.02556586141594833,0.001893042654820487,0.015598602672868944,-0.05302065993660163,-0.015421530137555033,-0.01443203412929681,0.01642786790717807,-6.29511620344747e-05,0.002392628005876676
2025-10-15 00:00:00+00:00,-0.03368762923637806,-0.018487228514167398,-0.0015643032313906735,0.009522432327240062,0.01652683429899899,0.01245391627574106,0.006313947815005133,-8.647947390050259e-05,-0.0015156202112488531
2025-10-16 00:00:00+00:00,-0.041136136556586635,-0.020222368162515325,0.004026001195007511,0.00031359709352405535,-0.005926820414033918,0.015252524966534134,-0.012602239818430137,9.272921638747712e-05,0.005083513528268714
2025-10-17 00:00:00+00:00,-0.04279918788064336,-0.023212495144490974,-0.0062943520220175575,0.0010858457196555316,-0.024491458024963532,0.012621069175227824,-0.022030749860443576,-2.289043525238732e-05,0.006516894259450231
2025-10-18 00:00:00+00:00,-0.03170529451352781,-0.01619171104251005,0.005270724249404557,0.011643376026939298,0.023571231712543692,-0.017134018182710674,-0.0157088006218766,-7.626942702965156e-05,0.0018197402881474775
2025-10-19 00:00:00+00:00,0.013015165034614655,0.006945945895133088,0.0,-0.008718053378760039,-0.0030935987706807843,0.008376779971397984,-0.00950047820532993,8.888899757808488e-06,0.0049213775254883865
2025-10-20 00:00:00+00:00,0.03321568979687436,0.01371111162975236,0.0,0.0232258741957136,0.023620512390321615,-0.041626152665656765,0.032203308286587885,-3.7201675643694365e-05,-0.01521818879447973
2025-10-21 00:00:00+00:00,0.028717571937725537,0.017347508246904342,0.010672252892777845,0.009713318313288258,-0.03233619630331624,-0.024611645844733056,0.016942254728856507,-5.5241310747966565e-06,-0.011264071313855751
2025-10-22 00:00:00+00:00,-0.030684211775350707,-0.02006157333355052,3.266455138950519e-05,-0.015548078158031699,0.014852249776530765,0.020400904455347545,-0.00032228519299479924,-9.999621496059596e-05,-0.0032649139673512264
2025-10-23 00:00:00+00:00,-0.030789187377016042,-0.006666746725516037,-0.005337510300132964,-0.022558216171214094,-0.01764041388273478,0.049234612591785694,-0.03570857292807221,4.24326536427877e-05,0.0010256944969664725
2025-10-24 00:00:00+00:00,0.021522318884907646,0.023192166052895757,0.005827387527241212,-0.010236534493123006,-0.00905664384988323,0.0016762196234719542,-0.0027051185919202865,0.0001192088199528,-0.00784151000957689
2025-10-25 00:00:00+00:00,0.026266245181552836,0.008538898568428044,0.007902422519158847,0.02010495933983225,0.023357466796135394,-0.006345689411758813,-0.012065370540603061,-6.82930191586717e-06,0.013962862017463345
2025-10-26 00:00:00+00:00,0.0011768922298423486,0.005623374493310518,0.0,-0.007608215804420971,0.0035325476800566417,0.018732256101126034,-0.03091845337109802,0.0001172156274529,-0.000930698338689395
2025-10-27 00:00:00+00:00,0.05142786249640247,0.026063407456263787,0.0,0.0020338512966530317,-0.028880853612151598,-0.02060784181147554,-0.0010962810301328868,0.0001051359364834,0.00485656438344537
2025-10-28 00:00:00+00:00,-0.009393171237980454,-0.0037878457053323045,0.012290019126314666,0.021088144674670285,-0.00991347809365839,-0.0009243807526578829,-0.025509481348572803,3.769363816141791e-05,0.009544499001188742
2025-10-29 00:00:00+00:00,-0.030983890059174398,-0.010788670580840098,0.0022879467532392894,0.0029037537424999177,-0.003464643752320515,0.029390342222802037,0.0031932011331440267,0.0001447864131449,0.00016326815287392418
2025-10-30 00:00:00+00:00,0.007022482588627787,-0.02523984454971262,-4.353574066628951e-05,0.008920339857447245,0.03196401804589682,-0.03654434900850025,-0.009472673536668608,-7.876135290729724e-05,0.015329400135541273
2025-10-31 00:00:00+00:00,-0.05213193264751225,-0.015657504255102483,-0.009904812214919234,0.03171783099755554,0.01424312067397153,0.03761941976459167,-0.04108129304308695,0.0001348550396955,0.004180982004550404
2025-11-01 00:00:00+00:00,0.024128178062481093,0.011950472689318259,0.0026178701149457417,0.026328379962117947,-0.029749340911146605,-0.027002893782475754,-0.03392687255113194,0.0001047495213108,0.008146728456472897
2025-11-02 00:00:00+00:00,0.01984073838598938,0.004471632652502278,0.0,-0.027630344824853978,0.005872463986985644,-0.014160939925566333,0.031651765954701254,0.000131937106331,0.0066423003789331195
2025-11-03 00:00:00+00:00,0.0060435901838383176,0.004068254349042899,0.0,-0.0044891093865771165,0.03405711320823444,-0.01718963731272576,-0.0005312273388046185,7.265538612544198e-05,-0.007287804370670314
2025-11-04 00:00:00+00:00,-0.06404697896270965,-0.035756401426672135,0.0017207099207625642,0.11201586777881317,-0.1013686440815507,-0.06392524109792615,0.026143176221343968,7.24175330697463e-05,0.06443284523108339
2025-11-05 00:00:00+00:00,-0.03851445394852306,-0.0478084171797567,-0.011736770592982726,0.019722379027733085,-0.009470363862400855,-0.043279462831143256,0.015554534488659885,0.0001191362047265,0.02490033557290959
2025-11-06 00:00:00+00:00,0.03273322765620124,0.023525805246509934,0.0036535209811638936,-0.03852305961179514,0.01940068291174426,0.01703769593569602,0.00035921831718153246,-7.28182891263085e-05,-0.01668862264552393
2025-11-07 00:00:00+00:00,0.017660456458924192,-0.024378593372304636,-0.011178157494750818,0.039881535241143906,0.06960922837319787,-0.13973178586176213,0.05510802451536004,4.869723192668651e-05,0.06356564422751161
2025-11-08 00:00:00+00:00,0.12893344745107027,0.019738296797018107,0.0012618446740633171,0.13728381239429627,-0.14180240646761127,-0.19880350592869594,0.18182651344391088,7.154654147378814e-05,0.08783965700668937
2025-11-09 00:00:00+00:00,-0.030325631636805774,-0.010027568796149633,0.0,-0.05691799825503356,-0.020789505717629476,0.06029868614902838,-0.025033734177250543,7.508441899539697e-05,-0.03700111220559884
2025-11-10 00:00:00+00:00,0.021935425584151926,0.02348016462418334,0.0,-0.02489169860698839,-0.02920480677780928,0.01506500730822582,0.0015411747718849997,0.0001562514804931,-0.026751972727094647
2025-11-11 00:00:00+00:00,-0.009337083476443605,0.012378834171199893,0.015400963024610581,-0.084482578445861,-0.04807160884995525,0.08663679156270063,0.016251171481821758,4.285774943713072e-05,-0.033833658703852375
2025-11-12 00:00:00+00:00,-0.06964783317939179,-0.027938127499025578,0.0020753963084874094,-0.04983660711340427,-0.016840180874281588,0.07164963842213715,-0.012799669186137792,6.969013541513469e-05,-0.0025184718583489596
2025-11-13 00:00:00+00:00,-0.006051997077165676,-0.013591467664927581,0.0006295086181336007,0.0133448055913143,0.013506480509209284,-0.003767757426971285,-0.0501140573288678,1.5313726675403316e-05,0.022172100536466222
2025-11-14 00:00:00+00:00,-0.02397414885526158,-0.019206580726690792,-0.016556900387101336,0.028001613961734777,-4.895911432343386e-05,-0.008550185398026499,0.003934403356203566,7.414886746248683e-05,-0.0009067230409338525
2025-11-15 00:00:00+00:00,-0.018848465630225,-0.05127124469290345,-0.0005016705034071034,0.07347193199238973,0.0023372031756294653,-0.08201479827202032,-0.03280974113064026,0.0001841546253464,-0.040892517842625986
2025-11-16 00:00:00+00:00,0.04281084792746291,0.010739870685779973,0.0,0.0702394729192605,-0.049253280710122825,-0.07001191592487892,0.04611222972050282,4.699877987235368e-05,-0.0055950189338762335
2025-11-17 00:00:00+00:00,-0.025330150588836736,-0.014007909142185637,0.0,-0.0010007039064971156,0.010199759295717082,0.0036681207653218376,-0.03498450745167712,0.0001471732328106,0.006821092031697493
2025-11-18 00:00:00+00:00,-0.026231622533189766,-0.021778422592672375,-0.009162309495983845,0.0005785185363713641,0.03132264196587091,0.014329156388528984,0.0316534125391557,0.0001526145343164,-0.009303020620508893
2025-11-19 00:00:00+00:00,0.02103188535550106,0.008106785635626501,-0.008256387122493991,-0.02712346500483036,-0.012943889273790867,0.032697822489298665,0.01968695667063001,9.019540111609992e-05,-0.0036325825284702655
2025-11-20 00:00:00+00:00,-0.02182385152070499,-0.015153325175506271,0.0037537855204221593,0.02049044540945992,0.012699092787774615,-0.02969509393809202,-0.025023023953555736,6.95674718986794e-05,0.012079948057841232
2025-11-21 00:00:00+00:00,-0.05113620183142878,-0.053629756231361014,-0.01556722511953934,-0.006015492324139095,0.004357625164059575,0.0037103903467755814,-0.009071415276064719,5.398369804221481e-05,0.017212041873157523
2025-11-22 00:00:00+00:00,-0.05092376822755345,-0.017410824086936394,0.00982296337531885,-0.05448659818769503,-0.021172209676160597,0.07136455970019727,0.0368561832229868,-8.507602544860493e-05,-0.011967608404366637
2025-11-23 00:00:00+00:00,-0.01028202277257786,-0.004748893863808723,0.0,-0.031086297396935046,-0.030689093930130484,0.03813393297342444,0.01187003482896749,0.0001587568375072,-0.004959513592102807
2025-11-24 00:00:00+00:00,0.015186031315541408,0.02501257536362278,0.0,-0.0021308429057533378,0.0015899215189810745,0.008080720086906544,-0.04195260659982927,-0.0001638258401509,0.001587888962827748
2025-11-25 00:00:00+00:00,0.02784430843089006,0.01658147837115842,0.015467235297948356,-0.03736693831897886,-0.0022241708258684996,0.047799507142383145,0.016942615504943668,0.000172391291114,-0.013911115446502257
2025-11-26 00:00:00+00:00,-0.004152927393961173,-0.010459267216713086,0.009061731930226413,-0.012150989735186801,-0.0077085622667120825,-0.0039936754496431755,-0.00578459370932367,-2.517406978230774e-05,0.007330213920564953
2025-11-27 00:00:00+00:00,0.03882327277476628,0.03566025873727874,0.006906714278112958,-0.05419885596136287,-0.04216206564841754,-0.0288159945768816,-0.002449792932370489,1.2379034801890398e-05,0.018226185697965143
2025-11-28 00:00:00+00:00,-0.018518408148638907,0.009444028567605844,0.0,-0.0077252646393154226,0.0027334017291210204,0.04782727864690412,0.003616485039550787,2.1483100978159086e-05,-0.013379185121430867
2025-11-29 00:00:00+00:00,-0.015710701887038152,-0.004867885755847623,0.005354775922884247,0.020330940070016235,-0.009728153548252605,0.021742009626702696,0.013944669121406439,1.8650348171167508e-05,-0.006644866124022318
2025-11-30 00:00:00+00:00,-0.013052350325351332,-0.0009114144756394715,0.0,-0.008365776385533596,0.012421902696965793,0.0015196983520504364,-0.018000980120020646,2.3818473593451017e-05,-0.006274939324329279
2025-12-01 00:00:00+00:00,-0.01626685478479181,-0.004896160414256556,0.0,0.03068522157594156,0.01134830909970419,0.029733395110771686,0.012059862580826319,6.870240372425229e-05,-0.012327632998051624
2025-12-02 00:00:00+00:00,-0.07012604809878571,-0.04516134746669087,-0.00532333492478565,0.045430857990570735,-0.03605263615005692,0.040664462609407565,0.027167798471029944,4.6498352220814e-05,-0.009707640463015171
2025-12-03 00:00:00+00:00,0.05749338057376614,0.05806362590675507,0.002457200816718297,0.013290221929350317,-0.03749351855975067,0.05855595543906238,0.04374779626094741,-6.517501762037803e-05,-0.003551337450063303
2025-12-04 00:00:00+00:00,0.05108627791832947,0.02331639435347843,0.002979777051177468,-0.0038084390229676177,-0.0028017847799791454,0.0006552394428857647,-0.0008820911663042844,0.0001551768671255,-0.00366920303118706
2025-12-05 00:00:00+00:00,-0.017656203429854907,-0.014371893630852228,0.0010803361305278258,-0.026350830031570485,-0.017105572496180634,-0.025741287534065238,-0.01939001849134383,3.0082727435098988e-05,-0.008860644133457276
2025-12-06 00:00:00+00:00,-0.04354980408371399,-0.029838745603560368,0.0019366731222436595,0.01823166067082211,-0.010561510915490513,0.011938621193178255,-0.025338636342686537,3.602181439354979e-05,-0.004259266677418017
2025-12-07 00:00:00+00:00,0.007001344673805354,-0.00102364806218036,0.0,0.024325021131415124,0.008042017501794474,0.005072163881504865,0.026369408097414462,1.1927407958189916e-05,-0.0007271256094488008
2025-12-08 00:00:00+00:00,-0.004530848371975082,0.012873736926424684,0.0,0.026990628899955647,0.006105041266602584,0.03127851387755014,-0.021065154677925933,9.096463880475802e-05,-0.0044824497960488045
2025-12-09 00:00:00+00:00,0.03317438926333444,0.002937614975416558,-0.0034772356776897606,-0.0715817366315555,0.032466154596907354,-0.04904243335395167,-0.013976885689041318,-9.47872121850324e-05,0.018411950482190458
2025-12-10 00:00:00+00:00,0.04014312714927651,0.02237702348947357,-0.0008763589040255981,-0.006714797323014297,-0.013709558498887508,-0.009500519546900541,0.002963189548209663,0.0001737646208563,-0.010710507195262287
2025-12-11 00:00:00+00:00,-0.03014831856103212,-0.007134190573239496,0.006749496748049477,0.03136282657173928,0.008622202000057498,0.0331102853244335,-0.0216188855920509,2.606408580008157e-05,-0.0038952719965727285
2025-12-12 00:00:00+00:00,-0.007735675173719706,0.0054361120926313955,0.0020793764194066977,-0.00171513666443881,0.00126279609229647,-0.02955335822549996,-0.027697760731958752,4.780565556372629e-05,-0.008293764969422232
2025-12-13 00:00:00+00:00,-0.022218965386194937,-0.02430753426509147,-0.010663671931604113,-0.009122849784113728,-0.01375282008682148,0.0050601064406323275,-0.016421435497352175,5.9768794973047434e-05,0.008973435757301128
2025-12-14 00:00:00+00:00,0.003973828315238699,-0.00042447267858891635,0.0,0.01853000987484066,0.005533186345413865,0.010081468024211082,0.004179043126746129,0.000170951114919,-0.006426445039527914
2025-12-15 00:00:00+00:00,-0.0386620410375786,-0.022978934775305326,0.0,0.02749317801663631,-0.01710956989719896,0.03370872252265204,-0.012858732093937175,6.180504920183516e-05,-0.004105947090984146
2025-12-16 00:00:00+00:00,-0.02212100462602263,-0.019620103769002806,-0.0015965058492165562,-0.0027321730638367077,0.02584366464336807,-0.01437753686822878,0.0004768615089058015,-1.688216039530399e-05,0.0033508668348686526
2025-12-17 00:00:00+00:00,0.005614800360327155,0.016626943658923254,-0.0023839178699950336,-0.0039748482547539606,0.018259720513138976,0.01908939030184762,-0.003670512928338754,3.0159582422806253e-05,-0.0006555230179407954
2025-12-18 00:00:00+00:00,-0.04163961413644801,-0.01849901453209346,-0.011592203827500702,0.029692615664206626,-0.013643343690041145,0.011064245170481705,-0.00828154201515647,0.0001307606908413,0.007275615558737602
2025-12-19 00:00:00+00:00,-0.018583288462953117,-0.008490561660108531,0.007934323499612317,0.013647165251332471,-0.015815941769545084,-0.007296327146262247,-0.02753342930415266,9.334532736238188e-05,-0.0057191622906675645
2025-12-20 00:00:00+00:00,0.06748187559653138,0.030774648793666204,0.008818024549947179,-0.036824002625515724,-0.005915194093520523,-0.03110153600699262,0.007955669084270103,9.574118803956644e-05,-0.00040476956065726614
2025-12-21 00:00:00+00:00,0.013451740687627141,0.0025062429057889357,0.0,-0.06038863697403332,-0.04431872116930398,-0.0004737855494754582,0.04489498596433914,0.0001099582828603,-0.0032655294223621232
2025-12-22 00:00:00+00:00,-0.018904610892966096,0.003402369543754169,0.0,0.009013376257914919,0.006327698338429277,0.020049089617224916,-0.046191154106129576,7.190975931736787e-05,0.000350995058501262
2025-12-23 00:00:00+00:00,-0.004972835137934147,-0.0004491019653288797,0.006436462067451965,-0.015956892878692196,-0.019155945216002057,-0.0006844802651677862,-0.013558947271038279,8.03785792844458e-05,0.0023942337669786407
2025-12-24 00:00:00+00:00,-0.015515123841469454,-0.012626790018231748,0.004550417315428268,-0.019304101195501255,-0.009068775136656269,0.008617953592169948,0.008599678703377835,-8.556351927091477e-06,0.00496541883269506
2025-12-25 00:00:00+00:00,-0.0029522198421858842,0.00187850862650496,0.0032215161386959235,0.02962702939887123,0.02274249255871823,-0.010940190588556553,-0.02513220532524283,0.0002108120750787,-0.013621932457175837
2025-12-26 00:00:00+00:00,-0.009195527310564314,-0.005072620062469113,0.0,0.022720376599784188,-0.020354648382488617,-0.0007703092832590294,0.008766983184322407,0.0001062510801057,-0.006332363731025991
2025-12-27 00:00:00+00:00,0.011379634424879777,0.0015530586308307726,-0.0003043832632483312,-0.01964084584521364,0.00864349446092676,-0.012370249586970904,0.0011208796310759207,0.0001365322231998,0.0038012174088035626
2025-12-28 00:00:00+00:00,0.045865199462066984,0.0058544495878292135,0.0,0.0013345193948443718,-0.048696537979549745,-0.03877533980417276,0.023784583223058542,2.1537551238903777e-05,0.0006791950645217459
2025-12-29 00:00:00+00:00,-0.0011255337633954514,0.0010372381002261566,0.0,0.01734254507281392,0.003400729214010356,-0.003927329592474948,-0.012996405038297043,5.0808404748803326e-05,-0.006172098796525189
2025-12-30 00:00:00+00:00,-0.015501657550674364,-0.008157369441711526,-0.0034920937266411656,0.006742435432309079,-0.006315679953509654,0.013690238613222938,-0.014048625450265619,0.0001344978177091,0.002029695591792169
2025-12-31 00:00:00+00:00,0.0006674865787938818,0.014357254828659016,-0.0013756671985912794,-0.011270319710077813,-0.006481862505329872,0.020685320030311226,-0.013885742500044752,5.952006013898448e-05,-0.0020214328829924522
2026-01-01 00:00:00+00:00,-0.021032144259368633,-0.009576588401147279,-0.0073576325649918894,0.00858640780917632,-0.017311074227142797,0.02284590258609265,-0.018342078773774896,0.0001311932056482,0.012295246951655328
2026-01-02 00:00:00+00:00,0.04770348153567953,0.013603749420716404,0.0,-0.05658846855430553,0.026815178239056305,-0.035377142255203546,0.07136234186689251,8.220944572601141e-05,0.0007251711591262309
2026-01-03 00:00:00+00:00,0.03843035480724372,0.012966216216216075,0.0018946753341611,-0.07029757919989914,-0.008138306131048982,0.013800166062507089,0.0243613757610065,8.820826118594027e-05,-0.00979617105960476
2026-01-04 00:00:00+00:00,0.007656022282779092,0.007163868488984093,0.0,0.006825745761657886,0.019779892698834754,0.005061965332208906,-0.010949482628900964,2.485333146884372e-05,0.009022850772224393
2026-01-05 00:00:00+00:00,0.006671827648089624,0.009948584812982553,0.0,-0.030701394375414283,0.008003461950824197,0.013239335013083785,-0.009940667416884687,0.0001018962627725,-0.0023585346735694288
2026-01-06 00:00:00+00:00,0.03430507763011451,0.025413920222608022,0.0063541868667500445,-0.014926475458956333,-0.022209256402798652,0.0034783204786209346,-0.006986068483890627,8.951194738582302e-05,-0.01840952081186962
2026-01-07 00:00:00+00:00,0.003072279096799191,-0.0012193250225958074,0.006196709673212952,-0.017665538435717318,0.00030618342642116923,0.007562057378970911,0.002281463304649423,7.866940166412206e-05,0.003932285785273489
2026-01-08 00:00:00+00:00,-0.03798928018660117,-0.025398044990822544,-0.0034399739662078765,-0.016421331560063382,0.003892930429363166,0.01927142528467318,0.004341677862628353,9.166642520774816e-05,-0.0009322053447003497
2026-01-09 00:00:00+00:00,-0.022004927497957644,-0.0029366678346181008,7.65793036485718e-05,-0.025639265575789397,-0.030679452928476403,0.027334043927452287,0.007243278720202848,9.406136209322292e-05,-0.006532670651995624
2026-01-10 00:00:00+00:00,-0.0037067383753947246,-0.0050098945967375075,0.006475512391894256,-0.00815092992759998,-0.003598309791466603,0.006177539295463963,0.004259059363049799,5.2913694165157565e-05,0.003644299580494807
2026-01-11 00:00:00+00:00,-0.00687963948941277,-0.00147896993055463,0.0,0.016587944027418235,-0.025596707497745497,0.02334155758644649,0.01764638309163651,0.0001023934475916,0.010249465700860714
2026-01-12 00:00:00+00:00,-0.0012861677461097972,0.005469240496254857,0.0,-0.015034591328131385,0.0049964310804756495,-0.0028005672819810586,-0.012094214499304456,0.0001236647219533,-0.0033131320104165117
2026-01-13 00:00:00+00:00,-0.00806459602483951,0.0031682724230579495,0.0015775995222702122,-0.01700475668774204,-0.01141252000844497,-0.015173378963547467,-0.03019294363207814,1.9414143888063503e-05,-0.0028804832117254433
2026-01-14 00:00:00+00:00,0.06002756208108517,0.04517789082174084,-0.0019391538524380358,0.04497141750599125,0.005254772863850364,-0.012063626060144592,0.029456723464661577,4.266419243559305e-05,0.0060321737750939925
2026-01-15 00:00:00+00:00,0.00478016254876635,0.016070215318028103,-0.0053333409920530706,-0.007721358386259802,0.023650247561940473,-0.022662893118913008,-0.025222514309337106,6.252378944848758e-05,-0.009112512992670678
2026-01-16 00:00:00+00:00,-0.035190669445518394,-0.013833753491717338,0.002579909335027164,0.006886469841405729,-0.013705077575081458,0.01954167121200954,-0.008941421007889014,-7.815109692355104e-05,0.0087988779139504
2026-01-17 00:00:00+00:00,0.0017490203963664705,-0.0006654996008049752,-0.000642237636565457,-0.006252935346570543,-0.010288423315215156,0.013450263223007219,-0.0009647626349671644,9.79488571302145e-05,0.00988417487307064
2026-01-18 00:00:00+00:00,-0.011562519649509391,-0.0041443420516692475,0.0,-0.025083932346092852,0.015408982016920224,0.03671155193114788,-0.003242846820818923,9.119959949899226e-06,-0.005363118929063965
2026-01-19 00:00:00+00:00,-0.028301708087733926,-0.01570742283238291,0.0,0.02892867435127415,0.03575139140922707,0.006704232193470629,-0.014685688920203253,0.0001960595068128,0.004632941168950371
2026-01-20 00:00:00+00:00,-0.014227797254277681,-0.010942807699703017,0.0,0.004422374137333131,-0.0009945535790936606,-0.013290218806332544,0.01059059221038785,-2.3459046081253376e-05,-0.00995301529975964
2026-01-21 00:00:00+00:00,-0.06196147711524817,-0.04535066573351654,-0.020626771431165203,-0.0469562519924941,0.004126989702484485,0.03752599572501553,-0.028078648165162257,8.053087342885235e-05,0.030279017205645898
2026-01-22 00:00:00+00:00,0.02039675996921834,0.011548739345586423,0.011587703733783039,-0.008427055934076642,-0.0022753280589306937,-0.005195706728646355,0.01687126468829796,0.0001014954756501,-0.011272177958941556
2026-01-23 00:00:00+00:00,-0.010058255571756746,0.001197833833269657,0.005487505126810399,-0.027972271019073156,0.0069593443415388884,0.020982435036869206,-0.016623386094951266,8.000663075646841e-05,0.0011941392419398923
2026-01-24 00:00:00+00:00,0.0044255935844383035,0.0004490691868161978,0.0003269037442048539,0.012857500567858282,0.014187281627095306,-0.01428754559566674,-0.0033456545529204186,5.654558647205654e-05,0.007167496064361956
2026-01-25 00:00:00+00:00,-0.008564531521914024,-0.004220695476821357,0.0,-0.013039334452183662,0.014277836620954476,0.01718424826994132,0.006291394976016763,8.134456507669086e-05,-0.0038002352499026436
2026-01-26 00:00:00+00:00,-0.05035296036855465,-0.028613814423972928,0.0,-0.007189181640467959,-0.028743205888404885,0.043626346948923395,0.0034075092274125363,6.113666963747377e-05,0.009315903610851821
2026-01-27 00:00:00+00:00,0.031657084803376485,0.019297255303946104,0.005006065986948416,-0.015866827526577598,0.021809565508949726,-0.01643853157460997,-0.023046537952589975,-6.511728345315326e-06,-0.00267270029623679
2026-01-28 00:00:00+00:00,0.023148797157826244,0.010160746359594297,0.004081879304713709,-0.005607930426620247,-0.01331481686941096,-0.012557079359112724,-0.019015845010173883,0.0001335483909923,0.010004360374292804
2026-01-29 00:00:00+00:00,-0.01224951680675322,0.000716385381702267,-8.16782735792998e-05,-0.0018688356947677669,0.027530532045364087,0.024964517059045364,0.013513119249508954,8.478494838648487e-06,-0.0030256221030995276
2026-01-30 00:00:00+00:00,-0.059206183484728135,-0.05217243229739066,-0.0012926284352460238,0.019767679567184816,0.004153620823594967,0.0015061559376547268,-0.021018385913456686,0.0001124483710992,-0.0036012547136009963
2026-01-31 00:00:00+00:00,-0.023835278981495105,-0.004648677910328858,-0.004301902278802894,-0.00334538379157516,-0.012957630565477494,0.018080891793182355,0.007618170414289582,7.757266366592575e-05,0.0026402582830238846
2026-02-01 00:00:00+00:00,-0.080353075561317,-0.0653664468231141,0.0,0.008634312945010852,-0.031378132641885784,0.0008647939683130018,-0.0023307099414128923,-5.154596369050246e-05,0.0006171066830748119
2026-02-02 00:00:00+00:00,-0.031593477390966705,-0.022555865566888822,0.0,-0.011970076436742152,0.02601031865806047,0.015609058128692399,0.006046037523926431,3.6185387927156754e-05,0.0023582581391431903
2026-02-03 00:00:00+00:00,0.02014054795285684,0.022890493490962838,0.005391243444688998,-0.02133968673937601,-0.0013643630055724526,0.031042969615454434,0.017415617165599497,-9.305488162747456e-05,0.018637210197553197
2026-02-04 00:00:00+00:00,-0.031517822370970366,-0.03761603710645878,-0.008403999747722213,2.9729240402814883e-05,-0.015104338622399481,0.01872988909773441,0.026393640397032778,-4.374523517469697e-05,0.004306561361740424
2026-02-05 00:00:00+00:00,-0.027495157250823958,-0.034265387073432296,-0.005072414535814085,-0.002288304739600358,-0.032268004036052525,0.001979027139210096,0.034850601907473286,2.174088845752209e-05,0.0012669217742979889
2026-02-06 00:00:00+00:00,-0.1578049006482641,-0.14041106191907282,-0.01225097054652824,0.020550356408629344,0.009605104114784657,0.021115143611937864,0.008596290718735078,5.9828489717306255e-05,0.008486313243857579
2026-02-07 00:00:00+00:00,0.1231787083900323,0.1221032606361574,0.01969581077900684,-0.013590223112909389,0.03745203210375024,-0.0041432432567681116,-0.03802973820731363,-0.0004578067313325,0.009625232386237286
2026-02-08 00:00:00+00:00,-0.004079904885727529,-0.018290582540098854,0.0,-0.013757792756559173,0.006644490847030049,0.0016868408345467097,0.010855178275269118,-0.0001698888226651,-0.004637789384188959
2026-02-09 00:00:00+00:00,-0.009356357860683333,0.014929058454216548,0.0,0.019904310224761468,0.01479795170323699,0.004002950841770802,-0.023396756597809043,-7.023858318078169e-06,-0.0016191016568816543
2026-02-10 00:00:00+00:00,0.00264761744063986,-0.0025267435028121232,0.0046910837672922145,-0.007057906034397109,0.0071075811777281395,-0.0076117839762430695,-0.0036503617507863463,-0.0001617569604331,-0.005232007645723307
2026-02-11 00:00:00+00:00,-0.024230942142467474,-0.018616327083675,-0.003303746543341979,-0.002891494714304166,-0.011177634761469046,-0.005414295716274609,-0.0022284252203539807,7.989910477679274e-07,-0.007595499227291815
2026-02-12 00:00:00+00:00,-0.01845274144813392,-0.025447167587380748,-4.897858051433612e-05,-0.01047354986310709,-0.012110245857069057,-0.012219045931559602,-0.0036232323643512927,-0.0001115567233511,-0.008925810563574764
2026-02-13 00:00:00+00:00,0.0029551139942459873,-0.012099131451478007,-0.015660947897203292,-0.008368016665628052,0.028183874802462514,0.009151062464136396,0.012555894696598659,4.508980574668975e-05,0.019878156760682216
2026-02-14 00:00:00+00:00,0.05246076758205029,0.038923299181348625,0.0004990662631205733,-0.02138793473250323,0.04422640673430243,-0.03711262442135022,-0.014894861896802336,2.851354717514631e-05,-0.017980130521108226
2026-02-15 00:00:00+00:00,0.055170903141514946,0.014151101036739888,0.0,-0.004118867277676692,-0.012936955422402696,-0.06480015888325479,-0.019700201890100105,-4.0310709790492005e-05,-0.008027970557847179
2026-02-16 00:00:00+00:00,-0.03991015478349318,-0.014306100402032174,0.0,0.01633495093452402,0.010508738467799185,0.02723478007211726,-0.0004828804465094108,8.325266307274148e-05,0.0004410548392015994
2026-02-17 00:00:00+00:00,0.01035690880988888,0.0009535313364410491,0.0,-0.00664780267982088,-0.005264892617869266,0.005800751416520567,0.0036918983460468855,-4.884109542235837e-05,-0.0004177140414356049
2026-02-18 00:00:00+00:00,-0.010606087711964578,-0.02013577781811593,0.0010312792104349988,-0.002235928892571736,0.009784865927804831,-0.014871576895797302,-0.001473334933543468,3.72223156517304e-05,0.00015776064963999746
2026-02-19 00:00:00+00:00,-0.030329895438421742,-0.015607053777718982,0.005566093154976803,0.00168726622193318,0.010959644982846496,0.02432241045935113,0.009148202306006083,7.333404579279446e-05,-0.008407016775099672
2026-02-20 00:00:00+00:00,-0.0014081930860990151,0.008298355383994593,-0.0028221370640183485,0.0035566013486022286,-0.01781882417686209,0.002078367540439352,0.0012179181650237459,-3.5730905456610174e-05,-0.006348005944592077
2026-02-21 00:00:00+00:00,0.019404266250382333,0.01501030250544999,0.00693977898217546,-0.007290949503219155,0.032342900064403324,0.04231632082464573,0.0010048221314236765,0.0001024441039381,0.013575615346464778
2026-02-22 00:00:00+00:00,0.0030355033698670356,-0.0006796186486179856,0.0,0.007864418139788155,0.012032599518026576,-0.004003659514339941,0.01362697404161275,4.59641680421452e-05,-0.01036080317606902
2026-02-23 00:00:00+00:00,-0.024461088026404818,-0.004704628524239363,0.0,-6.71348517276224e-05,0.013581803898685105,0.003748774580973401,-0.009393427339987222,-3.467735803608374e-05,0.0026419705441610474
2026-02-24 00:00:00+00:00,-0.04526837200974947,-0.04418792105126934,-0.010385685815636703,-0.02143412367271831,0.024788259853026948,0.008863818282716256,0.00038153222724901514,-3.977716300118672e-06,0.02223430729074069
2026-02-25 00:00:00+00:00,-0.006618179195212304,-0.009199112428782352,0.007651639793791798,-0.00666413755454205,-0.006777953046896701,-0.014782641857299272,-0.002783795865950456,-2.0081495246793143e-05,0.004296305275074436
2026-02-26 00:00:00+00:00,0.11754430815871536,0.06123880039917973,0.008136346945676998,-0.07843166894035046,0.07056320688423937,0.10844686542477762,0.11315999839773405,4.862517161297042e-05,0.013604771596821096
2026-02-27 00:00:00+00:00,-0.024372513170856966,-0.007421360509179298,-0.005365577666988752,-0.0164704216575658,0.010145822366819955,0.016202206464389215,-0.019467576285406317,2.012806804407852e-05,0.0036550747201570793
2026-02-28 00:00:00+00:00,-0.030409578137672384,-0.023902787620722177,-0.00433935555214604,-0.018760080396410705,0.00926748346605466,0.0011048050939054047,0.025242971096753778,-3.050785078095863e-05,0.0025221109211773472
2026-03-01 00:00:00+00:00,0.011013104265465201,0.016724892156267268,0.0,0.009253458081552979,0.003462996278016806,-0.004008010351792036,0.001054666287330041,-3.901427380004208e-05,-0.003804577764059525
2026-03-02 00:00:00+00:00,-0.02162801398006046,-0.017734559758340374,0.0,-0.015623603789979491,0.010910317099505629,0.02127193093252724,-0.006973594143680149,-3.463397211100894e-05,0.008178229406314125
2026-03-03 00:00:00+00:00,0.030265527025847092,0.046415209125475254,0.0003983206568511921,-0.006693984423959007,-0.024226682184480167,0.0035516597953011222,-0.0075248866520808005,-3.480237607433878e-06,0.004340368558480481
2026-03-04 00:00:00+00:00,-0.016204450990929983,-0.0073617260013546515,-0.009443997198334109,-0.0039875676917332965,0.022111059540419496,0.00027439111285183435,-0.009923566740220012,9.187200277738228e-05,-0.004676841808331105
2026-03-05 00:00:00+00:00,0.04744528633086566,0.06363688277231372,0.007756031939536001,-0.039286623145842414,0.02556494880102753,0.006028567862485096,-0.030057145042435972,-6.90832305961786e-05,0.002132408247984799
2026-03-06 00:00:00+00:00,-0.01830971205860677,-0.024594790298644975,-0.005646699177523806,0.013054589581190965,0.020172312752917997,0.0034360850970282866,0.020976664955825685,0.0001125797187842,0.0029833224139300457
2026-03-07 00:00:00+00:00,-0.03595327401200917,-0.039119438626599834,-0.013276804314631963,0.002533589667205474,-0.017663881365306097,0.009024217818559933,0.015547630311612638,-6.0349916550017646e-05,0.008131021066771433
2026-03-08 00:00:00+00:00,-0.01492873097025409,-0.012497980406268705,0.0,0.005056679659410923,-0.01620157719301092,0.02157073835935197,0.0060593005670714906,-2.647519650600394e-05,0.003163202197228296
2026-03-09 00:00:00+00:00,-0.01413990688093844,-0.01930327923715014,0.0,0.004997612792886618,-0.003580835812807815,-0.0002119849499880415,-0.005988016333379642,-2.7960565728291087e-06,0.00986688931336963
2026-03-10 00:00:00+00:00,0.02886897376256268,0.03730683422740522,0.008304129661336201,-0.000383214587770353,0.0003031298729984089,-0.018668824223443202,-0.024887443886585214,-4.1678577342274536e-05,-0.0004961745781421106
2026-03-11 00:00:00+00:00,0.009830296518805005,0.02204576125718427,-0.0021350826001804712,-0.020764146851520594,-0.021008836656281924,0.015147172388063245,-0.0285797884660038,2.187094278904844e-05,0.012988638558115708
2026-03-12 00:00:00+00:00,0.005658386830121676,0.0035492597483044452,-0.0008375752785526602,0.0165838836660797,0.028485416981368285,0.00846674851102045,0.014618397804871218,-0.0001300942327027,-0.004852674730928951
2026-03-13 00:00:00+00:00,0.001256803091128959,0.00470563079116193,-0.015227722187786008,0.00448259688107362,0.0036675002275645685,0.001894691526525172,0.0019155834806904748,6.0518025179368e-05,-0.006363859727760442
2026-03-14 00:00:00+00:00,0.004546647965590707,0.005893862239128467,-0.006059089233314663,-0.001920367215421592,-0.009224491050514016,0.013503817847141697,0.0032588124863093927,-0.0001744860421204,-0.006033139558779147
2026-03-15 00:00:00+00:00,0.00136429661231674,0.003933959137039755,0.0,-0.015766435728374682,0.0002713042703012423,0.007508013636620503,-0.0075631236438113755,-3.2443118050062836e-05,0.005010851995363894
2026-03-16 00:00:00+00:00,0.028037817395946442,0.02254321778617041,0.0,-0.005417348197292379,0.002566092821589594,-0.012574089418202528,-0.01534513535422093,-1.4200988867840714e-05,-0.004031136359918425
2026-03-17 00:00:00+00:00,0.06220450989463973,0.028407958900175778,0.010130891907499606,-0.030721855237567923,-0.023833438515987515,-0.08283943607294857,-0.03511939552177137,6.234504918900541e-05,0.003935130132321549
2026-03-18 00:00:00+00:00,-0.014315028985024413,-0.013013317941811486,0.002494260662927017,-0.017985759840219016,0.002563115279634598,0.017005559572910545,0.002659358378766607,-6.32306435993657e-05,-0.003986845095848678
2026-03-19 00:00:00+00:00,-0.04281258006638095,-0.036136635604095746,-0.013607619909798752,-0.016692973201324054,-0.015003892502180864,0.02831838958569699,0.007944763640914475,2.903291968925359e-05,0.004091868058449924
2026-03-20 00:00:00+00:00,-0.0230647324838907,-0.018475371087413595,-0.0027488037194136616,0.008011394071027533,-0.015565057664229687,0.024141322882284055,0.006232054084183258,-1.344399743963276e-05,0.004097909327290206
2026-03-21 00:00:00+00:00,0.006520139976724478,0.008374900196602031,-0.015138144460977054,-0.00013535438587293155,-0.017199951681634996,0.015747821579797573,0.005547097292607627,-3.686123399526675e-05,0.0002489465264499518
2026-03-22 00:00:00+00:00,-0.02719354324790023,-0.022578956106407144,0.0,-0.0010335873546939434,-0.013237407909155396,0.01851979842292644,0.01135826433392555,-5.040530631772455e-06,-0.001212110044857356
2026-03-23 00:00:00+00:00,-0.01616805066338057,-0.015256636397290912,0.0,0.013022817514954533,0.005011614538622646,0.009830377668494572,-0.004760663042598036,-0.0001250285532709,0.0018780045539095798
2026-03-24 00:00:00+00:00,0.03839773366895461,0.04474824046964043,0.011453197427795159,-0.013916708109378326,0.024201602832212645,-0.018306947168639495,-0.0006685070854497016,9.51498924068872e-05,-0.000611370334220184
2026-03-25 00:00:00+00:00,0.0066250758257096,-0.004826016462078364,-0.003742592311198889,-0.008515720377357172,-0.020348436549424663,-0.01698691640391543,-0.002780657759862382,-9.497488559828682e-06,0.0034342989976259143
2026-03-26 00:00:00+00:00,0.003605086129434117,0.010969330964396562,0.005419157247074091,-0.0045969137150069445,0.005921479790718421,0.01625449647941122,0.01575361929045027,8.681318528780402e-05,-0.009051223260656972
2026-03-27 00:00:00+00:00,-0.042675570528942976,-0.0351975875731968,-0.01740621065246739,0.010981599049045408,-0.00041764932241108305,0.02102239886713839,-0.005749222569164637,-3.785837737491082e-05,0.00803169390953057
2026-03-28 00:00:00+00:00,-0.02721832382723648,-0.03523579694132706,-0.016721834878249076,0.02786910653205665,-0.027538981385606794,0.020045452300951408,0.01047762021402716,-1.8394519701980805e-05,0.010913750931331973
2026-03-29 00:00:00+00:00,-0.00546698260334697,-0.00044300993607993,0.0,0.023971329344807436,-0.018062085072837953,0.027269738090500283,0.00484049539909479,-6.11821088188913e-05,0.004960371447636626
2026-03-30 00:00:00+00:00,-0.008825602624539441,-0.005380283049018164,0.0,-0.0011988404822961922,0.010978463843181952,-0.011064798932730158,-0.011906035819893045,-5.249356748915357e-05,-0.004641361235232062
2026-03-31 00:00:00+00:00,0.014789723889665995,0.011920658281030505,-0.003945767289228019,0.0017087853238783486,-0.0009119407645109111,-0.015694651462447397,-0.003677771216380089,6.954481544640956e-06,-0.006804268651043194
2026-04-01 00:00:00+00:00,0.018163511488038533,0.022124066119069585,0.029131172245937753,0.014911940804416579,-0.03277731200174289,-0.02968746484053555,-0.0318434913772784,3.3041307822667676e-05,-0.011053637638261945
2026-04-02 00:00:00+00:00,0.005719790895506131,-0.002271345149212678,0.007168546623124161,-0.010408879926389525,0.0041320302526653314,-0.012173765713173502,-0.0015458637228426887,-9.363134267159624e-05,-0.005742253603512404
2026-04-03 00:00:00+00:00,-0.03466121048215679,-0.017889008834350406,0.0011208579962647125,0.020770311220240333,0.00805819343086249,0.007899063500178015,-0.007795524644121962,6.701104436013239e-06,0.011931180525439762
2026-04-04 00:00:00+00:00,0.004927642954307706,0.0009197155611386787,0.0,-0.008781887512598674,-1.645958977161135e-05,0.005674521887546224,0.013023833701691223,2.324827861954759e-05,-0.0029217059741033797
2026-04-05 00:00:00+00:00,0.007790511731235298,0.005094875242791064,0.0,0.01479315763748199,0.0043140779950582514,-0.01363725515254659,-0.019480625556286733,3.702075274336636e-06,0.005813621276270097
2026-04-06 00:00:00+00:00,0.0046362123989233785,0.02567079425012264,0.0,-0.00040818724742248697,0.0008176126438983023,0.0036319137128236314,-0.004313859605804194,0.0001119841093237,-0.0033552054626834003
2026-04-07 00:00:00+00:00,-0.002919422813716051,-0.0026087750496753825,0.0044267617038020735,0.011542241056166015,0.009400837677889328,-0.006528304790795514,-0.009061213779824183,2.423904690007639e-05,0.005653793202016659
2026-04-08 00:00:00+00:00,0.06123785171420657,0.04464390805299212,0.0007592451711553316,0.018841011598328586,-0.04123281839334432,-0.07361921259038487,-0.05378560931679681,7.269556498545882e-05,0.014977280147298435
2026-04-09 00:00:00+00:00,-0.027067523487726276,-0.01185279773877368,0.025081420917808295,0.031270129034667686,0.009088271295538665,0.017464030844989663,-0.012511836502435283,1.1513470529633809e-05,0.007762751055014771
2026-04-10 00:00:00+00:00,0.017382340595949165,0.01002701367294434,0.006170009184983671,0.02690602975062888,-0.023146627946676924,-0.031436910143661526,-0.02488058858691542,6.027857880908094e-05,0.010064711421252481
2026-04-11 00:00:00+00:00,0.01128551528639085,0.016264717687985097,-0.001138518255854426,0.00021622567008128257,0.009923154700330183,-0.006145665512682985,-0.00230466338530606,1.8836799055232945e-05,-0.0033129459961764784
2026-04-12 00:00:00+00:00,-0.0035316114484220747,0.001316558187757666,0.0,0.002919074961388879,-0.0087909034180641,0.011308675064578355,-0.003739201270820325,-0.0002203095305021,-0.0007486488375720688
2026-04-13 00:00:00+00:00,-0.03444270286629358,-0.03153256799436799,0.0,0.004037358628431423,-0.007017778013180709,0.01996905190815168,-0.003745792647938305,-1.7492681008590694e-05,0.0075399055387151675
2026-04-14 00:00:00+00:00,0.052003040640942036,0.05195648207989967,0.010173260827151198,-0.019651275606587346,0.047904427876016765,-0.013647105411322993,0.017459867269782527,-4.0257892651052174e-05,-0.0249860811337111
2026-04-15 00:00:00+00:00,-0.0229231881663694,-0.0037386569872959186,0.011782917818722538,0.014277425190278147,0.01465097964958939,0.034900654752630794,-0.005202930462005262,-0.0001234143466491,0.0012173579534779959
2026-04-16 00:00:00+00:00,0.01915781255032245,0.009031547669650308,0.007975738369372598,-0.020089792871986756,0.002861986108440951,-0.009035947242809074,0.016747805930895553,-1.817618051369596e-05,0.004765980028689498
2026-04-17 00:00:00+00:00,0.0394249638194312,0.004421192839432875,0.0026100143102256723,-0.05975778929699056,-0.05688820777999752,-0.03392484979010639,0.04385082506354905,8.929936703117036e-05,0.006965913870886856
2026-04-18 00:00:00+00:00,0.002402041958167134,0.0256141920571773,0.012040424468278577,-0.003009989948948655,0.010026868889135865,0.021109319575508836,-0.012383684122960049,-0.0001330941322638,0.010468441143074615
2026-04-19 00:00:00+00:00,-0.03269035823522167,-0.01787341653836272,0.0,-0.018557923886938953,-0.02196554007943596,0.03544420849532439,-0.01680814059060103,-0.0002259784627942,0.006637743990087073
2026-04-20 00:00:00+00:00,-0.03448875963622591,-0.025053599422633188,0.0,-0.012199948821591367,-0.017687188294366267,0.033616499486843816,-0.006636157822387023,-8.229625443212374e-05,0.006246812139614318
2026-04-21 00:00:00+00:00,0.019790303132252038,0.02754533720905017,-0.0023743836004749275,0.009724438767896571,0.0033472637404583297,-0.0019163569484329512,-0.01732033727021205,-2.719591412525535e-05,0.006956056542412362
2026-04-22 00:00:00+00:00,0.008762954997880979,0.00657209846668616,-0.006348165882230528,-0.0029736054362051057,0.0012728786304704986,0.00014052664174881747,0.0023078759839215927,-8.024396896177954e-05,0.0015778728335505711
2026-04-23 00:00:00+00:00,0.004836491326371562,0.02427111925566483,0.010460064467632257,-0.006657036258484373,0.00042019560001824684,-0.00222526074909466,-0.003919776918425821,-8.612165317190001e-05,0.0030643445040998835
2026-04-24 00:00:00+00:00,0.0051725643568010975,0.000985413323300044,-0.004132868210538154,0.01909498816891155,0.002201359850361939,-0.007847189707839309,-0.013162808053977825,-6.126689591223755e-05,0.004383669095980919
2026-04-25 00:00:00+00:00,0.0012765832578126505,-0.010501580223174711,0.007973664959765925,0.013567477544419181,-0.01837665188519779,-0.017315369506911614,-0.009418063095996087,-4.957376387393353e-05,0.0022488745105058144
2026-04-26 00:00:00+00:00,-0.00393440007287064,0.002449757995953261,0.0,-3.823531339026704e-05,0.004842575675918415,0.0002792612455544633,-0.0027712498884192587,-7.051317120010392e-05,0.001803517911057526
2026-04-27 00:00:00+00:00,0.008305727711702208,0.013256428433331191,0.0,-0.0021044763550354785,-0.00045748549293063174,-0.0006025109192667518,-0.004998948809371172,2.345236421552599e-05,0.00128779160369004
2026-04-28 00:00:00+00:00,-0.01352195714904895,-0.016311447779325472,0.0012323658633259793,-0.010915690149155234,0.005214510903443314,-0.0009142587054615358,0.0038132788488144404,-0.0001112486317821,-0.0017211613477136727
2026-04-29 00:00:00+00:00,-0.009786950825498571,-0.013359420259869137,-0.004894123288415875,-0.01814823118966693,0.003465412517567424,0.010708432211538454,0.014644065637734661,4.525469871152765e-05,-0.0017650784495325698
2026-04-30 00:00:00+00:00,-0.011809689955268661,-0.007184975772660307,-0.0003992267608001754,-0.0012218141816791699,-0.0063798103814519894,0.00925172509794654,0.007185930318782651,-0.0001112179204584,0.002045131741194018
2026-05-01 00:00:00+00:00,0.00618481728077079,0.00733334301431432,0.010238300436522074,-0.0025440471608629608,0.008275941427833566,-0.018546895433913236,-0.01009744359970024,2.985262575161407e-05,-0.0045848337227749215
2026-05-02 00:00:00+00:00,0.015760612848921163,0.02472433143656949,0.0029282800273546794,-0.02689146601263981,-0.03622866511700753,-0.01958726950076104,-0.013305005492487476,-4.183740075724973e-05,-0.007400273386856318
2026-05-03 00:00:00+00:00,0.006302236415349038,0.005894464906895713,0.0,-0.00048564780121913495,0.01088741701234972,-0.007048072447156239,-0.006458368313419505,-6.076646111230488e-05,0.00563528086688438
2026-05-04 00:00:00+00:00,0.005510198033217202,-0.001575275673242782,0.0,0.011206298596327468,0.01766649787116592,-0.014080658912837163,0.001006443310706295,5.4328577129281186e-05,-0.015322610702400857
2026-05-05 00:00:00+00:00,0.022339352051222595,0.0165174648855837,-0.004062173241937916,-0.03263525305120489,-0.036584722118494506,-0.0463911423713212,0.032216177916479925,-4.946941370831403e-05,-0.01898106654927738
2026-05-06 00:00:00+00:00,0.03966243450456073,0.012975705940788673,0.00811998750130205,0.03939886356062332,-0.04244854056568421,-0.050163674391428,-0.022979977406826314,-5.923564349230581e-05,0.01545360681269831
2026-05-07 00:00:00+00:00,0.028521483413271778,0.006532124523416005,0.01458834420226962,0.0497242860277243,-0.049036046301479196,-0.04952193484561303,0.020241604169828013,3.5330339889227957e-06,-0.012795127112523168
2026-05-08 00:00:00+00:00,-0.009943386716076412,-0.017455439912225312,-0.0038030609141467275,0.02068980316275959,-0.01631343903309319,-0.015096981616063921,0.005525464140640856,-0.0002111679583258,0.0007823202405624946
2026-05-09 00:00:00+00:00,0.03405057295558166,0.0023233886961764316,0.008425660784695976,0.009707006188792701,-0.009326949186880441,-0.041342741447798106,-0.013784872847554986,2.3633167058445537e-05,0.011882973234575588
2026-05-10 00:00:00+00:00,-0.009048380067313462,0.005973411581531973,0.0,-0.025386310953287847,0.019713246370436588,0.029217436977292132,-0.0076141667525630565,4.148628993405623e-05,-0.0018833286604395371
2026-05-11 00:00:00+00:00,0.019502006723179914,0.01914452960289692,0.0,-0.03541816903849424,-0.02853531887097278,0.020720376581084898,-0.00421654305128265,7.449230666978224e-06,0.010777711210732914
2026-05-12 00:00:00+00:00,-0.014216038596761467,-0.005823964408835813,0.0018800015677942206,-0.017087283249171303,-0.00845259454343996,0.01917765109314271,-0.004963700013260209,0.0001290468395735,-0.005218938209452233
2026-05-13 00:00:00+00:00,-0.02086621768852664,-0.015154389705639426,-0.001602624635092642,0.005780998737115595,0.008950320285195068,-0.00030140032610186107,-0.007913966427136777,5.860380213329464e-05,0.0046928175126022915
2026-05-14 00:00:00+00:00,-0.02074188829821025,-0.014574762928623808,0.0058492411795225685,-0.03421338094662383,0.00970115335863115,0.028148269670006033,-0.005896977838276873,-5.943030558230866e-05,0.012880932227066962
2026-05-15 00:00:00+00:00,0.025351134959517685,0.022205041601345954,0.007655573093326984,0.01850273805052343,0.012112347799967702,-0.014642115143718163,-0.0031361911701259376,0.0001168263997184,-0.008236340151816325
2026-05-16 00:00:00+00:00,-0.03661786228790504,-0.024366771171477897,-0.01236328926950736,-0.02921375751027173,0.023323876327162596,0.037708450942570006,0.0016443374906889088,5.248955635472896e-06,-0.000692316679963813
2026-05-17 00:00:00+00:00,-0.026629649183881252,-0.012264461137668548,0.0,-0.009138104045342814,-0.01104784603396567,0.011378424396373175,-0.01772163882963742,7.400772604904127e-05,-0.002056027624889759
2026-05-18 00:00:00+00:00,-0.010827097208448551,-0.00862693683566318,0.0,0.01666961064706296,-0.010834371154583146,-0.017839523288831982,-0.016247392198671308,-0.0001063334650414,-0.008164175031301032
2026-05-19 00:00:00+00:00,0.004337865975510943,-0.006033805843699613,-0.0007356414928797461,0.03543593819558044,-0.021241753017161646,-0.034602377942800785,-0.004570061292567318,0.0001641871289765,-0.017219318086902687
2026-05-20 00:00:00+00:00,-0.013028371295734214,-0.002121793272629069,-0.006678328526755983,0.001584495523722685,0.0030035512890913326,0.007165453706988888,-0.012918305870343637,3.985259047167844e-05,-0.007909239066313887
2026-05-21 00:00:00+00:00,0.03764990953055315,0.00925001204428666,0.010791978361648358,0.08797295990522579,-0.015774963503962614,-0.08772782663137395,0.011494808960164304,0.0001332238678699,0.009588478185939726
2026-05-22 00:00:00+00:00,0.007085890815471574,0.000979224696588732,0.0017153304802790537,-0.0058808904777025274,0.005806423064315646,0.0069197337106720715,0.0025774017196208638,-1.3644310564830953e-05,-0.007317931636422649
2026-05-23 00:00:00+00:00,-0.04555918615738714,-0.02671995793066284,0.0037269733484470713,-0.04361698821211984,-0.03710206926653396,0.049898315127160094,-0.008091934701651482,7.197036151485037e-07,-0.005755120858813785
2026-05-24 00:00:00+00:00,0.02406473712147726,0.015919092184005113,0.0,0.0317424858370702,0.021822024598731553,-0.0243927230134882,-0.0007284509418413951,0.000153115073544,0.002832444757150233
2026-05-25 00:00:00+00:00,-0.009938903067289706,0.004107399837320447,0.0,0.0104528056586354,-0.009841407034912365,-0.0017797351645205683,-0.026341511624948508,8.177533062214692e-05,0.0099943969575042
2026-05-26 00:00:00+00:00,0.0033602993790962246,0.0032610544162492427,0.0,-0.010856106694847312,0.015146977529980976,0.0069499043901582345,-0.004416455428939203,0.0001031317744626,-0.003046927555787546
2026-05-27 00:00:00+00:00,-0.02089683797281805,-0.017805037428103798,0.006108273666717068,-0.01041908005097545,-0.03511347004690912,0.016623052962740338,0.021763456003239725,-7.375665082132166e-06,-0.006061385559750004
2026-05-28 00:00:00+00:00,-0.019251929648265113,-0.019595417986838837,0.00016491291534115327,0.009727323886657513,-0.02075005074054819,0.008854527562752913,3.78715141167163e-05,0.0001853513232792,0.0046113579247273875
2026-05-29 00:00:00+00:00,-0.023130896068043964,-0.011108856581933835,0.005753713917950876,0.021412646573372877,-0.007752693541296131,0.021706599317389053,-0.02022380611387489,8.514011070714922e-05,-0.01248273594149165
2026-05-30 00:00:00+00:00,0.016130524592717275,-0.002217650431979745,0.0021722374045267667,0.04755039422362126,-0.04853354552035434,-0.03706645815565479,0.056871482155271824,0.0001160313047956,0.032148013235815384
2026-05-31 00:00:00+00:00,0.007576169534477676,0.005836994506198012,0.0,-0.0035209871441553185,0.0034000673266213477,0.04664199807059159,-0.020225332271056717,4.044440928030468e-05,-0.01996664933339688
2026-06-01 00:00:00+00:00,0.008900238065930537,-0.0027566859111145536,0.0,0.028460132126819748,0.052366143614242834,-0.03985049853136475,-0.01143998682757943,4.2102129898857754e-05,0.016648778464555904
2026-06-02 00:00:00+00:00,-0.02060153956830959,-0.030707423438492754,0.002625309034492984,-0.024754008786616155,0.021368782655945218,0.0051664445212178806,0.0036352180556731527,8.866836706133974e-05,-0.0088294968245771
2026-06-03 00:00:00+00:00,-0.0613193418178812,-0.06529488804689632,0.0012921120637476857,0.03518735774042032,0.04259555571272235,-0.03891989022052864,-0.04098377804927089,0.0001809168253781,0.031650567961489205
2026-06-04 00:00:00+00:00,-0.01400500276495064,-0.03914731005544736,-0.0073720922286846235,-0.009018186831758212,-0.011662542533569619,-0.030401455461442108,0.011581638271966697,-8.732852516635248e-05,0.010249868503481157
2026-06-05 00:00:00+00:00,-0.05765193176681198,-0.004122106688168703,0.004054977176687347,-0.05960672453071183,0.07288161844400895,0.06920506429389148,0.01960661685519543,6.467550306288317e-05,-0.02008056529883695
2026-06-06 00:00:00+00:00,-0.09247261684692148,-0.04434219634349934,-0.026445385275654654,0.0331496381098761,-0.037867673665846355,0.025738921432820056,-0.01347778391265958,-2.217730375897453e-06,-0.02083456408076448
2026-06-07 00:00:00+00:00,-0.0047391565785370885,-0.0028235718265543497,0.0,-0.007951570487767979,-0.009849484488950622,-0.01353088340426074,0.010083263582588663,3.720353272118615e-07,-0.007687359584817618
2026-06-08 00:00:00+00:00,0.055362017613283444,0.040243419441673645,0.0,-0.044880690720452046,0.038351268233498166,-0.014685095122958396,-0.04518940448511631,1.704822296422215e-05,0.010525549144345794
2026-06-09 00:00:00+00:00,-0.003138554008376097,-0.0038010379392876548,0.0029781655367062676,0.02745363663288025,0.001368211690807186,0.011259867139276092,-0.031049132228501742,-2.7146617053608324e-05,-0.001642120764377575
2026-06-10 00:00:00+00:00,-0.02503124511592538,-0.021613469525626483,-0.0025763834220259296,-0.003992279322483069,0.002394813369105433,0.018101294668373118,0.014057152924937012,7.108996774229936e-05,-0.0050544056517827195
2026-06-11 00:00:00+00:00,-0.028976133337808678,-0.003424912877866948,-0.016199495034961653,0.007283159157706436,-0.012006514345971463,0.017985984471083995,-0.0036905875848541013,-6.501757276311526e-05,0.0008463074223325081
2026-06-12 00:00:00+00:00,0.038017734454324076,0.03438634955280828,0.01751894525794051,-0.022386875850052612,0.01987540878602221,-0.024798446290651047,-0.01050508788348654,2.3010844895754445e-05,-0.0027842628787017438
2026-06-13 00:00:00+00:00,-0.007335169849725443,-0.000800340891759066,0.005025492609171955,0.00663784309308384,0.01422989734040041,0.017325832165948653,0.011307204182078602,7.829057048125421e-05,-0.0033486837662778006
2026-06-14 00:00:00+00:00,0.01993952053600095,0.013709537822399032,0.0,-0.018707356804125365,-0.0016005658957256377,-0.006966811322087565,0.011337921667019834,3.3207685885772165e-05,-0.0003767244054179499
2026-06-15 00:00:00+00:00,0.02872513009182933,0.01993070281380116,0.0,-0.025640355805157177,0.011572533559726095,-0.023529773076388236,-0.02503249770472147,1.0432388287684446e-05,0.0025950720072679336
2026-06-16 00:00:00+00:00,0.030782450601228875,0.008885560735501397,0.016528380695045142,-0.011616941840957566,-0.021425483851027806,-0.039057377036081004,-0.019917762519728256,-4.088641529031989e-05,0.010536915471661046
2026-06-17 00:00:00+00:00,-0.006160380755042083,-0.00967174014383132,-0.005684187395506357,0.01392896980816518,0.002035481278002904,0.008369442792361605,0.021865563465365633,-8.895837058453537e-05,0.0008804614793231743
2026-06-18 00:00:00+00:00,-0.01678371991097091,-0.01785213756459003,-0.012148282266170485,0.00269316304314564,-0.018187168470287653,-0.007629220939479774,0.007517176238661615,1.4221961115445936e-05,0.004537090957963794
2026-06-19 00:00:00+00:00,-0.021610346130133722,-0.02402249627362818,0.010846215010579252,0.02970951278238576,-0.003463436885993997,-0.009635152406413907,0.010417662473946866,2.2976939496155424e-05,-0.004063790686866166
2026-06-20 00:00:00+00:00,-0.012287873522069111,0.009352537422068874,0.0,-0.004262715363970004,0.02194852297203558,0.011791893745628567,-0.036438104661694524,3.068868518552037e-05,-0.0037432155370682057
2026-06-21 00:00:00+00:00,0.008715975629519306,0.011925192796389927,0.0,-0.01330608222209424,0.004937039817012989,0.018392151752334752,-0.0016701985508913442,9.271347988892842e-06,0.00444181802579762
2026-06-22 00:00:00+00:00,-0.023474744068869083,-0.01529329391629064,0.0,-0.006623522105936176,-0.008579366772158915,0.010621357081368289,0.01015039514076066,4.246760061299426e-05,-0.007237067516240905
2026-06-23 00:00:00+00:00,0.006587366830398807,0.011109689020353253,-0.003705046809713397,-0.004267632566239077,-0.0042464270617698086,0.0035525208117567213,-0.006646361289836489,8.80376920462389e-05,-0.0032216100929268166
2026-06-24 00:00:00+00:00,-0.025000454131119444,-0.02021403277376843,-0.014362774813690748,-0.007830805263863948,-0.008364381089917529,-0.0032214955181389497,-0.0024730303142314752,6.849235453154634e-05,0.0033205264549384292
2026-06-25 00:00:00+00:00,-0.014905754061887204,-0.02624540047562307,-0.0009829664406567629,0.015135896654611524,-0.0026666885758551487,-0.0032759293325723936,0.029705864740097357,-7.905563757670819e-05,-0.01411776803046761
2026-06-26 00:00:00+00:00,-0.017066554014073428,-0.020954543072044363,-9.920877603553091e-05,0.009316269403769041,-0.026187508425831774,-0.0232439835862684,0.01150256039802744,-8.726466913633324e-06,0.0011412945683270867
2026-06-27 00:00:00+00:00,0.02606022092015449,0.005020753899407593,-0.0004716282319104925,0.012709245858027442,-0.027692620531086183,-0.025514452468135107,0.03926054808653099,7.165078193649421e-06,-0.01782143512373786
2026-06-28 00:00:00+00:00,-0.017333384923858053,-0.001193567718737465,0.0,-0.002690144011123885,-0.0025090277906098194,0.01513936788636976,0.0016944071030887686,8.936082991617411e-05,0.0032429778500214727
2026-06-29 00:00:00+00:00,-0.009474770461984446,-0.007501629158520928,0.0,-0.004848545309865025,-0.013542155268284617,0.019002943455887957,0.0086046064800984,2.9496903478420933e-05,0.004457618976555236
2026-06-30 00:00:00+00:00,0.021165625958914115,0.011326578248267882,0.011750036034712918,-0.02617879098590252,0.01869491860012091,-0.012714099444752127,-0.02171492320962047,0.0001847832172763,0.0014863860760459123
2026-07-01 00:00:00+00:00,-0.01697790819115225,-0.026887639124810847,0.007920241168857034,-0.038684808775730925,0.003306641813548096,-0.013423318637948321,-0.010975221653309598,-5.059221760173038e-05,0.013185832170246527
2026-07-02 00:00:00+00:00,0.02311138703415677,0.02378961665648549,-0.002150850205884236,-0.003976612721929219,-0.026316381469339723,-0.007228853258597744,-0.01666526367299137,0.0001276083563996,0.01472338481942006
2026-07-03 00:00:00+00:00,0.04102753418774318,0.02568350455669699,1.3363213478001512e-06,0.017673126669807533,0.008511508053422247,-0.007763390045341899,0.01871383000261031,6.402831805241149e-05,-0.004622113643711037
2026-07-04 00:00:00+00:00,0.037070248934673984,0.016654046271892042,0.0,-0.02570215021751032,-0.0012406504986190135,-0.015456366146854042,-0.010052486305464958,0.0001089338594086,-0.0046996623810601715
2026-07-05 00:00:00+00:00,0.011471448821573915,0.00877959898026881,0.0,0.004701873583709304,-0.00900928959539251,-0.016304689829136708,-0.0018542836255143417,0.0002477931569264,-0.0006383622176707802
2026-07-06 00:00:00+00:00,0.0037307784534767277,0.00795851369250955,0.0,-0.008089053360805232,0.004558467119381659,0.008174263421295569,0.002100281764005474,0.0001640050169231,-0.0008310623329604944
2026-07-07 00:00:00+00:00,-0.003056493715644352,0.006389791424003866,0.007241515707100188,0.006634679708636515,-0.000644028388228835,-0.0037094548221460635,-0.0006613654667753542,2.7076940536385763e-05,0.007629958292854348
2026-07-08 00:00:00+00:00,-0.02054847753344288,-0.010749161246790151,-0.004455099417175368,-0.013380494203756711,0.003520972893390706,-0.006016910865335179,-0.020152688619235228,0.0001695607416334,-0.014485590458485792
2026-07-09 00:00:00+00:00,-0.01969989554461251,-0.017053654038657662,-0.0028172204934800993,0.0003324033834184899,-0.020370288443702478,0.006953251654410211,0.011817192702837232,0.0001257461254029,-0.008387545885934775
2026-07-10 00:00:00+00:00,0.01477516746313891,0.015126422971216913,0.008142771803263837,0.007264794144869536,0.008709964951655234,-0.015524445246154485,0.003303272446853578,9.186705422625784e-05,-0.006660797123823565
2026-07-11 00:00:00+00:00,0.0250942355639974,0.014755447252243092,0.004208843476093849,0.005787710631470766,-0.008358808295432008,-0.007416547314939636,0.010391238515626799,0.0001376196208922,-0.001767168791479592
2026-07-12 00:00:00+00:00,-0.0036474119557383445,-0.005403129604940049,0.0,0.020252740151178127,-0.022412834800319616,-0.018438403666373636,-0.012564855467611836,8.305789039741995e-05,-0.01247806843857879
2026-07-13 00:00:00+00:00,-0.0038932598278240177,-0.0005173792389822074,0.0,0.0009645362283487108,-0.00521317092475344,-0.002116370110394561,-0.015576626293482089,3.391428428267673e-05,-0.005070742949803156
2026-07-14 00:00:00+00:00,-0.020139872313653752,-0.022635294117647087,-0.007926984617293686,-0.008489260025183954,0.020342308192328493,0.017992981082724603,0.012077191359329185,9.93998006177943e-05,0.007813371236667352
2026-07-15 00:00:00+00:00,0.04479268657253231,0.04345739644020741,0.0037589783030442803,0.020999017369339155,0.029155707404362283,-0.014295130238457611,-0.028996487080667155,0.0001185527618885,-0.013715428043141098
2026-07-16 00:00:00+00:00,-0.003078033482136,-0.004511287447300338,0.0038191365119260023,-0.01978768472503716,-0.021270654917214006,0.0017417559237369764,-0.011822296865140068,0.0001374098476458,-0.004084069827905045
2026-07-17 00:00:00+00:00,-0.023203948783038258,-0.014220953193225139,-0.0051014209497648455,-0.023229307924312548,0.02184080553638266,0.022920296065417078,0.023504203444627163,6.61497566651903e-05,0.00591851027334544
2026-07-18 00:00:00+00:00,0.00404505041763786,0.0017068697982789427,-0.010098529686996094,0.009345787702456731,0.018295821432497684,-0.02120357754775752,-0.012701314426230592,-4.820994918497412e-06,0.005463568917758148
2026-07-19 00:00:00+00:00,0.004413939324198261,0.014032254783687526,0.0,0.010754127725754525,-0.0056230068866977454,0.005914947924319658,-0.01252226940850798,0.0001052445479208,-0.004242968475431299
2026-07-20 00:00:00+00:00,-0.008386177912489145,-0.001728216372689828,0.0,0.010909548958981486,-0.016992389580955815,0.0012509542436466743,-0.01739408251079444,9.406966993918964e-05,-3.8836184507509496e-05
2026-07-21 00:00:00+00:00,0.01284292050118412,0.008193870595272879,-0.0019322337077566365,0.007537033888141153,-0.00044713810176186773,-0.00012771608490738141,0.012736902778998862,0.0001191246976122,0.007335403623645096
2026-07-22 00:00:00+00:00,0.01745190020053576,0.019894273343881386,0.008856310658741817,-0.018290721843058553,-0.012259999903441132,-0.012091591393756219,0.009108399984553149,0.0001071908464067,0.004313687787749768
2026-07-23 00:00:00+00:00,-0.003929569567283512,-0.006620326386299835,-0.0013636605763596155,0.006126470472235823,-0.007236746159578123,0.0017765704494244528,0.0037333435475083174,-8.992964962817318e-05,-0.0008800757281555813
2026-07-24 00:00:00+00:00,-0.025279621078701832,-0.015320359553282259,-0.012089676435132368,0.011884762533332528,-0.006388131236490489,0.007920911104502572,-0.0014858863848583592,5.624562643991027e-05,-0.008346453535204905
2026-07-25 00:00:00+00:00,-0.012156844349177735,-0.014647392945399962,0.0004967401428126461,-0.0056848277651180956,-0.002176495148272471,0.006709412095591725,0.005290364302053008,3.866538491226201e-05,0.0012675302398905313
2026-07-26 00:00:00+00:00,0.005954140965973198,0.003456208620245871,0.0,-0.02947810607906165,-0.011962385028072009,0.013458815783594247,0.012392578867469051,0.0001496701240197,0.012151537030582481
2026-07-27 00:00:00+00:00,0.03116888038531602,0.016117976750945395,0.0,0.0418867298348391,0.03855676719417369,-0.018188304840203576,0.0025327832568271536,-4.792622038896077e-06,-0.01651841828635466
2026-07-28 00:00:00+00:00,-0.04635934348193471,-0.025304741407661258,0.00016190005909355598,0.014203435907550618,-0.0026534827053187326,0.012095368696411701,-0.023490472965979836,0.0001538224867809,-0.003550971285007108
2026-07-29 00:00:00+00:00,0.014153147395689455,0.0028687649872567444,0.002104360072195721,-0.0013412765150825103,-0.003337164895505928,-0.015261817086594265,0.01583626285674753,-9.765390411453634e-05,-0.007167211497100775
2026-07-30 00:00:00+00:00,-0.008722923884775913,0.0008653659574735517,-0.015161305086434096,0.0004397203723739869,0.015877094757978136,0.0027490369964261684,-0.009011502575226605,0.0002115896026164,0.0029144783169191887
2026-07-31 00:00:00+00:00,0.023896609052679058,0.012368880640536428,0.016604361583619776,0.0073027289435966675,-0.009942223454973309,-0.027104500977145233,-0.0009538915490238109,0.0001621334395713,-0.0035147553285553752
2026-08-01 00:00:00+00:00,-0.02043421136294544,-0.029190733590733542,0.007003575063561973,-0.020190948183717895,0.0007385911400263449,-0.0008979107326922732,0.013985755979971827,7.578076557912539e-05,0.00478127936505392
2026-08-02 00:00:00+00:00,-0.00883881071082587,-0.0010754073741765513,0.0,-0.013244010213804681,-0.004358966662559593,0.007209617982376048,-0.0017002089230837118,7.830166226607815e-05,-0.005832420406700993
2026-08-03 00:00:00+00:00,0.031025107765162607,0.012066766148078667,0.0,0.008211174492729793,-0.012444563993980348,-0.023800309402451217,-0.0012972509273549114,4.164118507210546e-05,-0.0036388356236802728
2026-08-04 00:00:00+00:00,-0.005171084552907312,-0.0008308418568057085,0.014790940115251283,-0.017685654681882036,-0.016294114888243193,0.0034098600984697304,0.010827629600241705,7.802424396952112e-05,-0.0007120805485152569
2026-08-05 00:00:00+00:00,0.004631622893657705,0.009107488204204373,0.017896191040063236,-0.003159553657835756,-0.001240684797982583,0.0008411216341902786,-0.0076493105514987775,0.0001351599391423,-0.007742824448628719
2026-08-06 00:00:00+00:00,0.002754648867980321,0.008714719354511402,-0.00167646435348201,0.005927341329841207,0.0028422645072035957,-0.004790089431325529,-0.010194430159186883,5.192533150610856e-05,0.007074796885228445
2026-08-07 00:00:00+00:00,-0.0075556141689727095,-0.005166019689358037,-0.0017595535731625978,0.025835443820195026,0.0021662691578186568,-0.006519851935449529,-0.004072376798853328,-1.1051740401724077e-05,0.0010607958519319482
2026-08-08 00:00:00+00:00,-0.0009116470938930791,0.009104199066874097,0.006184208478383857,0.006697003380365363,-0.010737955327725368,5.087511944996677e-05,-0.007842210919622738,0.0001846485454433,0.00023740089752128285
2026-08-09 00:00:00+00:00,0.00903155423361038,0.0006642480434735365,0.0,-0.009937890404718309,0.008141506230396445,0.009270124420573378,0.008653056373889245,4.84443023374137e-05,0.0032959726901534846
2026-08-10 00:00:00+00:00,-0.00891416295935803,-0.000934874515813533,0.0,0.0028605965167866733,0.0020135926823340537,0.003263164274729658,-0.011378028901918214,0.0001017325167944,-0.0008129588822062309
2026-08-11 00:00:00+00:00,-0.0077995488618496514,-0.014313727303839507,-0.000583940476743039,-0.0028617463990696645,0.015697742983696618,0.003179231868972442,0.014807931423315001,5.093330617156333e-05,0.0005247667620050395
2026-08-12 00:00:00+00:00,-0.00159481663352119,-0.005744510809470915,-0.00321290424100773,-0.010367523420920066,-0.021490797610855192,0.028858086307940334,-0.00033769919925010763,7.703796355884585e-05,-0.005837156231031698
2026-08-13 00:00:00+00:00,-0.014314805956369773,-0.0018451519536903938,0.0026267436142957123,-0.0033981017609328486,0.0074752108215080625,0.011338667197072393,-0.02041513488373585,8.322466470667145e-05,0.010342278382717039
2026-08-14 00:00:00+00:00,0.00045423905399233355,3.151854787741826e-05,0.00651609989030133,-0.003372244386359413,-0.008116762998240157,0.003761857205398145,-0.005892218083365642,0.0001781084246337,-0.00444712183753094
2026-08-15 00:00:00+00:00,-0.010487022627214607,-0.006960651909097004,-0.0016963735047742512,0.0208948790477127,-0.027350488239690617,0.010748959113153255,-0.004843559815352961,2.2132644247108143e-05,-0.0016545048362181722
2026-08-16 00:00:00+00:00,0.00013358271222592885,0.0006173133380942275,0.0,-0.0009568524593761784,-0.0033525160512417385,0.007891989401816856,-0.0010684056658763817,8.631293279193208e-05,-0.0069070356669740434
2026-08-17 00:00:00+00:00,-0.004100409008744991,-0.0028213956630755987,0.0,-0.0017694559974928302,-0.0031618708975944985,-0.0010464764955217644,0.00023102237288177233,-1.0446058879454156e-05,-0.000915210103149319
2026-08-18 00:00:00+00:00,0.014884358711027453,0.025893822762262264,-0.005227492242247389,-0.003017663934990122,-0.0038768458261184465,0.004205600536481956,-0.013526110984534467,0.0001331416098082,-0.003670596547062207
2026-08-19 00:00:00+00:00,-0.008369682644427123,0.0029439989085964235,-0.00688180595114829,0.0048161904154629285,0.003276033950518897,0.01616303082588462,-0.0183672604381816,7.447690225137471e-05,-0.0011158881213025292
2026-08-20 00:00:00+00:00,0.08232615268885421,0.07135128450860972,0.002108750143010152,-0.021849175316199787,-0.022567543372261592,0.0003714734740696696,-0.041324221801117604,7.007101063027932e-05,0.004399806226427585
2026-08-21 00:00:00+00:00,0.04729727979753425,0.05322031452892806,-0.008668937905910501,-0.03804868503997181,-0.011926905226314767,-0.014087644699322333,-0.016879715701451123,0.0001570383987041,0.031870166004240336
2026-08-22 00:00:00+00:00,0.1302002911547397,0.07274650096508584,0.004346198744693108,-0.010320006305908375,0.004958090828520584,-0.02670763842480442,-0.0033665964275737537,4.0032251239274785e-05,-0.009781036261527945
2026-08-23 00:00:00+00:00,-0.0038542349417376516,-0.015638029296722977,0.0,0.0011609186094732938,-0.022434715077391254,-0.02823735053495666,-0.03090037465054714,-0.0001041437530308,0.0024849493307993664
2026-08-24 00:00:00+00:00,0.021449458943003926,0.008232524048284784,0.0,0.028929488209879728,-0.032053476584464155,-0.0523852667071697,-0.027988773897156816,0.0003232254264853,0.005789026207293521
2026-08-25 00:00:00+00:00,-0.012882944412045938,0.01587640618586672,-0.0028028359331124797,-0.008977067740575072,0.04005538840586864,0.04411678056812973,-0.0009803202742234562,0.0003057889001869,0.004320114988712969
2026-08-26 00:00:00+00:00,-0.03253792776354882,-0.005669195597380772,0.003190963901077426,0.00345333634502365,-0.035049126508758334,0.019003551554130426,-0.005887085946970384,0.000106806138572,-0.004325405339443771
2026-08-27 00:00:00+00:00,0.015650914756508764,0.0061651809939189395,-0.0002058020548943995,0.007008453487887836,0.00598278572123323,-0.009370908701515511,-0.013328798519758324,9.866503180289143e-05,-0.0011280567691926218
2026-08-28 00:00:00+00:00,0.012093740532849262,0.015438780393318696,0.007203251820680823,-0.0020027054912249223,-0.005361317222017114,-0.006991597380318961,-0.002572255510559618,0.0001667685686193,-0.009464955250900329
2026-08-29 00:00:00+00:00,-0.03223560864348425,-0.029959268859191424,-0.002487391653591575,0.0018461503651081082,-0.004786069921565626,0.035750158768625286,0.004883596563250523,0.0001332747673588,-0.005024865585667507
2026-08-30 00:00:00+00:00,0.009720585971193503,0.005074165326794056,0.0,0.01369960572118132,0.00980603852838122,-0.029767641740187867,-0.018036695692803886,7.750877735879236e-05,-0.008864950293890188
2026-08-31 00:00:00+00:00,-0.011803310986944648,-0.007239065634962238,0.0,0.008865148376014508,-0.017972011299105993,-0.008985224394203328,0.001208103367167257,0.000250794370691,-0.021622706475204048
